variant,iteration,phase,ms
broker/old-clean/retry.backoff100,0,lease_acquire,1.534
broker/old-clean/retry.backoff100,0,producer_new,2.027
broker/old-clean/retry.backoff100,0,initTransactions,125.109
broker/old-clean/retry.backoff100,0,replay,24.543
broker/old-clean/retry.backoff100,0,first_commit,14.405
broker/old-clean/retry.backoff100,0,total_until_ready,153.213
broker/old-clean/retry.backoff100,0,total_until_first_record,167.618
broker/old-clean/retry.backoff100,0,total_without_initTransactions,28.104
broker/old-clean/retry.backoff100,0,replay_consumer_close_after,2.472
broker/old-clean/retry.backoff100,1,lease_acquire,0.643
broker/old-clean/retry.backoff100,1,producer_new,1.290
broker/old-clean/retry.backoff100,1,initTransactions,122.467
broker/old-clean/retry.backoff100,1,replay,40.889
broker/old-clean/retry.backoff100,1,first_commit,16.364
broker/old-clean/retry.backoff100,1,total_until_ready,165.288
broker/old-clean/retry.backoff100,1,total_until_first_record,181.653
broker/old-clean/retry.backoff100,1,total_without_initTransactions,42.822
broker/old-clean/retry.backoff100,1,replay_consumer_close_after,3.154
broker/old-clean/retry.backoff100,2,lease_acquire,0.777
broker/old-clean/retry.backoff100,2,producer_new,1.521
broker/old-clean/retry.backoff100,2,initTransactions,122.590
broker/old-clean/retry.backoff100,2,replay,36.652
broker/old-clean/retry.backoff100,2,first_commit,9.126
broker/old-clean/retry.backoff100,2,total_until_ready,161.539
broker/old-clean/retry.backoff100,2,total_until_first_record,170.666
broker/old-clean/retry.backoff100,2,total_without_initTransactions,38.949
broker/old-clean/retry.backoff100,2,replay_consumer_close_after,3.984
broker/old-clean/retry.backoff100,3,lease_acquire,0.764
broker/old-clean/retry.backoff100,3,producer_new,1.247
broker/old-clean/retry.backoff100,3,initTransactions,114.411
broker/old-clean/retry.backoff100,3,replay,18.032
broker/old-clean/retry.backoff100,3,first_commit,11.165
broker/old-clean/retry.backoff100,3,total_until_ready,134.454
broker/old-clean/retry.backoff100,3,total_until_first_record,145.619
broker/old-clean/retry.backoff100,3,total_without_initTransactions,20.043
broker/old-clean/retry.backoff100,3,replay_consumer_close_after,3.612
broker/old-clean/retry.backoff100,4,lease_acquire,0.442
broker/old-clean/retry.backoff100,4,producer_new,1.032
broker/old-clean/retry.backoff100,4,initTransactions,113.927
broker/old-clean/retry.backoff100,4,replay,29.110
broker/old-clean/retry.backoff100,4,first_commit,15.155
broker/old-clean/retry.backoff100,4,total_until_ready,144.511
broker/old-clean/retry.backoff100,4,total_until_first_record,159.666
broker/old-clean/retry.backoff100,4,total_without_initTransactions,30.584
broker/old-clean/retry.backoff100,4,replay_consumer_close_after,4.211
broker/old-clean/retry.backoff100,5,lease_acquire,0.765
broker/old-clean/retry.backoff100,5,producer_new,3.747
broker/old-clean/retry.backoff100,5,initTransactions,121.668
broker/old-clean/retry.backoff100,5,replay,47.470
broker/old-clean/retry.backoff100,5,first_commit,33.724
broker/old-clean/retry.backoff100,5,total_until_ready,173.650
broker/old-clean/retry.backoff100,5,total_until_first_record,207.374
broker/old-clean/retry.backoff100,5,total_without_initTransactions,51.982
broker/old-clean/retry.backoff100,5,replay_consumer_close_after,3.625
broker/old-clean/retry.backoff100,6,lease_acquire,0.964
broker/old-clean/retry.backoff100,6,producer_new,2.987
broker/old-clean/retry.backoff100,6,initTransactions,111.500
broker/old-clean/retry.backoff100,6,replay,22.487
broker/old-clean/retry.backoff100,6,first_commit,21.762
broker/old-clean/retry.backoff100,6,total_until_ready,137.937
broker/old-clean/retry.backoff100,6,total_until_first_record,159.700
broker/old-clean/retry.backoff100,6,total_without_initTransactions,26.438
broker/old-clean/retry.backoff100,6,replay_consumer_close_after,3.671
broker/old-clean/retry.backoff100,7,lease_acquire,1.350
broker/old-clean/retry.backoff100,7,producer_new,1.271
broker/old-clean/retry.backoff100,7,initTransactions,118.521
broker/old-clean/retry.backoff100,7,replay,14.419
broker/old-clean/retry.backoff100,7,first_commit,24.785
broker/old-clean/retry.backoff100,7,total_until_ready,135.561
broker/old-clean/retry.backoff100,7,total_until_first_record,160.346
broker/old-clean/retry.backoff100,7,total_without_initTransactions,17.040
broker/old-clean/retry.backoff100,7,replay_consumer_close_after,3.272
broker/old-clean/retry.backoff100,8,lease_acquire,0.564
broker/old-clean/retry.backoff100,8,producer_new,1.254
broker/old-clean/retry.backoff100,8,initTransactions,114.954
broker/old-clean/retry.backoff100,8,replay,17.187
broker/old-clean/retry.backoff100,8,first_commit,9.333
broker/old-clean/retry.backoff100,8,total_until_ready,133.960
broker/old-clean/retry.backoff100,8,total_until_first_record,143.293
broker/old-clean/retry.backoff100,8,total_without_initTransactions,19.006
broker/old-clean/retry.backoff100,8,replay_consumer_close_after,2.405
broker/old-clean/retry.backoff100,9,lease_acquire,0.549
broker/old-clean/retry.backoff100,9,producer_new,3.618
broker/old-clean/retry.backoff100,9,initTransactions,111.500
broker/old-clean/retry.backoff100,9,replay,22.833
broker/old-clean/retry.backoff100,9,first_commit,22.787
broker/old-clean/retry.backoff100,9,total_until_ready,138.500
broker/old-clean/retry.backoff100,9,total_until_first_record,161.287
broker/old-clean/retry.backoff100,9,total_without_initTransactions,27.000
broker/old-clean/retry.backoff100,9,replay_consumer_close_after,13.445
broker/old-clean/retry.backoff100,10,lease_acquire,2.701
broker/old-clean/retry.backoff100,10,producer_new,1.110
broker/old-clean/retry.backoff100,10,initTransactions,116.820
broker/old-clean/retry.backoff100,10,replay,18.227
broker/old-clean/retry.backoff100,10,first_commit,10.911
broker/old-clean/retry.backoff100,10,total_until_ready,138.859
broker/old-clean/retry.backoff100,10,total_until_first_record,149.770
broker/old-clean/retry.backoff100,10,total_without_initTransactions,22.038
broker/old-clean/retry.backoff100,10,replay_consumer_close_after,2.117
broker/old-clean/retry.backoff100,11,lease_acquire,1.087
broker/old-clean/retry.backoff100,11,producer_new,1.239
broker/old-clean/retry.backoff100,11,initTransactions,137.494
broker/old-clean/retry.backoff100,11,replay,19.565
broker/old-clean/retry.backoff100,11,first_commit,10.925
broker/old-clean/retry.backoff100,11,total_until_ready,159.385
broker/old-clean/retry.backoff100,11,total_until_first_record,170.310
broker/old-clean/retry.backoff100,11,total_without_initTransactions,21.891
broker/old-clean/retry.backoff100,11,replay_consumer_close_after,2.115
broker/old-clean/retry.backoff100,12,lease_acquire,0.500
broker/old-clean/retry.backoff100,12,producer_new,0.972
broker/old-clean/retry.backoff100,12,initTransactions,108.051
broker/old-clean/retry.backoff100,12,replay,7.504
broker/old-clean/retry.backoff100,12,first_commit,4.621
broker/old-clean/retry.backoff100,12,total_until_ready,117.027
broker/old-clean/retry.backoff100,12,total_until_first_record,121.649
broker/old-clean/retry.backoff100,12,total_without_initTransactions,8.976
broker/old-clean/retry.backoff100,12,replay_consumer_close_after,2.005
broker/old-clean/retry.backoff100,13,lease_acquire,0.336
broker/old-clean/retry.backoff100,13,producer_new,0.794
broker/old-clean/retry.backoff100,13,initTransactions,112.331
broker/old-clean/retry.backoff100,13,replay,16.375
broker/old-clean/retry.backoff100,13,first_commit,9.258
broker/old-clean/retry.backoff100,13,total_until_ready,129.836
broker/old-clean/retry.backoff100,13,total_until_first_record,139.094
broker/old-clean/retry.backoff100,13,total_without_initTransactions,17.505
broker/old-clean/retry.backoff100,13,replay_consumer_close_after,2.079
broker/old-clean/retry.backoff100,14,lease_acquire,0.431
broker/old-clean/retry.backoff100,14,producer_new,0.840
broker/old-clean/retry.backoff100,14,initTransactions,112.603
broker/old-clean/retry.backoff100,14,replay,46.824
broker/old-clean/retry.backoff100,14,first_commit,26.376
broker/old-clean/retry.backoff100,14,total_until_ready,160.698
broker/old-clean/retry.backoff100,14,total_until_first_record,187.075
broker/old-clean/retry.backoff100,14,total_without_initTransactions,48.095
broker/old-clean/retry.backoff100,14,replay_consumer_close_after,6.543
broker/old-clean/retry.backoff100,15,lease_acquire,1.554
broker/old-clean/retry.backoff100,15,producer_new,7.294
broker/old-clean/retry.backoff100,15,initTransactions,119.196
broker/old-clean/retry.backoff100,15,replay,26.525
broker/old-clean/retry.backoff100,15,first_commit,20.676
broker/old-clean/retry.backoff100,15,total_until_ready,154.569
broker/old-clean/retry.backoff100,15,total_until_first_record,175.245
broker/old-clean/retry.backoff100,15,total_without_initTransactions,35.373
broker/old-clean/retry.backoff100,15,replay_consumer_close_after,6.164
broker/old-clean/retry.backoff100,16,lease_acquire,4.052
broker/old-clean/retry.backoff100,16,producer_new,2.585
broker/old-clean/retry.backoff100,16,initTransactions,129.419
broker/old-clean/retry.backoff100,16,replay,22.065
broker/old-clean/retry.backoff100,16,first_commit,15.392
broker/old-clean/retry.backoff100,16,total_until_ready,158.121
broker/old-clean/retry.backoff100,16,total_until_first_record,173.513
broker/old-clean/retry.backoff100,16,total_without_initTransactions,28.702
broker/old-clean/retry.backoff100,16,replay_consumer_close_after,2.442
broker/old-clean/retry.backoff100,17,lease_acquire,0.482
broker/old-clean/retry.backoff100,17,producer_new,0.856
broker/old-clean/retry.backoff100,17,initTransactions,112.033
broker/old-clean/retry.backoff100,17,replay,45.574
broker/old-clean/retry.backoff100,17,first_commit,25.166
broker/old-clean/retry.backoff100,17,total_until_ready,158.946
broker/old-clean/retry.backoff100,17,total_until_first_record,184.112
broker/old-clean/retry.backoff100,17,total_without_initTransactions,46.912
broker/old-clean/retry.backoff100,17,replay_consumer_close_after,2.702
broker/old-clean/retry.backoff100,18,lease_acquire,0.522
broker/old-clean/retry.backoff100,18,producer_new,0.947
broker/old-clean/retry.backoff100,18,initTransactions,115.944
broker/old-clean/retry.backoff100,18,replay,39.081
broker/old-clean/retry.backoff100,18,first_commit,23.175
broker/old-clean/retry.backoff100,18,total_until_ready,156.494
broker/old-clean/retry.backoff100,18,total_until_first_record,179.669
broker/old-clean/retry.backoff100,18,total_without_initTransactions,40.550
broker/old-clean/retry.backoff100,18,replay_consumer_close_after,5.159
broker/old-clean/retry.backoff100,19,lease_acquire,0.390
broker/old-clean/retry.backoff100,19,producer_new,0.891
broker/old-clean/retry.backoff100,19,initTransactions,112.096
broker/old-clean/retry.backoff100,19,replay,19.665
broker/old-clean/retry.backoff100,19,first_commit,11.299
broker/old-clean/retry.backoff100,19,total_until_ready,133.041
broker/old-clean/retry.backoff100,19,total_until_first_record,144.339
broker/old-clean/retry.backoff100,19,total_without_initTransactions,20.945
broker/old-clean/retry.backoff100,19,replay_consumer_close_after,3.985
broker/old-clean/retry.backoff100,20,lease_acquire,0.801
broker/old-clean/retry.backoff100,20,producer_new,0.857
broker/old-clean/retry.backoff100,20,initTransactions,117.339
broker/old-clean/retry.backoff100,20,replay,20.161
broker/old-clean/retry.backoff100,20,first_commit,20.572
broker/old-clean/retry.backoff100,20,total_until_ready,139.158
broker/old-clean/retry.backoff100,20,total_until_first_record,159.730
broker/old-clean/retry.backoff100,20,total_without_initTransactions,21.819
broker/old-clean/retry.backoff100,20,replay_consumer_close_after,8.363
broker/old-clean/retry.backoff100,21,lease_acquire,0.583
broker/old-clean/retry.backoff100,21,producer_new,0.896
broker/old-clean/retry.backoff100,21,initTransactions,117.783
broker/old-clean/retry.backoff100,21,replay,25.431
broker/old-clean/retry.backoff100,21,first_commit,12.092
broker/old-clean/retry.backoff100,21,total_until_ready,144.692
broker/old-clean/retry.backoff100,21,total_until_first_record,156.784
broker/old-clean/retry.backoff100,21,total_without_initTransactions,26.909
broker/old-clean/retry.backoff100,21,replay_consumer_close_after,2.158
broker/old-clean/retry.backoff100,22,lease_acquire,0.444
broker/old-clean/retry.backoff100,22,producer_new,0.780
broker/old-clean/retry.backoff100,22,initTransactions,113.226
broker/old-clean/retry.backoff100,22,replay,28.007
broker/old-clean/retry.backoff100,22,first_commit,12.736
broker/old-clean/retry.backoff100,22,total_until_ready,142.456
broker/old-clean/retry.backoff100,22,total_until_first_record,155.192
broker/old-clean/retry.backoff100,22,total_without_initTransactions,29.231
broker/old-clean/retry.backoff100,22,replay_consumer_close_after,4.806
broker/old-clean/retry.backoff100,23,lease_acquire,0.521
broker/old-clean/retry.backoff100,23,producer_new,1.766
broker/old-clean/retry.backoff100,23,initTransactions,114.812
broker/old-clean/retry.backoff100,23,replay,21.057
broker/old-clean/retry.backoff100,23,first_commit,16.810
broker/old-clean/retry.backoff100,23,total_until_ready,138.156
broker/old-clean/retry.backoff100,23,total_until_first_record,154.966
broker/old-clean/retry.backoff100,23,total_without_initTransactions,23.344
broker/old-clean/retry.backoff100,23,replay_consumer_close_after,9.725
broker/old-clean/retry.backoff100,24,lease_acquire,2.039
broker/old-clean/retry.backoff100,24,producer_new,2.498
broker/old-clean/retry.backoff100,24,initTransactions,123.744
broker/old-clean/retry.backoff100,24,replay,44.989
broker/old-clean/retry.backoff100,24,first_commit,17.221
broker/old-clean/retry.backoff100,24,total_until_ready,173.270
broker/old-clean/retry.backoff100,24,total_until_first_record,190.491
broker/old-clean/retry.backoff100,24,total_without_initTransactions,49.526
broker/old-clean/retry.backoff100,24,replay_consumer_close_after,3.937
broker/old-clean/retry.backoff100,25,lease_acquire,0.921
broker/old-clean/retry.backoff100,25,producer_new,2.744
broker/old-clean/retry.backoff100,25,initTransactions,115.874
broker/old-clean/retry.backoff100,25,replay,7.735
broker/old-clean/retry.backoff100,25,first_commit,4.833
broker/old-clean/retry.backoff100,25,total_until_ready,127.274
broker/old-clean/retry.backoff100,25,total_until_first_record,132.107
broker/old-clean/retry.backoff100,25,total_without_initTransactions,11.400
broker/old-clean/retry.backoff100,25,replay_consumer_close_after,1.979
broker/old-clean/retry.backoff100,26,lease_acquire,0.528
broker/old-clean/retry.backoff100,26,producer_new,0.926
broker/old-clean/retry.backoff100,26,initTransactions,112.162
broker/old-clean/retry.backoff100,26,replay,30.635
broker/old-clean/retry.backoff100,26,first_commit,7.320
broker/old-clean/retry.backoff100,26,total_until_ready,144.250
broker/old-clean/retry.backoff100,26,total_until_first_record,151.571
broker/old-clean/retry.backoff100,26,total_without_initTransactions,32.089
broker/old-clean/retry.backoff100,26,replay_consumer_close_after,4.267
broker/old-clean/retry.backoff100,27,lease_acquire,2.280
broker/old-clean/retry.backoff100,27,producer_new,4.517
broker/old-clean/retry.backoff100,27,initTransactions,117.542
broker/old-clean/retry.backoff100,27,replay,33.505
broker/old-clean/retry.backoff100,27,first_commit,10.665
broker/old-clean/retry.backoff100,27,total_until_ready,157.843
broker/old-clean/retry.backoff100,27,total_until_first_record,168.507
broker/old-clean/retry.backoff100,27,total_without_initTransactions,40.301
broker/old-clean/retry.backoff100,27,replay_consumer_close_after,2.783
broker/old-clean/retry.backoff100,28,lease_acquire,1.017
broker/old-clean/retry.backoff100,28,producer_new,1.789
broker/old-clean/retry.backoff100,28,initTransactions,116.661
broker/old-clean/retry.backoff100,28,replay,25.633
broker/old-clean/retry.backoff100,28,first_commit,16.125
broker/old-clean/retry.backoff100,28,total_until_ready,145.100
broker/old-clean/retry.backoff100,28,total_until_first_record,161.224
broker/old-clean/retry.backoff100,28,total_without_initTransactions,28.439
broker/old-clean/retry.backoff100,28,replay_consumer_close_after,5.913
broker/old-clean/retry.backoff100,29,lease_acquire,1.064
broker/old-clean/retry.backoff100,29,producer_new,1.884
broker/old-clean/retry.backoff100,29,initTransactions,117.517
broker/old-clean/retry.backoff100,29,replay,25.625
broker/old-clean/retry.backoff100,29,first_commit,17.119
broker/old-clean/retry.backoff100,29,total_until_ready,146.091
broker/old-clean/retry.backoff100,29,total_until_first_record,163.209
broker/old-clean/retry.backoff100,29,total_without_initTransactions,28.573
broker/old-clean/retry.backoff100,29,replay_consumer_close_after,2.975
broker/old-clean/retry.backoff10,0,lease_acquire,0.475
broker/old-clean/retry.backoff10,0,producer_new,0.755
broker/old-clean/retry.backoff10,0,initTransactions,16.038
broker/old-clean/retry.backoff10,0,replay,6.194
broker/old-clean/retry.backoff10,0,first_commit,3.418
broker/old-clean/retry.backoff10,0,total_until_ready,23.463
broker/old-clean/retry.backoff10,0,total_until_first_record,26.881
broker/old-clean/retry.backoff10,0,total_without_initTransactions,7.425
broker/old-clean/retry.backoff10,0,replay_consumer_close_after,1.395
broker/old-clean/retry.backoff10,1,lease_acquire,0.459
broker/old-clean/retry.backoff10,1,producer_new,0.738
broker/old-clean/retry.backoff10,1,initTransactions,16.410
broker/old-clean/retry.backoff10,1,replay,6.872
broker/old-clean/retry.backoff10,1,first_commit,4.558
broker/old-clean/retry.backoff10,1,total_until_ready,24.479
broker/old-clean/retry.backoff10,1,total_until_first_record,29.037
broker/old-clean/retry.backoff10,1,total_without_initTransactions,8.069
broker/old-clean/retry.backoff10,1,replay_consumer_close_after,1.662
broker/old-clean/retry.backoff10,2,lease_acquire,0.390
broker/old-clean/retry.backoff10,2,producer_new,0.718
broker/old-clean/retry.backoff10,2,initTransactions,16.106
broker/old-clean/retry.backoff10,2,replay,6.003
broker/old-clean/retry.backoff10,2,first_commit,3.874
broker/old-clean/retry.backoff10,2,total_until_ready,23.218
broker/old-clean/retry.backoff10,2,total_until_first_record,27.092
broker/old-clean/retry.backoff10,2,total_without_initTransactions,7.112
broker/old-clean/retry.backoff10,2,replay_consumer_close_after,1.521
broker/old-clean/retry.backoff10,3,lease_acquire,0.473
broker/old-clean/retry.backoff10,3,producer_new,0.638
broker/old-clean/retry.backoff10,3,initTransactions,14.478
broker/old-clean/retry.backoff10,3,replay,5.576
broker/old-clean/retry.backoff10,3,first_commit,3.289
broker/old-clean/retry.backoff10,3,total_until_ready,21.166
broker/old-clean/retry.backoff10,3,total_until_first_record,24.455
broker/old-clean/retry.backoff10,3,total_without_initTransactions,6.687
broker/old-clean/retry.backoff10,3,replay_consumer_close_after,1.346
broker/old-clean/retry.backoff10,4,lease_acquire,0.411
broker/old-clean/retry.backoff10,4,producer_new,0.680
broker/old-clean/retry.backoff10,4,initTransactions,13.846
broker/old-clean/retry.backoff10,4,replay,6.864
broker/old-clean/retry.backoff10,4,first_commit,3.577
broker/old-clean/retry.backoff10,4,total_until_ready,21.802
broker/old-clean/retry.backoff10,4,total_until_first_record,25.378
broker/old-clean/retry.backoff10,4,total_without_initTransactions,7.955
broker/old-clean/retry.backoff10,4,replay_consumer_close_after,1.501
broker/old-clean/retry.backoff10,5,lease_acquire,0.444
broker/old-clean/retry.backoff10,5,producer_new,0.710
broker/old-clean/retry.backoff10,5,initTransactions,15.624
broker/old-clean/retry.backoff10,5,replay,5.890
broker/old-clean/retry.backoff10,5,first_commit,3.327
broker/old-clean/retry.backoff10,5,total_until_ready,22.667
broker/old-clean/retry.backoff10,5,total_until_first_record,25.994
broker/old-clean/retry.backoff10,5,total_without_initTransactions,7.043
broker/old-clean/retry.backoff10,5,replay_consumer_close_after,1.215
broker/old-clean/retry.backoff10,6,lease_acquire,0.399
broker/old-clean/retry.backoff10,6,producer_new,0.734
broker/old-clean/retry.backoff10,6,initTransactions,14.399
broker/old-clean/retry.backoff10,6,replay,5.525
broker/old-clean/retry.backoff10,6,first_commit,3.254
broker/old-clean/retry.backoff10,6,total_until_ready,21.058
broker/old-clean/retry.backoff10,6,total_until_first_record,24.312
broker/old-clean/retry.backoff10,6,total_without_initTransactions,6.658
broker/old-clean/retry.backoff10,6,replay_consumer_close_after,1.427
broker/old-clean/retry.backoff10,7,lease_acquire,0.357
broker/old-clean/retry.backoff10,7,producer_new,0.772
broker/old-clean/retry.backoff10,7,initTransactions,14.987
broker/old-clean/retry.backoff10,7,replay,6.398
broker/old-clean/retry.backoff10,7,first_commit,4.417
broker/old-clean/retry.backoff10,7,total_until_ready,22.514
broker/old-clean/retry.backoff10,7,total_until_first_record,26.931
broker/old-clean/retry.backoff10,7,total_without_initTransactions,7.527
broker/old-clean/retry.backoff10,7,replay_consumer_close_after,2.133
broker/old-clean/retry.backoff10,8,lease_acquire,0.457
broker/old-clean/retry.backoff10,8,producer_new,0.882
broker/old-clean/retry.backoff10,8,initTransactions,17.818
broker/old-clean/retry.backoff10,8,replay,6.141
broker/old-clean/retry.backoff10,8,first_commit,4.348
broker/old-clean/retry.backoff10,8,total_until_ready,25.298
broker/old-clean/retry.backoff10,8,total_until_first_record,29.647
broker/old-clean/retry.backoff10,8,total_without_initTransactions,7.480
broker/old-clean/retry.backoff10,8,replay_consumer_close_after,1.650
broker/old-clean/retry.backoff10,9,lease_acquire,0.463
broker/old-clean/retry.backoff10,9,producer_new,0.834
broker/old-clean/retry.backoff10,9,initTransactions,17.439
broker/old-clean/retry.backoff10,9,replay,6.716
broker/old-clean/retry.backoff10,9,first_commit,4.313
broker/old-clean/retry.backoff10,9,total_until_ready,25.453
broker/old-clean/retry.backoff10,9,total_until_first_record,29.765
broker/old-clean/retry.backoff10,9,total_without_initTransactions,8.013
broker/old-clean/retry.backoff10,9,replay_consumer_close_after,1.498
broker/old-clean/retry.backoff10,10,lease_acquire,0.457
broker/old-clean/retry.backoff10,10,producer_new,0.710
broker/old-clean/retry.backoff10,10,initTransactions,15.026
broker/old-clean/retry.backoff10,10,replay,6.500
broker/old-clean/retry.backoff10,10,first_commit,4.095
broker/old-clean/retry.backoff10,10,total_until_ready,22.692
broker/old-clean/retry.backoff10,10,total_until_first_record,26.787
broker/old-clean/retry.backoff10,10,total_without_initTransactions,7.667
broker/old-clean/retry.backoff10,10,replay_consumer_close_after,1.714
broker/old-clean/retry.backoff10,11,lease_acquire,0.404
broker/old-clean/retry.backoff10,11,producer_new,0.714
broker/old-clean/retry.backoff10,11,initTransactions,18.098
broker/old-clean/retry.backoff10,11,replay,7.955
broker/old-clean/retry.backoff10,11,first_commit,4.347
broker/old-clean/retry.backoff10,11,total_until_ready,27.170
broker/old-clean/retry.backoff10,11,total_until_first_record,31.517
broker/old-clean/retry.backoff10,11,total_without_initTransactions,9.072
broker/old-clean/retry.backoff10,11,replay_consumer_close_after,1.557
broker/old-clean/retry.backoff10,12,lease_acquire,0.402
broker/old-clean/retry.backoff10,12,producer_new,0.695
broker/old-clean/retry.backoff10,12,initTransactions,16.935
broker/old-clean/retry.backoff10,12,replay,5.985
broker/old-clean/retry.backoff10,12,first_commit,3.877
broker/old-clean/retry.backoff10,12,total_until_ready,24.017
broker/old-clean/retry.backoff10,12,total_until_first_record,27.894
broker/old-clean/retry.backoff10,12,total_without_initTransactions,7.082
broker/old-clean/retry.backoff10,12,replay_consumer_close_after,1.632
broker/old-clean/retry.backoff10,13,lease_acquire,0.457
broker/old-clean/retry.backoff10,13,producer_new,0.728
broker/old-clean/retry.backoff10,13,initTransactions,15.440
broker/old-clean/retry.backoff10,13,replay,5.961
broker/old-clean/retry.backoff10,13,first_commit,3.769
broker/old-clean/retry.backoff10,13,total_until_ready,22.587
broker/old-clean/retry.backoff10,13,total_until_first_record,26.356
broker/old-clean/retry.backoff10,13,total_without_initTransactions,7.146
broker/old-clean/retry.backoff10,13,replay_consumer_close_after,1.444
broker/old-clean/retry.backoff10,14,lease_acquire,0.391
broker/old-clean/retry.backoff10,14,producer_new,0.727
broker/old-clean/retry.backoff10,14,initTransactions,15.305
broker/old-clean/retry.backoff10,14,replay,5.894
broker/old-clean/retry.backoff10,14,first_commit,3.687
broker/old-clean/retry.backoff10,14,total_until_ready,22.317
broker/old-clean/retry.backoff10,14,total_until_first_record,26.003
broker/old-clean/retry.backoff10,14,total_without_initTransactions,7.012
broker/old-clean/retry.backoff10,14,replay_consumer_close_after,1.778
broker/old-clean/retry.backoff10,15,lease_acquire,0.404
broker/old-clean/retry.backoff10,15,producer_new,0.792
broker/old-clean/retry.backoff10,15,initTransactions,19.268
broker/old-clean/retry.backoff10,15,replay,8.588
broker/old-clean/retry.backoff10,15,first_commit,4.487
broker/old-clean/retry.backoff10,15,total_until_ready,29.052
broker/old-clean/retry.backoff10,15,total_until_first_record,33.539
broker/old-clean/retry.backoff10,15,total_without_initTransactions,9.784
broker/old-clean/retry.backoff10,15,replay_consumer_close_after,2.477
broker/old-clean/retry.backoff10,16,lease_acquire,0.433
broker/old-clean/retry.backoff10,16,producer_new,1.593
broker/old-clean/retry.backoff10,16,initTransactions,19.620
broker/old-clean/retry.backoff10,16,replay,19.276
broker/old-clean/retry.backoff10,16,first_commit,11.327
broker/old-clean/retry.backoff10,16,total_until_ready,40.921
broker/old-clean/retry.backoff10,16,total_until_first_record,52.249
broker/old-clean/retry.backoff10,16,total_without_initTransactions,21.302
broker/old-clean/retry.backoff10,16,replay_consumer_close_after,2.584
broker/old-clean/retry.backoff10,17,lease_acquire,0.530
broker/old-clean/retry.backoff10,17,producer_new,1.898
broker/old-clean/retry.backoff10,17,initTransactions,21.161
broker/old-clean/retry.backoff10,17,replay,13.005
broker/old-clean/retry.backoff10,17,first_commit,7.188
broker/old-clean/retry.backoff10,17,total_until_ready,36.595
broker/old-clean/retry.backoff10,17,total_until_first_record,43.782
broker/old-clean/retry.backoff10,17,total_without_initTransactions,15.434
broker/old-clean/retry.backoff10,17,replay_consumer_close_after,2.979
broker/old-clean/retry.backoff10,18,lease_acquire,1.017
broker/old-clean/retry.backoff10,18,producer_new,3.662
broker/old-clean/retry.backoff10,18,initTransactions,24.338
broker/old-clean/retry.backoff10,18,replay,17.962
broker/old-clean/retry.backoff10,18,first_commit,6.318
broker/old-clean/retry.backoff10,18,total_until_ready,46.979
broker/old-clean/retry.backoff10,18,total_until_first_record,53.298
broker/old-clean/retry.backoff10,18,total_without_initTransactions,22.641
broker/old-clean/retry.backoff10,18,replay_consumer_close_after,2.336
broker/old-clean/retry.backoff10,19,lease_acquire,0.518
broker/old-clean/retry.backoff10,19,producer_new,0.874
broker/old-clean/retry.backoff10,19,initTransactions,18.326
broker/old-clean/retry.backoff10,19,replay,8.311
broker/old-clean/retry.backoff10,19,first_commit,4.619
broker/old-clean/retry.backoff10,19,total_until_ready,28.029
broker/old-clean/retry.backoff10,19,total_until_first_record,32.648
broker/old-clean/retry.backoff10,19,total_without_initTransactions,9.703
broker/old-clean/retry.backoff10,19,replay_consumer_close_after,1.547
broker/old-clean/retry.backoff10,20,lease_acquire,0.367
broker/old-clean/retry.backoff10,20,producer_new,0.724
broker/old-clean/retry.backoff10,20,initTransactions,16.627
broker/old-clean/retry.backoff10,20,replay,15.266
broker/old-clean/retry.backoff10,20,first_commit,6.752
broker/old-clean/retry.backoff10,20,total_until_ready,32.983
broker/old-clean/retry.backoff10,20,total_until_first_record,39.735
broker/old-clean/retry.backoff10,20,total_without_initTransactions,16.357
broker/old-clean/retry.backoff10,20,replay_consumer_close_after,2.568
broker/old-clean/retry.backoff10,21,lease_acquire,0.966
broker/old-clean/retry.backoff10,21,producer_new,1.127
broker/old-clean/retry.backoff10,21,initTransactions,17.975
broker/old-clean/retry.backoff10,21,replay,8.421
broker/old-clean/retry.backoff10,21,first_commit,6.104
broker/old-clean/retry.backoff10,21,total_until_ready,28.489
broker/old-clean/retry.backoff10,21,total_until_first_record,34.592
broker/old-clean/retry.backoff10,21,total_without_initTransactions,10.514
broker/old-clean/retry.backoff10,21,replay_consumer_close_after,1.785
broker/old-clean/retry.backoff10,22,lease_acquire,0.547
broker/old-clean/retry.backoff10,22,producer_new,0.793
broker/old-clean/retry.backoff10,22,initTransactions,15.132
broker/old-clean/retry.backoff10,22,replay,22.987
broker/old-clean/retry.backoff10,22,first_commit,9.170
broker/old-clean/retry.backoff10,22,total_until_ready,39.458
broker/old-clean/retry.backoff10,22,total_until_first_record,48.628
broker/old-clean/retry.backoff10,22,total_without_initTransactions,24.326
broker/old-clean/retry.backoff10,22,replay_consumer_close_after,3.207
broker/old-clean/retry.backoff10,23,lease_acquire,0.901
broker/old-clean/retry.backoff10,23,producer_new,0.772
broker/old-clean/retry.backoff10,23,initTransactions,22.699
broker/old-clean/retry.backoff10,23,replay,15.997
broker/old-clean/retry.backoff10,23,first_commit,6.570
broker/old-clean/retry.backoff10,23,total_until_ready,40.370
broker/old-clean/retry.backoff10,23,total_until_first_record,46.939
broker/old-clean/retry.backoff10,23,total_without_initTransactions,17.671
broker/old-clean/retry.backoff10,23,replay_consumer_close_after,2.696
broker/old-clean/retry.backoff10,24,lease_acquire,0.725
broker/old-clean/retry.backoff10,24,producer_new,1.954
broker/old-clean/retry.backoff10,24,initTransactions,23.228
broker/old-clean/retry.backoff10,24,replay,21.266
broker/old-clean/retry.backoff10,24,first_commit,13.352
broker/old-clean/retry.backoff10,24,total_until_ready,47.173
broker/old-clean/retry.backoff10,24,total_until_first_record,60.525
broker/old-clean/retry.backoff10,24,total_without_initTransactions,23.945
broker/old-clean/retry.backoff10,24,replay_consumer_close_after,2.005
broker/old-clean/retry.backoff10,25,lease_acquire,0.704
broker/old-clean/retry.backoff10,25,producer_new,1.968
broker/old-clean/retry.backoff10,25,initTransactions,22.050
broker/old-clean/retry.backoff10,25,replay,18.345
broker/old-clean/retry.backoff10,25,first_commit,4.978
broker/old-clean/retry.backoff10,25,total_until_ready,43.067
broker/old-clean/retry.backoff10,25,total_until_first_record,48.046
broker/old-clean/retry.backoff10,25,total_without_initTransactions,21.018
broker/old-clean/retry.backoff10,25,replay_consumer_close_after,1.977
broker/old-clean/retry.backoff10,26,lease_acquire,1.656
broker/old-clean/retry.backoff10,26,producer_new,18.752
broker/old-clean/retry.backoff10,26,initTransactions,24.865
broker/old-clean/retry.backoff10,26,replay,15.727
broker/old-clean/retry.backoff10,26,first_commit,21.210
broker/old-clean/retry.backoff10,26,total_until_ready,61.000
broker/old-clean/retry.backoff10,26,total_until_first_record,82.210
broker/old-clean/retry.backoff10,26,total_without_initTransactions,36.135
broker/old-clean/retry.backoff10,26,replay_consumer_close_after,5.570
broker/old-clean/retry.backoff10,27,lease_acquire,0.761
broker/old-clean/retry.backoff10,27,producer_new,2.967
broker/old-clean/retry.backoff10,27,initTransactions,22.655
broker/old-clean/retry.backoff10,27,replay,15.172
broker/old-clean/retry.backoff10,27,first_commit,5.869
broker/old-clean/retry.backoff10,27,total_until_ready,41.556
broker/old-clean/retry.backoff10,27,total_until_first_record,47.425
broker/old-clean/retry.backoff10,27,total_without_initTransactions,18.900
broker/old-clean/retry.backoff10,27,replay_consumer_close_after,2.848
broker/old-clean/retry.backoff10,28,lease_acquire,0.610
broker/old-clean/retry.backoff10,28,producer_new,1.689
broker/old-clean/retry.backoff10,28,initTransactions,19.820
broker/old-clean/retry.backoff10,28,replay,10.885
broker/old-clean/retry.backoff10,28,first_commit,4.843
broker/old-clean/retry.backoff10,28,total_until_ready,33.004
broker/old-clean/retry.backoff10,28,total_until_first_record,37.846
broker/old-clean/retry.backoff10,28,total_without_initTransactions,13.183
broker/old-clean/retry.backoff10,28,replay_consumer_close_after,1.828
broker/old-clean/retry.backoff10,29,lease_acquire,0.557
broker/old-clean/retry.backoff10,29,producer_new,2.563
broker/old-clean/retry.backoff10,29,initTransactions,24.952
broker/old-clean/retry.backoff10,29,replay,11.827
broker/old-clean/retry.backoff10,29,first_commit,6.421
broker/old-clean/retry.backoff10,29,total_until_ready,39.900
broker/old-clean/retry.backoff10,29,total_until_first_record,46.321
broker/old-clean/retry.backoff10,29,total_without_initTransactions,14.948
broker/old-clean/retry.backoff10,29,replay_consumer_close_after,2.163
broker/old-clean/retry.backoff100/spin,0,lease_acquire,5.064
broker/old-clean/retry.backoff100/spin,0,producer_new,2.286
broker/old-clean/retry.backoff100/spin,0,initTransactions,127.205
broker/old-clean/retry.backoff100/spin,0,replay,25.205
broker/old-clean/retry.backoff100/spin,0,first_commit,14.675
broker/old-clean/retry.backoff100/spin,0,total_until_ready,159.760
broker/old-clean/retry.backoff100/spin,0,total_until_first_record,174.435
broker/old-clean/retry.backoff100/spin,0,total_without_initTransactions,32.555
broker/old-clean/retry.backoff100/spin,0,replay_consumer_close_after,5.799
broker/old-clean/retry.backoff100/spin,1,lease_acquire,0.842
broker/old-clean/retry.backoff100/spin,1,producer_new,0.773
broker/old-clean/retry.backoff100/spin,1,initTransactions,116.876
broker/old-clean/retry.backoff100/spin,1,replay,26.808
broker/old-clean/retry.backoff100/spin,1,first_commit,17.502
broker/old-clean/retry.backoff100/spin,1,total_until_ready,145.298
broker/old-clean/retry.backoff100/spin,1,total_until_first_record,162.801
broker/old-clean/retry.backoff100/spin,1,total_without_initTransactions,28.423
broker/old-clean/retry.backoff100/spin,1,replay_consumer_close_after,4.559
broker/old-clean/retry.backoff100/spin,2,lease_acquire,1.921
broker/old-clean/retry.backoff100/spin,2,producer_new,1.362
broker/old-clean/retry.backoff100/spin,2,initTransactions,132.766
broker/old-clean/retry.backoff100/spin,2,replay,10.989
broker/old-clean/retry.backoff100/spin,2,first_commit,8.950
broker/old-clean/retry.backoff100/spin,2,total_until_ready,147.038
broker/old-clean/retry.backoff100/spin,2,total_until_first_record,155.988
broker/old-clean/retry.backoff100/spin,2,total_without_initTransactions,14.272
broker/old-clean/retry.backoff100/spin,2,replay_consumer_close_after,3.675
broker/old-clean/retry.backoff100/spin,3,lease_acquire,1.332
broker/old-clean/retry.backoff100/spin,3,producer_new,0.804
broker/old-clean/retry.backoff100/spin,3,initTransactions,116.859
broker/old-clean/retry.backoff100/spin,3,replay,13.136
broker/old-clean/retry.backoff100/spin,3,first_commit,8.536
broker/old-clean/retry.backoff100/spin,3,total_until_ready,132.131
broker/old-clean/retry.backoff100/spin,3,total_until_first_record,140.667
broker/old-clean/retry.backoff100/spin,3,total_without_initTransactions,15.272
broker/old-clean/retry.backoff100/spin,3,replay_consumer_close_after,4.224
broker/old-clean/retry.backoff100/spin,4,lease_acquire,0.938
broker/old-clean/retry.backoff100/spin,4,producer_new,0.700
broker/old-clean/retry.backoff100/spin,4,initTransactions,118.432
broker/old-clean/retry.backoff100/spin,4,replay,16.173
broker/old-clean/retry.backoff100/spin,4,first_commit,11.466
broker/old-clean/retry.backoff100/spin,4,total_until_ready,136.242
broker/old-clean/retry.backoff100/spin,4,total_until_first_record,147.708
broker/old-clean/retry.backoff100/spin,4,total_without_initTransactions,17.810
broker/old-clean/retry.backoff100/spin,4,replay_consumer_close_after,3.131
broker/old-clean/retry.backoff100/spin,5,lease_acquire,0.418
broker/old-clean/retry.backoff100/spin,5,producer_new,0.686
broker/old-clean/retry.backoff100/spin,5,initTransactions,117.818
broker/old-clean/retry.backoff100/spin,5,replay,13.957
broker/old-clean/retry.backoff100/spin,5,first_commit,13.477
broker/old-clean/retry.backoff100/spin,5,total_until_ready,132.878
broker/old-clean/retry.backoff100/spin,5,total_until_first_record,146.356
broker/old-clean/retry.backoff100/spin,5,total_without_initTransactions,15.060
broker/old-clean/retry.backoff100/spin,5,replay_consumer_close_after,2.834
broker/old-clean/retry.backoff100/spin,6,lease_acquire,0.776
broker/old-clean/retry.backoff100/spin,6,producer_new,0.643
broker/old-clean/retry.backoff100/spin,6,initTransactions,112.455
broker/old-clean/retry.backoff100/spin,6,replay,17.173
broker/old-clean/retry.backoff100/spin,6,first_commit,23.865
broker/old-clean/retry.backoff100/spin,6,total_until_ready,131.048
broker/old-clean/retry.backoff100/spin,6,total_until_first_record,154.913
broker/old-clean/retry.backoff100/spin,6,total_without_initTransactions,18.592
broker/old-clean/retry.backoff100/spin,6,replay_consumer_close_after,7.850
broker/old-clean/retry.backoff100/spin,7,lease_acquire,1.723
broker/old-clean/retry.backoff100/spin,7,producer_new,0.781
broker/old-clean/retry.backoff100/spin,7,initTransactions,118.923
broker/old-clean/retry.backoff100/spin,7,replay,17.569
broker/old-clean/retry.backoff100/spin,7,first_commit,10.862
broker/old-clean/retry.backoff100/spin,7,total_until_ready,138.996
broker/old-clean/retry.backoff100/spin,7,total_until_first_record,149.858
broker/old-clean/retry.backoff100/spin,7,total_without_initTransactions,20.072
broker/old-clean/retry.backoff100/spin,7,replay_consumer_close_after,3.252
broker/old-clean/retry.backoff100/spin,8,lease_acquire,1.360
broker/old-clean/retry.backoff100/spin,8,producer_new,0.688
broker/old-clean/retry.backoff100/spin,8,initTransactions,110.298
broker/old-clean/retry.backoff100/spin,8,replay,6.029
broker/old-clean/retry.backoff100/spin,8,first_commit,3.126
broker/old-clean/retry.backoff100/spin,8,total_until_ready,118.375
broker/old-clean/retry.backoff100/spin,8,total_until_first_record,121.501
broker/old-clean/retry.backoff100/spin,8,total_without_initTransactions,8.077
broker/old-clean/retry.backoff100/spin,8,replay_consumer_close_after,1.322
broker/old-clean/retry.backoff100/spin,9,lease_acquire,0.460
broker/old-clean/retry.backoff100/spin,9,producer_new,0.759
broker/old-clean/retry.backoff100/spin,9,initTransactions,118.200
broker/old-clean/retry.backoff100/spin,9,replay,31.041
broker/old-clean/retry.backoff100/spin,9,first_commit,21.203
broker/old-clean/retry.backoff100/spin,9,total_until_ready,150.460
broker/old-clean/retry.backoff100/spin,9,total_until_first_record,171.663
broker/old-clean/retry.backoff100/spin,9,total_without_initTransactions,32.260
broker/old-clean/retry.backoff100/spin,9,replay_consumer_close_after,1.988
broker/old-clean/retry.backoff100/spin,10,lease_acquire,6.493
broker/old-clean/retry.backoff100/spin,10,producer_new,0.947
broker/old-clean/retry.backoff100/spin,10,initTransactions,124.681
broker/old-clean/retry.backoff100/spin,10,replay,25.905
broker/old-clean/retry.backoff100/spin,10,first_commit,11.625
broker/old-clean/retry.backoff100/spin,10,total_until_ready,158.026
broker/old-clean/retry.backoff100/spin,10,total_until_first_record,169.651
broker/old-clean/retry.backoff100/spin,10,total_without_initTransactions,33.345
broker/old-clean/retry.backoff100/spin,10,replay_consumer_close_after,2.277
broker/old-clean/retry.backoff100/spin,11,lease_acquire,0.507
broker/old-clean/retry.backoff100/spin,11,producer_new,0.703
broker/old-clean/retry.backoff100/spin,11,initTransactions,113.924
broker/old-clean/retry.backoff100/spin,11,replay,17.077
broker/old-clean/retry.backoff100/spin,11,first_commit,10.977
broker/old-clean/retry.backoff100/spin,11,total_until_ready,132.210
broker/old-clean/retry.backoff100/spin,11,total_until_first_record,143.187
broker/old-clean/retry.backoff100/spin,11,total_without_initTransactions,18.287
broker/old-clean/retry.backoff100/spin,11,replay_consumer_close_after,1.531
broker/old-clean/retry.backoff100/spin,12,lease_acquire,0.533
broker/old-clean/retry.backoff100/spin,12,producer_new,0.709
broker/old-clean/retry.backoff100/spin,12,initTransactions,111.671
broker/old-clean/retry.backoff100/spin,12,replay,16.932
broker/old-clean/retry.backoff100/spin,12,first_commit,11.349
broker/old-clean/retry.backoff100/spin,12,total_until_ready,129.845
broker/old-clean/retry.backoff100/spin,12,total_until_first_record,141.194
broker/old-clean/retry.backoff100/spin,12,total_without_initTransactions,18.174
broker/old-clean/retry.backoff100/spin,12,replay_consumer_close_after,6.365
broker/old-clean/retry.backoff100/spin,13,lease_acquire,1.251
broker/old-clean/retry.backoff100/spin,13,producer_new,1.380
broker/old-clean/retry.backoff100/spin,13,initTransactions,111.197
broker/old-clean/retry.backoff100/spin,13,replay,14.035
broker/old-clean/retry.backoff100/spin,13,first_commit,11.624
broker/old-clean/retry.backoff100/spin,13,total_until_ready,127.863
broker/old-clean/retry.backoff100/spin,13,total_until_first_record,139.487
broker/old-clean/retry.backoff100/spin,13,total_without_initTransactions,16.666
broker/old-clean/retry.backoff100/spin,13,replay_consumer_close_after,3.255
broker/old-clean/retry.backoff100/spin,14,lease_acquire,0.811
broker/old-clean/retry.backoff100/spin,14,producer_new,0.704
broker/old-clean/retry.backoff100/spin,14,initTransactions,124.794
broker/old-clean/retry.backoff100/spin,14,replay,95.055
broker/old-clean/retry.backoff100/spin,14,first_commit,16.204
broker/old-clean/retry.backoff100/spin,14,total_until_ready,221.363
broker/old-clean/retry.backoff100/spin,14,total_until_first_record,237.567
broker/old-clean/retry.backoff100/spin,14,total_without_initTransactions,96.570
broker/old-clean/retry.backoff100/spin,14,replay_consumer_close_after,2.804
broker/old-clean/retry.backoff100/spin,15,lease_acquire,2.439
broker/old-clean/retry.backoff100/spin,15,producer_new,1.100
broker/old-clean/retry.backoff100/spin,15,initTransactions,128.357
broker/old-clean/retry.backoff100/spin,15,replay,15.857
broker/old-clean/retry.backoff100/spin,15,first_commit,4.948
broker/old-clean/retry.backoff100/spin,15,total_until_ready,147.752
broker/old-clean/retry.backoff100/spin,15,total_until_first_record,152.700
broker/old-clean/retry.backoff100/spin,15,total_without_initTransactions,19.395
broker/old-clean/retry.backoff100/spin,15,replay_consumer_close_after,2.533
broker/old-clean/retry.backoff100/spin,16,lease_acquire,1.555
broker/old-clean/retry.backoff100/spin,16,producer_new,0.803
broker/old-clean/retry.backoff100/spin,16,initTransactions,117.169
broker/old-clean/retry.backoff100/spin,16,replay,25.517
broker/old-clean/retry.backoff100/spin,16,first_commit,11.336
broker/old-clean/retry.backoff100/spin,16,total_until_ready,145.044
broker/old-clean/retry.backoff100/spin,16,total_until_first_record,156.381
broker/old-clean/retry.backoff100/spin,16,total_without_initTransactions,27.875
broker/old-clean/retry.backoff100/spin,16,replay_consumer_close_after,1.536
broker/old-clean/retry.backoff100/spin,17,lease_acquire,0.596
broker/old-clean/retry.backoff100/spin,17,producer_new,0.724
broker/old-clean/retry.backoff100/spin,17,initTransactions,113.190
broker/old-clean/retry.backoff100/spin,17,replay,33.732
broker/old-clean/retry.backoff100/spin,17,first_commit,17.396
broker/old-clean/retry.backoff100/spin,17,total_until_ready,148.242
broker/old-clean/retry.backoff100/spin,17,total_until_first_record,165.637
broker/old-clean/retry.backoff100/spin,17,total_without_initTransactions,35.052
broker/old-clean/retry.backoff100/spin,17,replay_consumer_close_after,2.311
broker/old-clean/retry.backoff100/spin,18,lease_acquire,0.728
broker/old-clean/retry.backoff100/spin,18,producer_new,1.430
broker/old-clean/retry.backoff100/spin,18,initTransactions,133.082
broker/old-clean/retry.backoff100/spin,18,replay,18.433
broker/old-clean/retry.backoff100/spin,18,first_commit,13.026
broker/old-clean/retry.backoff100/spin,18,total_until_ready,153.672
broker/old-clean/retry.backoff100/spin,18,total_until_first_record,166.699
broker/old-clean/retry.backoff100/spin,18,total_without_initTransactions,20.591
broker/old-clean/retry.backoff100/spin,18,replay_consumer_close_after,3.871
broker/old-clean/retry.backoff100/spin,19,lease_acquire,1.153
broker/old-clean/retry.backoff100/spin,19,producer_new,1.155
broker/old-clean/retry.backoff100/spin,19,initTransactions,128.393
broker/old-clean/retry.backoff100/spin,19,replay,18.717
broker/old-clean/retry.backoff100/spin,19,first_commit,11.317
broker/old-clean/retry.backoff100/spin,19,total_until_ready,149.418
broker/old-clean/retry.backoff100/spin,19,total_until_first_record,160.735
broker/old-clean/retry.backoff100/spin,19,total_without_initTransactions,21.025
broker/old-clean/retry.backoff100/spin,19,replay_consumer_close_after,1.690
broker/old-clean/retry.backoff100/spin,20,lease_acquire,0.618
broker/old-clean/retry.backoff100/spin,20,producer_new,0.773
broker/old-clean/retry.backoff100/spin,20,initTransactions,115.067
broker/old-clean/retry.backoff100/spin,20,replay,12.933
broker/old-clean/retry.backoff100/spin,20,first_commit,10.885
broker/old-clean/retry.backoff100/spin,20,total_until_ready,129.391
broker/old-clean/retry.backoff100/spin,20,total_until_first_record,140.276
broker/old-clean/retry.backoff100/spin,20,total_without_initTransactions,14.323
broker/old-clean/retry.backoff100/spin,20,replay_consumer_close_after,5.104
broker/old-clean/retry.backoff100/spin,21,lease_acquire,0.893
broker/old-clean/retry.backoff100/spin,21,producer_new,0.723
broker/old-clean/retry.backoff100/spin,21,initTransactions,115.143
broker/old-clean/retry.backoff100/spin,21,replay,25.215
broker/old-clean/retry.backoff100/spin,21,first_commit,23.083
broker/old-clean/retry.backoff100/spin,21,total_until_ready,141.974
broker/old-clean/retry.backoff100/spin,21,total_until_first_record,165.056
broker/old-clean/retry.backoff100/spin,21,total_without_initTransactions,26.831
broker/old-clean/retry.backoff100/spin,21,replay_consumer_close_after,1.786
broker/old-clean/retry.backoff100/spin,22,lease_acquire,0.535
broker/old-clean/retry.backoff100/spin,22,producer_new,0.761
broker/old-clean/retry.backoff100/spin,22,initTransactions,123.015
broker/old-clean/retry.backoff100/spin,22,replay,17.742
broker/old-clean/retry.backoff100/spin,22,first_commit,14.296
broker/old-clean/retry.backoff100/spin,22,total_until_ready,142.052
broker/old-clean/retry.backoff100/spin,22,total_until_first_record,156.348
broker/old-clean/retry.backoff100/spin,22,total_without_initTransactions,19.037
broker/old-clean/retry.backoff100/spin,22,replay_consumer_close_after,3.632
broker/old-clean/retry.backoff100/spin,23,lease_acquire,0.832
broker/old-clean/retry.backoff100/spin,23,producer_new,0.710
broker/old-clean/retry.backoff100/spin,23,initTransactions,116.961
broker/old-clean/retry.backoff100/spin,23,replay,11.706
broker/old-clean/retry.backoff100/spin,23,first_commit,11.504
broker/old-clean/retry.backoff100/spin,23,total_until_ready,130.209
broker/old-clean/retry.backoff100/spin,23,total_until_first_record,141.713
broker/old-clean/retry.backoff100/spin,23,total_without_initTransactions,13.248
broker/old-clean/retry.backoff100/spin,23,replay_consumer_close_after,3.260
broker/old-clean/retry.backoff100/spin,24,lease_acquire,0.977
broker/old-clean/retry.backoff100/spin,24,producer_new,0.654
broker/old-clean/retry.backoff100/spin,24,initTransactions,116.977
broker/old-clean/retry.backoff100/spin,24,replay,38.544
broker/old-clean/retry.backoff100/spin,24,first_commit,5.843
broker/old-clean/retry.backoff100/spin,24,total_until_ready,157.152
broker/old-clean/retry.backoff100/spin,24,total_until_first_record,162.994
broker/old-clean/retry.backoff100/spin,24,total_without_initTransactions,40.175
broker/old-clean/retry.backoff100/spin,24,replay_consumer_close_after,2.101
broker/old-clean/retry.backoff100/spin,25,lease_acquire,0.821
broker/old-clean/retry.backoff100/spin,25,producer_new,0.896
broker/old-clean/retry.backoff100/spin,25,initTransactions,112.158
broker/old-clean/retry.backoff100/spin,25,replay,6.061
broker/old-clean/retry.backoff100/spin,25,first_commit,4.565
broker/old-clean/retry.backoff100/spin,25,total_until_ready,119.936
broker/old-clean/retry.backoff100/spin,25,total_until_first_record,124.501
broker/old-clean/retry.backoff100/spin,25,total_without_initTransactions,7.778
broker/old-clean/retry.backoff100/spin,25,replay_consumer_close_after,1.370
broker/old-clean/retry.backoff100/spin,26,lease_acquire,0.398
broker/old-clean/retry.backoff100/spin,26,producer_new,0.649
broker/old-clean/retry.backoff100/spin,26,initTransactions,108.673
broker/old-clean/retry.backoff100/spin,26,replay,9.672
broker/old-clean/retry.backoff100/spin,26,first_commit,4.414
broker/old-clean/retry.backoff100/spin,26,total_until_ready,119.392
broker/old-clean/retry.backoff100/spin,26,total_until_first_record,123.806
broker/old-clean/retry.backoff100/spin,26,total_without_initTransactions,10.719
broker/old-clean/retry.backoff100/spin,26,replay_consumer_close_after,3.913
broker/old-clean/retry.backoff100/spin,27,lease_acquire,0.382
broker/old-clean/retry.backoff100/spin,27,producer_new,0.687
broker/old-clean/retry.backoff100/spin,27,initTransactions,107.143
broker/old-clean/retry.backoff100/spin,27,replay,7.615
broker/old-clean/retry.backoff100/spin,27,first_commit,3.524
broker/old-clean/retry.backoff100/spin,27,total_until_ready,115.827
broker/old-clean/retry.backoff100/spin,27,total_until_first_record,119.351
broker/old-clean/retry.backoff100/spin,27,total_without_initTransactions,8.683
broker/old-clean/retry.backoff100/spin,27,replay_consumer_close_after,1.525
broker/old-clean/retry.backoff100/spin,28,lease_acquire,2.274
broker/old-clean/retry.backoff100/spin,28,producer_new,1.588
broker/old-clean/retry.backoff100/spin,28,initTransactions,109.638
broker/old-clean/retry.backoff100/spin,28,replay,8.271
broker/old-clean/retry.backoff100/spin,28,first_commit,7.018
broker/old-clean/retry.backoff100/spin,28,total_until_ready,121.772
broker/old-clean/retry.backoff100/spin,28,total_until_first_record,128.790
broker/old-clean/retry.backoff100/spin,28,total_without_initTransactions,12.134
broker/old-clean/retry.backoff100/spin,28,replay_consumer_close_after,1.708
broker/old-clean/retry.backoff100/spin,29,lease_acquire,0.509
broker/old-clean/retry.backoff100/spin,29,producer_new,0.906
broker/old-clean/retry.backoff100/spin,29,initTransactions,114.361
broker/old-clean/retry.backoff100/spin,29,replay,15.738
broker/old-clean/retry.backoff100/spin,29,first_commit,8.444
broker/old-clean/retry.backoff100/spin,29,total_until_ready,131.514
broker/old-clean/retry.backoff100/spin,29,total_until_first_record,139.958
broker/old-clean/retry.backoff100/spin,29,total_without_initTransactions,17.153
broker/old-clean/retry.backoff100/spin,29,replay_consumer_close_after,2.966
broker/old-open/retry.backoff100,0,lease_acquire,0.960
broker/old-open/retry.backoff100,0,producer_new,2.585
broker/old-open/retry.backoff100,0,initTransactions,229.857
broker/old-open/retry.backoff100,0,replay,26.271
broker/old-open/retry.backoff100,0,first_commit,21.402
broker/old-open/retry.backoff100,0,total_until_ready,259.673
broker/old-open/retry.backoff100,0,total_until_first_record,281.075
broker/old-open/retry.backoff100,0,total_without_initTransactions,29.816
broker/old-open/retry.backoff100,0,replay_consumer_close_after,5.249
broker/old-open/retry.backoff100,1,lease_acquire,1.117
broker/old-open/retry.backoff100,1,producer_new,1.748
broker/old-open/retry.backoff100,1,initTransactions,218.441
broker/old-open/retry.backoff100,1,replay,20.636
broker/old-open/retry.backoff100,1,first_commit,12.937
broker/old-open/retry.backoff100,1,total_until_ready,241.942
broker/old-open/retry.backoff100,1,total_until_first_record,254.879
broker/old-open/retry.backoff100,1,total_without_initTransactions,23.501
broker/old-open/retry.backoff100,1,replay_consumer_close_after,2.783
broker/old-open/retry.backoff100,2,lease_acquire,0.938
broker/old-open/retry.backoff100,2,producer_new,0.768
broker/old-open/retry.backoff100,2,initTransactions,223.693
broker/old-open/retry.backoff100,2,replay,19.300
broker/old-open/retry.backoff100,2,first_commit,13.927
broker/old-open/retry.backoff100,2,total_until_ready,244.698
broker/old-open/retry.backoff100,2,total_until_first_record,258.625
broker/old-open/retry.backoff100,2,total_without_initTransactions,21.005
broker/old-open/retry.backoff100,2,replay_consumer_close_after,13.587
broker/old-open/retry.backoff100,3,lease_acquire,0.712
broker/old-open/retry.backoff100,3,producer_new,1.869
broker/old-open/retry.backoff100,3,initTransactions,235.652
broker/old-open/retry.backoff100,3,replay,38.643
broker/old-open/retry.backoff100,3,first_commit,6.166
broker/old-open/retry.backoff100,3,total_until_ready,276.874
broker/old-open/retry.backoff100,3,total_until_first_record,283.041
broker/old-open/retry.backoff100,3,total_without_initTransactions,41.223
broker/old-open/retry.backoff100,3,replay_consumer_close_after,2.202
broker/old-open/retry.backoff100,4,lease_acquire,0.659
broker/old-open/retry.backoff100,4,producer_new,1.526
broker/old-open/retry.backoff100,4,initTransactions,232.823
broker/old-open/retry.backoff100,4,replay,36.048
broker/old-open/retry.backoff100,4,first_commit,12.715
broker/old-open/retry.backoff100,4,total_until_ready,271.055
broker/old-open/retry.backoff100,4,total_until_first_record,283.770
broker/old-open/retry.backoff100,4,total_without_initTransactions,38.232
broker/old-open/retry.backoff100,4,replay_consumer_close_after,1.631
broker/old-open/retry.backoff100,5,lease_acquire,0.350
broker/old-open/retry.backoff100,5,producer_new,0.771
broker/old-open/retry.backoff100,5,initTransactions,223.391
broker/old-open/retry.backoff100,5,replay,26.695
broker/old-open/retry.backoff100,5,first_commit,17.856
broker/old-open/retry.backoff100,5,total_until_ready,251.207
broker/old-open/retry.backoff100,5,total_until_first_record,269.063
broker/old-open/retry.backoff100,5,total_without_initTransactions,27.816
broker/old-open/retry.backoff100,5,replay_consumer_close_after,2.331
broker/old-open/retry.backoff100,6,lease_acquire,1.418
broker/old-open/retry.backoff100,6,producer_new,2.081
broker/old-open/retry.backoff100,6,initTransactions,233.224
broker/old-open/retry.backoff100,6,replay,16.625
broker/old-open/retry.backoff100,6,first_commit,15.525
broker/old-open/retry.backoff100,6,total_until_ready,253.348
broker/old-open/retry.backoff100,6,total_until_first_record,268.874
broker/old-open/retry.backoff100,6,total_without_initTransactions,20.124
broker/old-open/retry.backoff100,6,replay_consumer_close_after,2.375
broker/old-open/retry.backoff100,7,lease_acquire,0.388
broker/old-open/retry.backoff100,7,producer_new,0.698
broker/old-open/retry.backoff100,7,initTransactions,226.830
broker/old-open/retry.backoff100,7,replay,44.814
broker/old-open/retry.backoff100,7,first_commit,15.223
broker/old-open/retry.backoff100,7,total_until_ready,272.731
broker/old-open/retry.backoff100,7,total_until_first_record,287.954
broker/old-open/retry.backoff100,7,total_without_initTransactions,45.901
broker/old-open/retry.backoff100,7,replay_consumer_close_after,3.148
broker/old-open/retry.backoff100,8,lease_acquire,0.788
broker/old-open/retry.backoff100,8,producer_new,2.011
broker/old-open/retry.backoff100,8,initTransactions,219.564
broker/old-open/retry.backoff100,8,replay,20.832
broker/old-open/retry.backoff100,8,first_commit,19.622
broker/old-open/retry.backoff100,8,total_until_ready,243.195
broker/old-open/retry.backoff100,8,total_until_first_record,262.818
broker/old-open/retry.backoff100,8,total_without_initTransactions,23.631
broker/old-open/retry.backoff100,8,replay_consumer_close_after,3.140
broker/old-open/retry.backoff100,9,lease_acquire,0.530
broker/old-open/retry.backoff100,9,producer_new,0.739
broker/old-open/retry.backoff100,9,initTransactions,217.941
broker/old-open/retry.backoff100,9,replay,24.606
broker/old-open/retry.backoff100,9,first_commit,17.439
broker/old-open/retry.backoff100,9,total_until_ready,243.816
broker/old-open/retry.backoff100,9,total_until_first_record,261.255
broker/old-open/retry.backoff100,9,total_without_initTransactions,25.875
broker/old-open/retry.backoff100,9,replay_consumer_close_after,6.094
broker/old-open/retry.backoff100,10,lease_acquire,0.788
broker/old-open/retry.backoff100,10,producer_new,3.610
broker/old-open/retry.backoff100,10,initTransactions,221.889
broker/old-open/retry.backoff100,10,replay,22.392
broker/old-open/retry.backoff100,10,first_commit,13.261
broker/old-open/retry.backoff100,10,total_until_ready,248.680
broker/old-open/retry.backoff100,10,total_until_first_record,261.941
broker/old-open/retry.backoff100,10,total_without_initTransactions,26.790
broker/old-open/retry.backoff100,10,replay_consumer_close_after,4.969
broker/old-open/retry.backoff100,11,lease_acquire,1.721
broker/old-open/retry.backoff100,11,producer_new,1.563
broker/old-open/retry.backoff100,11,initTransactions,241.557
broker/old-open/retry.backoff100,11,replay,33.493
broker/old-open/retry.backoff100,11,first_commit,6.767
broker/old-open/retry.backoff100,11,total_until_ready,278.334
broker/old-open/retry.backoff100,11,total_until_first_record,285.100
broker/old-open/retry.backoff100,11,total_without_initTransactions,36.777
broker/old-open/retry.backoff100,11,replay_consumer_close_after,3.384
broker/old-open/retry.backoff100,12,lease_acquire,2.107
broker/old-open/retry.backoff100,12,producer_new,0.969
broker/old-open/retry.backoff100,12,initTransactions,250.393
broker/old-open/retry.backoff100,12,replay,24.480
broker/old-open/retry.backoff100,12,first_commit,17.527
broker/old-open/retry.backoff100,12,total_until_ready,277.949
broker/old-open/retry.backoff100,12,total_until_first_record,295.476
broker/old-open/retry.backoff100,12,total_without_initTransactions,27.556
broker/old-open/retry.backoff100,12,replay_consumer_close_after,12.015
broker/old-open/retry.backoff100,13,lease_acquire,5.093
broker/old-open/retry.backoff100,13,producer_new,0.984
broker/old-open/retry.backoff100,13,initTransactions,225.087
broker/old-open/retry.backoff100,13,replay,13.354
broker/old-open/retry.backoff100,13,first_commit,7.004
broker/old-open/retry.backoff100,13,total_until_ready,244.518
broker/old-open/retry.backoff100,13,total_until_first_record,251.522
broker/old-open/retry.backoff100,13,total_without_initTransactions,19.431
broker/old-open/retry.backoff100,13,replay_consumer_close_after,1.766
broker/old-open/retry.backoff100,14,lease_acquire,0.671
broker/old-open/retry.backoff100,14,producer_new,0.792
broker/old-open/retry.backoff100,14,initTransactions,225.289
broker/old-open/retry.backoff100,14,replay,20.504
broker/old-open/retry.backoff100,14,first_commit,12.183
broker/old-open/retry.backoff100,14,total_until_ready,247.257
broker/old-open/retry.backoff100,14,total_until_first_record,259.439
broker/old-open/retry.backoff100,14,total_without_initTransactions,21.968
broker/old-open/retry.backoff100,14,replay_consumer_close_after,4.568
broker/old-open/retry.backoff100,15,lease_acquire,1.243
broker/old-open/retry.backoff100,15,producer_new,1.729
broker/old-open/retry.backoff100,15,initTransactions,226.878
broker/old-open/retry.backoff100,15,replay,28.760
broker/old-open/retry.backoff100,15,first_commit,14.013
broker/old-open/retry.backoff100,15,total_until_ready,258.610
broker/old-open/retry.backoff100,15,total_until_first_record,272.624
broker/old-open/retry.backoff100,15,total_without_initTransactions,31.732
broker/old-open/retry.backoff100,15,replay_consumer_close_after,4.669
broker/old-open/retry.backoff100,16,lease_acquire,0.728
broker/old-open/retry.backoff100,16,producer_new,1.670
broker/old-open/retry.backoff100,16,initTransactions,217.566
broker/old-open/retry.backoff100,16,replay,16.740
broker/old-open/retry.backoff100,16,first_commit,17.652
broker/old-open/retry.backoff100,16,total_until_ready,236.703
broker/old-open/retry.backoff100,16,total_until_first_record,254.356
broker/old-open/retry.backoff100,16,total_without_initTransactions,19.138
broker/old-open/retry.backoff100,16,replay_consumer_close_after,4.280
broker/old-open/retry.backoff100,17,lease_acquire,0.449
broker/old-open/retry.backoff100,17,producer_new,0.958
broker/old-open/retry.backoff100,17,initTransactions,223.282
broker/old-open/retry.backoff100,17,replay,30.355
broker/old-open/retry.backoff100,17,first_commit,18.044
broker/old-open/retry.backoff100,17,total_until_ready,255.044
broker/old-open/retry.backoff100,17,total_until_first_record,273.088
broker/old-open/retry.backoff100,17,total_without_initTransactions,31.762
broker/old-open/retry.backoff100,17,replay_consumer_close_after,4.505
broker/old-open/retry.backoff100,18,lease_acquire,0.475
broker/old-open/retry.backoff100,18,producer_new,0.982
broker/old-open/retry.backoff100,18,initTransactions,213.082
broker/old-open/retry.backoff100,18,replay,14.963
broker/old-open/retry.backoff100,18,first_commit,5.613
broker/old-open/retry.backoff100,18,total_until_ready,229.503
broker/old-open/retry.backoff100,18,total_until_first_record,235.115
broker/old-open/retry.backoff100,18,total_without_initTransactions,16.420
broker/old-open/retry.backoff100,18,replay_consumer_close_after,2.516
broker/old-open/retry.backoff100,19,lease_acquire,0.883
broker/old-open/retry.backoff100,19,producer_new,6.277
broker/old-open/retry.backoff100,19,initTransactions,221.026
broker/old-open/retry.backoff100,19,replay,19.470
broker/old-open/retry.backoff100,19,first_commit,11.972
broker/old-open/retry.backoff100,19,total_until_ready,247.656
broker/old-open/retry.backoff100,19,total_until_first_record,259.628
broker/old-open/retry.backoff100,19,total_without_initTransactions,26.630
broker/old-open/retry.backoff100,19,replay_consumer_close_after,3.817
broker/old-open/retry.backoff100,20,lease_acquire,1.325
broker/old-open/retry.backoff100,20,producer_new,1.571
broker/old-open/retry.backoff100,20,initTransactions,243.796
broker/old-open/retry.backoff100,20,replay,35.252
broker/old-open/retry.backoff100,20,first_commit,19.846
broker/old-open/retry.backoff100,20,total_until_ready,281.945
broker/old-open/retry.backoff100,20,total_until_first_record,301.791
broker/old-open/retry.backoff100,20,total_without_initTransactions,38.149
broker/old-open/retry.backoff100,20,replay_consumer_close_after,3.179
broker/old-open/retry.backoff100,21,lease_acquire,1.245
broker/old-open/retry.backoff100,21,producer_new,1.791
broker/old-open/retry.backoff100,21,initTransactions,236.414
broker/old-open/retry.backoff100,21,replay,14.718
broker/old-open/retry.backoff100,21,first_commit,19.853
broker/old-open/retry.backoff100,21,total_until_ready,254.169
broker/old-open/retry.backoff100,21,total_until_first_record,274.022
broker/old-open/retry.backoff100,21,total_without_initTransactions,17.755
broker/old-open/retry.backoff100,21,replay_consumer_close_after,18.083
broker/old-open/retry.backoff100,22,lease_acquire,1.413
broker/old-open/retry.backoff100,22,producer_new,2.235
broker/old-open/retry.backoff100,22,initTransactions,216.262
broker/old-open/retry.backoff100,22,replay,15.243
broker/old-open/retry.backoff100,22,first_commit,6.094
broker/old-open/retry.backoff100,22,total_until_ready,235.153
broker/old-open/retry.backoff100,22,total_until_first_record,241.247
broker/old-open/retry.backoff100,22,total_without_initTransactions,18.891
broker/old-open/retry.backoff100,22,replay_consumer_close_after,2.338
broker/old-open/retry.backoff100,23,lease_acquire,0.596
broker/old-open/retry.backoff100,23,producer_new,2.480
broker/old-open/retry.backoff100,23,initTransactions,218.326
broker/old-open/retry.backoff100,23,replay,33.489
broker/old-open/retry.backoff100,23,first_commit,11.910
broker/old-open/retry.backoff100,23,total_until_ready,254.890
broker/old-open/retry.backoff100,23,total_until_first_record,266.800
broker/old-open/retry.backoff100,23,total_without_initTransactions,36.564
broker/old-open/retry.backoff100,23,replay_consumer_close_after,9.126
broker/old-open/retry.backoff100,24,lease_acquire,0.659
broker/old-open/retry.backoff100,24,producer_new,2.824
broker/old-open/retry.backoff100,24,initTransactions,223.895
broker/old-open/retry.backoff100,24,replay,50.135
broker/old-open/retry.backoff100,24,first_commit,19.431
broker/old-open/retry.backoff100,24,total_until_ready,277.513
broker/old-open/retry.backoff100,24,total_until_first_record,296.944
broker/old-open/retry.backoff100,24,total_without_initTransactions,53.618
broker/old-open/retry.backoff100,24,replay_consumer_close_after,4.449
broker/old-open/retry.backoff100,25,lease_acquire,0.464
broker/old-open/retry.backoff100,25,producer_new,0.829
broker/old-open/retry.backoff100,25,initTransactions,218.331
broker/old-open/retry.backoff100,25,replay,20.283
broker/old-open/retry.backoff100,25,first_commit,15.400
broker/old-open/retry.backoff100,25,total_until_ready,239.906
broker/old-open/retry.backoff100,25,total_until_first_record,255.306
broker/old-open/retry.backoff100,25,total_without_initTransactions,21.575
broker/old-open/retry.backoff100,25,replay_consumer_close_after,7.012
broker/old-open/retry.backoff100,26,lease_acquire,1.055
broker/old-open/retry.backoff100,26,producer_new,2.881
broker/old-open/retry.backoff100,26,initTransactions,228.535
broker/old-open/retry.backoff100,26,replay,33.747
broker/old-open/retry.backoff100,26,first_commit,20.364
broker/old-open/retry.backoff100,26,total_until_ready,266.218
broker/old-open/retry.backoff100,26,total_until_first_record,286.581
broker/old-open/retry.backoff100,26,total_without_initTransactions,37.683
broker/old-open/retry.backoff100,26,replay_consumer_close_after,2.490
broker/old-open/retry.backoff100,27,lease_acquire,1.292
broker/old-open/retry.backoff100,27,producer_new,2.721
broker/old-open/retry.backoff100,27,initTransactions,223.551
broker/old-open/retry.backoff100,27,replay,23.055
broker/old-open/retry.backoff100,27,first_commit,6.758
broker/old-open/retry.backoff100,27,total_until_ready,250.618
broker/old-open/retry.backoff100,27,total_until_first_record,257.376
broker/old-open/retry.backoff100,27,total_without_initTransactions,27.067
broker/old-open/retry.backoff100,27,replay_consumer_close_after,2.481
broker/old-open/retry.backoff100,28,lease_acquire,0.628
broker/old-open/retry.backoff100,28,producer_new,3.888
broker/old-open/retry.backoff100,28,initTransactions,220.531
broker/old-open/retry.backoff100,28,replay,23.493
broker/old-open/retry.backoff100,28,first_commit,17.093
broker/old-open/retry.backoff100,28,total_until_ready,248.540
broker/old-open/retry.backoff100,28,total_until_first_record,265.633
broker/old-open/retry.backoff100,28,total_without_initTransactions,28.009
broker/old-open/retry.backoff100,28,replay_consumer_close_after,4.920
broker/old-open/retry.backoff100,29,lease_acquire,0.522
broker/old-open/retry.backoff100,29,producer_new,0.818
broker/old-open/retry.backoff100,29,initTransactions,213.760
broker/old-open/retry.backoff100,29,replay,17.092
broker/old-open/retry.backoff100,29,first_commit,18.089
broker/old-open/retry.backoff100,29,total_until_ready,232.192
broker/old-open/retry.backoff100,29,total_until_first_record,250.281
broker/old-open/retry.backoff100,29,total_without_initTransactions,18.432
broker/old-open/retry.backoff100,29,replay_consumer_close_after,5.764
broker/old-open/retry.backoff10,0,lease_acquire,0.400
broker/old-open/retry.backoff10,0,producer_new,0.689
broker/old-open/retry.backoff10,0,initTransactions,28.543
broker/old-open/retry.backoff10,0,replay,8.130
broker/old-open/retry.backoff10,0,first_commit,3.384
broker/old-open/retry.backoff10,0,total_until_ready,37.762
broker/old-open/retry.backoff10,0,total_until_first_record,41.146
broker/old-open/retry.backoff10,0,total_without_initTransactions,9.219
broker/old-open/retry.backoff10,0,replay_consumer_close_after,2.643
broker/old-open/retry.backoff10,1,lease_acquire,0.521
broker/old-open/retry.backoff10,1,producer_new,1.481
broker/old-open/retry.backoff10,1,initTransactions,29.120
broker/old-open/retry.backoff10,1,replay,8.384
broker/old-open/retry.backoff10,1,first_commit,4.841
broker/old-open/retry.backoff10,1,total_until_ready,39.505
broker/old-open/retry.backoff10,1,total_until_first_record,44.346
broker/old-open/retry.backoff10,1,total_without_initTransactions,10.386
broker/old-open/retry.backoff10,1,replay_consumer_close_after,2.026
broker/old-open/retry.backoff10,2,lease_acquire,0.515
broker/old-open/retry.backoff10,2,producer_new,1.906
broker/old-open/retry.backoff10,2,initTransactions,29.533
broker/old-open/retry.backoff10,2,replay,7.456
broker/old-open/retry.backoff10,2,first_commit,5.630
broker/old-open/retry.backoff10,2,total_until_ready,39.410
broker/old-open/retry.backoff10,2,total_until_first_record,45.040
broker/old-open/retry.backoff10,2,total_without_initTransactions,9.877
broker/old-open/retry.backoff10,2,replay_consumer_close_after,1.288
broker/old-open/retry.backoff10,3,lease_acquire,0.415
broker/old-open/retry.backoff10,3,producer_new,0.744
broker/old-open/retry.backoff10,3,initTransactions,28.799
broker/old-open/retry.backoff10,3,replay,9.989
broker/old-open/retry.backoff10,3,first_commit,7.952
broker/old-open/retry.backoff10,3,total_until_ready,39.947
broker/old-open/retry.backoff10,3,total_until_first_record,47.898
broker/old-open/retry.backoff10,3,total_without_initTransactions,11.148
broker/old-open/retry.backoff10,3,replay_consumer_close_after,1.979
broker/old-open/retry.backoff10,4,lease_acquire,0.445
broker/old-open/retry.backoff10,4,producer_new,2.087
broker/old-open/retry.backoff10,4,initTransactions,31.927
broker/old-open/retry.backoff10,4,replay,8.813
broker/old-open/retry.backoff10,4,first_commit,5.424
broker/old-open/retry.backoff10,4,total_until_ready,43.272
broker/old-open/retry.backoff10,4,total_until_first_record,48.696
broker/old-open/retry.backoff10,4,total_without_initTransactions,11.345
broker/old-open/retry.backoff10,4,replay_consumer_close_after,2.836
broker/old-open/retry.backoff10,5,lease_acquire,0.552
broker/old-open/retry.backoff10,5,producer_new,1.811
broker/old-open/retry.backoff10,5,initTransactions,37.540
broker/old-open/retry.backoff10,5,replay,5.290
broker/old-open/retry.backoff10,5,first_commit,5.294
broker/old-open/retry.backoff10,5,total_until_ready,45.193
broker/old-open/retry.backoff10,5,total_until_first_record,50.487
broker/old-open/retry.backoff10,5,total_without_initTransactions,7.653
broker/old-open/retry.backoff10,5,replay_consumer_close_after,1.811
broker/old-open/retry.backoff10,6,lease_acquire,0.357
broker/old-open/retry.backoff10,6,producer_new,0.799
broker/old-open/retry.backoff10,6,initTransactions,30.974
broker/old-open/retry.backoff10,6,replay,15.956
broker/old-open/retry.backoff10,6,first_commit,9.485
broker/old-open/retry.backoff10,6,total_until_ready,48.086
broker/old-open/retry.backoff10,6,total_until_first_record,57.571
broker/old-open/retry.backoff10,6,total_without_initTransactions,17.112
broker/old-open/retry.backoff10,6,replay_consumer_close_after,2.454
broker/old-open/retry.backoff10,7,lease_acquire,6.238
broker/old-open/retry.backoff10,7,producer_new,2.218
broker/old-open/retry.backoff10,7,initTransactions,42.624
broker/old-open/retry.backoff10,7,replay,30.624
broker/old-open/retry.backoff10,7,first_commit,23.260
broker/old-open/retry.backoff10,7,total_until_ready,81.704
broker/old-open/retry.backoff10,7,total_until_first_record,104.964
broker/old-open/retry.backoff10,7,total_without_initTransactions,39.080
broker/old-open/retry.backoff10,7,replay_consumer_close_after,3.425
broker/old-open/retry.backoff10,8,lease_acquire,1.559
broker/old-open/retry.backoff10,8,producer_new,0.818
broker/old-open/retry.backoff10,8,initTransactions,38.176
broker/old-open/retry.backoff10,8,replay,14.202
broker/old-open/retry.backoff10,8,first_commit,7.758
broker/old-open/retry.backoff10,8,total_until_ready,54.755
broker/old-open/retry.backoff10,8,total_until_first_record,62.513
broker/old-open/retry.backoff10,8,total_without_initTransactions,16.579
broker/old-open/retry.backoff10,8,replay_consumer_close_after,4.103
broker/old-open/retry.backoff10,9,lease_acquire,0.589
broker/old-open/retry.backoff10,9,producer_new,0.812
broker/old-open/retry.backoff10,9,initTransactions,30.839
broker/old-open/retry.backoff10,9,replay,15.538
broker/old-open/retry.backoff10,9,first_commit,3.905
broker/old-open/retry.backoff10,9,total_until_ready,47.778
broker/old-open/retry.backoff10,9,total_until_first_record,51.683
broker/old-open/retry.backoff10,9,total_without_initTransactions,16.939
broker/old-open/retry.backoff10,9,replay_consumer_close_after,1.369
broker/old-open/retry.backoff10,10,lease_acquire,0.436
broker/old-open/retry.backoff10,10,producer_new,0.728
broker/old-open/retry.backoff10,10,initTransactions,29.924
broker/old-open/retry.backoff10,10,replay,5.704
broker/old-open/retry.backoff10,10,first_commit,3.156
broker/old-open/retry.backoff10,10,total_until_ready,36.792
broker/old-open/retry.backoff10,10,total_until_first_record,39.948
broker/old-open/retry.backoff10,10,total_without_initTransactions,6.868
broker/old-open/retry.backoff10,10,replay_consumer_close_after,1.885
broker/old-open/retry.backoff10,11,lease_acquire,0.341
broker/old-open/retry.backoff10,11,producer_new,0.644
broker/old-open/retry.backoff10,11,initTransactions,28.379
broker/old-open/retry.backoff10,11,replay,4.825
broker/old-open/retry.backoff10,11,first_commit,2.697
broker/old-open/retry.backoff10,11,total_until_ready,34.189
broker/old-open/retry.backoff10,11,total_until_first_record,36.886
broker/old-open/retry.backoff10,11,total_without_initTransactions,5.810
broker/old-open/retry.backoff10,11,replay_consumer_close_after,1.107
broker/old-open/retry.backoff10,12,lease_acquire,0.412
broker/old-open/retry.backoff10,12,producer_new,0.660
broker/old-open/retry.backoff10,12,initTransactions,28.031
broker/old-open/retry.backoff10,12,replay,6.214
broker/old-open/retry.backoff10,12,first_commit,3.340
broker/old-open/retry.backoff10,12,total_until_ready,35.317
broker/old-open/retry.backoff10,12,total_until_first_record,38.657
broker/old-open/retry.backoff10,12,total_without_initTransactions,7.286
broker/old-open/retry.backoff10,12,replay_consumer_close_after,1.222
broker/old-open/retry.backoff10,13,lease_acquire,0.459
broker/old-open/retry.backoff10,13,producer_new,0.757
broker/old-open/retry.backoff10,13,initTransactions,28.465
broker/old-open/retry.backoff10,13,replay,4.924
broker/old-open/retry.backoff10,13,first_commit,3.043
broker/old-open/retry.backoff10,13,total_until_ready,34.605
broker/old-open/retry.backoff10,13,total_until_first_record,37.648
broker/old-open/retry.backoff10,13,total_without_initTransactions,6.140
broker/old-open/retry.backoff10,13,replay_consumer_close_after,1.304
broker/old-open/retry.backoff10,14,lease_acquire,0.368
broker/old-open/retry.backoff10,14,producer_new,0.635
broker/old-open/retry.backoff10,14,initTransactions,29.252
broker/old-open/retry.backoff10,14,replay,7.757
broker/old-open/retry.backoff10,14,first_commit,6.807
broker/old-open/retry.backoff10,14,total_until_ready,38.011
broker/old-open/retry.backoff10,14,total_until_first_record,44.818
broker/old-open/retry.backoff10,14,total_without_initTransactions,8.760
broker/old-open/retry.backoff10,14,replay_consumer_close_after,2.116
broker/old-open/retry.backoff10,15,lease_acquire,0.343
broker/old-open/retry.backoff10,15,producer_new,0.695
broker/old-open/retry.backoff10,15,initTransactions,29.062
broker/old-open/retry.backoff10,15,replay,5.525
broker/old-open/retry.backoff10,15,first_commit,3.145
broker/old-open/retry.backoff10,15,total_until_ready,35.624
broker/old-open/retry.backoff10,15,total_until_first_record,38.769
broker/old-open/retry.backoff10,15,total_without_initTransactions,6.563
broker/old-open/retry.backoff10,15,replay_consumer_close_after,1.477
broker/old-open/retry.backoff10,16,lease_acquire,1.138
broker/old-open/retry.backoff10,16,producer_new,0.779
broker/old-open/retry.backoff10,16,initTransactions,32.317
broker/old-open/retry.backoff10,16,replay,5.693
broker/old-open/retry.backoff10,16,first_commit,3.151
broker/old-open/retry.backoff10,16,total_until_ready,39.927
broker/old-open/retry.backoff10,16,total_until_first_record,43.078
broker/old-open/retry.backoff10,16,total_without_initTransactions,7.610
broker/old-open/retry.backoff10,16,replay_consumer_close_after,1.354
broker/old-open/retry.backoff10,17,lease_acquire,0.398
broker/old-open/retry.backoff10,17,producer_new,0.672
broker/old-open/retry.backoff10,17,initTransactions,29.713
broker/old-open/retry.backoff10,17,replay,5.252
broker/old-open/retry.backoff10,17,first_commit,3.105
broker/old-open/retry.backoff10,17,total_until_ready,36.035
broker/old-open/retry.backoff10,17,total_until_first_record,39.139
broker/old-open/retry.backoff10,17,total_without_initTransactions,6.321
broker/old-open/retry.backoff10,17,replay_consumer_close_after,1.112
broker/old-open/retry.backoff10,18,lease_acquire,0.466
broker/old-open/retry.backoff10,18,producer_new,0.746
broker/old-open/retry.backoff10,18,initTransactions,28.097
broker/old-open/retry.backoff10,18,replay,5.528
broker/old-open/retry.backoff10,18,first_commit,2.971
broker/old-open/retry.backoff10,18,total_until_ready,34.836
broker/old-open/retry.backoff10,18,total_until_first_record,37.807
broker/old-open/retry.backoff10,18,total_without_initTransactions,6.740
broker/old-open/retry.backoff10,18,replay_consumer_close_after,1.636
broker/old-open/retry.backoff10,19,lease_acquire,0.375
broker/old-open/retry.backoff10,19,producer_new,0.674
broker/old-open/retry.backoff10,19,initTransactions,28.029
broker/old-open/retry.backoff10,19,replay,6.148
broker/old-open/retry.backoff10,19,first_commit,4.102
broker/old-open/retry.backoff10,19,total_until_ready,35.227
broker/old-open/retry.backoff10,19,total_until_first_record,39.329
broker/old-open/retry.backoff10,19,total_without_initTransactions,7.198
broker/old-open/retry.backoff10,19,replay_consumer_close_after,1.308
broker/old-open/retry.backoff10,20,lease_acquire,0.425
broker/old-open/retry.backoff10,20,producer_new,0.711
broker/old-open/retry.backoff10,20,initTransactions,27.831
broker/old-open/retry.backoff10,20,replay,6.979
broker/old-open/retry.backoff10,20,first_commit,3.955
broker/old-open/retry.backoff10,20,total_until_ready,35.947
broker/old-open/retry.backoff10,20,total_until_first_record,39.902
broker/old-open/retry.backoff10,20,total_without_initTransactions,8.115
broker/old-open/retry.backoff10,20,replay_consumer_close_after,1.523
broker/old-open/retry.backoff10,21,lease_acquire,0.683
broker/old-open/retry.backoff10,21,producer_new,0.723
broker/old-open/retry.backoff10,21,initTransactions,31.104
broker/old-open/retry.backoff10,21,replay,6.107
broker/old-open/retry.backoff10,21,first_commit,3.776
broker/old-open/retry.backoff10,21,total_until_ready,38.617
broker/old-open/retry.backoff10,21,total_until_first_record,42.392
broker/old-open/retry.backoff10,21,total_without_initTransactions,7.513
broker/old-open/retry.backoff10,21,replay_consumer_close_after,1.381
broker/old-open/retry.backoff10,22,lease_acquire,0.529
broker/old-open/retry.backoff10,22,producer_new,0.719
broker/old-open/retry.backoff10,22,initTransactions,27.662
broker/old-open/retry.backoff10,22,replay,6.768
broker/old-open/retry.backoff10,22,first_commit,4.218
broker/old-open/retry.backoff10,22,total_until_ready,35.679
broker/old-open/retry.backoff10,22,total_until_first_record,39.897
broker/old-open/retry.backoff10,22,total_without_initTransactions,8.017
broker/old-open/retry.backoff10,22,replay_consumer_close_after,2.196
broker/old-open/retry.backoff10,23,lease_acquire,0.393
broker/old-open/retry.backoff10,23,producer_new,1.285
broker/old-open/retry.backoff10,23,initTransactions,31.275
broker/old-open/retry.backoff10,23,replay,7.119
broker/old-open/retry.backoff10,23,first_commit,4.537
broker/old-open/retry.backoff10,23,total_until_ready,40.072
broker/old-open/retry.backoff10,23,total_until_first_record,44.609
broker/old-open/retry.backoff10,23,total_without_initTransactions,8.797
broker/old-open/retry.backoff10,23,replay_consumer_close_after,1.652
broker/old-open/retry.backoff10,24,lease_acquire,0.456
broker/old-open/retry.backoff10,24,producer_new,1.563
broker/old-open/retry.backoff10,24,initTransactions,29.921
broker/old-open/retry.backoff10,24,replay,18.616
broker/old-open/retry.backoff10,24,first_commit,4.592
broker/old-open/retry.backoff10,24,total_until_ready,50.557
broker/old-open/retry.backoff10,24,total_until_first_record,55.149
broker/old-open/retry.backoff10,24,total_without_initTransactions,20.636
broker/old-open/retry.backoff10,24,replay_consumer_close_after,2.157
broker/old-open/retry.backoff10,25,lease_acquire,0.320
broker/old-open/retry.backoff10,25,producer_new,0.745
broker/old-open/retry.backoff10,25,initTransactions,32.702
broker/old-open/retry.backoff10,25,replay,12.088
broker/old-open/retry.backoff10,25,first_commit,3.873
broker/old-open/retry.backoff10,25,total_until_ready,45.856
broker/old-open/retry.backoff10,25,total_until_first_record,49.729
broker/old-open/retry.backoff10,25,total_without_initTransactions,13.154
broker/old-open/retry.backoff10,25,replay_consumer_close_after,2.001
broker/old-open/retry.backoff10,26,lease_acquire,0.757
broker/old-open/retry.backoff10,26,producer_new,1.832
broker/old-open/retry.backoff10,26,initTransactions,32.481
broker/old-open/retry.backoff10,26,replay,17.435
broker/old-open/retry.backoff10,26,first_commit,11.725
broker/old-open/retry.backoff10,26,total_until_ready,52.505
broker/old-open/retry.backoff10,26,total_until_first_record,64.230
broker/old-open/retry.backoff10,26,total_without_initTransactions,20.024
broker/old-open/retry.backoff10,26,replay_consumer_close_after,1.729
broker/old-open/retry.backoff10,27,lease_acquire,0.711
broker/old-open/retry.backoff10,27,producer_new,0.834
broker/old-open/retry.backoff10,27,initTransactions,33.583
broker/old-open/retry.backoff10,27,replay,7.828
broker/old-open/retry.backoff10,27,first_commit,4.180
broker/old-open/retry.backoff10,27,total_until_ready,42.955
broker/old-open/retry.backoff10,27,total_until_first_record,47.135
broker/old-open/retry.backoff10,27,total_without_initTransactions,9.372
broker/old-open/retry.backoff10,27,replay_consumer_close_after,1.326
broker/old-open/retry.backoff10,28,lease_acquire,0.917
broker/old-open/retry.backoff10,28,producer_new,0.761
broker/old-open/retry.backoff10,28,initTransactions,30.702
broker/old-open/retry.backoff10,28,replay,5.789
broker/old-open/retry.backoff10,28,first_commit,2.875
broker/old-open/retry.backoff10,28,total_until_ready,38.169
broker/old-open/retry.backoff10,28,total_until_first_record,41.044
broker/old-open/retry.backoff10,28,total_without_initTransactions,7.467
broker/old-open/retry.backoff10,28,replay_consumer_close_after,1.428
broker/old-open/retry.backoff10,29,lease_acquire,1.451
broker/old-open/retry.backoff10,29,producer_new,0.699
broker/old-open/retry.backoff10,29,initTransactions,29.472
broker/old-open/retry.backoff10,29,replay,5.211
broker/old-open/retry.backoff10,29,first_commit,3.457
broker/old-open/retry.backoff10,29,total_until_ready,36.833
broker/old-open/retry.backoff10,29,total_until_first_record,40.290
broker/old-open/retry.backoff10,29,total_without_initTransactions,7.360
broker/old-open/retry.backoff10,29,replay_consumer_close_after,1.379
store/old-open/retry.backoff100,0,lease_acquire,0.581
store/old-open/retry.backoff100,0,producer_new,1.293
store/old-open/retry.backoff100,0,replay_db_max,0.797
store/old-open/retry.backoff100,0,first_send_ack,5.028
store/old-open/retry.backoff100,0,total_until_ready,2.671
store/old-open/retry.backoff100,0,total_until_first_record,7.699
store/old-open/retry.backoff100,1,lease_acquire,0.624
store/old-open/retry.backoff100,1,producer_new,1.720
store/old-open/retry.backoff100,1,replay_db_max,0.780
store/old-open/retry.backoff100,1,first_send_ack,5.488
store/old-open/retry.backoff100,1,total_until_ready,3.125
store/old-open/retry.backoff100,1,total_until_first_record,8.613
store/old-open/retry.backoff100,2,lease_acquire,0.453
store/old-open/retry.backoff100,2,producer_new,4.046
store/old-open/retry.backoff100,2,replay_db_max,1.551
store/old-open/retry.backoff100,2,first_send_ack,5.206
store/old-open/retry.backoff100,2,total_until_ready,6.051
store/old-open/retry.backoff100,2,total_until_first_record,11.257
store/old-open/retry.backoff100,3,lease_acquire,0.454
store/old-open/retry.backoff100,3,producer_new,1.458
store/old-open/retry.backoff100,3,replay_db_max,0.592
store/old-open/retry.backoff100,3,first_send_ack,3.943
store/old-open/retry.backoff100,3,total_until_ready,2.505
store/old-open/retry.backoff100,3,total_until_first_record,6.448
store/old-open/retry.backoff100,4,lease_acquire,0.611
store/old-open/retry.backoff100,4,producer_new,1.382
store/old-open/retry.backoff100,4,replay_db_max,0.564
store/old-open/retry.backoff100,4,first_send_ack,4.165
store/old-open/retry.backoff100,4,total_until_ready,2.558
store/old-open/retry.backoff100,4,total_until_first_record,6.723
store/old-open/retry.backoff100,5,lease_acquire,0.502
store/old-open/retry.backoff100,5,producer_new,0.756
store/old-open/retry.backoff100,5,replay_db_max,0.749
store/old-open/retry.backoff100,5,first_send_ack,6.433
store/old-open/retry.backoff100,5,total_until_ready,2.007
store/old-open/retry.backoff100,5,total_until_first_record,8.440
store/old-open/retry.backoff100,6,lease_acquire,0.900
store/old-open/retry.backoff100,6,producer_new,0.725
store/old-open/retry.backoff100,6,replay_db_max,0.858
store/old-open/retry.backoff100,6,first_send_ack,7.642
store/old-open/retry.backoff100,6,total_until_ready,2.484
store/old-open/retry.backoff100,6,total_until_first_record,10.126
store/old-open/retry.backoff100,7,lease_acquire,2.003
store/old-open/retry.backoff100,7,producer_new,0.814
store/old-open/retry.backoff100,7,replay_db_max,1.531
store/old-open/retry.backoff100,7,first_send_ack,11.024
store/old-open/retry.backoff100,7,total_until_ready,4.348
store/old-open/retry.backoff100,7,total_until_first_record,15.372
store/old-open/retry.backoff100,8,lease_acquire,0.564
store/old-open/retry.backoff100,8,producer_new,0.884
store/old-open/retry.backoff100,8,replay_db_max,1.263
store/old-open/retry.backoff100,8,first_send_ack,7.707
store/old-open/retry.backoff100,8,total_until_ready,2.711
store/old-open/retry.backoff100,8,total_until_first_record,10.418
store/old-open/retry.backoff100,9,lease_acquire,0.747
store/old-open/retry.backoff100,9,producer_new,0.792
store/old-open/retry.backoff100,9,replay_db_max,1.648
store/old-open/retry.backoff100,9,first_send_ack,8.659
store/old-open/retry.backoff100,9,total_until_ready,3.186
store/old-open/retry.backoff100,9,total_until_first_record,11.845
store/old-open/retry.backoff100,10,lease_acquire,1.759
store/old-open/retry.backoff100,10,producer_new,1.529
store/old-open/retry.backoff100,10,replay_db_max,2.115
store/old-open/retry.backoff100,10,first_send_ack,8.322
store/old-open/retry.backoff100,10,total_until_ready,5.403
store/old-open/retry.backoff100,10,total_until_first_record,13.725
store/old-open/retry.backoff100,11,lease_acquire,0.721
store/old-open/retry.backoff100,11,producer_new,0.722
store/old-open/retry.backoff100,11,replay_db_max,1.166
store/old-open/retry.backoff100,11,first_send_ack,7.907
store/old-open/retry.backoff100,11,total_until_ready,2.609
store/old-open/retry.backoff100,11,total_until_first_record,10.517
store/old-open/retry.backoff100,12,lease_acquire,1.003
store/old-open/retry.backoff100,12,producer_new,0.899
store/old-open/retry.backoff100,12,replay_db_max,1.393
store/old-open/retry.backoff100,12,first_send_ack,15.164
store/old-open/retry.backoff100,12,total_until_ready,3.295
store/old-open/retry.backoff100,12,total_until_first_record,18.459
store/old-open/retry.backoff100,13,lease_acquire,1.629
store/old-open/retry.backoff100,13,producer_new,0.946
store/old-open/retry.backoff100,13,replay_db_max,1.989
store/old-open/retry.backoff100,13,first_send_ack,5.030
store/old-open/retry.backoff100,13,total_until_ready,4.564
store/old-open/retry.backoff100,13,total_until_first_record,9.594
store/old-open/retry.backoff100,14,lease_acquire,0.570
store/old-open/retry.backoff100,14,producer_new,0.709
store/old-open/retry.backoff100,14,replay_db_max,1.199
store/old-open/retry.backoff100,14,first_send_ack,5.249
store/old-open/retry.backoff100,14,total_until_ready,2.478
store/old-open/retry.backoff100,14,total_until_first_record,7.728
store/old-open/retry.backoff100,15,lease_acquire,1.172
store/old-open/retry.backoff100,15,producer_new,0.955
store/old-open/retry.backoff100,15,replay_db_max,1.324
store/old-open/retry.backoff100,15,first_send_ack,6.069
store/old-open/retry.backoff100,15,total_until_ready,3.451
store/old-open/retry.backoff100,15,total_until_first_record,9.521
store/old-open/retry.backoff100,16,lease_acquire,0.549
store/old-open/retry.backoff100,16,producer_new,0.910
store/old-open/retry.backoff100,16,replay_db_max,1.591
store/old-open/retry.backoff100,16,first_send_ack,7.309
store/old-open/retry.backoff100,16,total_until_ready,3.050
store/old-open/retry.backoff100,16,total_until_first_record,10.359
store/old-open/retry.backoff100,17,lease_acquire,0.429
store/old-open/retry.backoff100,17,producer_new,1.401
store/old-open/retry.backoff100,17,replay_db_max,0.935
store/old-open/retry.backoff100,17,first_send_ack,4.801
store/old-open/retry.backoff100,17,total_until_ready,2.765
store/old-open/retry.backoff100,17,total_until_first_record,7.565
store/old-open/retry.backoff100,18,lease_acquire,0.514
store/old-open/retry.backoff100,18,producer_new,0.649
store/old-open/retry.backoff100,18,replay_db_max,0.736
store/old-open/retry.backoff100,18,first_send_ack,4.602
store/old-open/retry.backoff100,18,total_until_ready,1.899
store/old-open/retry.backoff100,18,total_until_first_record,6.501
store/old-open/retry.backoff100,19,lease_acquire,0.485
store/old-open/retry.backoff100,19,producer_new,0.696
store/old-open/retry.backoff100,19,replay_db_max,0.815
store/old-open/retry.backoff100,19,first_send_ack,3.465
store/old-open/retry.backoff100,19,total_until_ready,1.997
store/old-open/retry.backoff100,19,total_until_first_record,5.461
store/old-open/retry.backoff100,20,lease_acquire,0.491
store/old-open/retry.backoff100,20,producer_new,0.640
store/old-open/retry.backoff100,20,replay_db_max,0.606
store/old-open/retry.backoff100,20,first_send_ack,3.318
store/old-open/retry.backoff100,20,total_until_ready,1.737
store/old-open/retry.backoff100,20,total_until_first_record,5.055
store/old-open/retry.backoff100,21,lease_acquire,0.471
store/old-open/retry.backoff100,21,producer_new,0.701
store/old-open/retry.backoff100,21,replay_db_max,0.571
store/old-open/retry.backoff100,21,first_send_ack,4.817
store/old-open/retry.backoff100,21,total_until_ready,1.743
store/old-open/retry.backoff100,21,total_until_first_record,6.560
store/old-open/retry.backoff100,22,lease_acquire,0.323
store/old-open/retry.backoff100,22,producer_new,0.636
store/old-open/retry.backoff100,22,replay_db_max,0.479
store/old-open/retry.backoff100,22,first_send_ack,3.196
store/old-open/retry.backoff100,22,total_until_ready,1.438
store/old-open/retry.backoff100,22,total_until_first_record,4.634
store/old-open/retry.backoff100,23,lease_acquire,0.395
store/old-open/retry.backoff100,23,producer_new,0.635
store/old-open/retry.backoff100,23,replay_db_max,0.431
store/old-open/retry.backoff100,23,first_send_ack,4.842
store/old-open/retry.backoff100,23,total_until_ready,1.461
store/old-open/retry.backoff100,23,total_until_first_record,6.303
store/old-open/retry.backoff100,24,lease_acquire,0.298
store/old-open/retry.backoff100,24,producer_new,0.621
store/old-open/retry.backoff100,24,replay_db_max,0.379
store/old-open/retry.backoff100,24,first_send_ack,2.863
store/old-open/retry.backoff100,24,total_until_ready,1.298
store/old-open/retry.backoff100,24,total_until_first_record,4.161
store/old-open/retry.backoff100,25,lease_acquire,0.291
store/old-open/retry.backoff100,25,producer_new,0.612
store/old-open/retry.backoff100,25,replay_db_max,0.453
store/old-open/retry.backoff100,25,first_send_ack,3.329
store/old-open/retry.backoff100,25,total_until_ready,1.356
store/old-open/retry.backoff100,25,total_until_first_record,4.685
store/old-open/retry.backoff100,26,lease_acquire,0.375
store/old-open/retry.backoff100,26,producer_new,0.618
store/old-open/retry.backoff100,26,replay_db_max,0.392
store/old-open/retry.backoff100,26,first_send_ack,4.211
store/old-open/retry.backoff100,26,total_until_ready,1.386
store/old-open/retry.backoff100,26,total_until_first_record,5.596
store/old-open/retry.backoff100,27,lease_acquire,0.308
store/old-open/retry.backoff100,27,producer_new,0.563
store/old-open/retry.backoff100,27,replay_db_max,0.400
store/old-open/retry.backoff100,27,first_send_ack,2.778
store/old-open/retry.backoff100,27,total_until_ready,1.271
store/old-open/retry.backoff100,27,total_until_first_record,4.049
store/old-open/retry.backoff100,28,lease_acquire,0.302
store/old-open/retry.backoff100,28,producer_new,0.524
store/old-open/retry.backoff100,28,replay_db_max,0.403
store/old-open/retry.backoff100,28,first_send_ack,2.481
store/old-open/retry.backoff100,28,total_until_ready,1.230
store/old-open/retry.backoff100,28,total_until_first_record,3.712
store/old-open/retry.backoff100,29,lease_acquire,0.389
store/old-open/retry.backoff100,29,producer_new,0.605
store/old-open/retry.backoff100,29,replay_db_max,0.391
store/old-open/retry.backoff100,29,first_send_ack,2.645
store/old-open/retry.backoff100,29,total_until_ready,1.386
store/old-open/retry.backoff100,29,total_until_first_record,4.031
store-marker/old-open/retry.backoff100,0,lease_acquire,0.260
store-marker/old-open/retry.backoff100,0,producer_new,0.679
store-marker/old-open/retry.backoff100,0,marker_send,3.301
store-marker/old-open/retry.backoff100,0,marker_stored_wait,1.317
store-marker/old-open/retry.backoff100,0,replay_db_max,0.262
store-marker/old-open/retry.backoff100,0,first_send_ack,0.761
store-marker/old-open/retry.backoff100,0,total_until_ready,5.819
store-marker/old-open/retry.backoff100,0,total_until_first_record,6.580
store-marker/old-open/retry.backoff100,1,lease_acquire,0.299
store-marker/old-open/retry.backoff100,1,producer_new,0.583
store-marker/old-open/retry.backoff100,1,marker_send,2.711
store-marker/old-open/retry.backoff100,1,marker_stored_wait,1.075
store-marker/old-open/retry.backoff100,1,replay_db_max,0.203
store-marker/old-open/retry.backoff100,1,first_send_ack,0.524
store-marker/old-open/retry.backoff100,1,total_until_ready,4.871
store-marker/old-open/retry.backoff100,1,total_until_first_record,5.395
store-marker/old-open/retry.backoff100,2,lease_acquire,0.250
store-marker/old-open/retry.backoff100,2,producer_new,0.558
store-marker/old-open/retry.backoff100,2,marker_send,2.882
store-marker/old-open/retry.backoff100,2,marker_stored_wait,2.134
store-marker/old-open/retry.backoff100,2,replay_db_max,0.185
store-marker/old-open/retry.backoff100,2,first_send_ack,0.707
store-marker/old-open/retry.backoff100,2,total_until_ready,6.009
store-marker/old-open/retry.backoff100,2,total_until_first_record,6.716
store-marker/old-open/retry.backoff100,3,lease_acquire,0.263
store-marker/old-open/retry.backoff100,3,producer_new,0.589
store-marker/old-open/retry.backoff100,3,marker_send,2.497
store-marker/old-open/retry.backoff100,3,marker_stored_wait,1.135
store-marker/old-open/retry.backoff100,3,replay_db_max,0.187
store-marker/old-open/retry.backoff100,3,first_send_ack,0.810
store-marker/old-open/retry.backoff100,3,total_until_ready,4.671
store-marker/old-open/retry.backoff100,3,total_until_first_record,5.481
store-marker/old-open/retry.backoff100,4,lease_acquire,0.257
store-marker/old-open/retry.backoff100,4,producer_new,0.553
store-marker/old-open/retry.backoff100,4,marker_send,2.813
store-marker/old-open/retry.backoff100,4,marker_stored_wait,1.185
store-marker/old-open/retry.backoff100,4,replay_db_max,0.218
store-marker/old-open/retry.backoff100,4,first_send_ack,0.577
store-marker/old-open/retry.backoff100,4,total_until_ready,5.026
store-marker/old-open/retry.backoff100,4,total_until_first_record,5.603
store-marker/old-open/retry.backoff100,5,lease_acquire,0.242
store-marker/old-open/retry.backoff100,5,producer_new,0.574
store-marker/old-open/retry.backoff100,5,marker_send,2.769
store-marker/old-open/retry.backoff100,5,marker_stored_wait,0.957
store-marker/old-open/retry.backoff100,5,replay_db_max,0.223
store-marker/old-open/retry.backoff100,5,first_send_ack,0.540
store-marker/old-open/retry.backoff100,5,total_until_ready,4.765
store-marker/old-open/retry.backoff100,5,total_until_first_record,5.305
store-marker/old-open/retry.backoff100,6,lease_acquire,0.222
store-marker/old-open/retry.backoff100,6,producer_new,0.558
store-marker/old-open/retry.backoff100,6,marker_send,2.354
store-marker/old-open/retry.backoff100,6,marker_stored_wait,1.072
store-marker/old-open/retry.backoff100,6,replay_db_max,0.194
store-marker/old-open/retry.backoff100,6,first_send_ack,0.528
store-marker/old-open/retry.backoff100,6,total_until_ready,4.399
store-marker/old-open/retry.backoff100,6,total_until_first_record,4.928
store-marker/old-open/retry.backoff100,7,lease_acquire,0.218
store-marker/old-open/retry.backoff100,7,producer_new,0.537
store-marker/old-open/retry.backoff100,7,marker_send,2.588
store-marker/old-open/retry.backoff100,7,marker_stored_wait,1.060
store-marker/old-open/retry.backoff100,7,replay_db_max,0.184
store-marker/old-open/retry.backoff100,7,first_send_ack,0.516
store-marker/old-open/retry.backoff100,7,total_until_ready,4.587
store-marker/old-open/retry.backoff100,7,total_until_first_record,5.103
store-marker/old-open/retry.backoff100,8,lease_acquire,0.300
store-marker/old-open/retry.backoff100,8,producer_new,0.570
store-marker/old-open/retry.backoff100,8,marker_send,3.324
store-marker/old-open/retry.backoff100,8,marker_stored_wait,1.507
store-marker/old-open/retry.backoff100,8,replay_db_max,0.301
store-marker/old-open/retry.backoff100,8,first_send_ack,0.867
store-marker/old-open/retry.backoff100,8,total_until_ready,6.001
store-marker/old-open/retry.backoff100,8,total_until_first_record,6.868
store-marker/old-open/retry.backoff100,9,lease_acquire,0.443
store-marker/old-open/retry.backoff100,9,producer_new,1.357
store-marker/old-open/retry.backoff100,9,marker_send,2.962
store-marker/old-open/retry.backoff100,9,marker_stored_wait,1.225
store-marker/old-open/retry.backoff100,9,replay_db_max,0.241
store-marker/old-open/retry.backoff100,9,first_send_ack,0.733
store-marker/old-open/retry.backoff100,9,total_until_ready,6.228
store-marker/old-open/retry.backoff100,9,total_until_first_record,6.962
store-marker/old-open/retry.backoff100,10,lease_acquire,0.413
store-marker/old-open/retry.backoff100,10,producer_new,0.603
store-marker/old-open/retry.backoff100,10,marker_send,2.935
store-marker/old-open/retry.backoff100,10,marker_stored_wait,1.378
store-marker/old-open/retry.backoff100,10,replay_db_max,0.275
store-marker/old-open/retry.backoff100,10,first_send_ack,0.814
store-marker/old-open/retry.backoff100,10,total_until_ready,5.604
store-marker/old-open/retry.backoff100,10,total_until_first_record,6.419
store-marker/old-open/retry.backoff100,11,lease_acquire,0.327
store-marker/old-open/retry.backoff100,11,producer_new,0.585
store-marker/old-open/retry.backoff100,11,marker_send,2.871
store-marker/old-open/retry.backoff100,11,marker_stored_wait,1.308
store-marker/old-open/retry.backoff100,11,replay_db_max,0.277
store-marker/old-open/retry.backoff100,11,first_send_ack,0.899
store-marker/old-open/retry.backoff100,11,total_until_ready,5.367
store-marker/old-open/retry.backoff100,11,total_until_first_record,6.266
store-marker/old-open/retry.backoff100,12,lease_acquire,0.282
store-marker/old-open/retry.backoff100,12,producer_new,0.674
store-marker/old-open/retry.backoff100,12,marker_send,3.931
store-marker/old-open/retry.backoff100,12,marker_stored_wait,1.576
store-marker/old-open/retry.backoff100,12,replay_db_max,0.284
store-marker/old-open/retry.backoff100,12,first_send_ack,0.807
store-marker/old-open/retry.backoff100,12,total_until_ready,6.747
store-marker/old-open/retry.backoff100,12,total_until_first_record,7.554
store-marker/old-open/retry.backoff100,13,lease_acquire,0.342
store-marker/old-open/retry.backoff100,13,producer_new,0.648
store-marker/old-open/retry.backoff100,13,marker_send,3.211
store-marker/old-open/retry.backoff100,13,marker_stored_wait,1.512
store-marker/old-open/retry.backoff100,13,replay_db_max,0.258
store-marker/old-open/retry.backoff100,13,first_send_ack,0.905
store-marker/old-open/retry.backoff100,13,total_until_ready,5.971
store-marker/old-open/retry.backoff100,13,total_until_first_record,6.876
store-marker/old-open/retry.backoff100,14,lease_acquire,0.378
store-marker/old-open/retry.backoff100,14,producer_new,0.657
store-marker/old-open/retry.backoff100,14,marker_send,3.523
store-marker/old-open/retry.backoff100,14,marker_stored_wait,1.413
store-marker/old-open/retry.backoff100,14,replay_db_max,0.272
store-marker/old-open/retry.backoff100,14,first_send_ack,0.756
store-marker/old-open/retry.backoff100,14,total_until_ready,6.243
store-marker/old-open/retry.backoff100,14,total_until_first_record,6.999
store-marker/old-open/retry.backoff100,15,lease_acquire,0.346
store-marker/old-open/retry.backoff100,15,producer_new,0.618
store-marker/old-open/retry.backoff100,15,marker_send,3.426
store-marker/old-open/retry.backoff100,15,marker_stored_wait,1.540
store-marker/old-open/retry.backoff100,15,replay_db_max,0.279
store-marker/old-open/retry.backoff100,15,first_send_ack,1.130
store-marker/old-open/retry.backoff100,15,total_until_ready,6.208
store-marker/old-open/retry.backoff100,15,total_until_first_record,7.338
store-marker/old-open/retry.backoff100,16,lease_acquire,0.351
store-marker/old-open/retry.backoff100,16,producer_new,0.654
store-marker/old-open/retry.backoff100,16,marker_send,4.089
store-marker/old-open/retry.backoff100,16,marker_stored_wait,1.774
store-marker/old-open/retry.backoff100,16,replay_db_max,0.290
store-marker/old-open/retry.backoff100,16,first_send_ack,1.050
store-marker/old-open/retry.backoff100,16,total_until_ready,7.159
store-marker/old-open/retry.backoff100,16,total_until_first_record,8.210
store-marker/old-open/retry.backoff100,17,lease_acquire,0.304
store-marker/old-open/retry.backoff100,17,producer_new,0.624
store-marker/old-open/retry.backoff100,17,marker_send,3.650
store-marker/old-open/retry.backoff100,17,marker_stored_wait,1.223
store-marker/old-open/retry.backoff100,17,replay_db_max,0.282
store-marker/old-open/retry.backoff100,17,first_send_ack,0.670
store-marker/old-open/retry.backoff100,17,total_until_ready,6.084
store-marker/old-open/retry.backoff100,17,total_until_first_record,6.754
store-marker/old-open/retry.backoff100,18,lease_acquire,0.415
store-marker/old-open/retry.backoff100,18,producer_new,0.593
store-marker/old-open/retry.backoff100,18,marker_send,3.686
store-marker/old-open/retry.backoff100,18,marker_stored_wait,1.349
store-marker/old-open/retry.backoff100,18,replay_db_max,0.250
store-marker/old-open/retry.backoff100,18,first_send_ack,0.667
store-marker/old-open/retry.backoff100,18,total_until_ready,6.293
store-marker/old-open/retry.backoff100,18,total_until_first_record,6.960
store-marker/old-open/retry.backoff100,19,lease_acquire,0.314
store-marker/old-open/retry.backoff100,19,producer_new,0.616
store-marker/old-open/retry.backoff100,19,marker_send,3.391
store-marker/old-open/retry.backoff100,19,marker_stored_wait,1.266
store-marker/old-open/retry.backoff100,19,replay_db_max,0.223
store-marker/old-open/retry.backoff100,19,first_send_ack,0.653
store-marker/old-open/retry.backoff100,19,total_until_ready,5.810
store-marker/old-open/retry.backoff100,19,total_until_first_record,6.462
store-marker/old-open/retry.backoff100,20,lease_acquire,0.310
store-marker/old-open/retry.backoff100,20,producer_new,0.584
store-marker/old-open/retry.backoff100,20,marker_send,3.842
store-marker/old-open/retry.backoff100,20,marker_stored_wait,1.179
store-marker/old-open/retry.backoff100,20,replay_db_max,0.297
store-marker/old-open/retry.backoff100,20,first_send_ack,0.955
store-marker/old-open/retry.backoff100,20,total_until_ready,6.212
store-marker/old-open/retry.backoff100,20,total_until_first_record,7.167
store-marker/old-open/retry.backoff100,21,lease_acquire,0.345
store-marker/old-open/retry.backoff100,21,producer_new,0.599
store-marker/old-open/retry.backoff100,21,marker_send,3.267
store-marker/old-open/retry.backoff100,21,marker_stored_wait,1.367
store-marker/old-open/retry.backoff100,21,replay_db_max,0.288
store-marker/old-open/retry.backoff100,21,first_send_ack,0.789
store-marker/old-open/retry.backoff100,21,total_until_ready,5.867
store-marker/old-open/retry.backoff100,21,total_until_first_record,6.655
store-marker/old-open/retry.backoff100,22,lease_acquire,0.300
store-marker/old-open/retry.backoff100,22,producer_new,0.607
store-marker/old-open/retry.backoff100,22,marker_send,3.481
store-marker/old-open/retry.backoff100,22,marker_stored_wait,1.191
store-marker/old-open/retry.backoff100,22,replay_db_max,0.288
store-marker/old-open/retry.backoff100,22,first_send_ack,0.783
store-marker/old-open/retry.backoff100,22,total_until_ready,5.867
store-marker/old-open/retry.backoff100,22,total_until_first_record,6.650
store-marker/old-open/retry.backoff100,23,lease_acquire,0.342
store-marker/old-open/retry.backoff100,23,producer_new,0.624
store-marker/old-open/retry.backoff100,23,marker_send,3.759
store-marker/old-open/retry.backoff100,23,marker_stored_wait,1.213
store-marker/old-open/retry.backoff100,23,replay_db_max,0.317
store-marker/old-open/retry.backoff100,23,first_send_ack,0.753
store-marker/old-open/retry.backoff100,23,total_until_ready,6.256
store-marker/old-open/retry.backoff100,23,total_until_first_record,7.009
store-marker/old-open/retry.backoff100,24,lease_acquire,0.273
store-marker/old-open/retry.backoff100,24,producer_new,0.593
store-marker/old-open/retry.backoff100,24,marker_send,3.045
store-marker/old-open/retry.backoff100,24,marker_stored_wait,1.235
store-marker/old-open/retry.backoff100,24,replay_db_max,0.248
store-marker/old-open/retry.backoff100,24,first_send_ack,0.626
store-marker/old-open/retry.backoff100,24,total_until_ready,5.394
store-marker/old-open/retry.backoff100,24,total_until_first_record,6.020
store-marker/old-open/retry.backoff100,25,lease_acquire,0.267
store-marker/old-open/retry.backoff100,25,producer_new,0.541
store-marker/old-open/retry.backoff100,25,marker_send,3.119
store-marker/old-open/retry.backoff100,25,marker_stored_wait,1.037
store-marker/old-open/retry.backoff100,25,replay_db_max,0.291
store-marker/old-open/retry.backoff100,25,first_send_ack,0.750
store-marker/old-open/retry.backoff100,25,total_until_ready,5.254
store-marker/old-open/retry.backoff100,25,total_until_first_record,6.004
store-marker/old-open/retry.backoff100,26,lease_acquire,0.287
store-marker/old-open/retry.backoff100,26,producer_new,0.581
store-marker/old-open/retry.backoff100,26,marker_send,3.065
store-marker/old-open/retry.backoff100,26,marker_stored_wait,1.361
store-marker/old-open/retry.backoff100,26,replay_db_max,0.255
store-marker/old-open/retry.backoff100,26,first_send_ack,0.625
store-marker/old-open/retry.backoff100,26,total_until_ready,5.550
store-marker/old-open/retry.backoff100,26,total_until_first_record,6.175
store-marker/old-open/retry.backoff100,27,lease_acquire,0.288
store-marker/old-open/retry.backoff100,27,producer_new,0.597
store-marker/old-open/retry.backoff100,27,marker_send,2.699
store-marker/old-open/retry.backoff100,27,marker_stored_wait,1.024
store-marker/old-open/retry.backoff100,27,replay_db_max,0.287
store-marker/old-open/retry.backoff100,27,first_send_ack,0.704
store-marker/old-open/retry.backoff100,27,total_until_ready,4.896
store-marker/old-open/retry.backoff100,27,total_until_first_record,5.600
store-marker/old-open/retry.backoff100,28,lease_acquire,0.303
store-marker/old-open/retry.backoff100,28,producer_new,0.607
store-marker/old-open/retry.backoff100,28,marker_send,3.096
store-marker/old-open/retry.backoff100,28,marker_stored_wait,1.255
store-marker/old-open/retry.backoff100,28,replay_db_max,0.230
store-marker/old-open/retry.backoff100,28,first_send_ack,0.601
store-marker/old-open/retry.backoff100,28,total_until_ready,5.490
store-marker/old-open/retry.backoff100,28,total_until_first_record,6.092
store-marker/old-open/retry.backoff100,29,lease_acquire,0.274
store-marker/old-open/retry.backoff100,29,producer_new,0.525
store-marker/old-open/retry.backoff100,29,marker_send,2.671
store-marker/old-open/retry.backoff100,29,marker_stored_wait,1.044
store-marker/old-open/retry.backoff100,29,replay_db_max,0.294
store-marker/old-open/retry.backoff100,29,first_send_ack,0.688
store-marker/old-open/retry.backoff100,29,total_until_ready,4.808
store-marker/old-open/retry.backoff100,29,total_until_first_record,5.495
