variant,iteration,phase,ms
broker/old-clean/retry.backoff100,0,lease_acquire,0.493
broker/old-clean/retry.backoff100,0,producer_new,1.164
broker/old-clean/retry.backoff100,0,initTransactions,107.859
broker/old-clean/retry.backoff100,0,replay,7.983
broker/old-clean/retry.backoff100,0,first_commit,4.663
broker/old-clean/retry.backoff100,0,total_until_ready,117.499
broker/old-clean/retry.backoff100,0,total_until_first_record,122.162
broker/old-clean/retry.backoff100,0,total_without_initTransactions,9.640
broker/old-clean/retry.backoff100,0,replay_consumer_close_after,1.893
broker/old-clean/retry.backoff100,1,lease_acquire,0.450
broker/old-clean/retry.backoff100,1,producer_new,1.053
broker/old-clean/retry.backoff100,1,initTransactions,111.533
broker/old-clean/retry.backoff100,1,replay,8.918
broker/old-clean/retry.backoff100,1,first_commit,7.541
broker/old-clean/retry.backoff100,1,total_until_ready,121.953
broker/old-clean/retry.backoff100,1,total_until_first_record,129.494
broker/old-clean/retry.backoff100,1,total_without_initTransactions,10.420
broker/old-clean/retry.backoff100,1,replay_consumer_close_after,2.767
broker/old-clean/retry.backoff100,2,lease_acquire,0.417
broker/old-clean/retry.backoff100,2,producer_new,1.153
broker/old-clean/retry.backoff100,2,initTransactions,111.477
broker/old-clean/retry.backoff100,2,replay,10.902
broker/old-clean/retry.backoff100,2,first_commit,7.641
broker/old-clean/retry.backoff100,2,total_until_ready,123.949
broker/old-clean/retry.backoff100,2,total_until_first_record,131.591
broker/old-clean/retry.backoff100,2,total_without_initTransactions,12.473
broker/old-clean/retry.backoff100,2,replay_consumer_close_after,2.935
broker/old-clean/retry.backoff100,3,lease_acquire,0.391
broker/old-clean/retry.backoff100,3,producer_new,1.079
broker/old-clean/retry.backoff100,3,initTransactions,113.265
broker/old-clean/retry.backoff100,3,replay,10.043
broker/old-clean/retry.backoff100,3,first_commit,6.004
broker/old-clean/retry.backoff100,3,total_until_ready,124.777
broker/old-clean/retry.backoff100,3,total_until_first_record,130.782
broker/old-clean/retry.backoff100,3,total_without_initTransactions,11.513
broker/old-clean/retry.backoff100,3,replay_consumer_close_after,3.458
broker/old-clean/retry.backoff100,4,lease_acquire,0.361
broker/old-clean/retry.backoff100,4,producer_new,0.931
broker/old-clean/retry.backoff100,4,initTransactions,108.943
broker/old-clean/retry.backoff100,4,replay,7.618
broker/old-clean/retry.backoff100,4,first_commit,4.891
broker/old-clean/retry.backoff100,4,total_until_ready,117.853
broker/old-clean/retry.backoff100,4,total_until_first_record,122.744
broker/old-clean/retry.backoff100,4,total_without_initTransactions,8.910
broker/old-clean/retry.backoff100,4,replay_consumer_close_after,2.240
broker/old-clean/retry.backoff100,5,lease_acquire,0.465
broker/old-clean/retry.backoff100,5,producer_new,0.964
broker/old-clean/retry.backoff100,5,initTransactions,113.464
broker/old-clean/retry.backoff100,5,replay,11.050
broker/old-clean/retry.backoff100,5,first_commit,6.629
broker/old-clean/retry.backoff100,5,total_until_ready,125.942
broker/old-clean/retry.backoff100,5,total_until_first_record,132.571
broker/old-clean/retry.backoff100,5,total_without_initTransactions,12.478
broker/old-clean/retry.backoff100,5,replay_consumer_close_after,5.369
broker/old-clean/retry.backoff100,6,lease_acquire,0.500
broker/old-clean/retry.backoff100,6,producer_new,1.029
broker/old-clean/retry.backoff100,6,initTransactions,111.751
broker/old-clean/retry.backoff100,6,replay,12.924
broker/old-clean/retry.backoff100,6,first_commit,7.442
broker/old-clean/retry.backoff100,6,total_until_ready,126.203
broker/old-clean/retry.backoff100,6,total_until_first_record,133.646
broker/old-clean/retry.backoff100,6,total_without_initTransactions,14.453
broker/old-clean/retry.backoff100,6,replay_consumer_close_after,3.995
broker/old-clean/retry.backoff100,7,lease_acquire,1.042
broker/old-clean/retry.backoff100,7,producer_new,0.995
broker/old-clean/retry.backoff100,7,initTransactions,113.890
broker/old-clean/retry.backoff100,7,replay,13.906
broker/old-clean/retry.backoff100,7,first_commit,10.010
broker/old-clean/retry.backoff100,7,total_until_ready,129.834
broker/old-clean/retry.backoff100,7,total_until_first_record,139.844
broker/old-clean/retry.backoff100,7,total_without_initTransactions,15.944
broker/old-clean/retry.backoff100,7,replay_consumer_close_after,3.214
broker/old-clean/retry.backoff100,8,lease_acquire,0.644
broker/old-clean/retry.backoff100,8,producer_new,1.078
broker/old-clean/retry.backoff100,8,initTransactions,113.439
broker/old-clean/retry.backoff100,8,replay,33.175
broker/old-clean/retry.backoff100,8,first_commit,11.492
broker/old-clean/retry.backoff100,8,total_until_ready,148.335
broker/old-clean/retry.backoff100,8,total_until_first_record,159.827
broker/old-clean/retry.backoff100,8,total_without_initTransactions,34.896
broker/old-clean/retry.backoff100,8,replay_consumer_close_after,2.766
broker/old-clean/retry.backoff100,9,lease_acquire,0.734
broker/old-clean/retry.backoff100,9,producer_new,1.040
broker/old-clean/retry.backoff100,9,initTransactions,109.609
broker/old-clean/retry.backoff100,9,replay,7.982
broker/old-clean/retry.backoff100,9,first_commit,5.175
broker/old-clean/retry.backoff100,9,total_until_ready,119.365
broker/old-clean/retry.backoff100,9,total_until_first_record,124.539
broker/old-clean/retry.backoff100,9,total_without_initTransactions,9.756
broker/old-clean/retry.backoff100,9,replay_consumer_close_after,2.529
broker/old-clean/retry.backoff100,10,lease_acquire,0.387
broker/old-clean/retry.backoff100,10,producer_new,0.925
broker/old-clean/retry.backoff100,10,initTransactions,111.256
broker/old-clean/retry.backoff100,10,replay,8.561
broker/old-clean/retry.backoff100,10,first_commit,4.151
broker/old-clean/retry.backoff100,10,total_until_ready,121.129
broker/old-clean/retry.backoff100,10,total_until_first_record,125.280
broker/old-clean/retry.backoff100,10,total_without_initTransactions,9.873
broker/old-clean/retry.backoff100,10,replay_consumer_close_after,1.797
broker/old-clean/retry.backoff100,11,lease_acquire,0.462
broker/old-clean/retry.backoff100,11,producer_new,0.861
broker/old-clean/retry.backoff100,11,initTransactions,107.678
broker/old-clean/retry.backoff100,11,replay,7.094
broker/old-clean/retry.backoff100,11,first_commit,7.167
broker/old-clean/retry.backoff100,11,total_until_ready,116.094
broker/old-clean/retry.backoff100,11,total_until_first_record,123.261
broker/old-clean/retry.backoff100,11,total_without_initTransactions,8.416
broker/old-clean/retry.backoff100,11,replay_consumer_close_after,1.961
broker/old-clean/retry.backoff100,12,lease_acquire,0.476
broker/old-clean/retry.backoff100,12,producer_new,0.890
broker/old-clean/retry.backoff100,12,initTransactions,109.956
broker/old-clean/retry.backoff100,12,replay,7.613
broker/old-clean/retry.backoff100,12,first_commit,7.127
broker/old-clean/retry.backoff100,12,total_until_ready,118.934
broker/old-clean/retry.backoff100,12,total_until_first_record,126.061
broker/old-clean/retry.backoff100,12,total_without_initTransactions,8.978
broker/old-clean/retry.backoff100,12,replay_consumer_close_after,3.282
broker/old-clean/retry.backoff100,13,lease_acquire,0.724
broker/old-clean/retry.backoff100,13,producer_new,0.946
broker/old-clean/retry.backoff100,13,initTransactions,108.884
broker/old-clean/retry.backoff100,13,replay,7.000
broker/old-clean/retry.backoff100,13,first_commit,4.084
broker/old-clean/retry.backoff100,13,total_until_ready,117.554
broker/old-clean/retry.backoff100,13,total_until_first_record,121.637
broker/old-clean/retry.backoff100,13,total_without_initTransactions,8.670
broker/old-clean/retry.backoff100,13,replay_consumer_close_after,1.584
broker/old-clean/retry.backoff100,14,lease_acquire,0.473
broker/old-clean/retry.backoff100,14,producer_new,0.887
broker/old-clean/retry.backoff100,14,initTransactions,106.108
broker/old-clean/retry.backoff100,14,replay,11.401
broker/old-clean/retry.backoff100,14,first_commit,6.310
broker/old-clean/retry.backoff100,14,total_until_ready,118.868
broker/old-clean/retry.backoff100,14,total_until_first_record,125.177
broker/old-clean/retry.backoff100,14,total_without_initTransactions,12.760
broker/old-clean/retry.backoff100,14,replay_consumer_close_after,3.050
broker/old-clean/retry.backoff100,15,lease_acquire,0.978
broker/old-clean/retry.backoff100,15,producer_new,1.035
broker/old-clean/retry.backoff100,15,initTransactions,145.565
broker/old-clean/retry.backoff100,15,replay,24.600
broker/old-clean/retry.backoff100,15,first_commit,11.921
broker/old-clean/retry.backoff100,15,total_until_ready,172.179
broker/old-clean/retry.backoff100,15,total_until_first_record,184.100
broker/old-clean/retry.backoff100,15,total_without_initTransactions,26.613
broker/old-clean/retry.backoff100,15,replay_consumer_close_after,2.186
broker/old-clean/retry.backoff100,16,lease_acquire,0.726
broker/old-clean/retry.backoff100,16,producer_new,1.689
broker/old-clean/retry.backoff100,16,initTransactions,121.908
broker/old-clean/retry.backoff100,16,replay,30.788
broker/old-clean/retry.backoff100,16,first_commit,24.239
broker/old-clean/retry.backoff100,16,total_until_ready,155.111
broker/old-clean/retry.backoff100,16,total_until_first_record,179.350
broker/old-clean/retry.backoff100,16,total_without_initTransactions,33.202
broker/old-clean/retry.backoff100,16,replay_consumer_close_after,2.767
broker/old-clean/retry.backoff100,17,lease_acquire,1.500
broker/old-clean/retry.backoff100,17,producer_new,1.523
broker/old-clean/retry.backoff100,17,initTransactions,115.186
broker/old-clean/retry.backoff100,17,replay,8.914
broker/old-clean/retry.backoff100,17,first_commit,5.390
broker/old-clean/retry.backoff100,17,total_until_ready,127.122
broker/old-clean/retry.backoff100,17,total_until_first_record,132.512
broker/old-clean/retry.backoff100,17,total_without_initTransactions,11.936
broker/old-clean/retry.backoff100,17,replay_consumer_close_after,3.817
broker/old-clean/retry.backoff100,18,lease_acquire,0.615
broker/old-clean/retry.backoff100,18,producer_new,0.838
broker/old-clean/retry.backoff100,18,initTransactions,109.174
broker/old-clean/retry.backoff100,18,replay,9.498
broker/old-clean/retry.backoff100,18,first_commit,9.165
broker/old-clean/retry.backoff100,18,total_until_ready,120.124
broker/old-clean/retry.backoff100,18,total_until_first_record,129.289
broker/old-clean/retry.backoff100,18,total_without_initTransactions,10.950
broker/old-clean/retry.backoff100,18,replay_consumer_close_after,1.741
broker/old-clean/retry.backoff100,19,lease_acquire,0.375
broker/old-clean/retry.backoff100,19,producer_new,0.824
broker/old-clean/retry.backoff100,19,initTransactions,107.849
broker/old-clean/retry.backoff100,19,replay,6.276
broker/old-clean/retry.backoff100,19,first_commit,4.527
broker/old-clean/retry.backoff100,19,total_until_ready,115.324
broker/old-clean/retry.backoff100,19,total_until_first_record,119.851
broker/old-clean/retry.backoff100,19,total_without_initTransactions,7.475
broker/old-clean/retry.backoff100,19,replay_consumer_close_after,1.466
broker/old-clean/retry.backoff100,20,lease_acquire,0.472
broker/old-clean/retry.backoff100,20,producer_new,0.839
broker/old-clean/retry.backoff100,20,initTransactions,111.031
broker/old-clean/retry.backoff100,20,replay,10.157
broker/old-clean/retry.backoff100,20,first_commit,4.936
broker/old-clean/retry.backoff100,20,total_until_ready,122.499
broker/old-clean/retry.backoff100,20,total_until_first_record,127.434
broker/old-clean/retry.backoff100,20,total_without_initTransactions,11.467
broker/old-clean/retry.backoff100,20,replay_consumer_close_after,1.839
broker/old-clean/retry.backoff100,21,lease_acquire,0.448
broker/old-clean/retry.backoff100,21,producer_new,0.786
broker/old-clean/retry.backoff100,21,initTransactions,111.184
broker/old-clean/retry.backoff100,21,replay,8.151
broker/old-clean/retry.backoff100,21,first_commit,5.409
broker/old-clean/retry.backoff100,21,total_until_ready,120.569
broker/old-clean/retry.backoff100,21,total_until_first_record,125.977
broker/old-clean/retry.backoff100,21,total_without_initTransactions,9.384
broker/old-clean/retry.backoff100,21,replay_consumer_close_after,1.851
broker/old-clean/retry.backoff100,22,lease_acquire,0.424
broker/old-clean/retry.backoff100,22,producer_new,1.772
broker/old-clean/retry.backoff100,22,initTransactions,111.737
broker/old-clean/retry.backoff100,22,replay,16.711
broker/old-clean/retry.backoff100,22,first_commit,4.531
broker/old-clean/retry.backoff100,22,total_until_ready,130.643
broker/old-clean/retry.backoff100,22,total_until_first_record,135.174
broker/old-clean/retry.backoff100,22,total_without_initTransactions,18.907
broker/old-clean/retry.backoff100,22,replay_consumer_close_after,2.833
broker/old-clean/retry.backoff100,23,lease_acquire,0.431
broker/old-clean/retry.backoff100,23,producer_new,2.630
broker/old-clean/retry.backoff100,23,initTransactions,110.399
broker/old-clean/retry.backoff100,23,replay,10.406
broker/old-clean/retry.backoff100,23,first_commit,4.752
broker/old-clean/retry.backoff100,23,total_until_ready,123.865
broker/old-clean/retry.backoff100,23,total_until_first_record,128.617
broker/old-clean/retry.backoff100,23,total_without_initTransactions,13.467
broker/old-clean/retry.backoff100,23,replay_consumer_close_after,2.290
broker/old-clean/retry.backoff100,24,lease_acquire,0.611
broker/old-clean/retry.backoff100,24,producer_new,3.503
broker/old-clean/retry.backoff100,24,initTransactions,111.166
broker/old-clean/retry.backoff100,24,replay,7.402
broker/old-clean/retry.backoff100,24,first_commit,6.340
broker/old-clean/retry.backoff100,24,total_until_ready,122.682
broker/old-clean/retry.backoff100,24,total_until_first_record,129.022
broker/old-clean/retry.backoff100,24,total_without_initTransactions,11.516
broker/old-clean/retry.backoff100,24,replay_consumer_close_after,1.795
broker/old-clean/retry.backoff100,25,lease_acquire,0.560
broker/old-clean/retry.backoff100,25,producer_new,0.788
broker/old-clean/retry.backoff100,25,initTransactions,111.982
broker/old-clean/retry.backoff100,25,replay,6.904
broker/old-clean/retry.backoff100,25,first_commit,4.144
broker/old-clean/retry.backoff100,25,total_until_ready,120.234
broker/old-clean/retry.backoff100,25,total_until_first_record,124.378
broker/old-clean/retry.backoff100,25,total_without_initTransactions,8.252
broker/old-clean/retry.backoff100,25,replay_consumer_close_after,1.790
broker/old-clean/retry.backoff100,26,lease_acquire,0.404
broker/old-clean/retry.backoff100,26,producer_new,0.857
broker/old-clean/retry.backoff100,26,initTransactions,106.777
broker/old-clean/retry.backoff100,26,replay,6.721
broker/old-clean/retry.backoff100,26,first_commit,3.956
broker/old-clean/retry.backoff100,26,total_until_ready,114.759
broker/old-clean/retry.backoff100,26,total_until_first_record,118.715
broker/old-clean/retry.backoff100,26,total_without_initTransactions,7.982
broker/old-clean/retry.backoff100,26,replay_consumer_close_after,1.521
broker/old-clean/retry.backoff100,27,lease_acquire,0.410
broker/old-clean/retry.backoff100,27,producer_new,0.765
broker/old-clean/retry.backoff100,27,initTransactions,109.545
broker/old-clean/retry.backoff100,27,replay,5.526
broker/old-clean/retry.backoff100,27,first_commit,3.640
broker/old-clean/retry.backoff100,27,total_until_ready,116.246
broker/old-clean/retry.backoff100,27,total_until_first_record,119.886
broker/old-clean/retry.backoff100,27,total_without_initTransactions,6.701
broker/old-clean/retry.backoff100,27,replay_consumer_close_after,1.402
broker/old-clean/retry.backoff100,28,lease_acquire,0.433
broker/old-clean/retry.backoff100,28,producer_new,0.771
broker/old-clean/retry.backoff100,28,initTransactions,108.437
broker/old-clean/retry.backoff100,28,replay,11.828
broker/old-clean/retry.backoff100,28,first_commit,4.381
broker/old-clean/retry.backoff100,28,total_until_ready,121.469
broker/old-clean/retry.backoff100,28,total_until_first_record,125.850
broker/old-clean/retry.backoff100,28,total_without_initTransactions,13.032
broker/old-clean/retry.backoff100,28,replay_consumer_close_after,1.588
broker/old-clean/retry.backoff100,29,lease_acquire,0.507
broker/old-clean/retry.backoff100,29,producer_new,2.240
broker/old-clean/retry.backoff100,29,initTransactions,107.464
broker/old-clean/retry.backoff100,29,replay,9.074
broker/old-clean/retry.backoff100,29,first_commit,5.905
broker/old-clean/retry.backoff100,29,total_until_ready,119.285
broker/old-clean/retry.backoff100,29,total_until_first_record,125.190
broker/old-clean/retry.backoff100,29,total_without_initTransactions,11.821
broker/old-clean/retry.backoff100,29,replay_consumer_close_after,2.314
broker/old-clean/retry.backoff10,0,lease_acquire,0.342
broker/old-clean/retry.backoff10,0,producer_new,0.725
broker/old-clean/retry.backoff10,0,initTransactions,17.524
broker/old-clean/retry.backoff10,0,replay,5.531
broker/old-clean/retry.backoff10,0,first_commit,3.619
broker/old-clean/retry.backoff10,0,total_until_ready,24.122
broker/old-clean/retry.backoff10,0,total_until_first_record,27.740
broker/old-clean/retry.backoff10,0,total_without_initTransactions,6.598
broker/old-clean/retry.backoff10,0,replay_consumer_close_after,1.385
broker/old-clean/retry.backoff10,1,lease_acquire,0.365
broker/old-clean/retry.backoff10,1,producer_new,0.752
broker/old-clean/retry.backoff10,1,initTransactions,14.539
broker/old-clean/retry.backoff10,1,replay,5.892
broker/old-clean/retry.backoff10,1,first_commit,3.575
broker/old-clean/retry.backoff10,1,total_until_ready,21.548
broker/old-clean/retry.backoff10,1,total_until_first_record,25.123
broker/old-clean/retry.backoff10,1,total_without_initTransactions,7.009
broker/old-clean/retry.backoff10,1,replay_consumer_close_after,1.443
broker/old-clean/retry.backoff10,2,lease_acquire,0.472
broker/old-clean/retry.backoff10,2,producer_new,0.685
broker/old-clean/retry.backoff10,2,initTransactions,16.777
broker/old-clean/retry.backoff10,2,replay,5.814
broker/old-clean/retry.backoff10,2,first_commit,3.567
broker/old-clean/retry.backoff10,2,total_until_ready,23.748
broker/old-clean/retry.backoff10,2,total_until_first_record,27.315
broker/old-clean/retry.backoff10,2,total_without_initTransactions,6.971
broker/old-clean/retry.backoff10,2,replay_consumer_close_after,1.317
broker/old-clean/retry.backoff10,3,lease_acquire,0.534
broker/old-clean/retry.backoff10,3,producer_new,0.663
broker/old-clean/retry.backoff10,3,initTransactions,16.628
broker/old-clean/retry.backoff10,3,replay,5.346
broker/old-clean/retry.backoff10,3,first_commit,3.244
broker/old-clean/retry.backoff10,3,total_until_ready,23.171
broker/old-clean/retry.backoff10,3,total_until_first_record,26.416
broker/old-clean/retry.backoff10,3,total_without_initTransactions,6.543
broker/old-clean/retry.backoff10,3,replay_consumer_close_after,1.308
broker/old-clean/retry.backoff10,4,lease_acquire,0.477
broker/old-clean/retry.backoff10,4,producer_new,0.713
broker/old-clean/retry.backoff10,4,initTransactions,15.129
broker/old-clean/retry.backoff10,4,replay,5.663
broker/old-clean/retry.backoff10,4,first_commit,3.680
broker/old-clean/retry.backoff10,4,total_until_ready,21.982
broker/old-clean/retry.backoff10,4,total_until_first_record,25.662
broker/old-clean/retry.backoff10,4,total_without_initTransactions,6.853
broker/old-clean/retry.backoff10,4,replay_consumer_close_after,1.498
broker/old-clean/retry.backoff10,5,lease_acquire,0.460
broker/old-clean/retry.backoff10,5,producer_new,0.662
broker/old-clean/retry.backoff10,5,initTransactions,14.352
broker/old-clean/retry.backoff10,5,replay,5.434
broker/old-clean/retry.backoff10,5,first_commit,3.598
broker/old-clean/retry.backoff10,5,total_until_ready,20.908
broker/old-clean/retry.backoff10,5,total_until_first_record,24.506
broker/old-clean/retry.backoff10,5,total_without_initTransactions,6.556
broker/old-clean/retry.backoff10,5,replay_consumer_close_after,1.728
broker/old-clean/retry.backoff10,6,lease_acquire,0.395
broker/old-clean/retry.backoff10,6,producer_new,0.646
broker/old-clean/retry.backoff10,6,initTransactions,16.369
broker/old-clean/retry.backoff10,6,replay,5.344
broker/old-clean/retry.backoff10,6,first_commit,3.373
broker/old-clean/retry.backoff10,6,total_until_ready,22.755
broker/old-clean/retry.backoff10,6,total_until_first_record,26.127
broker/old-clean/retry.backoff10,6,total_without_initTransactions,6.385
broker/old-clean/retry.backoff10,6,replay_consumer_close_after,1.198
broker/old-clean/retry.backoff10,7,lease_acquire,0.369
broker/old-clean/retry.backoff10,7,producer_new,0.674
broker/old-clean/retry.backoff10,7,initTransactions,15.553
broker/old-clean/retry.backoff10,7,replay,5.269
broker/old-clean/retry.backoff10,7,first_commit,3.528
broker/old-clean/retry.backoff10,7,total_until_ready,21.864
broker/old-clean/retry.backoff10,7,total_until_first_record,25.393
broker/old-clean/retry.backoff10,7,total_without_initTransactions,6.311
broker/old-clean/retry.backoff10,7,replay_consumer_close_after,1.444
broker/old-clean/retry.backoff10,8,lease_acquire,0.383
broker/old-clean/retry.backoff10,8,producer_new,0.692
broker/old-clean/retry.backoff10,8,initTransactions,15.915
broker/old-clean/retry.backoff10,8,replay,5.864
broker/old-clean/retry.backoff10,8,first_commit,3.610
broker/old-clean/retry.backoff10,8,total_until_ready,22.854
broker/old-clean/retry.backoff10,8,total_until_first_record,26.464
broker/old-clean/retry.backoff10,8,total_without_initTransactions,6.939
broker/old-clean/retry.backoff10,8,replay_consumer_close_after,1.172
broker/old-clean/retry.backoff10,9,lease_acquire,0.445
broker/old-clean/retry.backoff10,9,producer_new,0.665
broker/old-clean/retry.backoff10,9,initTransactions,15.447
broker/old-clean/retry.backoff10,9,replay,5.130
broker/old-clean/retry.backoff10,9,first_commit,3.342
broker/old-clean/retry.backoff10,9,total_until_ready,21.687
broker/old-clean/retry.backoff10,9,total_until_first_record,25.029
broker/old-clean/retry.backoff10,9,total_without_initTransactions,6.240
broker/old-clean/retry.backoff10,9,replay_consumer_close_after,1.264
broker/old-clean/retry.backoff10,10,lease_acquire,0.429
broker/old-clean/retry.backoff10,10,producer_new,0.631
broker/old-clean/retry.backoff10,10,initTransactions,15.332
broker/old-clean/retry.backoff10,10,replay,4.678
broker/old-clean/retry.backoff10,10,first_commit,3.490
broker/old-clean/retry.backoff10,10,total_until_ready,21.070
broker/old-clean/retry.backoff10,10,total_until_first_record,24.560
broker/old-clean/retry.backoff10,10,total_without_initTransactions,5.738
broker/old-clean/retry.backoff10,10,replay_consumer_close_after,1.935
broker/old-clean/retry.backoff10,11,lease_acquire,0.496
broker/old-clean/retry.backoff10,11,producer_new,0.688
broker/old-clean/retry.backoff10,11,initTransactions,16.718
broker/old-clean/retry.backoff10,11,replay,8.966
broker/old-clean/retry.backoff10,11,first_commit,4.243
broker/old-clean/retry.backoff10,11,total_until_ready,26.868
broker/old-clean/retry.backoff10,11,total_until_first_record,31.111
broker/old-clean/retry.backoff10,11,total_without_initTransactions,10.150
broker/old-clean/retry.backoff10,11,replay_consumer_close_after,1.542
broker/old-clean/retry.backoff10,12,lease_acquire,0.408
broker/old-clean/retry.backoff10,12,producer_new,0.766
broker/old-clean/retry.backoff10,12,initTransactions,15.498
broker/old-clean/retry.backoff10,12,replay,8.719
broker/old-clean/retry.backoff10,12,first_commit,3.959
broker/old-clean/retry.backoff10,12,total_until_ready,25.392
broker/old-clean/retry.backoff10,12,total_until_first_record,29.351
broker/old-clean/retry.backoff10,12,total_without_initTransactions,9.893
broker/old-clean/retry.backoff10,12,replay_consumer_close_after,1.594
broker/old-clean/retry.backoff10,13,lease_acquire,0.457
broker/old-clean/retry.backoff10,13,producer_new,0.654
broker/old-clean/retry.backoff10,13,initTransactions,13.981
broker/old-clean/retry.backoff10,13,replay,5.418
broker/old-clean/retry.backoff10,13,first_commit,3.443
broker/old-clean/retry.backoff10,13,total_until_ready,20.509
broker/old-clean/retry.backoff10,13,total_until_first_record,23.953
broker/old-clean/retry.backoff10,13,total_without_initTransactions,6.529
broker/old-clean/retry.backoff10,13,replay_consumer_close_after,1.270
broker/old-clean/retry.backoff10,14,lease_acquire,0.383
broker/old-clean/retry.backoff10,14,producer_new,0.675
broker/old-clean/retry.backoff10,14,initTransactions,15.272
broker/old-clean/retry.backoff10,14,replay,4.937
broker/old-clean/retry.backoff10,14,first_commit,3.339
broker/old-clean/retry.backoff10,14,total_until_ready,21.267
broker/old-clean/retry.backoff10,14,total_until_first_record,24.606
broker/old-clean/retry.backoff10,14,total_without_initTransactions,5.996
broker/old-clean/retry.backoff10,14,replay_consumer_close_after,1.233
broker/old-clean/retry.backoff10,15,lease_acquire,0.443
broker/old-clean/retry.backoff10,15,producer_new,0.676
broker/old-clean/retry.backoff10,15,initTransactions,14.863
broker/old-clean/retry.backoff10,15,replay,5.218
broker/old-clean/retry.backoff10,15,first_commit,3.225
broker/old-clean/retry.backoff10,15,total_until_ready,21.199
broker/old-clean/retry.backoff10,15,total_until_first_record,24.425
broker/old-clean/retry.backoff10,15,total_without_initTransactions,6.337
broker/old-clean/retry.backoff10,15,replay_consumer_close_after,1.520
broker/old-clean/retry.backoff10,16,lease_acquire,0.399
broker/old-clean/retry.backoff10,16,producer_new,0.739
broker/old-clean/retry.backoff10,16,initTransactions,16.880
broker/old-clean/retry.backoff10,16,replay,4.947
broker/old-clean/retry.backoff10,16,first_commit,3.291
broker/old-clean/retry.backoff10,16,total_until_ready,22.964
broker/old-clean/retry.backoff10,16,total_until_first_record,26.255
broker/old-clean/retry.backoff10,16,total_without_initTransactions,6.084
broker/old-clean/retry.backoff10,16,replay_consumer_close_after,4.281
broker/old-clean/retry.backoff10,17,lease_acquire,0.393
broker/old-clean/retry.backoff10,17,producer_new,0.637
broker/old-clean/retry.backoff10,17,initTransactions,16.297
broker/old-clean/retry.backoff10,17,replay,4.880
broker/old-clean/retry.backoff10,17,first_commit,3.364
broker/old-clean/retry.backoff10,17,total_until_ready,22.206
broker/old-clean/retry.backoff10,17,total_until_first_record,25.571
broker/old-clean/retry.backoff10,17,total_without_initTransactions,5.910
broker/old-clean/retry.backoff10,17,replay_consumer_close_after,1.398
broker/old-clean/retry.backoff10,18,lease_acquire,0.452
broker/old-clean/retry.backoff10,18,producer_new,0.679
broker/old-clean/retry.backoff10,18,initTransactions,17.044
broker/old-clean/retry.backoff10,18,replay,5.769
broker/old-clean/retry.backoff10,18,first_commit,3.754
broker/old-clean/retry.backoff10,18,total_until_ready,23.944
broker/old-clean/retry.backoff10,18,total_until_first_record,27.698
broker/old-clean/retry.backoff10,18,total_without_initTransactions,6.900
broker/old-clean/retry.backoff10,18,replay_consumer_close_after,1.198
broker/old-clean/retry.backoff10,19,lease_acquire,0.393
broker/old-clean/retry.backoff10,19,producer_new,0.620
broker/old-clean/retry.backoff10,19,initTransactions,15.872
broker/old-clean/retry.backoff10,19,replay,5.613
broker/old-clean/retry.backoff10,19,first_commit,3.590
broker/old-clean/retry.backoff10,19,total_until_ready,22.498
broker/old-clean/retry.backoff10,19,total_until_first_record,26.088
broker/old-clean/retry.backoff10,19,total_without_initTransactions,6.626
broker/old-clean/retry.backoff10,19,replay_consumer_close_after,1.448
broker/old-clean/retry.backoff10,20,lease_acquire,0.430
broker/old-clean/retry.backoff10,20,producer_new,0.677
broker/old-clean/retry.backoff10,20,initTransactions,17.364
broker/old-clean/retry.backoff10,20,replay,5.726
broker/old-clean/retry.backoff10,20,first_commit,3.499
broker/old-clean/retry.backoff10,20,total_until_ready,24.198
broker/old-clean/retry.backoff10,20,total_until_first_record,27.697
broker/old-clean/retry.backoff10,20,total_without_initTransactions,6.834
broker/old-clean/retry.backoff10,20,replay_consumer_close_after,1.460
broker/old-clean/retry.backoff10,21,lease_acquire,0.442
broker/old-clean/retry.backoff10,21,producer_new,0.894
broker/old-clean/retry.backoff10,21,initTransactions,16.703
broker/old-clean/retry.backoff10,21,replay,5.924
broker/old-clean/retry.backoff10,21,first_commit,3.536
broker/old-clean/retry.backoff10,21,total_until_ready,23.964
broker/old-clean/retry.backoff10,21,total_until_first_record,27.500
broker/old-clean/retry.backoff10,21,total_without_initTransactions,7.260
broker/old-clean/retry.backoff10,21,replay_consumer_close_after,0.996
broker/old-clean/retry.backoff10,22,lease_acquire,0.378
broker/old-clean/retry.backoff10,22,producer_new,0.647
broker/old-clean/retry.backoff10,22,initTransactions,16.031
broker/old-clean/retry.backoff10,22,replay,5.124
broker/old-clean/retry.backoff10,22,first_commit,3.674
broker/old-clean/retry.backoff10,22,total_until_ready,22.180
broker/old-clean/retry.backoff10,22,total_until_first_record,25.853
broker/old-clean/retry.backoff10,22,total_without_initTransactions,6.149
broker/old-clean/retry.backoff10,22,replay_consumer_close_after,1.538
broker/old-clean/retry.backoff10,23,lease_acquire,0.451
broker/old-clean/retry.backoff10,23,producer_new,0.675
broker/old-clean/retry.backoff10,23,initTransactions,16.465
broker/old-clean/retry.backoff10,23,replay,5.447
broker/old-clean/retry.backoff10,23,first_commit,3.034
broker/old-clean/retry.backoff10,23,total_until_ready,23.038
broker/old-clean/retry.backoff10,23,total_until_first_record,26.072
broker/old-clean/retry.backoff10,23,total_without_initTransactions,6.573
broker/old-clean/retry.backoff10,23,replay_consumer_close_after,1.245
broker/old-clean/retry.backoff10,24,lease_acquire,0.364
broker/old-clean/retry.backoff10,24,producer_new,0.609
broker/old-clean/retry.backoff10,24,initTransactions,14.636
broker/old-clean/retry.backoff10,24,replay,5.173
broker/old-clean/retry.backoff10,24,first_commit,3.101
broker/old-clean/retry.backoff10,24,total_until_ready,20.782
broker/old-clean/retry.backoff10,24,total_until_first_record,23.883
broker/old-clean/retry.backoff10,24,total_without_initTransactions,6.146
broker/old-clean/retry.backoff10,24,replay_consumer_close_after,1.108
broker/old-clean/retry.backoff10,25,lease_acquire,0.386
broker/old-clean/retry.backoff10,25,producer_new,0.653
broker/old-clean/retry.backoff10,25,initTransactions,14.853
broker/old-clean/retry.backoff10,25,replay,4.875
broker/old-clean/retry.backoff10,25,first_commit,3.013
broker/old-clean/retry.backoff10,25,total_until_ready,20.766
broker/old-clean/retry.backoff10,25,total_until_first_record,23.779
broker/old-clean/retry.backoff10,25,total_without_initTransactions,5.913
broker/old-clean/retry.backoff10,25,replay_consumer_close_after,1.375
broker/old-clean/retry.backoff10,26,lease_acquire,0.423
broker/old-clean/retry.backoff10,26,producer_new,0.693
broker/old-clean/retry.backoff10,26,initTransactions,16.129
broker/old-clean/retry.backoff10,26,replay,4.869
broker/old-clean/retry.backoff10,26,first_commit,3.139
broker/old-clean/retry.backoff10,26,total_until_ready,22.114
broker/old-clean/retry.backoff10,26,total_until_first_record,25.253
broker/old-clean/retry.backoff10,26,total_without_initTransactions,5.985
broker/old-clean/retry.backoff10,26,replay_consumer_close_after,1.897
broker/old-clean/retry.backoff10,27,lease_acquire,0.510
broker/old-clean/retry.backoff10,27,producer_new,0.678
broker/old-clean/retry.backoff10,27,initTransactions,15.122
broker/old-clean/retry.backoff10,27,replay,5.223
broker/old-clean/retry.backoff10,27,first_commit,3.173
broker/old-clean/retry.backoff10,27,total_until_ready,21.533
broker/old-clean/retry.backoff10,27,total_until_first_record,24.706
broker/old-clean/retry.backoff10,27,total_without_initTransactions,6.411
broker/old-clean/retry.backoff10,27,replay_consumer_close_after,1.307
broker/old-clean/retry.backoff10,28,lease_acquire,0.402
broker/old-clean/retry.backoff10,28,producer_new,0.731
broker/old-clean/retry.backoff10,28,initTransactions,14.092
broker/old-clean/retry.backoff10,28,replay,6.939
broker/old-clean/retry.backoff10,28,first_commit,4.095
broker/old-clean/retry.backoff10,28,total_until_ready,22.164
broker/old-clean/retry.backoff10,28,total_until_first_record,26.259
broker/old-clean/retry.backoff10,28,total_without_initTransactions,8.072
broker/old-clean/retry.backoff10,28,replay_consumer_close_after,1.692
broker/old-clean/retry.backoff10,29,lease_acquire,0.445
broker/old-clean/retry.backoff10,29,producer_new,1.357
broker/old-clean/retry.backoff10,29,initTransactions,17.149
broker/old-clean/retry.backoff10,29,replay,5.389
broker/old-clean/retry.backoff10,29,first_commit,3.207
broker/old-clean/retry.backoff10,29,total_until_ready,24.341
broker/old-clean/retry.backoff10,29,total_until_first_record,27.548
broker/old-clean/retry.backoff10,29,total_without_initTransactions,7.191
broker/old-clean/retry.backoff10,29,replay_consumer_close_after,1.173
broker/old-clean/retry.backoff100/spin,0,lease_acquire,0.527
broker/old-clean/retry.backoff100/spin,0,producer_new,0.800
broker/old-clean/retry.backoff100/spin,0,initTransactions,108.995
broker/old-clean/retry.backoff100/spin,0,replay,6.873
broker/old-clean/retry.backoff100/spin,0,first_commit,4.793
broker/old-clean/retry.backoff100/spin,0,total_until_ready,117.195
broker/old-clean/retry.backoff100/spin,0,total_until_first_record,121.988
broker/old-clean/retry.backoff100/spin,0,total_without_initTransactions,8.200
broker/old-clean/retry.backoff100/spin,0,replay_consumer_close_after,1.607
broker/old-clean/retry.backoff100/spin,1,lease_acquire,0.511
broker/old-clean/retry.backoff100/spin,1,producer_new,0.744
broker/old-clean/retry.backoff100/spin,1,initTransactions,105.711
broker/old-clean/retry.backoff100/spin,1,replay,6.182
broker/old-clean/retry.backoff100/spin,1,first_commit,3.999
broker/old-clean/retry.backoff100/spin,1,total_until_ready,113.147
broker/old-clean/retry.backoff100/spin,1,total_until_first_record,117.146
broker/old-clean/retry.backoff100/spin,1,total_without_initTransactions,7.437
broker/old-clean/retry.backoff100/spin,1,replay_consumer_close_after,1.275
broker/old-clean/retry.backoff100/spin,2,lease_acquire,0.572
broker/old-clean/retry.backoff100/spin,2,producer_new,0.681
broker/old-clean/retry.backoff100/spin,2,initTransactions,106.410
broker/old-clean/retry.backoff100/spin,2,replay,6.542
broker/old-clean/retry.backoff100/spin,2,first_commit,6.878
broker/old-clean/retry.backoff100/spin,2,total_until_ready,114.205
broker/old-clean/retry.backoff100/spin,2,total_until_first_record,121.083
broker/old-clean/retry.backoff100/spin,2,total_without_initTransactions,7.795
broker/old-clean/retry.backoff100/spin,2,replay_consumer_close_after,1.670
broker/old-clean/retry.backoff100/spin,3,lease_acquire,0.736
broker/old-clean/retry.backoff100/spin,3,producer_new,0.672
broker/old-clean/retry.backoff100/spin,3,initTransactions,107.276
broker/old-clean/retry.backoff100/spin,3,replay,6.944
broker/old-clean/retry.backoff100/spin,3,first_commit,5.731
broker/old-clean/retry.backoff100/spin,3,total_until_ready,115.629
broker/old-clean/retry.backoff100/spin,3,total_until_first_record,121.360
broker/old-clean/retry.backoff100/spin,3,total_without_initTransactions,8.353
broker/old-clean/retry.backoff100/spin,3,replay_consumer_close_after,2.496
broker/old-clean/retry.backoff100/spin,4,lease_acquire,0.406
broker/old-clean/retry.backoff100/spin,4,producer_new,0.680
broker/old-clean/retry.backoff100/spin,4,initTransactions,108.716
broker/old-clean/retry.backoff100/spin,4,replay,8.434
broker/old-clean/retry.backoff100/spin,4,first_commit,3.606
broker/old-clean/retry.backoff100/spin,4,total_until_ready,118.236
broker/old-clean/retry.backoff100/spin,4,total_until_first_record,121.843
broker/old-clean/retry.backoff100/spin,4,total_without_initTransactions,9.520
broker/old-clean/retry.backoff100/spin,4,replay_consumer_close_after,1.644
broker/old-clean/retry.backoff100/spin,5,lease_acquire,0.450
broker/old-clean/retry.backoff100/spin,5,producer_new,0.684
broker/old-clean/retry.backoff100/spin,5,initTransactions,115.993
broker/old-clean/retry.backoff100/spin,5,replay,8.006
broker/old-clean/retry.backoff100/spin,5,first_commit,3.813
broker/old-clean/retry.backoff100/spin,5,total_until_ready,125.133
broker/old-clean/retry.backoff100/spin,5,total_until_first_record,128.945
broker/old-clean/retry.backoff100/spin,5,total_without_initTransactions,9.139
broker/old-clean/retry.backoff100/spin,5,replay_consumer_close_after,2.703
broker/old-clean/retry.backoff100/spin,6,lease_acquire,0.297
broker/old-clean/retry.backoff100/spin,6,producer_new,0.654
broker/old-clean/retry.backoff100/spin,6,initTransactions,109.218
broker/old-clean/retry.backoff100/spin,6,replay,10.487
broker/old-clean/retry.backoff100/spin,6,first_commit,6.252
broker/old-clean/retry.backoff100/spin,6,total_until_ready,120.656
broker/old-clean/retry.backoff100/spin,6,total_until_first_record,126.908
broker/old-clean/retry.backoff100/spin,6,total_without_initTransactions,11.438
broker/old-clean/retry.backoff100/spin,6,replay_consumer_close_after,2.302
broker/old-clean/retry.backoff100/spin,7,lease_acquire,0.576
broker/old-clean/retry.backoff100/spin,7,producer_new,0.656
broker/old-clean/retry.backoff100/spin,7,initTransactions,109.828
broker/old-clean/retry.backoff100/spin,7,replay,10.665
broker/old-clean/retry.backoff100/spin,7,first_commit,8.060
broker/old-clean/retry.backoff100/spin,7,total_until_ready,121.725
broker/old-clean/retry.backoff100/spin,7,total_until_first_record,129.786
broker/old-clean/retry.backoff100/spin,7,total_without_initTransactions,11.898
broker/old-clean/retry.backoff100/spin,7,replay_consumer_close_after,1.837
broker/old-clean/retry.backoff100/spin,8,lease_acquire,2.232
broker/old-clean/retry.backoff100/spin,8,producer_new,0.827
broker/old-clean/retry.backoff100/spin,8,initTransactions,109.532
broker/old-clean/retry.backoff100/spin,8,replay,7.987
broker/old-clean/retry.backoff100/spin,8,first_commit,3.339
broker/old-clean/retry.backoff100/spin,8,total_until_ready,120.578
broker/old-clean/retry.backoff100/spin,8,total_until_first_record,123.917
broker/old-clean/retry.backoff100/spin,8,total_without_initTransactions,11.046
broker/old-clean/retry.backoff100/spin,8,replay_consumer_close_after,1.502
broker/old-clean/retry.backoff100/spin,9,lease_acquire,0.850
broker/old-clean/retry.backoff100/spin,9,producer_new,0.780
broker/old-clean/retry.backoff100/spin,9,initTransactions,112.863
broker/old-clean/retry.backoff100/spin,9,replay,11.970
broker/old-clean/retry.backoff100/spin,9,first_commit,6.830
broker/old-clean/retry.backoff100/spin,9,total_until_ready,126.462
broker/old-clean/retry.backoff100/spin,9,total_until_first_record,133.292
broker/old-clean/retry.backoff100/spin,9,total_without_initTransactions,13.599
broker/old-clean/retry.backoff100/spin,9,replay_consumer_close_after,2.185
broker/old-clean/retry.backoff100/spin,10,lease_acquire,0.598
broker/old-clean/retry.backoff100/spin,10,producer_new,0.772
broker/old-clean/retry.backoff100/spin,10,initTransactions,114.213
broker/old-clean/retry.backoff100/spin,10,replay,7.585
broker/old-clean/retry.backoff100/spin,10,first_commit,3.714
broker/old-clean/retry.backoff100/spin,10,total_until_ready,123.167
broker/old-clean/retry.backoff100/spin,10,total_until_first_record,126.881
broker/old-clean/retry.backoff100/spin,10,total_without_initTransactions,8.954
broker/old-clean/retry.backoff100/spin,10,replay_consumer_close_after,2.195
broker/old-clean/retry.backoff100/spin,11,lease_acquire,0.411
broker/old-clean/retry.backoff100/spin,11,producer_new,0.626
broker/old-clean/retry.backoff100/spin,11,initTransactions,104.032
broker/old-clean/retry.backoff100/spin,11,replay,5.288
broker/old-clean/retry.backoff100/spin,11,first_commit,2.995
broker/old-clean/retry.backoff100/spin,11,total_until_ready,110.357
broker/old-clean/retry.backoff100/spin,11,total_until_first_record,113.353
broker/old-clean/retry.backoff100/spin,11,total_without_initTransactions,6.325
broker/old-clean/retry.backoff100/spin,11,replay_consumer_close_after,1.190
broker/old-clean/retry.backoff100/spin,12,lease_acquire,0.343
broker/old-clean/retry.backoff100/spin,12,producer_new,0.648
broker/old-clean/retry.backoff100/spin,12,initTransactions,106.478
broker/old-clean/retry.backoff100/spin,12,replay,5.194
broker/old-clean/retry.backoff100/spin,12,first_commit,3.267
broker/old-clean/retry.backoff100/spin,12,total_until_ready,112.663
broker/old-clean/retry.backoff100/spin,12,total_until_first_record,115.931
broker/old-clean/retry.backoff100/spin,12,total_without_initTransactions,6.185
broker/old-clean/retry.backoff100/spin,12,replay_consumer_close_after,1.253
broker/old-clean/retry.backoff100/spin,13,lease_acquire,0.482
broker/old-clean/retry.backoff100/spin,13,producer_new,0.630
broker/old-clean/retry.backoff100/spin,13,initTransactions,106.975
broker/old-clean/retry.backoff100/spin,13,replay,5.470
broker/old-clean/retry.backoff100/spin,13,first_commit,3.309
broker/old-clean/retry.backoff100/spin,13,total_until_ready,113.557
broker/old-clean/retry.backoff100/spin,13,total_until_first_record,116.866
broker/old-clean/retry.backoff100/spin,13,total_without_initTransactions,6.582
broker/old-clean/retry.backoff100/spin,13,replay_consumer_close_after,1.237
broker/old-clean/retry.backoff100/spin,14,lease_acquire,0.390
broker/old-clean/retry.backoff100/spin,14,producer_new,0.660
broker/old-clean/retry.backoff100/spin,14,initTransactions,105.520
broker/old-clean/retry.backoff100/spin,14,replay,8.212
broker/old-clean/retry.backoff100/spin,14,first_commit,3.555
broker/old-clean/retry.backoff100/spin,14,total_until_ready,114.783
broker/old-clean/retry.backoff100/spin,14,total_until_first_record,118.337
broker/old-clean/retry.backoff100/spin,14,total_without_initTransactions,9.263
broker/old-clean/retry.backoff100/spin,14,replay_consumer_close_after,1.168
broker/old-clean/retry.backoff100/spin,15,lease_acquire,0.472
broker/old-clean/retry.backoff100/spin,15,producer_new,0.668
broker/old-clean/retry.backoff100/spin,15,initTransactions,111.079
broker/old-clean/retry.backoff100/spin,15,replay,5.235
broker/old-clean/retry.backoff100/spin,15,first_commit,3.114
broker/old-clean/retry.backoff100/spin,15,total_until_ready,117.454
broker/old-clean/retry.backoff100/spin,15,total_until_first_record,120.568
broker/old-clean/retry.backoff100/spin,15,total_without_initTransactions,6.375
broker/old-clean/retry.backoff100/spin,15,replay_consumer_close_after,0.969
broker/old-clean/retry.backoff100/spin,16,lease_acquire,0.484
broker/old-clean/retry.backoff100/spin,16,producer_new,0.659
broker/old-clean/retry.backoff100/spin,16,initTransactions,104.557
broker/old-clean/retry.backoff100/spin,16,replay,5.699
broker/old-clean/retry.backoff100/spin,16,first_commit,3.109
broker/old-clean/retry.backoff100/spin,16,total_until_ready,111.399
broker/old-clean/retry.backoff100/spin,16,total_until_first_record,114.507
broker/old-clean/retry.backoff100/spin,16,total_without_initTransactions,6.842
broker/old-clean/retry.backoff100/spin,16,replay_consumer_close_after,1.123
broker/old-clean/retry.backoff100/spin,17,lease_acquire,0.441
broker/old-clean/retry.backoff100/spin,17,producer_new,0.638
broker/old-clean/retry.backoff100/spin,17,initTransactions,106.225
broker/old-clean/retry.backoff100/spin,17,replay,5.500
broker/old-clean/retry.backoff100/spin,17,first_commit,3.082
broker/old-clean/retry.backoff100/spin,17,total_until_ready,112.805
broker/old-clean/retry.backoff100/spin,17,total_until_first_record,115.886
broker/old-clean/retry.backoff100/spin,17,total_without_initTransactions,6.579
broker/old-clean/retry.backoff100/spin,17,replay_consumer_close_after,1.075
broker/old-clean/retry.backoff100/spin,18,lease_acquire,0.412
broker/old-clean/retry.backoff100/spin,18,producer_new,0.681
broker/old-clean/retry.backoff100/spin,18,initTransactions,108.054
broker/old-clean/retry.backoff100/spin,18,replay,5.602
broker/old-clean/retry.backoff100/spin,18,first_commit,3.945
broker/old-clean/retry.backoff100/spin,18,total_until_ready,114.749
broker/old-clean/retry.backoff100/spin,18,total_until_first_record,118.694
broker/old-clean/retry.backoff100/spin,18,total_without_initTransactions,6.696
broker/old-clean/retry.backoff100/spin,18,replay_consumer_close_after,1.578
broker/old-clean/retry.backoff100/spin,19,lease_acquire,0.835
broker/old-clean/retry.backoff100/spin,19,producer_new,0.830
broker/old-clean/retry.backoff100/spin,19,initTransactions,106.757
broker/old-clean/retry.backoff100/spin,19,replay,5.434
broker/old-clean/retry.backoff100/spin,19,first_commit,3.404
broker/old-clean/retry.backoff100/spin,19,total_until_ready,113.855
broker/old-clean/retry.backoff100/spin,19,total_until_first_record,117.260
broker/old-clean/retry.backoff100/spin,19,total_without_initTransactions,7.099
broker/old-clean/retry.backoff100/spin,19,replay_consumer_close_after,2.105
broker/old-clean/retry.backoff100/spin,20,lease_acquire,0.560
broker/old-clean/retry.backoff100/spin,20,producer_new,0.612
broker/old-clean/retry.backoff100/spin,20,initTransactions,109.120
broker/old-clean/retry.backoff100/spin,20,replay,5.893
broker/old-clean/retry.backoff100/spin,20,first_commit,3.270
broker/old-clean/retry.backoff100/spin,20,total_until_ready,116.185
broker/old-clean/retry.backoff100/spin,20,total_until_first_record,119.455
broker/old-clean/retry.backoff100/spin,20,total_without_initTransactions,7.065
broker/old-clean/retry.backoff100/spin,20,replay_consumer_close_after,2.220
broker/old-clean/retry.backoff100/spin,21,lease_acquire,0.473
broker/old-clean/retry.backoff100/spin,21,producer_new,0.639
broker/old-clean/retry.backoff100/spin,21,initTransactions,108.185
broker/old-clean/retry.backoff100/spin,21,replay,5.513
broker/old-clean/retry.backoff100/spin,21,first_commit,3.287
broker/old-clean/retry.backoff100/spin,21,total_until_ready,114.810
broker/old-clean/retry.backoff100/spin,21,total_until_first_record,118.097
broker/old-clean/retry.backoff100/spin,21,total_without_initTransactions,6.625
broker/old-clean/retry.backoff100/spin,21,replay_consumer_close_after,1.230
broker/old-clean/retry.backoff100/spin,22,lease_acquire,0.477
broker/old-clean/retry.backoff100/spin,22,producer_new,0.643
broker/old-clean/retry.backoff100/spin,22,initTransactions,109.194
broker/old-clean/retry.backoff100/spin,22,replay,5.345
broker/old-clean/retry.backoff100/spin,22,first_commit,2.625
broker/old-clean/retry.backoff100/spin,22,total_until_ready,115.659
broker/old-clean/retry.backoff100/spin,22,total_until_first_record,118.284
broker/old-clean/retry.backoff100/spin,22,total_without_initTransactions,6.465
broker/old-clean/retry.backoff100/spin,22,replay_consumer_close_after,1.085
broker/old-clean/retry.backoff100/spin,23,lease_acquire,0.515
broker/old-clean/retry.backoff100/spin,23,producer_new,0.882
broker/old-clean/retry.backoff100/spin,23,initTransactions,108.560
broker/old-clean/retry.backoff100/spin,23,replay,5.076
broker/old-clean/retry.backoff100/spin,23,first_commit,3.200
broker/old-clean/retry.backoff100/spin,23,total_until_ready,115.033
broker/old-clean/retry.backoff100/spin,23,total_until_first_record,118.233
broker/old-clean/retry.backoff100/spin,23,total_without_initTransactions,6.473
broker/old-clean/retry.backoff100/spin,23,replay_consumer_close_after,1.161
broker/old-clean/retry.backoff100/spin,24,lease_acquire,0.336
broker/old-clean/retry.backoff100/spin,24,producer_new,0.595
broker/old-clean/retry.backoff100/spin,24,initTransactions,105.983
broker/old-clean/retry.backoff100/spin,24,replay,5.533
broker/old-clean/retry.backoff100/spin,24,first_commit,3.496
broker/old-clean/retry.backoff100/spin,24,total_until_ready,112.447
broker/old-clean/retry.backoff100/spin,24,total_until_first_record,115.942
broker/old-clean/retry.backoff100/spin,24,total_without_initTransactions,6.464
broker/old-clean/retry.backoff100/spin,24,replay_consumer_close_after,1.195
broker/old-clean/retry.backoff100/spin,25,lease_acquire,0.408
broker/old-clean/retry.backoff100/spin,25,producer_new,0.640
broker/old-clean/retry.backoff100/spin,25,initTransactions,108.859
broker/old-clean/retry.backoff100/spin,25,replay,5.131
broker/old-clean/retry.backoff100/spin,25,first_commit,3.036
broker/old-clean/retry.backoff100/spin,25,total_until_ready,115.038
broker/old-clean/retry.backoff100/spin,25,total_until_first_record,118.075
broker/old-clean/retry.backoff100/spin,25,total_without_initTransactions,6.179
broker/old-clean/retry.backoff100/spin,25,replay_consumer_close_after,1.065
broker/old-clean/retry.backoff100/spin,26,lease_acquire,0.377
broker/old-clean/retry.backoff100/spin,26,producer_new,0.631
broker/old-clean/retry.backoff100/spin,26,initTransactions,108.493
broker/old-clean/retry.backoff100/spin,26,replay,5.106
broker/old-clean/retry.backoff100/spin,26,first_commit,3.303
broker/old-clean/retry.backoff100/spin,26,total_until_ready,114.607
broker/old-clean/retry.backoff100/spin,26,total_until_first_record,117.910
broker/old-clean/retry.backoff100/spin,26,total_without_initTransactions,6.114
broker/old-clean/retry.backoff100/spin,26,replay_consumer_close_after,1.139
broker/old-clean/retry.backoff100/spin,27,lease_acquire,0.467
broker/old-clean/retry.backoff100/spin,27,producer_new,0.602
broker/old-clean/retry.backoff100/spin,27,initTransactions,107.961
broker/old-clean/retry.backoff100/spin,27,replay,5.245
broker/old-clean/retry.backoff100/spin,27,first_commit,3.250
broker/old-clean/retry.backoff100/spin,27,total_until_ready,114.275
broker/old-clean/retry.backoff100/spin,27,total_until_first_record,117.524
broker/old-clean/retry.backoff100/spin,27,total_without_initTransactions,6.313
broker/old-clean/retry.backoff100/spin,27,replay_consumer_close_after,1.189
broker/old-clean/retry.backoff100/spin,28,lease_acquire,0.403
broker/old-clean/retry.backoff100/spin,28,producer_new,1.383
broker/old-clean/retry.backoff100/spin,28,initTransactions,111.673
broker/old-clean/retry.backoff100/spin,28,replay,6.575
broker/old-clean/retry.backoff100/spin,28,first_commit,4.046
broker/old-clean/retry.backoff100/spin,28,total_until_ready,120.035
broker/old-clean/retry.backoff100/spin,28,total_until_first_record,124.081
broker/old-clean/retry.backoff100/spin,28,total_without_initTransactions,8.362
broker/old-clean/retry.backoff100/spin,28,replay_consumer_close_after,4.557
broker/old-clean/retry.backoff100/spin,29,lease_acquire,0.437
broker/old-clean/retry.backoff100/spin,29,producer_new,0.740
broker/old-clean/retry.backoff100/spin,29,initTransactions,118.275
broker/old-clean/retry.backoff100/spin,29,replay,14.475
broker/old-clean/retry.backoff100/spin,29,first_commit,3.073
broker/old-clean/retry.backoff100/spin,29,total_until_ready,133.926
broker/old-clean/retry.backoff100/spin,29,total_until_first_record,136.999
broker/old-clean/retry.backoff100/spin,29,total_without_initTransactions,15.651
broker/old-clean/retry.backoff100/spin,29,replay_consumer_close_after,1.483
broker/old-open/retry.backoff100,0,lease_acquire,0.559
broker/old-open/retry.backoff100,0,producer_new,1.553
broker/old-open/retry.backoff100,0,initTransactions,210.191
broker/old-open/retry.backoff100,0,replay,5.983
broker/old-open/retry.backoff100,0,first_commit,3.330
broker/old-open/retry.backoff100,0,total_until_ready,218.286
broker/old-open/retry.backoff100,0,total_until_first_record,221.616
broker/old-open/retry.backoff100,0,total_without_initTransactions,8.095
broker/old-open/retry.backoff100,0,replay_consumer_close_after,1.243
broker/old-open/retry.backoff100,1,lease_acquire,0.415
broker/old-open/retry.backoff100,1,producer_new,0.655
broker/old-open/retry.backoff100,1,initTransactions,212.815
broker/old-open/retry.backoff100,1,replay,5.756
broker/old-open/retry.backoff100,1,first_commit,3.099
broker/old-open/retry.backoff100,1,total_until_ready,219.640
broker/old-open/retry.backoff100,1,total_until_first_record,222.739
broker/old-open/retry.backoff100,1,total_without_initTransactions,6.825
broker/old-open/retry.backoff100,1,replay_consumer_close_after,1.693
broker/old-open/retry.backoff100,2,lease_acquire,0.455
broker/old-open/retry.backoff100,2,producer_new,0.707
broker/old-open/retry.backoff100,2,initTransactions,211.398
broker/old-open/retry.backoff100,2,replay,8.510
broker/old-open/retry.backoff100,2,first_commit,3.967
broker/old-open/retry.backoff100,2,total_until_ready,221.070
broker/old-open/retry.backoff100,2,total_until_first_record,225.038
broker/old-open/retry.backoff100,2,total_without_initTransactions,9.672
broker/old-open/retry.backoff100,2,replay_consumer_close_after,1.768
broker/old-open/retry.backoff100,3,lease_acquire,0.841
broker/old-open/retry.backoff100,3,producer_new,2.049
broker/old-open/retry.backoff100,3,initTransactions,215.817
broker/old-open/retry.backoff100,3,replay,11.686
broker/old-open/retry.backoff100,3,first_commit,5.089
broker/old-open/retry.backoff100,3,total_until_ready,230.392
broker/old-open/retry.backoff100,3,total_until_first_record,235.481
broker/old-open/retry.backoff100,3,total_without_initTransactions,14.575
broker/old-open/retry.backoff100,3,replay_consumer_close_after,1.596
broker/old-open/retry.backoff100,4,lease_acquire,0.505
broker/old-open/retry.backoff100,4,producer_new,0.755
broker/old-open/retry.backoff100,4,initTransactions,223.539
broker/old-open/retry.backoff100,4,replay,45.183
broker/old-open/retry.backoff100,4,first_commit,9.255
broker/old-open/retry.backoff100,4,total_until_ready,269.982
broker/old-open/retry.backoff100,4,total_until_first_record,279.237
broker/old-open/retry.backoff100,4,total_without_initTransactions,46.442
broker/old-open/retry.backoff100,4,replay_consumer_close_after,2.074
broker/old-open/retry.backoff100,5,lease_acquire,1.994
broker/old-open/retry.backoff100,5,producer_new,1.452
broker/old-open/retry.backoff100,5,initTransactions,227.615
broker/old-open/retry.backoff100,5,replay,5.044
broker/old-open/retry.backoff100,5,first_commit,3.372
broker/old-open/retry.backoff100,5,total_until_ready,236.104
broker/old-open/retry.backoff100,5,total_until_first_record,239.476
broker/old-open/retry.backoff100,5,total_without_initTransactions,8.490
broker/old-open/retry.backoff100,5,replay_consumer_close_after,1.539
broker/old-open/retry.backoff100,6,lease_acquire,0.419
broker/old-open/retry.backoff100,6,producer_new,0.632
broker/old-open/retry.backoff100,6,initTransactions,210.729
broker/old-open/retry.backoff100,6,replay,8.626
broker/old-open/retry.backoff100,6,first_commit,4.891
broker/old-open/retry.backoff100,6,total_until_ready,220.407
broker/old-open/retry.backoff100,6,total_until_first_record,225.297
broker/old-open/retry.backoff100,6,total_without_initTransactions,9.677
broker/old-open/retry.backoff100,6,replay_consumer_close_after,1.680
broker/old-open/retry.backoff100,7,lease_acquire,0.418
broker/old-open/retry.backoff100,7,producer_new,1.287
broker/old-open/retry.backoff100,7,initTransactions,213.845
broker/old-open/retry.backoff100,7,replay,8.520
broker/old-open/retry.backoff100,7,first_commit,5.433
broker/old-open/retry.backoff100,7,total_until_ready,224.069
broker/old-open/retry.backoff100,7,total_until_first_record,229.502
broker/old-open/retry.backoff100,7,total_without_initTransactions,10.225
broker/old-open/retry.backoff100,7,replay_consumer_close_after,3.933
broker/old-open/retry.backoff100,8,lease_acquire,0.519
broker/old-open/retry.backoff100,8,producer_new,2.087
broker/old-open/retry.backoff100,8,initTransactions,211.280
broker/old-open/retry.backoff100,8,replay,6.157
broker/old-open/retry.backoff100,8,first_commit,3.776
broker/old-open/retry.backoff100,8,total_until_ready,220.044
broker/old-open/retry.backoff100,8,total_until_first_record,223.820
broker/old-open/retry.backoff100,8,total_without_initTransactions,8.763
broker/old-open/retry.backoff100,8,replay_consumer_close_after,1.381
broker/old-open/retry.backoff100,9,lease_acquire,0.605
broker/old-open/retry.backoff100,9,producer_new,0.685
broker/old-open/retry.backoff100,9,initTransactions,212.771
broker/old-open/retry.backoff100,9,replay,5.816
broker/old-open/retry.backoff100,9,first_commit,3.278
broker/old-open/retry.backoff100,9,total_until_ready,219.878
broker/old-open/retry.backoff100,9,total_until_first_record,223.155
broker/old-open/retry.backoff100,9,total_without_initTransactions,7.107
broker/old-open/retry.backoff100,9,replay_consumer_close_after,1.609
broker/old-open/retry.backoff100,10,lease_acquire,0.405
broker/old-open/retry.backoff100,10,producer_new,0.686
broker/old-open/retry.backoff100,10,initTransactions,212.406
broker/old-open/retry.backoff100,10,replay,8.302
broker/old-open/retry.backoff100,10,first_commit,4.770
broker/old-open/retry.backoff100,10,total_until_ready,221.799
broker/old-open/retry.backoff100,10,total_until_first_record,226.568
broker/old-open/retry.backoff100,10,total_without_initTransactions,9.393
broker/old-open/retry.backoff100,10,replay_consumer_close_after,2.435
broker/old-open/retry.backoff100,11,lease_acquire,0.641
broker/old-open/retry.backoff100,11,producer_new,0.725
broker/old-open/retry.backoff100,11,initTransactions,214.491
broker/old-open/retry.backoff100,11,replay,5.406
broker/old-open/retry.backoff100,11,first_commit,3.134
broker/old-open/retry.backoff100,11,total_until_ready,221.262
broker/old-open/retry.backoff100,11,total_until_first_record,224.396
broker/old-open/retry.backoff100,11,total_without_initTransactions,6.771
broker/old-open/retry.backoff100,11,replay_consumer_close_after,1.523
broker/old-open/retry.backoff100,12,lease_acquire,0.450
broker/old-open/retry.backoff100,12,producer_new,0.711
broker/old-open/retry.backoff100,12,initTransactions,216.711
broker/old-open/retry.backoff100,12,replay,11.508
broker/old-open/retry.backoff100,12,first_commit,6.464
broker/old-open/retry.backoff100,12,total_until_ready,229.380
broker/old-open/retry.backoff100,12,total_until_first_record,235.844
broker/old-open/retry.backoff100,12,total_without_initTransactions,12.669
broker/old-open/retry.backoff100,12,replay_consumer_close_after,1.879
broker/old-open/retry.backoff100,13,lease_acquire,0.518
broker/old-open/retry.backoff100,13,producer_new,1.704
broker/old-open/retry.backoff100,13,initTransactions,215.917
broker/old-open/retry.backoff100,13,replay,19.530
broker/old-open/retry.backoff100,13,first_commit,8.334
broker/old-open/retry.backoff100,13,total_until_ready,237.669
broker/old-open/retry.backoff100,13,total_until_first_record,246.003
broker/old-open/retry.backoff100,13,total_without_initTransactions,21.752
broker/old-open/retry.backoff100,13,replay_consumer_close_after,1.217
broker/old-open/retry.backoff100,14,lease_acquire,0.390
broker/old-open/retry.backoff100,14,producer_new,0.739
broker/old-open/retry.backoff100,14,initTransactions,209.802
broker/old-open/retry.backoff100,14,replay,6.654
broker/old-open/retry.backoff100,14,first_commit,4.389
broker/old-open/retry.backoff100,14,total_until_ready,217.585
broker/old-open/retry.backoff100,14,total_until_first_record,221.975
broker/old-open/retry.backoff100,14,total_without_initTransactions,7.783
broker/old-open/retry.backoff100,14,replay_consumer_close_after,1.502
broker/old-open/retry.backoff100,15,lease_acquire,0.431
broker/old-open/retry.backoff100,15,producer_new,0.716
broker/old-open/retry.backoff100,15,initTransactions,211.372
broker/old-open/retry.backoff100,15,replay,6.730
broker/old-open/retry.backoff100,15,first_commit,3.573
broker/old-open/retry.backoff100,15,total_until_ready,219.249
broker/old-open/retry.backoff100,15,total_until_first_record,222.822
broker/old-open/retry.backoff100,15,total_without_initTransactions,7.877
broker/old-open/retry.backoff100,15,replay_consumer_close_after,1.564
broker/old-open/retry.backoff100,16,lease_acquire,0.333
broker/old-open/retry.backoff100,16,producer_new,0.759
broker/old-open/retry.backoff100,16,initTransactions,213.339
broker/old-open/retry.backoff100,16,replay,11.758
broker/old-open/retry.backoff100,16,first_commit,10.915
broker/old-open/retry.backoff100,16,total_until_ready,226.189
broker/old-open/retry.backoff100,16,total_until_first_record,237.104
broker/old-open/retry.backoff100,16,total_without_initTransactions,12.850
broker/old-open/retry.backoff100,16,replay_consumer_close_after,1.717
broker/old-open/retry.backoff100,17,lease_acquire,0.764
broker/old-open/retry.backoff100,17,producer_new,0.834
broker/old-open/retry.backoff100,17,initTransactions,221.005
broker/old-open/retry.backoff100,17,replay,6.162
broker/old-open/retry.backoff100,17,first_commit,3.515
broker/old-open/retry.backoff100,17,total_until_ready,228.765
broker/old-open/retry.backoff100,17,total_until_first_record,232.280
broker/old-open/retry.backoff100,17,total_without_initTransactions,7.760
broker/old-open/retry.backoff100,17,replay_consumer_close_after,1.199
broker/old-open/retry.backoff100,18,lease_acquire,0.330
broker/old-open/retry.backoff100,18,producer_new,0.649
broker/old-open/retry.backoff100,18,initTransactions,216.146
broker/old-open/retry.backoff100,18,replay,9.857
broker/old-open/retry.backoff100,18,first_commit,4.573
broker/old-open/retry.backoff100,18,total_until_ready,226.982
broker/old-open/retry.backoff100,18,total_until_first_record,231.555
broker/old-open/retry.backoff100,18,total_without_initTransactions,10.836
broker/old-open/retry.backoff100,18,replay_consumer_close_after,1.615
broker/old-open/retry.backoff100,19,lease_acquire,0.446
broker/old-open/retry.backoff100,19,producer_new,2.208
broker/old-open/retry.backoff100,19,initTransactions,218.529
broker/old-open/retry.backoff100,19,replay,16.725
broker/old-open/retry.backoff100,19,first_commit,5.545
broker/old-open/retry.backoff100,19,total_until_ready,237.908
broker/old-open/retry.backoff100,19,total_until_first_record,243.453
broker/old-open/retry.backoff100,19,total_without_initTransactions,19.379
broker/old-open/retry.backoff100,19,replay_consumer_close_after,2.168
broker/old-open/retry.backoff100,20,lease_acquire,0.538
broker/old-open/retry.backoff100,20,producer_new,0.756
broker/old-open/retry.backoff100,20,initTransactions,215.775
broker/old-open/retry.backoff100,20,replay,6.061
broker/old-open/retry.backoff100,20,first_commit,2.821
broker/old-open/retry.backoff100,20,total_until_ready,223.131
broker/old-open/retry.backoff100,20,total_until_first_record,225.952
broker/old-open/retry.backoff100,20,total_without_initTransactions,7.355
broker/old-open/retry.backoff100,20,replay_consumer_close_after,1.025
broker/old-open/retry.backoff100,21,lease_acquire,0.444
broker/old-open/retry.backoff100,21,producer_new,0.696
broker/old-open/retry.backoff100,21,initTransactions,220.150
broker/old-open/retry.backoff100,21,replay,17.330
broker/old-open/retry.backoff100,21,first_commit,8.080
broker/old-open/retry.backoff100,21,total_until_ready,238.620
broker/old-open/retry.backoff100,21,total_until_first_record,246.700
broker/old-open/retry.backoff100,21,total_without_initTransactions,18.470
broker/old-open/retry.backoff100,21,replay_consumer_close_after,1.442
broker/old-open/retry.backoff100,22,lease_acquire,0.507
broker/old-open/retry.backoff100,22,producer_new,0.723
broker/old-open/retry.backoff100,22,initTransactions,216.139
broker/old-open/retry.backoff100,22,replay,5.225
broker/old-open/retry.backoff100,22,first_commit,2.786
broker/old-open/retry.backoff100,22,total_until_ready,222.594
broker/old-open/retry.backoff100,22,total_until_first_record,225.380
broker/old-open/retry.backoff100,22,total_without_initTransactions,6.455
broker/old-open/retry.backoff100,22,replay_consumer_close_after,1.026
broker/old-open/retry.backoff100,23,lease_acquire,0.413
broker/old-open/retry.backoff100,23,producer_new,0.630
broker/old-open/retry.backoff100,23,initTransactions,214.281
broker/old-open/retry.backoff100,23,replay,6.516
broker/old-open/retry.backoff100,23,first_commit,3.193
broker/old-open/retry.backoff100,23,total_until_ready,221.840
broker/old-open/retry.backoff100,23,total_until_first_record,225.033
broker/old-open/retry.backoff100,23,total_without_initTransactions,7.558
broker/old-open/retry.backoff100,23,replay_consumer_close_after,1.167
broker/old-open/retry.backoff100,24,lease_acquire,0.377
broker/old-open/retry.backoff100,24,producer_new,0.651
broker/old-open/retry.backoff100,24,initTransactions,207.583
broker/old-open/retry.backoff100,24,replay,6.530
broker/old-open/retry.backoff100,24,first_commit,6.260
broker/old-open/retry.backoff100,24,total_until_ready,215.140
broker/old-open/retry.backoff100,24,total_until_first_record,221.400
broker/old-open/retry.backoff100,24,total_without_initTransactions,7.557
broker/old-open/retry.backoff100,24,replay_consumer_close_after,1.432
broker/old-open/retry.backoff100,25,lease_acquire,0.390
broker/old-open/retry.backoff100,25,producer_new,0.723
broker/old-open/retry.backoff100,25,initTransactions,214.037
broker/old-open/retry.backoff100,25,replay,17.143
broker/old-open/retry.backoff100,25,first_commit,15.363
broker/old-open/retry.backoff100,25,total_until_ready,232.294
broker/old-open/retry.backoff100,25,total_until_first_record,247.658
broker/old-open/retry.backoff100,25,total_without_initTransactions,18.257
broker/old-open/retry.backoff100,25,replay_consumer_close_after,2.653
broker/old-open/retry.backoff100,26,lease_acquire,0.560
broker/old-open/retry.backoff100,26,producer_new,0.708
broker/old-open/retry.backoff100,26,initTransactions,208.567
broker/old-open/retry.backoff100,26,replay,7.041
broker/old-open/retry.backoff100,26,first_commit,3.601
broker/old-open/retry.backoff100,26,total_until_ready,216.875
broker/old-open/retry.backoff100,26,total_until_first_record,220.476
broker/old-open/retry.backoff100,26,total_without_initTransactions,8.308
broker/old-open/retry.backoff100,26,replay_consumer_close_after,1.982
broker/old-open/retry.backoff100,27,lease_acquire,1.060
broker/old-open/retry.backoff100,27,producer_new,0.739
broker/old-open/retry.backoff100,27,initTransactions,212.479
broker/old-open/retry.backoff100,27,replay,10.663
broker/old-open/retry.backoff100,27,first_commit,4.920
broker/old-open/retry.backoff100,27,total_until_ready,224.941
broker/old-open/retry.backoff100,27,total_until_first_record,229.861
broker/old-open/retry.backoff100,27,total_without_initTransactions,12.462
broker/old-open/retry.backoff100,27,replay_consumer_close_after,1.831
broker/old-open/retry.backoff100,28,lease_acquire,0.431
broker/old-open/retry.backoff100,28,producer_new,0.723
broker/old-open/retry.backoff100,28,initTransactions,213.305
broker/old-open/retry.backoff100,28,replay,5.869
broker/old-open/retry.backoff100,28,first_commit,3.116
broker/old-open/retry.backoff100,28,total_until_ready,220.328
broker/old-open/retry.backoff100,28,total_until_first_record,223.445
broker/old-open/retry.backoff100,28,total_without_initTransactions,7.023
broker/old-open/retry.backoff100,28,replay_consumer_close_after,1.228
broker/old-open/retry.backoff100,29,lease_acquire,0.426
broker/old-open/retry.backoff100,29,producer_new,0.654
broker/old-open/retry.backoff100,29,initTransactions,213.756
broker/old-open/retry.backoff100,29,replay,5.917
broker/old-open/retry.backoff100,29,first_commit,3.021
broker/old-open/retry.backoff100,29,total_until_ready,220.753
broker/old-open/retry.backoff100,29,total_until_first_record,223.774
broker/old-open/retry.backoff100,29,total_without_initTransactions,6.997
broker/old-open/retry.backoff100,29,replay_consumer_close_after,1.159
broker/old-open/retry.backoff10,0,lease_acquire,0.389
broker/old-open/retry.backoff10,0,producer_new,0.692
broker/old-open/retry.backoff10,0,initTransactions,28.492
broker/old-open/retry.backoff10,0,replay,5.518
broker/old-open/retry.backoff10,0,first_commit,3.194
broker/old-open/retry.backoff10,0,total_until_ready,35.091
broker/old-open/retry.backoff10,0,total_until_first_record,38.285
broker/old-open/retry.backoff10,0,total_without_initTransactions,6.599
broker/old-open/retry.backoff10,0,replay_consumer_close_after,1.093
broker/old-open/retry.backoff10,1,lease_acquire,0.454
broker/old-open/retry.backoff10,1,producer_new,0.657
broker/old-open/retry.backoff10,1,initTransactions,27.219
broker/old-open/retry.backoff10,1,replay,4.556
broker/old-open/retry.backoff10,1,first_commit,2.971
broker/old-open/retry.backoff10,1,total_until_ready,32.887
broker/old-open/retry.backoff10,1,total_until_first_record,35.857
broker/old-open/retry.backoff10,1,total_without_initTransactions,5.667
broker/old-open/retry.backoff10,1,replay_consumer_close_after,1.064
broker/old-open/retry.backoff10,2,lease_acquire,0.342
broker/old-open/retry.backoff10,2,producer_new,0.647
broker/old-open/retry.backoff10,2,initTransactions,28.660
broker/old-open/retry.backoff10,2,replay,5.561
broker/old-open/retry.backoff10,2,first_commit,2.877
broker/old-open/retry.backoff10,2,total_until_ready,35.210
broker/old-open/retry.backoff10,2,total_until_first_record,38.087
broker/old-open/retry.backoff10,2,total_without_initTransactions,6.550
broker/old-open/retry.backoff10,2,replay_consumer_close_after,0.946
broker/old-open/retry.backoff10,3,lease_acquire,0.359
broker/old-open/retry.backoff10,3,producer_new,0.650
broker/old-open/retry.backoff10,3,initTransactions,27.321
broker/old-open/retry.backoff10,3,replay,4.792
broker/old-open/retry.backoff10,3,first_commit,2.499
broker/old-open/retry.backoff10,3,total_until_ready,33.122
broker/old-open/retry.backoff10,3,total_until_first_record,35.621
broker/old-open/retry.backoff10,3,total_without_initTransactions,5.801
broker/old-open/retry.backoff10,3,replay_consumer_close_after,1.196
broker/old-open/retry.backoff10,4,lease_acquire,0.348
broker/old-open/retry.backoff10,4,producer_new,0.639
broker/old-open/retry.backoff10,4,initTransactions,27.495
broker/old-open/retry.backoff10,4,replay,5.031
broker/old-open/retry.backoff10,4,first_commit,2.837
broker/old-open/retry.backoff10,4,total_until_ready,33.513
broker/old-open/retry.backoff10,4,total_until_first_record,36.350
broker/old-open/retry.backoff10,4,total_without_initTransactions,6.018
broker/old-open/retry.backoff10,4,replay_consumer_close_after,1.000
broker/old-open/retry.backoff10,5,lease_acquire,0.422
broker/old-open/retry.backoff10,5,producer_new,0.644
broker/old-open/retry.backoff10,5,initTransactions,27.038
broker/old-open/retry.backoff10,5,replay,5.120
broker/old-open/retry.backoff10,5,first_commit,2.993
broker/old-open/retry.backoff10,5,total_until_ready,33.224
broker/old-open/retry.backoff10,5,total_until_first_record,36.217
broker/old-open/retry.backoff10,5,total_without_initTransactions,6.186
broker/old-open/retry.backoff10,5,replay_consumer_close_after,2.585
broker/old-open/retry.backoff10,6,lease_acquire,0.339
broker/old-open/retry.backoff10,6,producer_new,0.679
broker/old-open/retry.backoff10,6,initTransactions,24.878
broker/old-open/retry.backoff10,6,replay,4.735
broker/old-open/retry.backoff10,6,first_commit,3.500
broker/old-open/retry.backoff10,6,total_until_ready,30.631
broker/old-open/retry.backoff10,6,total_until_first_record,34.131
broker/old-open/retry.backoff10,6,total_without_initTransactions,5.753
broker/old-open/retry.backoff10,6,replay_consumer_close_after,1.256
broker/old-open/retry.backoff10,7,lease_acquire,0.418
broker/old-open/retry.backoff10,7,producer_new,0.662
broker/old-open/retry.backoff10,7,initTransactions,29.511
broker/old-open/retry.backoff10,7,replay,4.741
broker/old-open/retry.backoff10,7,first_commit,2.767
broker/old-open/retry.backoff10,7,total_until_ready,35.332
broker/old-open/retry.backoff10,7,total_until_first_record,38.099
broker/old-open/retry.backoff10,7,total_without_initTransactions,5.820
broker/old-open/retry.backoff10,7,replay_consumer_close_after,1.325
broker/old-open/retry.backoff10,8,lease_acquire,0.353
broker/old-open/retry.backoff10,8,producer_new,0.735
broker/old-open/retry.backoff10,8,initTransactions,27.365
broker/old-open/retry.backoff10,8,replay,5.071
broker/old-open/retry.backoff10,8,first_commit,2.690
broker/old-open/retry.backoff10,8,total_until_ready,33.523
broker/old-open/retry.backoff10,8,total_until_first_record,36.213
broker/old-open/retry.backoff10,8,total_without_initTransactions,6.158
broker/old-open/retry.backoff10,8,replay_consumer_close_after,1.026
broker/old-open/retry.backoff10,9,lease_acquire,0.318
broker/old-open/retry.backoff10,9,producer_new,0.708
broker/old-open/retry.backoff10,9,initTransactions,29.058
broker/old-open/retry.backoff10,9,replay,5.298
broker/old-open/retry.backoff10,9,first_commit,2.639
broker/old-open/retry.backoff10,9,total_until_ready,35.383
broker/old-open/retry.backoff10,9,total_until_first_record,38.022
broker/old-open/retry.backoff10,9,total_without_initTransactions,6.325
broker/old-open/retry.backoff10,9,replay_consumer_close_after,1.196
broker/old-open/retry.backoff10,10,lease_acquire,0.374
broker/old-open/retry.backoff10,10,producer_new,1.153
broker/old-open/retry.backoff10,10,initTransactions,29.697
broker/old-open/retry.backoff10,10,replay,4.607
broker/old-open/retry.backoff10,10,first_commit,2.835
broker/old-open/retry.backoff10,10,total_until_ready,35.831
broker/old-open/retry.backoff10,10,total_until_first_record,38.666
broker/old-open/retry.backoff10,10,total_without_initTransactions,6.134
broker/old-open/retry.backoff10,10,replay_consumer_close_after,1.123
broker/old-open/retry.backoff10,11,lease_acquire,0.331
broker/old-open/retry.backoff10,11,producer_new,0.657
broker/old-open/retry.backoff10,11,initTransactions,30.120
broker/old-open/retry.backoff10,11,replay,5.693
broker/old-open/retry.backoff10,11,first_commit,3.269
broker/old-open/retry.backoff10,11,total_until_ready,36.801
broker/old-open/retry.backoff10,11,total_until_first_record,40.070
broker/old-open/retry.backoff10,11,total_without_initTransactions,6.681
broker/old-open/retry.backoff10,11,replay_consumer_close_after,1.394
broker/old-open/retry.backoff10,12,lease_acquire,0.450
broker/old-open/retry.backoff10,12,producer_new,0.687
broker/old-open/retry.backoff10,12,initTransactions,29.321
broker/old-open/retry.backoff10,12,replay,4.829
broker/old-open/retry.backoff10,12,first_commit,2.566
broker/old-open/retry.backoff10,12,total_until_ready,35.288
broker/old-open/retry.backoff10,12,total_until_first_record,37.854
broker/old-open/retry.backoff10,12,total_without_initTransactions,5.967
broker/old-open/retry.backoff10,12,replay_consumer_close_after,0.921
broker/old-open/retry.backoff10,13,lease_acquire,0.367
broker/old-open/retry.backoff10,13,producer_new,0.630
broker/old-open/retry.backoff10,13,initTransactions,26.243
broker/old-open/retry.backoff10,13,replay,4.453
broker/old-open/retry.backoff10,13,first_commit,2.784
broker/old-open/retry.backoff10,13,total_until_ready,31.694
broker/old-open/retry.backoff10,13,total_until_first_record,34.477
broker/old-open/retry.backoff10,13,total_without_initTransactions,5.450
broker/old-open/retry.backoff10,13,replay_consumer_close_after,1.133
broker/old-open/retry.backoff10,14,lease_acquire,0.436
broker/old-open/retry.backoff10,14,producer_new,0.627
broker/old-open/retry.backoff10,14,initTransactions,27.772
broker/old-open/retry.backoff10,14,replay,4.635
broker/old-open/retry.backoff10,14,first_commit,2.986
broker/old-open/retry.backoff10,14,total_until_ready,33.469
broker/old-open/retry.backoff10,14,total_until_first_record,36.455
broker/old-open/retry.backoff10,14,total_without_initTransactions,5.698
broker/old-open/retry.backoff10,14,replay_consumer_close_after,1.659
broker/old-open/retry.backoff10,15,lease_acquire,0.458
broker/old-open/retry.backoff10,15,producer_new,0.653
broker/old-open/retry.backoff10,15,initTransactions,27.233
broker/old-open/retry.backoff10,15,replay,6.077
broker/old-open/retry.backoff10,15,first_commit,3.629
broker/old-open/retry.backoff10,15,total_until_ready,34.422
broker/old-open/retry.backoff10,15,total_until_first_record,38.051
broker/old-open/retry.backoff10,15,total_without_initTransactions,7.189
broker/old-open/retry.backoff10,15,replay_consumer_close_after,1.323
broker/old-open/retry.backoff10,16,lease_acquire,0.336
broker/old-open/retry.backoff10,16,producer_new,0.666
broker/old-open/retry.backoff10,16,initTransactions,26.695
broker/old-open/retry.backoff10,16,replay,4.619
broker/old-open/retry.backoff10,16,first_commit,2.894
broker/old-open/retry.backoff10,16,total_until_ready,32.316
broker/old-open/retry.backoff10,16,total_until_first_record,35.211
broker/old-open/retry.backoff10,16,total_without_initTransactions,5.621
broker/old-open/retry.backoff10,16,replay_consumer_close_after,1.198
broker/old-open/retry.backoff10,17,lease_acquire,0.352
broker/old-open/retry.backoff10,17,producer_new,0.636
broker/old-open/retry.backoff10,17,initTransactions,27.725
broker/old-open/retry.backoff10,17,replay,4.716
broker/old-open/retry.backoff10,17,first_commit,6.088
broker/old-open/retry.backoff10,17,total_until_ready,33.429
broker/old-open/retry.backoff10,17,total_until_first_record,39.517
broker/old-open/retry.backoff10,17,total_without_initTransactions,5.704
broker/old-open/retry.backoff10,17,replay_consumer_close_after,4.269
broker/old-open/retry.backoff10,18,lease_acquire,0.353
broker/old-open/retry.backoff10,18,producer_new,0.630
broker/old-open/retry.backoff10,18,initTransactions,29.834
broker/old-open/retry.backoff10,18,replay,6.259
broker/old-open/retry.backoff10,18,first_commit,3.093
broker/old-open/retry.backoff10,18,total_until_ready,37.075
broker/old-open/retry.backoff10,18,total_until_first_record,40.168
broker/old-open/retry.backoff10,18,total_without_initTransactions,7.241
broker/old-open/retry.backoff10,18,replay_consumer_close_after,1.166
broker/old-open/retry.backoff10,19,lease_acquire,0.350
broker/old-open/retry.backoff10,19,producer_new,0.631
broker/old-open/retry.backoff10,19,initTransactions,27.676
broker/old-open/retry.backoff10,19,replay,4.595
broker/old-open/retry.backoff10,19,first_commit,2.570
broker/old-open/retry.backoff10,19,total_until_ready,33.252
broker/old-open/retry.backoff10,19,total_until_first_record,35.822
broker/old-open/retry.backoff10,19,total_without_initTransactions,5.576
broker/old-open/retry.backoff10,19,replay_consumer_close_after,3.127
broker/old-open/retry.backoff10,20,lease_acquire,0.414
broker/old-open/retry.backoff10,20,producer_new,0.673
broker/old-open/retry.backoff10,20,initTransactions,29.213
broker/old-open/retry.backoff10,20,replay,4.717
broker/old-open/retry.backoff10,20,first_commit,2.628
broker/old-open/retry.backoff10,20,total_until_ready,35.017
broker/old-open/retry.backoff10,20,total_until_first_record,37.646
broker/old-open/retry.backoff10,20,total_without_initTransactions,5.804
broker/old-open/retry.backoff10,20,replay_consumer_close_after,1.053
broker/old-open/retry.backoff10,21,lease_acquire,0.331
broker/old-open/retry.backoff10,21,producer_new,0.631
broker/old-open/retry.backoff10,21,initTransactions,26.606
broker/old-open/retry.backoff10,21,replay,7.350
broker/old-open/retry.backoff10,21,first_commit,4.640
broker/old-open/retry.backoff10,21,total_until_ready,34.917
broker/old-open/retry.backoff10,21,total_until_first_record,39.558
broker/old-open/retry.backoff10,21,total_without_initTransactions,8.312
broker/old-open/retry.backoff10,21,replay_consumer_close_after,1.677
broker/old-open/retry.backoff10,22,lease_acquire,0.830
broker/old-open/retry.backoff10,22,producer_new,0.728
broker/old-open/retry.backoff10,22,initTransactions,30.915
broker/old-open/retry.backoff10,22,replay,5.264
broker/old-open/retry.backoff10,22,first_commit,3.141
broker/old-open/retry.backoff10,22,total_until_ready,37.737
broker/old-open/retry.backoff10,22,total_until_first_record,40.878
broker/old-open/retry.backoff10,22,total_without_initTransactions,6.822
broker/old-open/retry.backoff10,22,replay_consumer_close_after,1.269
broker/old-open/retry.backoff10,23,lease_acquire,0.330
broker/old-open/retry.backoff10,23,producer_new,0.630
broker/old-open/retry.backoff10,23,initTransactions,28.558
broker/old-open/retry.backoff10,23,replay,4.904
broker/old-open/retry.backoff10,23,first_commit,3.032
broker/old-open/retry.backoff10,23,total_until_ready,34.422
broker/old-open/retry.backoff10,23,total_until_first_record,37.454
broker/old-open/retry.backoff10,23,total_without_initTransactions,5.863
broker/old-open/retry.backoff10,23,replay_consumer_close_after,1.430
broker/old-open/retry.backoff10,24,lease_acquire,0.424
broker/old-open/retry.backoff10,24,producer_new,0.660
broker/old-open/retry.backoff10,24,initTransactions,30.226
broker/old-open/retry.backoff10,24,replay,5.232
broker/old-open/retry.backoff10,24,first_commit,2.934
broker/old-open/retry.backoff10,24,total_until_ready,36.542
broker/old-open/retry.backoff10,24,total_until_first_record,39.477
broker/old-open/retry.backoff10,24,total_without_initTransactions,6.317
broker/old-open/retry.backoff10,24,replay_consumer_close_after,1.128
broker/old-open/retry.backoff10,25,lease_acquire,0.379
broker/old-open/retry.backoff10,25,producer_new,0.763
broker/old-open/retry.backoff10,25,initTransactions,30.226
broker/old-open/retry.backoff10,25,replay,6.707
broker/old-open/retry.backoff10,25,first_commit,3.257
broker/old-open/retry.backoff10,25,total_until_ready,38.075
broker/old-open/retry.backoff10,25,total_until_first_record,41.333
broker/old-open/retry.backoff10,25,total_without_initTransactions,7.849
broker/old-open/retry.backoff10,25,replay_consumer_close_after,2.091
broker/old-open/retry.backoff10,26,lease_acquire,0.351
broker/old-open/retry.backoff10,26,producer_new,0.665
broker/old-open/retry.backoff10,26,initTransactions,26.769
broker/old-open/retry.backoff10,26,replay,4.844
broker/old-open/retry.backoff10,26,first_commit,2.654
broker/old-open/retry.backoff10,26,total_until_ready,32.630
broker/old-open/retry.backoff10,26,total_until_first_record,35.284
broker/old-open/retry.backoff10,26,total_without_initTransactions,5.861
broker/old-open/retry.backoff10,26,replay_consumer_close_after,0.922
broker/old-open/retry.backoff10,27,lease_acquire,0.299
broker/old-open/retry.backoff10,27,producer_new,0.644
broker/old-open/retry.backoff10,27,initTransactions,28.235
broker/old-open/retry.backoff10,27,replay,4.447
broker/old-open/retry.backoff10,27,first_commit,2.408
broker/old-open/retry.backoff10,27,total_until_ready,33.625
broker/old-open/retry.backoff10,27,total_until_first_record,36.033
broker/old-open/retry.backoff10,27,total_without_initTransactions,5.390
broker/old-open/retry.backoff10,27,replay_consumer_close_after,1.051
broker/old-open/retry.backoff10,28,lease_acquire,0.377
broker/old-open/retry.backoff10,28,producer_new,0.600
broker/old-open/retry.backoff10,28,initTransactions,26.506
broker/old-open/retry.backoff10,28,replay,5.178
broker/old-open/retry.backoff10,28,first_commit,2.683
broker/old-open/retry.backoff10,28,total_until_ready,32.661
broker/old-open/retry.backoff10,28,total_until_first_record,35.344
broker/old-open/retry.backoff10,28,total_without_initTransactions,6.156
broker/old-open/retry.backoff10,28,replay_consumer_close_after,0.970
broker/old-open/retry.backoff10,29,lease_acquire,0.451
broker/old-open/retry.backoff10,29,producer_new,0.608
broker/old-open/retry.backoff10,29,initTransactions,29.338
broker/old-open/retry.backoff10,29,replay,6.602
broker/old-open/retry.backoff10,29,first_commit,2.714
broker/old-open/retry.backoff10,29,total_until_ready,36.998
broker/old-open/retry.backoff10,29,total_until_first_record,39.712
broker/old-open/retry.backoff10,29,total_without_initTransactions,7.660
broker/old-open/retry.backoff10,29,replay_consumer_close_after,1.257
store/old-open/retry.backoff100,0,lease_acquire,0.434
store/old-open/retry.backoff100,0,producer_new,1.850
store/old-open/retry.backoff100,0,replay_db_max,0.541
store/old-open/retry.backoff100,0,first_send_ack,2.873
store/old-open/retry.backoff100,0,total_until_ready,2.825
store/old-open/retry.backoff100,0,total_until_first_record,5.697
store/old-open/retry.backoff100,1,lease_acquire,0.322
store/old-open/retry.backoff100,1,producer_new,0.541
store/old-open/retry.backoff100,1,replay_db_max,0.392
store/old-open/retry.backoff100,1,first_send_ack,1.879
store/old-open/retry.backoff100,1,total_until_ready,1.255
store/old-open/retry.backoff100,1,total_until_first_record,3.134
store/old-open/retry.backoff100,2,lease_acquire,0.259
store/old-open/retry.backoff100,2,producer_new,0.590
store/old-open/retry.backoff100,2,replay_db_max,0.464
store/old-open/retry.backoff100,2,first_send_ack,2.249
store/old-open/retry.backoff100,2,total_until_ready,1.313
store/old-open/retry.backoff100,2,total_until_first_record,3.562
store/old-open/retry.backoff100,3,lease_acquire,0.367
store/old-open/retry.backoff100,3,producer_new,0.612
store/old-open/retry.backoff100,3,replay_db_max,0.479
store/old-open/retry.backoff100,3,first_send_ack,2.370
store/old-open/retry.backoff100,3,total_until_ready,1.458
store/old-open/retry.backoff100,3,total_until_first_record,3.828
store/old-open/retry.backoff100,4,lease_acquire,0.320
store/old-open/retry.backoff100,4,producer_new,0.559
store/old-open/retry.backoff100,4,replay_db_max,0.452
store/old-open/retry.backoff100,4,first_send_ack,2.132
store/old-open/retry.backoff100,4,total_until_ready,1.331
store/old-open/retry.backoff100,4,total_until_first_record,3.463
store/old-open/retry.backoff100,5,lease_acquire,0.247
store/old-open/retry.backoff100,5,producer_new,0.499
store/old-open/retry.backoff100,5,replay_db_max,0.334
store/old-open/retry.backoff100,5,first_send_ack,2.087
store/old-open/retry.backoff100,5,total_until_ready,1.080
store/old-open/retry.backoff100,5,total_until_first_record,3.167
store/old-open/retry.backoff100,6,lease_acquire,0.240
store/old-open/retry.backoff100,6,producer_new,0.574
store/old-open/retry.backoff100,6,replay_db_max,1.559
store/old-open/retry.backoff100,6,first_send_ack,2.018
store/old-open/retry.backoff100,6,total_until_ready,2.373
store/old-open/retry.backoff100,6,total_until_first_record,4.391
store/old-open/retry.backoff100,7,lease_acquire,0.235
store/old-open/retry.backoff100,7,producer_new,0.501
store/old-open/retry.backoff100,7,replay_db_max,0.416
store/old-open/retry.backoff100,7,first_send_ack,1.784
store/old-open/retry.backoff100,7,total_until_ready,1.152
store/old-open/retry.backoff100,7,total_until_first_record,2.935
store/old-open/retry.backoff100,8,lease_acquire,0.275
store/old-open/retry.backoff100,8,producer_new,0.475
store/old-open/retry.backoff100,8,replay_db_max,0.346
store/old-open/retry.backoff100,8,first_send_ack,1.900
store/old-open/retry.backoff100,8,total_until_ready,1.095
store/old-open/retry.backoff100,8,total_until_first_record,2.995
store/old-open/retry.backoff100,9,lease_acquire,0.205
store/old-open/retry.backoff100,9,producer_new,0.464
store/old-open/retry.backoff100,9,replay_db_max,0.347
store/old-open/retry.backoff100,9,first_send_ack,1.771
store/old-open/retry.backoff100,9,total_until_ready,1.016
store/old-open/retry.backoff100,9,total_until_first_record,2.786
store/old-open/retry.backoff100,10,lease_acquire,0.205
store/old-open/retry.backoff100,10,producer_new,0.459
store/old-open/retry.backoff100,10,replay_db_max,0.418
store/old-open/retry.backoff100,10,first_send_ack,1.994
store/old-open/retry.backoff100,10,total_until_ready,1.082
store/old-open/retry.backoff100,10,total_until_first_record,3.075
store/old-open/retry.backoff100,11,lease_acquire,0.238
store/old-open/retry.backoff100,11,producer_new,0.536
store/old-open/retry.backoff100,11,replay_db_max,0.376
store/old-open/retry.backoff100,11,first_send_ack,1.772
store/old-open/retry.backoff100,11,total_until_ready,1.150
store/old-open/retry.backoff100,11,total_until_first_record,2.922
store/old-open/retry.backoff100,12,lease_acquire,0.223
store/old-open/retry.backoff100,12,producer_new,0.462
store/old-open/retry.backoff100,12,replay_db_max,0.428
store/old-open/retry.backoff100,12,first_send_ack,1.764
store/old-open/retry.backoff100,12,total_until_ready,1.113
store/old-open/retry.backoff100,12,total_until_first_record,2.877
store/old-open/retry.backoff100,13,lease_acquire,0.256
store/old-open/retry.backoff100,13,producer_new,0.501
store/old-open/retry.backoff100,13,replay_db_max,0.690
store/old-open/retry.backoff100,13,first_send_ack,2.226
store/old-open/retry.backoff100,13,total_until_ready,1.448
store/old-open/retry.backoff100,13,total_until_first_record,3.674
store/old-open/retry.backoff100,14,lease_acquire,0.248
store/old-open/retry.backoff100,14,producer_new,0.488
store/old-open/retry.backoff100,14,replay_db_max,0.258
store/old-open/retry.backoff100,14,first_send_ack,2.025
store/old-open/retry.backoff100,14,total_until_ready,0.995
store/old-open/retry.backoff100,14,total_until_first_record,3.020
store/old-open/retry.backoff100,15,lease_acquire,0.241
store/old-open/retry.backoff100,15,producer_new,0.475
store/old-open/retry.backoff100,15,replay_db_max,0.351
store/old-open/retry.backoff100,15,first_send_ack,1.983
store/old-open/retry.backoff100,15,total_until_ready,1.067
store/old-open/retry.backoff100,15,total_until_first_record,3.050
store/old-open/retry.backoff100,16,lease_acquire,0.238
store/old-open/retry.backoff100,16,producer_new,0.505
store/old-open/retry.backoff100,16,replay_db_max,0.314
store/old-open/retry.backoff100,16,first_send_ack,1.825
store/old-open/retry.backoff100,16,total_until_ready,1.058
store/old-open/retry.backoff100,16,total_until_first_record,2.882
store/old-open/retry.backoff100,17,lease_acquire,0.229
store/old-open/retry.backoff100,17,producer_new,0.521
store/old-open/retry.backoff100,17,replay_db_max,0.381
store/old-open/retry.backoff100,17,first_send_ack,1.933
store/old-open/retry.backoff100,17,total_until_ready,1.131
store/old-open/retry.backoff100,17,total_until_first_record,3.065
store/old-open/retry.backoff100,18,lease_acquire,0.432
store/old-open/retry.backoff100,18,producer_new,0.569
store/old-open/retry.backoff100,18,replay_db_max,0.476
store/old-open/retry.backoff100,18,first_send_ack,2.732
store/old-open/retry.backoff100,18,total_until_ready,1.478
store/old-open/retry.backoff100,18,total_until_first_record,4.209
store/old-open/retry.backoff100,19,lease_acquire,0.219
store/old-open/retry.backoff100,19,producer_new,0.562
store/old-open/retry.backoff100,19,replay_db_max,0.324
store/old-open/retry.backoff100,19,first_send_ack,2.168
store/old-open/retry.backoff100,19,total_until_ready,1.105
store/old-open/retry.backoff100,19,total_until_first_record,3.274
store/old-open/retry.backoff100,20,lease_acquire,0.315
store/old-open/retry.backoff100,20,producer_new,0.504
store/old-open/retry.backoff100,20,replay_db_max,0.397
store/old-open/retry.backoff100,20,first_send_ack,2.118
store/old-open/retry.backoff100,20,total_until_ready,1.216
store/old-open/retry.backoff100,20,total_until_first_record,3.334
store/old-open/retry.backoff100,21,lease_acquire,0.286
store/old-open/retry.backoff100,21,producer_new,0.470
store/old-open/retry.backoff100,21,replay_db_max,0.284
store/old-open/retry.backoff100,21,first_send_ack,3.888
store/old-open/retry.backoff100,21,total_until_ready,1.040
store/old-open/retry.backoff100,21,total_until_first_record,4.928
store/old-open/retry.backoff100,22,lease_acquire,0.341
store/old-open/retry.backoff100,22,producer_new,0.622
store/old-open/retry.backoff100,22,replay_db_max,0.426
store/old-open/retry.backoff100,22,first_send_ack,2.583
store/old-open/retry.backoff100,22,total_until_ready,1.388
store/old-open/retry.backoff100,22,total_until_first_record,3.971
store/old-open/retry.backoff100,23,lease_acquire,0.314
store/old-open/retry.backoff100,23,producer_new,0.539
store/old-open/retry.backoff100,23,replay_db_max,0.365
store/old-open/retry.backoff100,23,first_send_ack,2.401
store/old-open/retry.backoff100,23,total_until_ready,1.218
store/old-open/retry.backoff100,23,total_until_first_record,3.618
store/old-open/retry.backoff100,24,lease_acquire,0.290
store/old-open/retry.backoff100,24,producer_new,0.498
store/old-open/retry.backoff100,24,replay_db_max,0.362
store/old-open/retry.backoff100,24,first_send_ack,2.747
store/old-open/retry.backoff100,24,total_until_ready,1.150
store/old-open/retry.backoff100,24,total_until_first_record,3.897
store/old-open/retry.backoff100,25,lease_acquire,0.315
store/old-open/retry.backoff100,25,producer_new,0.612
store/old-open/retry.backoff100,25,replay_db_max,0.318
store/old-open/retry.backoff100,25,first_send_ack,2.719
store/old-open/retry.backoff100,25,total_until_ready,1.246
store/old-open/retry.backoff100,25,total_until_first_record,3.964
store/old-open/retry.backoff100,26,lease_acquire,0.255
store/old-open/retry.backoff100,26,producer_new,0.507
store/old-open/retry.backoff100,26,replay_db_max,0.366
store/old-open/retry.backoff100,26,first_send_ack,2.462
store/old-open/retry.backoff100,26,total_until_ready,1.127
store/old-open/retry.backoff100,26,total_until_first_record,3.589
store/old-open/retry.backoff100,27,lease_acquire,0.287
store/old-open/retry.backoff100,27,producer_new,0.546
store/old-open/retry.backoff100,27,replay_db_max,0.371
store/old-open/retry.backoff100,27,first_send_ack,3.549
store/old-open/retry.backoff100,27,total_until_ready,1.204
store/old-open/retry.backoff100,27,total_until_first_record,4.753
store/old-open/retry.backoff100,28,lease_acquire,0.460
store/old-open/retry.backoff100,28,producer_new,4.202
store/old-open/retry.backoff100,28,replay_db_max,0.498
store/old-open/retry.backoff100,28,first_send_ack,2.250
store/old-open/retry.backoff100,28,total_until_ready,5.160
store/old-open/retry.backoff100,28,total_until_first_record,7.410
store/old-open/retry.backoff100,29,lease_acquire,0.342
store/old-open/retry.backoff100,29,producer_new,0.520
store/old-open/retry.backoff100,29,replay_db_max,0.426
store/old-open/retry.backoff100,29,first_send_ack,2.149
store/old-open/retry.backoff100,29,total_until_ready,1.288
store/old-open/retry.backoff100,29,total_until_first_record,3.437
store-marker/old-open/retry.backoff100,0,lease_acquire,0.353
store-marker/old-open/retry.backoff100,0,producer_new,0.659
store-marker/old-open/retry.backoff100,0,marker_send,4.061
store-marker/old-open/retry.backoff100,0,marker_stored_wait,2.474
store-marker/old-open/retry.backoff100,0,replay_db_max,0.304
store-marker/old-open/retry.backoff100,0,first_send_ack,0.796
store-marker/old-open/retry.backoff100,0,total_until_ready,7.851
store-marker/old-open/retry.backoff100,0,total_until_first_record,8.646
store-marker/old-open/retry.backoff100,1,lease_acquire,0.458
store-marker/old-open/retry.backoff100,1,producer_new,0.647
store-marker/old-open/retry.backoff100,1,marker_send,4.102
store-marker/old-open/retry.backoff100,1,marker_stored_wait,1.469
store-marker/old-open/retry.backoff100,1,replay_db_max,0.279
store-marker/old-open/retry.backoff100,1,first_send_ack,0.801
store-marker/old-open/retry.backoff100,1,total_until_ready,6.955
store-marker/old-open/retry.backoff100,1,total_until_first_record,7.756
store-marker/old-open/retry.backoff100,2,lease_acquire,0.325
store-marker/old-open/retry.backoff100,2,producer_new,0.604
store-marker/old-open/retry.backoff100,2,marker_send,2.983
store-marker/old-open/retry.backoff100,2,marker_stored_wait,1.076
store-marker/old-open/retry.backoff100,2,replay_db_max,0.254
store-marker/old-open/retry.backoff100,2,first_send_ack,0.697
store-marker/old-open/retry.backoff100,2,total_until_ready,5.241
store-marker/old-open/retry.backoff100,2,total_until_first_record,5.938
store-marker/old-open/retry.backoff100,3,lease_acquire,0.336
store-marker/old-open/retry.backoff100,3,producer_new,0.568
store-marker/old-open/retry.backoff100,3,marker_send,2.746
store-marker/old-open/retry.backoff100,3,marker_stored_wait,1.148
store-marker/old-open/retry.backoff100,3,replay_db_max,0.287
store-marker/old-open/retry.backoff100,3,first_send_ack,0.727
store-marker/old-open/retry.backoff100,3,total_until_ready,5.086
store-marker/old-open/retry.backoff100,3,total_until_first_record,5.813
store-marker/old-open/retry.backoff100,4,lease_acquire,0.275
store-marker/old-open/retry.backoff100,4,producer_new,0.554
store-marker/old-open/retry.backoff100,4,marker_send,2.662
store-marker/old-open/retry.backoff100,4,marker_stored_wait,1.091
store-marker/old-open/retry.backoff100,4,replay_db_max,0.237
store-marker/old-open/retry.backoff100,4,first_send_ack,0.521
store-marker/old-open/retry.backoff100,4,total_until_ready,4.818
store-marker/old-open/retry.backoff100,4,total_until_first_record,5.340
store-marker/old-open/retry.backoff100,5,lease_acquire,0.298
store-marker/old-open/retry.backoff100,5,producer_new,0.587
store-marker/old-open/retry.backoff100,5,marker_send,2.668
store-marker/old-open/retry.backoff100,5,marker_stored_wait,1.050
store-marker/old-open/retry.backoff100,5,replay_db_max,0.234
store-marker/old-open/retry.backoff100,5,first_send_ack,0.524
store-marker/old-open/retry.backoff100,5,total_until_ready,4.837
store-marker/old-open/retry.backoff100,5,total_until_first_record,5.361
store-marker/old-open/retry.backoff100,6,lease_acquire,0.405
store-marker/old-open/retry.backoff100,6,producer_new,0.560
store-marker/old-open/retry.backoff100,6,marker_send,2.967
store-marker/old-open/retry.backoff100,6,marker_stored_wait,1.354
store-marker/old-open/retry.backoff100,6,replay_db_max,0.288
store-marker/old-open/retry.backoff100,6,first_send_ack,0.606
store-marker/old-open/retry.backoff100,6,total_until_ready,5.573
store-marker/old-open/retry.backoff100,6,total_until_first_record,6.179
store-marker/old-open/retry.backoff100,7,lease_acquire,0.265
store-marker/old-open/retry.backoff100,7,producer_new,0.542
store-marker/old-open/retry.backoff100,7,marker_send,2.337
store-marker/old-open/retry.backoff100,7,marker_stored_wait,0.872
store-marker/old-open/retry.backoff100,7,replay_db_max,0.248
store-marker/old-open/retry.backoff100,7,first_send_ack,0.487
store-marker/old-open/retry.backoff100,7,total_until_ready,4.264
store-marker/old-open/retry.backoff100,7,total_until_first_record,4.751
store-marker/old-open/retry.backoff100,8,lease_acquire,0.339
store-marker/old-open/retry.backoff100,8,producer_new,0.544
store-marker/old-open/retry.backoff100,8,marker_send,2.544
store-marker/old-open/retry.backoff100,8,marker_stored_wait,0.910
store-marker/old-open/retry.backoff100,8,replay_db_max,0.249
store-marker/old-open/retry.backoff100,8,first_send_ack,0.564
store-marker/old-open/retry.backoff100,8,total_until_ready,4.586
store-marker/old-open/retry.backoff100,8,total_until_first_record,5.150
store-marker/old-open/retry.backoff100,9,lease_acquire,0.291
store-marker/old-open/retry.backoff100,9,producer_new,0.525
store-marker/old-open/retry.backoff100,9,marker_send,2.619
store-marker/old-open/retry.backoff100,9,marker_stored_wait,0.847
store-marker/old-open/retry.backoff100,9,replay_db_max,0.218
store-marker/old-open/retry.backoff100,9,first_send_ack,0.518
store-marker/old-open/retry.backoff100,9,total_until_ready,4.500
store-marker/old-open/retry.backoff100,9,total_until_first_record,5.018
store-marker/old-open/retry.backoff100,10,lease_acquire,0.267
store-marker/old-open/retry.backoff100,10,producer_new,0.554
store-marker/old-open/retry.backoff100,10,marker_send,2.554
store-marker/old-open/retry.backoff100,10,marker_stored_wait,0.975
store-marker/old-open/retry.backoff100,10,replay_db_max,0.232
store-marker/old-open/retry.backoff100,10,first_send_ack,0.516
store-marker/old-open/retry.backoff100,10,total_until_ready,4.581
store-marker/old-open/retry.backoff100,10,total_until_first_record,5.097
store-marker/old-open/retry.backoff100,11,lease_acquire,0.343
store-marker/old-open/retry.backoff100,11,producer_new,0.523
store-marker/old-open/retry.backoff100,11,marker_send,2.921
store-marker/old-open/retry.backoff100,11,marker_stored_wait,1.421
store-marker/old-open/retry.backoff100,11,replay_db_max,0.282
store-marker/old-open/retry.backoff100,11,first_send_ack,0.650
store-marker/old-open/retry.backoff100,11,total_until_ready,5.489
store-marker/old-open/retry.backoff100,11,total_until_first_record,6.139
store-marker/old-open/retry.backoff100,12,lease_acquire,0.296
store-marker/old-open/retry.backoff100,12,producer_new,0.504
store-marker/old-open/retry.backoff100,12,marker_send,2.573
store-marker/old-open/retry.backoff100,12,marker_stored_wait,1.121
store-marker/old-open/retry.backoff100,12,replay_db_max,0.229
store-marker/old-open/retry.backoff100,12,first_send_ack,0.733
store-marker/old-open/retry.backoff100,12,total_until_ready,4.722
store-marker/old-open/retry.backoff100,12,total_until_first_record,5.456
store-marker/old-open/retry.backoff100,13,lease_acquire,0.368
store-marker/old-open/retry.backoff100,13,producer_new,0.518
store-marker/old-open/retry.backoff100,13,marker_send,2.843
store-marker/old-open/retry.backoff100,13,marker_stored_wait,1.278
store-marker/old-open/retry.backoff100,13,replay_db_max,0.263
store-marker/old-open/retry.backoff100,13,first_send_ack,0.724
store-marker/old-open/retry.backoff100,13,total_until_ready,5.269
store-marker/old-open/retry.backoff100,13,total_until_first_record,5.993
store-marker/old-open/retry.backoff100,14,lease_acquire,0.340
store-marker/old-open/retry.backoff100,14,producer_new,0.563
store-marker/old-open/retry.backoff100,14,marker_send,3.273
store-marker/old-open/retry.backoff100,14,marker_stored_wait,1.082
store-marker/old-open/retry.backoff100,14,replay_db_max,0.272
store-marker/old-open/retry.backoff100,14,first_send_ack,0.828
store-marker/old-open/retry.backoff100,14,total_until_ready,5.530
store-marker/old-open/retry.backoff100,14,total_until_first_record,6.358
store-marker/old-open/retry.backoff100,15,lease_acquire,0.406
store-marker/old-open/retry.backoff100,15,producer_new,0.600
store-marker/old-open/retry.backoff100,15,marker_send,3.092
store-marker/old-open/retry.backoff100,15,marker_stored_wait,1.511
store-marker/old-open/retry.backoff100,15,replay_db_max,0.347
store-marker/old-open/retry.backoff100,15,first_send_ack,0.873
store-marker/old-open/retry.backoff100,15,total_until_ready,5.957
store-marker/old-open/retry.backoff100,15,total_until_first_record,6.830
store-marker/old-open/retry.backoff100,16,lease_acquire,0.352
store-marker/old-open/retry.backoff100,16,producer_new,0.607
store-marker/old-open/retry.backoff100,16,marker_send,3.206
store-marker/old-open/retry.backoff100,16,marker_stored_wait,1.148
store-marker/old-open/retry.backoff100,16,replay_db_max,0.260
store-marker/old-open/retry.backoff100,16,first_send_ack,0.648
store-marker/old-open/retry.backoff100,16,total_until_ready,5.573
store-marker/old-open/retry.backoff100,16,total_until_first_record,6.221
store-marker/old-open/retry.backoff100,17,lease_acquire,0.394
store-marker/old-open/retry.backoff100,17,producer_new,0.559
store-marker/old-open/retry.backoff100,17,marker_send,3.197
store-marker/old-open/retry.backoff100,17,marker_stored_wait,1.001
store-marker/old-open/retry.backoff100,17,replay_db_max,0.243
store-marker/old-open/retry.backoff100,17,first_send_ack,0.591
store-marker/old-open/retry.backoff100,17,total_until_ready,5.394
store-marker/old-open/retry.backoff100,17,total_until_first_record,5.984
store-marker/old-open/retry.backoff100,18,lease_acquire,0.275
store-marker/old-open/retry.backoff100,18,producer_new,0.578
store-marker/old-open/retry.backoff100,18,marker_send,3.766
store-marker/old-open/retry.backoff100,18,marker_stored_wait,0.878
store-marker/old-open/retry.backoff100,18,replay_db_max,0.267
store-marker/old-open/retry.backoff100,18,first_send_ack,0.657
store-marker/old-open/retry.backoff100,18,total_until_ready,5.763
store-marker/old-open/retry.backoff100,18,total_until_first_record,6.420
store-marker/old-open/retry.backoff100,19,lease_acquire,0.264
store-marker/old-open/retry.backoff100,19,producer_new,0.558
store-marker/old-open/retry.backoff100,19,marker_send,19.184
store-marker/old-open/retry.backoff100,19,marker_stored_wait,3.823
store-marker/old-open/retry.backoff100,19,replay_db_max,2.507
store-marker/old-open/retry.backoff100,19,first_send_ack,1.529
store-marker/old-open/retry.backoff100,19,total_until_ready,26.337
store-marker/old-open/retry.backoff100,19,total_until_first_record,27.866
store-marker/old-open/retry.backoff100,20,lease_acquire,0.381
store-marker/old-open/retry.backoff100,20,producer_new,0.648
store-marker/old-open/retry.backoff100,20,marker_send,4.153
store-marker/old-open/retry.backoff100,20,marker_stored_wait,2.175
store-marker/old-open/retry.backoff100,20,replay_db_max,0.377
store-marker/old-open/retry.backoff100,20,first_send_ack,1.135
store-marker/old-open/retry.backoff100,20,total_until_ready,7.735
store-marker/old-open/retry.backoff100,20,total_until_first_record,8.869
store-marker/old-open/retry.backoff100,21,lease_acquire,0.465
store-marker/old-open/retry.backoff100,21,producer_new,0.692
store-marker/old-open/retry.backoff100,21,marker_send,3.903
store-marker/old-open/retry.backoff100,21,marker_stored_wait,1.377
store-marker/old-open/retry.backoff100,21,replay_db_max,0.267
store-marker/old-open/retry.backoff100,21,first_send_ack,0.833
store-marker/old-open/retry.backoff100,21,total_until_ready,6.704
store-marker/old-open/retry.backoff100,21,total_until_first_record,7.536
store-marker/old-open/retry.backoff100,22,lease_acquire,0.397
store-marker/old-open/retry.backoff100,22,producer_new,0.634
store-marker/old-open/retry.backoff100,22,marker_send,5.165
store-marker/old-open/retry.backoff100,22,marker_stored_wait,1.084
store-marker/old-open/retry.backoff100,22,replay_db_max,0.426
store-marker/old-open/retry.backoff100,22,first_send_ack,1.720
store-marker/old-open/retry.backoff100,22,total_until_ready,7.707
store-marker/old-open/retry.backoff100,22,total_until_first_record,9.426
store-marker/old-open/retry.backoff100,23,lease_acquire,0.467
store-marker/old-open/retry.backoff100,23,producer_new,0.629
store-marker/old-open/retry.backoff100,23,marker_send,5.440
store-marker/old-open/retry.backoff100,23,marker_stored_wait,1.481
store-marker/old-open/retry.backoff100,23,replay_db_max,0.281
store-marker/old-open/retry.backoff100,23,first_send_ack,0.738
store-marker/old-open/retry.backoff100,23,total_until_ready,8.297
store-marker/old-open/retry.backoff100,23,total_until_first_record,9.035
store-marker/old-open/retry.backoff100,24,lease_acquire,0.336
store-marker/old-open/retry.backoff100,24,producer_new,0.568
store-marker/old-open/retry.backoff100,24,marker_send,3.347
store-marker/old-open/retry.backoff100,24,marker_stored_wait,1.382
store-marker/old-open/retry.backoff100,24,replay_db_max,0.323
store-marker/old-open/retry.backoff100,24,first_send_ack,0.913
store-marker/old-open/retry.backoff100,24,total_until_ready,5.956
store-marker/old-open/retry.backoff100,24,total_until_first_record,6.869
store-marker/old-open/retry.backoff100,25,lease_acquire,0.349
store-marker/old-open/retry.backoff100,25,producer_new,0.662
store-marker/old-open/retry.backoff100,25,marker_send,3.300
store-marker/old-open/retry.backoff100,25,marker_stored_wait,1.075
store-marker/old-open/retry.backoff100,25,replay_db_max,0.279
store-marker/old-open/retry.backoff100,25,first_send_ack,1.220
store-marker/old-open/retry.backoff100,25,total_until_ready,5.664
store-marker/old-open/retry.backoff100,25,total_until_first_record,6.884
store-marker/old-open/retry.backoff100,26,lease_acquire,0.313
store-marker/old-open/retry.backoff100,26,producer_new,0.594
store-marker/old-open/retry.backoff100,26,marker_send,3.249
store-marker/old-open/retry.backoff100,26,marker_stored_wait,1.032
store-marker/old-open/retry.backoff100,26,replay_db_max,0.288
store-marker/old-open/retry.backoff100,26,first_send_ack,0.828
store-marker/old-open/retry.backoff100,26,total_until_ready,5.477
store-marker/old-open/retry.backoff100,26,total_until_first_record,6.305
store-marker/old-open/retry.backoff100,27,lease_acquire,0.402
store-marker/old-open/retry.backoff100,27,producer_new,0.652
store-marker/old-open/retry.backoff100,27,marker_send,3.261
store-marker/old-open/retry.backoff100,27,marker_stored_wait,1.201
store-marker/old-open/retry.backoff100,27,replay_db_max,0.241
store-marker/old-open/retry.backoff100,27,first_send_ack,0.673
store-marker/old-open/retry.backoff100,27,total_until_ready,5.756
store-marker/old-open/retry.backoff100,27,total_until_first_record,6.429
store-marker/old-open/retry.backoff100,28,lease_acquire,0.426
store-marker/old-open/retry.backoff100,28,producer_new,0.600
store-marker/old-open/retry.backoff100,28,marker_send,3.340
store-marker/old-open/retry.backoff100,28,marker_stored_wait,2.491
store-marker/old-open/retry.backoff100,28,replay_db_max,0.306
store-marker/old-open/retry.backoff100,28,first_send_ack,0.871
store-marker/old-open/retry.backoff100,28,total_until_ready,7.162
store-marker/old-open/retry.backoff100,28,total_until_first_record,8.034
store-marker/old-open/retry.backoff100,29,lease_acquire,0.295
store-marker/old-open/retry.backoff100,29,producer_new,0.575
store-marker/old-open/retry.backoff100,29,marker_send,3.723
store-marker/old-open/retry.backoff100,29,marker_stored_wait,1.149
store-marker/old-open/retry.backoff100,29,replay_db_max,0.281
store-marker/old-open/retry.backoff100,29,first_send_ack,0.764
store-marker/old-open/retry.backoff100,29,total_until_ready,6.024
store-marker/old-open/retry.backoff100,29,total_until_first_record,6.788
