epoch_s,time,phase,container,image,cpu_perc,mem_usage
1790740427,2026-09-30T12:53:47,idle,external-clickhouse,clickhouse/clickhouse-server:latest,6.53,"1.271GiB / 7.737GiB"
1790740427,2026-09-30T12:53:47,idle,external-kafka,apache/kafka:latest,1.65,"1.07GiB / 7.737GiB"
1790740434,2026-09-30T12:53:54,test,external-clickhouse,clickhouse/clickhouse-server:latest,10.13,"1.294GiB / 7.737GiB"
1790740434,2026-09-30T12:53:54,test,external-kafka,apache/kafka:latest,2.48,"1.07GiB / 7.737GiB"
1790740434,2026-09-30T12:53:54,test,testcontainers-ryuk-88a4200b-10b5-44e5-b3e8-e7e8d76fbec3,testcontainers/ryuk:0.14.0,0.00,"8.914MiB / 7.737GiB"
1790740434,2026-09-30T12:53:54,test,charming_ride,apache/kafka:4.3.1,125.39,"141MiB / 7.737GiB"
1790740442,2026-09-30T12:54:02,test,suspicious_antonelli,apache/kafka:4.3.1,77.93,"358.8MiB / 7.737GiB"
1790740442,2026-09-30T12:54:02,test,testcontainers-ryuk-88a4200b-10b5-44e5-b3e8-e7e8d76fbec3,testcontainers/ryuk:0.14.0,0.00,"8.914MiB / 7.737GiB"
1790740442,2026-09-30T12:54:02,test,external-clickhouse,clickhouse/clickhouse-server:latest,4.18,"1.269GiB / 7.737GiB"
1790740442,2026-09-30T12:54:02,test,external-kafka,apache/kafka:latest,1.57,"1.07GiB / 7.737GiB"
1790740449,2026-09-30T12:54:09,test,lucid_faraday,apache/kafka:4.3.1,4.81,"333.1MiB / 7.737GiB"
1790740449,2026-09-30T12:54:09,test,testcontainers-ryuk-88a4200b-10b5-44e5-b3e8-e7e8d76fbec3,testcontainers/ryuk:0.14.0,0.00,"8.914MiB / 7.737GiB"
1790740449,2026-09-30T12:54:09,test,external-clickhouse,clickhouse/clickhouse-server:latest,3.97,"1.273GiB / 7.737GiB"
1790740449,2026-09-30T12:54:09,test,external-kafka,apache/kafka:latest,103.35,"1.121GiB / 7.737GiB"
1790740457,2026-09-30T12:54:17,test,lucid_faraday,apache/kafka:4.3.1,60.72,"319.6MiB / 7.737GiB"
1790740457,2026-09-30T12:54:17,test,testcontainers-ryuk-88a4200b-10b5-44e5-b3e8-e7e8d76fbec3,testcontainers/ryuk:0.14.0,0.00,"8.914MiB / 7.737GiB"
1790740457,2026-09-30T12:54:17,test,external-clickhouse,clickhouse/clickhouse-server:latest,4.73,"1.267GiB / 7.737GiB"
1790740457,2026-09-30T12:54:17,test,external-kafka,apache/kafka:latest,134.61,"1.152GiB / 7.737GiB"
1790740464,2026-09-30T12:54:24,test,lucid_faraday,apache/kafka:4.3.1,33.15,"328.4MiB / 7.737GiB"
1790740464,2026-09-30T12:54:24,test,testcontainers-ryuk-88a4200b-10b5-44e5-b3e8-e7e8d76fbec3,testcontainers/ryuk:0.14.0,0.18,"8.926MiB / 7.737GiB"
1790740464,2026-09-30T12:54:24,test,external-clickhouse,clickhouse/clickhouse-server:latest,3.79,"1.277GiB / 7.737GiB"
1790740464,2026-09-30T12:54:24,test,external-kafka,apache/kafka:latest,1.05,"1.07GiB / 7.737GiB"
1790740471,2026-09-30T12:54:31,test,mystifying_jepsen,apache/kafka:4.3.1,18.10,"335.5MiB / 7.737GiB"
1790740471,2026-09-30T12:54:31,test,testcontainers-ryuk-88a4200b-10b5-44e5-b3e8-e7e8d76fbec3,testcontainers/ryuk:0.14.0,0.00,"8.926MiB / 7.737GiB"
1790740471,2026-09-30T12:54:31,test,external-clickhouse,clickhouse/clickhouse-server:latest,17.22,"1.291GiB / 7.737GiB"
1790740471,2026-09-30T12:54:31,test,external-kafka,apache/kafka:latest,58.63,"1.07GiB / 7.737GiB"
1790740478,2026-09-30T12:54:38,test,zen_knuth,apache/kafka:4.3.1,16.42,"318.6MiB / 7.737GiB"
1790740478,2026-09-30T12:54:38,test,testcontainers-ryuk-88a4200b-10b5-44e5-b3e8-e7e8d76fbec3,testcontainers/ryuk:0.14.0,0.00,"8.926MiB / 7.737GiB"
1790740478,2026-09-30T12:54:38,test,external-clickhouse,clickhouse/clickhouse-server:latest,4.15,"1.279GiB / 7.737GiB"
1790740478,2026-09-30T12:54:38,test,external-kafka,apache/kafka:latest,1.25,"1.07GiB / 7.737GiB"
1790740485,2026-09-30T12:54:45,test,zen_knuth,apache/kafka:4.3.1,18.66,"324.9MiB / 7.737GiB"
1790740485,2026-09-30T12:54:45,test,testcontainers-ryuk-88a4200b-10b5-44e5-b3e8-e7e8d76fbec3,testcontainers/ryuk:0.14.0,0.00,"8.926MiB / 7.737GiB"
1790740485,2026-09-30T12:54:45,test,external-clickhouse,clickhouse/clickhouse-server:latest,5.00,"1.3GiB / 7.737GiB"
1790740485,2026-09-30T12:54:45,test,external-kafka,apache/kafka:latest,1.51,"1.07GiB / 7.737GiB"
1790740493,2026-09-30T12:54:53,test,keen_ellis,postgres:16,15.31,"36.95MiB / 7.737GiB"
1790740493,2026-09-30T12:54:53,test,testcontainers-ryuk-88a4200b-10b5-44e5-b3e8-e7e8d76fbec3,testcontainers/ryuk:0.14.0,0.00,"8.926MiB / 7.737GiB"
1790740493,2026-09-30T12:54:53,test,external-clickhouse,clickhouse/clickhouse-server:latest,2.14,"1.271GiB / 7.737GiB"
1790740493,2026-09-30T12:54:53,test,external-kafka,apache/kafka:latest,143.32,"1.153GiB / 7.737GiB"
1790740500,2026-09-30T12:55:00,test,keen_ellis,postgres:16,20.42,"38.18MiB / 7.737GiB"
1790740500,2026-09-30T12:55:00,test,testcontainers-ryuk-88a4200b-10b5-44e5-b3e8-e7e8d76fbec3,testcontainers/ryuk:0.14.0,0.00,"8.926MiB / 7.737GiB"
1790740500,2026-09-30T12:55:00,test,external-clickhouse,clickhouse/clickhouse-server:latest,2.06,"1.275GiB / 7.737GiB"
1790740500,2026-09-30T12:55:00,test,external-kafka,apache/kafka:latest,0.72,"1.07GiB / 7.737GiB"
1790740507,2026-09-30T12:55:07,test,keen_ellis,postgres:16,7.68,"40MiB / 7.737GiB"
1790740507,2026-09-30T12:55:07,test,testcontainers-ryuk-88a4200b-10b5-44e5-b3e8-e7e8d76fbec3,testcontainers/ryuk:0.14.0,0.00,"8.926MiB / 7.737GiB"
1790740507,2026-09-30T12:55:07,test,external-clickhouse,clickhouse/clickhouse-server:latest,4.18,"1.273GiB / 7.737GiB"
1790740507,2026-09-30T12:55:07,test,external-kafka,apache/kafka:latest,1.99,"1.07GiB / 7.737GiB"
1790740514,2026-09-30T12:55:14,test,keen_ellis,postgres:16,14.17,"41.6MiB / 7.737GiB"
1790740514,2026-09-30T12:55:14,test,testcontainers-ryuk-88a4200b-10b5-44e5-b3e8-e7e8d76fbec3,testcontainers/ryuk:0.14.0,0.00,"8.926MiB / 7.737GiB"
1790740514,2026-09-30T12:55:14,test,external-clickhouse,clickhouse/clickhouse-server:latest,2.19,"1.278GiB / 7.737GiB"
1790740514,2026-09-30T12:55:14,test,external-kafka,apache/kafka:latest,50.15,"1.114GiB / 7.737GiB"
1790740521,2026-09-30T12:55:21,test,keen_ellis,postgres:16,17.55,"43.05MiB / 7.737GiB"
1790740521,2026-09-30T12:55:21,test,testcontainers-ryuk-88a4200b-10b5-44e5-b3e8-e7e8d76fbec3,testcontainers/ryuk:0.14.0,0.00,"8.926MiB / 7.737GiB"
1790740521,2026-09-30T12:55:21,test,external-clickhouse,clickhouse/clickhouse-server:latest,3.66,"1.331GiB / 7.737GiB"
1790740521,2026-09-30T12:55:21,test,external-kafka,apache/kafka:latest,0.80,"1.07GiB / 7.737GiB"
1790740529,2026-09-30T12:55:29,test,keen_ellis,postgres:16,13.04,"44.38MiB / 7.737GiB"
1790740529,2026-09-30T12:55:29,test,testcontainers-ryuk-88a4200b-10b5-44e5-b3e8-e7e8d76fbec3,testcontainers/ryuk:0.14.0,0.00,"8.926MiB / 7.737GiB"
1790740529,2026-09-30T12:55:29,test,external-clickhouse,clickhouse/clickhouse-server:latest,3.24,"1.273GiB / 7.737GiB"
1790740529,2026-09-30T12:55:29,test,external-kafka,apache/kafka:latest,1.55,"1.07GiB / 7.737GiB"
1790740536,2026-09-30T12:55:36,test,keen_ellis,postgres:16,10.34,"44.59MiB / 7.737GiB"
1790740536,2026-09-30T12:55:36,test,testcontainers-ryuk-88a4200b-10b5-44e5-b3e8-e7e8d76fbec3,testcontainers/ryuk:0.14.0,0.00,"8.926MiB / 7.737GiB"
1790740536,2026-09-30T12:55:36,test,external-clickhouse,clickhouse/clickhouse-server:latest,4.25,"1.278GiB / 7.737GiB"
1790740536,2026-09-30T12:55:36,test,external-kafka,apache/kafka:latest,1.44,"1.07GiB / 7.737GiB"
1790740543,2026-09-30T12:55:43,test,keen_ellis,postgres:16,12.36,"46.53MiB / 7.737GiB"
1790740543,2026-09-30T12:55:43,test,testcontainers-ryuk-88a4200b-10b5-44e5-b3e8-e7e8d76fbec3,testcontainers/ryuk:0.14.0,0.00,"8.926MiB / 7.737GiB"
1790740543,2026-09-30T12:55:43,test,external-clickhouse,clickhouse/clickhouse-server:latest,3.46,"1.268GiB / 7.737GiB"
1790740543,2026-09-30T12:55:43,test,external-kafka,apache/kafka:latest,0.70,"1.07GiB / 7.737GiB"
1790740550,2026-09-30T12:55:50,test,keen_ellis,postgres:16,9.91,"47.13MiB / 7.737GiB"
1790740550,2026-09-30T12:55:50,test,testcontainers-ryuk-88a4200b-10b5-44e5-b3e8-e7e8d76fbec3,testcontainers/ryuk:0.14.0,0.00,"8.926MiB / 7.737GiB"
1790740550,2026-09-30T12:55:50,test,external-clickhouse,clickhouse/clickhouse-server:latest,2.11,"1.281GiB / 7.737GiB"
1790740550,2026-09-30T12:55:50,test,external-kafka,apache/kafka:latest,0.57,"1.07GiB / 7.737GiB"
1790740557,2026-09-30T12:55:57,test,keen_ellis,postgres:16,9.91,"47.78MiB / 7.737GiB"
1790740557,2026-09-30T12:55:57,test,testcontainers-ryuk-88a4200b-10b5-44e5-b3e8-e7e8d76fbec3,testcontainers/ryuk:0.14.0,0.00,"8.926MiB / 7.737GiB"
1790740557,2026-09-30T12:55:57,test,external-clickhouse,clickhouse/clickhouse-server:latest,35.20,"1.332GiB / 7.737GiB"
1790740557,2026-09-30T12:55:57,test,external-kafka,apache/kafka:latest,1.00,"1.07GiB / 7.737GiB"
1790740565,2026-09-30T12:56:05,test,keen_ellis,postgres:16,11.13,"49.03MiB / 7.737GiB"
1790740565,2026-09-30T12:56:05,test,testcontainers-ryuk-88a4200b-10b5-44e5-b3e8-e7e8d76fbec3,testcontainers/ryuk:0.14.0,0.00,"8.926MiB / 7.737GiB"
1790740565,2026-09-30T12:56:05,test,external-clickhouse,clickhouse/clickhouse-server:latest,8.74,"1.259GiB / 7.737GiB"
1790740565,2026-09-30T12:56:05,test,external-kafka,apache/kafka:latest,0.99,"1.07GiB / 7.737GiB"
1790740572,2026-09-30T12:56:12,test,keen_ellis,postgres:16,9.84,"49.4MiB / 7.737GiB"
1790740572,2026-09-30T12:56:12,test,testcontainers-ryuk-88a4200b-10b5-44e5-b3e8-e7e8d76fbec3,testcontainers/ryuk:0.14.0,0.00,"8.926MiB / 7.737GiB"
1790740572,2026-09-30T12:56:12,test,external-clickhouse,clickhouse/clickhouse-server:latest,9.26,"1.259GiB / 7.737GiB"
1790740572,2026-09-30T12:56:12,test,external-kafka,apache/kafka:latest,1.13,"1.07GiB / 7.737GiB"
1790740579,2026-09-30T12:56:19,test,keen_ellis,postgres:16,12.09,"49.79MiB / 7.737GiB"
1790740579,2026-09-30T12:56:19,test,testcontainers-ryuk-88a4200b-10b5-44e5-b3e8-e7e8d76fbec3,testcontainers/ryuk:0.14.0,0.00,"8.926MiB / 7.737GiB"
1790740579,2026-09-30T12:56:19,test,external-clickhouse,clickhouse/clickhouse-server:latest,2.83,"1.267GiB / 7.737GiB"
1790740579,2026-09-30T12:56:19,test,external-kafka,apache/kafka:latest,2.07,"1.07GiB / 7.737GiB"
1790740586,2026-09-30T12:56:26,test,keen_ellis,postgres:16,10.32,"50.27MiB / 7.737GiB"
1790740586,2026-09-30T12:56:26,test,testcontainers-ryuk-88a4200b-10b5-44e5-b3e8-e7e8d76fbec3,testcontainers/ryuk:0.14.0,0.00,"8.926MiB / 7.737GiB"
1790740586,2026-09-30T12:56:26,test,external-clickhouse,clickhouse/clickhouse-server:latest,10.49,"1.257GiB / 7.737GiB"
1790740586,2026-09-30T12:56:26,test,external-kafka,apache/kafka:latest,118.75,"1.128GiB / 7.737GiB"
1790740593,2026-09-30T12:56:33,test,keen_ellis,postgres:16,11.86,"50.74MiB / 7.737GiB"
1790740593,2026-09-30T12:56:33,test,testcontainers-ryuk-88a4200b-10b5-44e5-b3e8-e7e8d76fbec3,testcontainers/ryuk:0.14.0,0.00,"8.926MiB / 7.737GiB"
1790740593,2026-09-30T12:56:33,test,external-clickhouse,clickhouse/clickhouse-server:latest,2.99,"1.254GiB / 7.737GiB"
1790740593,2026-09-30T12:56:33,test,external-kafka,apache/kafka:latest,53.06,"1.07GiB / 7.737GiB"
1790740601,2026-09-30T12:56:41,test,keen_ellis,postgres:16,13.14,"51.25MiB / 7.737GiB"
1790740601,2026-09-30T12:56:41,test,testcontainers-ryuk-88a4200b-10b5-44e5-b3e8-e7e8d76fbec3,testcontainers/ryuk:0.14.0,0.00,"8.926MiB / 7.737GiB"
1790740601,2026-09-30T12:56:41,test,external-clickhouse,clickhouse/clickhouse-server:latest,3.92,"1.259GiB / 7.737GiB"
1790740601,2026-09-30T12:56:41,test,external-kafka,apache/kafka:latest,1.16,"1.07GiB / 7.737GiB"
1790740608,2026-09-30T12:56:48,test,keen_ellis,postgres:16,9.13,"51.59MiB / 7.737GiB"
1790740608,2026-09-30T12:56:48,test,testcontainers-ryuk-88a4200b-10b5-44e5-b3e8-e7e8d76fbec3,testcontainers/ryuk:0.14.0,0.00,"8.926MiB / 7.737GiB"
1790740608,2026-09-30T12:56:48,test,external-clickhouse,clickhouse/clickhouse-server:latest,3.46,"1.256GiB / 7.737GiB"
1790740608,2026-09-30T12:56:48,test,external-kafka,apache/kafka:latest,1.23,"1.07GiB / 7.737GiB"
1790740615,2026-09-30T12:56:55,test,keen_ellis,postgres:16,11.10,"52.05MiB / 7.737GiB"
1790740615,2026-09-30T12:56:55,test,testcontainers-ryuk-88a4200b-10b5-44e5-b3e8-e7e8d76fbec3,testcontainers/ryuk:0.14.0,0.00,"8.926MiB / 7.737GiB"
1790740615,2026-09-30T12:56:55,test,external-clickhouse,clickhouse/clickhouse-server:latest,3.74,"1.272GiB / 7.737GiB"
1790740615,2026-09-30T12:56:55,test,external-kafka,apache/kafka:latest,117.91,"1.155GiB / 7.737GiB"
1790740622,2026-09-30T12:57:02,test,practical_williamson,apache/kafka:4.3.1,69.47,"299.4MiB / 7.737GiB"
1790740622,2026-09-30T12:57:02,test,testcontainers-ryuk-88a4200b-10b5-44e5-b3e8-e7e8d76fbec3,testcontainers/ryuk:0.14.0,0.00,"8.926MiB / 7.737GiB"
1790740622,2026-09-30T12:57:02,test,external-clickhouse,clickhouse/clickhouse-server:latest,4.75,"1.272GiB / 7.737GiB"
1790740622,2026-09-30T12:57:02,test,external-kafka,apache/kafka:latest,0.91,"1.07GiB / 7.737GiB"
1790740622,2026-09-30T12:57:02,test,friendly_yalow,postgres:16,7.24,"29.41MiB / 7.737GiB"
1790740630,2026-09-30T12:57:10,test,testcontainers-ryuk-88a4200b-10b5-44e5-b3e8-e7e8d76fbec3,testcontainers/ryuk:0.14.0,0.00,"8.922MiB / 7.737GiB"
1790740630,2026-09-30T12:57:10,test,external-clickhouse,clickhouse/clickhouse-server:latest,6.16,"1.259GiB / 7.737GiB"
1790740630,2026-09-30T12:57:10,test,external-kafka,apache/kafka:latest,1.69,"1.07GiB / 7.737GiB"
1790740637,2026-09-30T12:57:17,test,external-clickhouse,clickhouse/clickhouse-server:latest,5.62,"1.283GiB / 7.737GiB"
1790740637,2026-09-30T12:57:17,test,external-kafka,apache/kafka:latest,149.53,"1.152GiB / 7.737GiB"
1790740645,2026-09-30T12:57:25,test,external-clickhouse,clickhouse/clickhouse-server:latest,8.03,"1.259GiB / 7.737GiB"
1790740645,2026-09-30T12:57:25,test,external-kafka,apache/kafka:latest,1.86,"1.07GiB / 7.737GiB"
1790740652,2026-09-30T12:57:32,test-store,gifted_mclean,postgres:16,2.40,"36.34MiB / 7.737GiB"
1790740652,2026-09-30T12:57:32,test-store,testcontainers-ryuk-66bb3a24-a6b2-4e1a-b3ba-3c2ced4f5da1,testcontainers/ryuk:0.14.0,0.00,"9.102MiB / 7.737GiB"
1790740652,2026-09-30T12:57:32,test-store,external-clickhouse,clickhouse/clickhouse-server:latest,8.94,"1.263GiB / 7.737GiB"
1790740652,2026-09-30T12:57:32,test-store,external-kafka,apache/kafka:latest,1.17,"1.07GiB / 7.737GiB"
1790740659,2026-09-30T12:57:39,test-store,gifted_mclean,postgres:16,14.78,"38.14MiB / 7.737GiB"
1790740659,2026-09-30T12:57:39,test-store,testcontainers-ryuk-66bb3a24-a6b2-4e1a-b3ba-3c2ced4f5da1,testcontainers/ryuk:0.14.0,0.00,"9.102MiB / 7.737GiB"
1790740659,2026-09-30T12:57:39,test-store,external-clickhouse,clickhouse/clickhouse-server:latest,3.01,"1.266GiB / 7.737GiB"
1790740659,2026-09-30T12:57:39,test-store,external-kafka,apache/kafka:latest,49.68,"1.112GiB / 7.737GiB"
1790740666,2026-09-30T12:57:46,test-store,gifted_mclean,postgres:16,12.46,"40.48MiB / 7.737GiB"
1790740666,2026-09-30T12:57:46,test-store,testcontainers-ryuk-66bb3a24-a6b2-4e1a-b3ba-3c2ced4f5da1,testcontainers/ryuk:0.14.0,0.00,"9.102MiB / 7.737GiB"
1790740666,2026-09-30T12:57:46,test-store,external-clickhouse,clickhouse/clickhouse-server:latest,2.87,"1.264GiB / 7.737GiB"
1790740666,2026-09-30T12:57:46,test-store,external-kafka,apache/kafka:latest,0.67,"1.07GiB / 7.737GiB"
1790740673,2026-09-30T12:57:53,test-store,gifted_mclean,postgres:16,14.64,"42.53MiB / 7.737GiB"
1790740673,2026-09-30T12:57:53,test-store,testcontainers-ryuk-66bb3a24-a6b2-4e1a-b3ba-3c2ced4f5da1,testcontainers/ryuk:0.14.0,0.00,"9.102MiB / 7.737GiB"
1790740673,2026-09-30T12:57:53,test-store,external-clickhouse,clickhouse/clickhouse-server:latest,1.96,"1.329GiB / 7.737GiB"
1790740673,2026-09-30T12:57:53,test-store,external-kafka,apache/kafka:latest,0.60,"1.07GiB / 7.737GiB"
1790740680,2026-09-30T12:58:00,test-store,gifted_mclean,postgres:16,10.45,"44.11MiB / 7.737GiB"
1790740680,2026-09-30T12:58:00,test-store,testcontainers-ryuk-66bb3a24-a6b2-4e1a-b3ba-3c2ced4f5da1,testcontainers/ryuk:0.14.0,0.14,"9.152MiB / 7.737GiB"
1790740680,2026-09-30T12:58:00,test-store,external-clickhouse,clickhouse/clickhouse-server:latest,2.20,"1.264GiB / 7.737GiB"
1790740680,2026-09-30T12:58:00,test-store,external-kafka,apache/kafka:latest,0.84,"1.07GiB / 7.737GiB"
1790740687,2026-09-30T12:58:07,test-store,gifted_mclean,postgres:16,11.31,"44.5MiB / 7.737GiB"
1790740687,2026-09-30T12:58:07,test-store,testcontainers-ryuk-66bb3a24-a6b2-4e1a-b3ba-3c2ced4f5da1,testcontainers/ryuk:0.14.0,0.00,"9.152MiB / 7.737GiB"
1790740687,2026-09-30T12:58:07,test-store,external-clickhouse,clickhouse/clickhouse-server:latest,3.52,"1.274GiB / 7.737GiB"
1790740687,2026-09-30T12:58:07,test-store,external-kafka,apache/kafka:latest,1.17,"1.07GiB / 7.737GiB"
1790740695,2026-09-30T12:58:15,test-store,gifted_mclean,postgres:16,11.09,"44.73MiB / 7.737GiB"
1790740695,2026-09-30T12:58:15,test-store,testcontainers-ryuk-66bb3a24-a6b2-4e1a-b3ba-3c2ced4f5da1,testcontainers/ryuk:0.14.0,0.00,"9.152MiB / 7.737GiB"
1790740695,2026-09-30T12:58:15,test-store,external-clickhouse,clickhouse/clickhouse-server:latest,2.54,"1.268GiB / 7.737GiB"
1790740695,2026-09-30T12:58:15,test-store,external-kafka,apache/kafka:latest,1.51,"1.07GiB / 7.737GiB"
1790740702,2026-09-30T12:58:22,test-store,gifted_mclean,postgres:16,11.05,"46.96MiB / 7.737GiB"
1790740702,2026-09-30T12:58:22,test-store,testcontainers-ryuk-66bb3a24-a6b2-4e1a-b3ba-3c2ced4f5da1,testcontainers/ryuk:0.14.0,0.00,"9.152MiB / 7.737GiB"
1790740702,2026-09-30T12:58:22,test-store,external-clickhouse,clickhouse/clickhouse-server:latest,1.91,"1.266GiB / 7.737GiB"
1790740702,2026-09-30T12:58:22,test-store,external-kafka,apache/kafka:latest,1.16,"1.07GiB / 7.737GiB"
1790740709,2026-09-30T12:58:29,test-store,gifted_mclean,postgres:16,10.64,"47.47MiB / 7.737GiB"
1790740709,2026-09-30T12:58:29,test-store,testcontainers-ryuk-66bb3a24-a6b2-4e1a-b3ba-3c2ced4f5da1,testcontainers/ryuk:0.14.0,0.00,"9.152MiB / 7.737GiB"
1790740709,2026-09-30T12:58:29,test-store,external-clickhouse,clickhouse/clickhouse-server:latest,23.84,"1.341GiB / 7.737GiB"
1790740709,2026-09-30T12:58:29,test-store,external-kafka,apache/kafka:latest,1.25,"1.07GiB / 7.737GiB"
1790740716,2026-09-30T12:58:36,test-store,gifted_mclean,postgres:16,10.06,"48.38MiB / 7.737GiB"
1790740716,2026-09-30T12:58:36,test-store,testcontainers-ryuk-66bb3a24-a6b2-4e1a-b3ba-3c2ced4f5da1,testcontainers/ryuk:0.14.0,0.00,"9.152MiB / 7.737GiB"
1790740716,2026-09-30T12:58:36,test-store,external-clickhouse,clickhouse/clickhouse-server:latest,10.26,"1.317GiB / 7.737GiB"
1790740716,2026-09-30T12:58:36,test-store,external-kafka,apache/kafka:latest,1.18,"1.07GiB / 7.737GiB"
1790740723,2026-09-30T12:58:43,test-store,gifted_mclean,postgres:16,9.45,"49.3MiB / 7.737GiB"
1790740723,2026-09-30T12:58:43,test-store,testcontainers-ryuk-66bb3a24-a6b2-4e1a-b3ba-3c2ced4f5da1,testcontainers/ryuk:0.14.0,0.00,"9.152MiB / 7.737GiB"
1790740723,2026-09-30T12:58:43,test-store,external-clickhouse,clickhouse/clickhouse-server:latest,9.91,"1.28GiB / 7.737GiB"
1790740723,2026-09-30T12:58:43,test-store,external-kafka,apache/kafka:latest,1.20,"1.07GiB / 7.737GiB"
1790740730,2026-09-30T12:58:50,test-store,gifted_mclean,postgres:16,12.08,"49.66MiB / 7.737GiB"
1790740730,2026-09-30T12:58:50,test-store,testcontainers-ryuk-66bb3a24-a6b2-4e1a-b3ba-3c2ced4f5da1,testcontainers/ryuk:0.14.0,0.00,"9.152MiB / 7.737GiB"
1790740730,2026-09-30T12:58:50,test-store,external-clickhouse,clickhouse/clickhouse-server:latest,10.81,"1.283GiB / 7.737GiB"
1790740730,2026-09-30T12:58:50,test-store,external-kafka,apache/kafka:latest,1.22,"1.07GiB / 7.737GiB"
1790740738,2026-09-30T12:58:58,test-store,gifted_mclean,postgres:16,11.85,"49.97MiB / 7.737GiB"
1790740738,2026-09-30T12:58:58,test-store,testcontainers-ryuk-66bb3a24-a6b2-4e1a-b3ba-3c2ced4f5da1,testcontainers/ryuk:0.14.0,0.00,"9.152MiB / 7.737GiB"
1790740738,2026-09-30T12:58:58,test-store,external-clickhouse,clickhouse/clickhouse-server:latest,4.74,"1.27GiB / 7.737GiB"
1790740738,2026-09-30T12:58:58,test-store,external-kafka,apache/kafka:latest,1.95,"1.07GiB / 7.737GiB"
1790740745,2026-09-30T12:59:05,test-store,gifted_mclean,postgres:16,12.43,"50.51MiB / 7.737GiB"
1790740745,2026-09-30T12:59:05,test-store,testcontainers-ryuk-66bb3a24-a6b2-4e1a-b3ba-3c2ced4f5da1,testcontainers/ryuk:0.14.0,0.00,"9.152MiB / 7.737GiB"
1790740745,2026-09-30T12:59:05,test-store,external-clickhouse,clickhouse/clickhouse-server:latest,3.12,"1.268GiB / 7.737GiB"
1790740745,2026-09-30T12:59:05,test-store,external-kafka,apache/kafka:latest,0.97,"1.07GiB / 7.737GiB"
1790740752,2026-09-30T12:59:12,test-store,gifted_mclean,postgres:16,12.42,"50.92MiB / 7.737GiB"
1790740752,2026-09-30T12:59:12,test-store,testcontainers-ryuk-66bb3a24-a6b2-4e1a-b3ba-3c2ced4f5da1,testcontainers/ryuk:0.14.0,0.00,"9.152MiB / 7.737GiB"
1790740752,2026-09-30T12:59:12,test-store,external-clickhouse,clickhouse/clickhouse-server:latest,2.94,"1.301GiB / 7.737GiB"
1790740752,2026-09-30T12:59:12,test-store,external-kafka,apache/kafka:latest,1.24,"1.07GiB / 7.737GiB"
1790740759,2026-09-30T12:59:19,test-store,gifted_mclean,postgres:16,10.30,"51.21MiB / 7.737GiB"
1790740759,2026-09-30T12:59:19,test-store,testcontainers-ryuk-66bb3a24-a6b2-4e1a-b3ba-3c2ced4f5da1,testcontainers/ryuk:0.14.0,0.00,"9.152MiB / 7.737GiB"
1790740759,2026-09-30T12:59:19,test-store,external-clickhouse,clickhouse/clickhouse-server:latest,4.46,"1.278GiB / 7.737GiB"
1790740759,2026-09-30T12:59:19,test-store,external-kafka,apache/kafka:latest,196.02,"1.15GiB / 7.737GiB"
1790740767,2026-09-30T12:59:27,test-store,gifted_mclean,postgres:16,6.14,"51.55MiB / 7.737GiB"
1790740767,2026-09-30T12:59:27,test-store,testcontainers-ryuk-66bb3a24-a6b2-4e1a-b3ba-3c2ced4f5da1,testcontainers/ryuk:0.14.0,0.00,"9.152MiB / 7.737GiB"
1790740767,2026-09-30T12:59:27,test-store,external-clickhouse,clickhouse/clickhouse-server:latest,4.63,"1.283GiB / 7.737GiB"
1790740767,2026-09-30T12:59:27,test-store,external-kafka,apache/kafka:latest,182.70,"1.15GiB / 7.737GiB"
1790740774,2026-09-30T12:59:34,test-store,gifted_mclean,postgres:16,11.16,"51.79MiB / 7.737GiB"
1790740774,2026-09-30T12:59:34,test-store,testcontainers-ryuk-66bb3a24-a6b2-4e1a-b3ba-3c2ced4f5da1,testcontainers/ryuk:0.14.0,0.00,"9.152MiB / 7.737GiB"
1790740774,2026-09-30T12:59:34,test-store,external-clickhouse,clickhouse/clickhouse-server:latest,7.27,"1.273GiB / 7.737GiB"
1790740774,2026-09-30T12:59:34,test-store,external-kafka,apache/kafka:latest,85.51,"1.097GiB / 7.737GiB"
1790740781,2026-09-30T12:59:41,test-store,gifted_mclean,postgres:16,8.83,"52.16MiB / 7.737GiB"
1790740781,2026-09-30T12:59:41,test-store,testcontainers-ryuk-66bb3a24-a6b2-4e1a-b3ba-3c2ced4f5da1,testcontainers/ryuk:0.14.0,0.00,"9.152MiB / 7.737GiB"
1790740781,2026-09-30T12:59:41,test-store,external-clickhouse,clickhouse/clickhouse-server:latest,6.08,"1.273GiB / 7.737GiB"
1790740781,2026-09-30T12:59:41,test-store,external-kafka,apache/kafka:latest,1.60,"1.07GiB / 7.737GiB"
1790740788,2026-09-30T12:59:48,test-store,wonderful_cori,postgres:16,0.45,"29.39MiB / 7.737GiB"
1790740788,2026-09-30T12:59:48,test-store,bold_davinci,apache/kafka:4.3.1,33.59,"276.2MiB / 7.737GiB"
1790740788,2026-09-30T12:59:48,test-store,testcontainers-ryuk-66bb3a24-a6b2-4e1a-b3ba-3c2ced4f5da1,testcontainers/ryuk:0.14.0,0.00,"9.152MiB / 7.737GiB"
1790740788,2026-09-30T12:59:48,test-store,external-clickhouse,clickhouse/clickhouse-server:latest,8.64,"1.296GiB / 7.737GiB"
1790740788,2026-09-30T12:59:48,test-store,external-kafka,apache/kafka:latest,2.44,"1.07GiB / 7.737GiB"
1790740795,2026-09-30T12:59:55,test-store,testcontainers-ryuk-66bb3a24-a6b2-4e1a-b3ba-3c2ced4f5da1,testcontainers/ryuk:0.14.0,0.00,"9.152MiB / 7.737GiB"
1790740795,2026-09-30T12:59:55,test-store,external-clickhouse,clickhouse/clickhouse-server:latest,5.02,"1.267GiB / 7.737GiB"
1790740795,2026-09-30T12:59:55,test-store,external-kafka,apache/kafka:latest,1.83,"1.07GiB / 7.737GiB"
1790740803,2026-09-30T13:00:03,test-store,external-clickhouse,clickhouse/clickhouse-server:latest,5.25,"1.275GiB / 7.737GiB"
1790740803,2026-09-30T13:00:03,test-store,external-kafka,apache/kafka:latest,2.53,"1.07GiB / 7.737GiB"
1790740810,2026-09-30T13:00:10,q5-soak,external-clickhouse,clickhouse/clickhouse-server:latest,3.65,"1.276GiB / 7.737GiB"
1790740810,2026-09-30T13:00:10,q5-soak,external-kafka,apache/kafka:latest,0.93,"1.07GiB / 7.737GiB"
1790740810,2026-09-30T13:00:10,q5-soak,testcontainers-ryuk-60a1f643-95dd-4877-b7ba-7a73bfd492cc,testcontainers/ryuk:0.14.0,0.00,"8.754MiB / 7.737GiB"
1790740810,2026-09-30T13:00:10,q5-soak,nifty_swartz,postgres:16,19.12,"30.43MiB / 7.737GiB"
1790740817,2026-09-30T13:00:17,q5-soak,nifty_swartz,postgres:16,15.45,"31.74MiB / 7.737GiB"
1790740817,2026-09-30T13:00:17,q5-soak,testcontainers-ryuk-60a1f643-95dd-4877-b7ba-7a73bfd492cc,testcontainers/ryuk:0.14.0,0.00,"8.754MiB / 7.737GiB"
1790740817,2026-09-30T13:00:17,q5-soak,external-clickhouse,clickhouse/clickhouse-server:latest,3.08,"1.347GiB / 7.737GiB"
1790740817,2026-09-30T13:00:17,q5-soak,external-kafka,apache/kafka:latest,11.85,"1.07GiB / 7.737GiB"
1790740824,2026-09-30T13:00:24,q5-soak,nifty_swartz,postgres:16,18.02,"32.68MiB / 7.737GiB"
1790740824,2026-09-30T13:00:24,q5-soak,testcontainers-ryuk-60a1f643-95dd-4877-b7ba-7a73bfd492cc,testcontainers/ryuk:0.14.0,0.00,"8.754MiB / 7.737GiB"
1790740824,2026-09-30T13:00:24,q5-soak,external-clickhouse,clickhouse/clickhouse-server:latest,5.70,"1.279GiB / 7.737GiB"
1790740824,2026-09-30T13:00:24,q5-soak,external-kafka,apache/kafka:latest,54.39,"1.07GiB / 7.737GiB"
1790740831,2026-09-30T13:00:31,q5-soak,nifty_swartz,postgres:16,20.81,"34.47MiB / 7.737GiB"
1790740831,2026-09-30T13:00:31,q5-soak,testcontainers-ryuk-60a1f643-95dd-4877-b7ba-7a73bfd492cc,testcontainers/ryuk:0.14.0,0.00,"8.754MiB / 7.737GiB"
1790740831,2026-09-30T13:00:31,q5-soak,external-clickhouse,clickhouse/clickhouse-server:latest,3.16,"1.278GiB / 7.737GiB"
1790740831,2026-09-30T13:00:31,q5-soak,external-kafka,apache/kafka:latest,0.67,"1.07GiB / 7.737GiB"
1790740839,2026-09-30T13:00:39,q5-soak,nifty_swartz,postgres:16,18.06,"35.69MiB / 7.737GiB"
1790740839,2026-09-30T13:00:39,q5-soak,testcontainers-ryuk-60a1f643-95dd-4877-b7ba-7a73bfd492cc,testcontainers/ryuk:0.14.0,0.18,"8.812MiB / 7.737GiB"
1790740839,2026-09-30T13:00:39,q5-soak,external-clickhouse,clickhouse/clickhouse-server:latest,7.95,"1.29GiB / 7.737GiB"
1790740839,2026-09-30T13:00:39,q5-soak,external-kafka,apache/kafka:latest,126.64,"1.144GiB / 7.737GiB"
1790740846,2026-09-30T13:00:46,q5-soak,nifty_swartz,postgres:16,18.41,"37.33MiB / 7.737GiB"
1790740846,2026-09-30T13:00:46,q5-soak,testcontainers-ryuk-60a1f643-95dd-4877-b7ba-7a73bfd492cc,testcontainers/ryuk:0.14.0,0.00,"8.812MiB / 7.737GiB"
1790740846,2026-09-30T13:00:46,q5-soak,external-clickhouse,clickhouse/clickhouse-server:latest,1.68,"1.277GiB / 7.737GiB"
1790740846,2026-09-30T13:00:46,q5-soak,external-kafka,apache/kafka:latest,0.60,"1.07GiB / 7.737GiB"
1790740853,2026-09-30T13:00:53,q5-soak,nifty_swartz,postgres:16,19.03,"38.55MiB / 7.737GiB"
1790740853,2026-09-30T13:00:53,q5-soak,testcontainers-ryuk-60a1f643-95dd-4877-b7ba-7a73bfd492cc,testcontainers/ryuk:0.14.0,0.00,"8.812MiB / 7.737GiB"
1790740853,2026-09-30T13:00:53,q5-soak,external-clickhouse,clickhouse/clickhouse-server:latest,10.21,"1.305GiB / 7.737GiB"
1790740853,2026-09-30T13:00:53,q5-soak,external-kafka,apache/kafka:latest,0.78,"1.07GiB / 7.737GiB"
1790740860,2026-09-30T13:01:00,q5-soak,nifty_swartz,postgres:16,19.36,"41.85MiB / 7.737GiB"
1790740860,2026-09-30T13:01:00,q5-soak,testcontainers-ryuk-60a1f643-95dd-4877-b7ba-7a73bfd492cc,testcontainers/ryuk:0.14.0,0.00,"8.812MiB / 7.737GiB"
1790740860,2026-09-30T13:01:00,q5-soak,external-clickhouse,clickhouse/clickhouse-server:latest,3.29,"1.269GiB / 7.737GiB"
1790740860,2026-09-30T13:01:00,q5-soak,external-kafka,apache/kafka:latest,131.16,"1.152GiB / 7.737GiB"
1790740867,2026-09-30T13:01:07,q5-soak,nifty_swartz,postgres:16,15.68,"43.35MiB / 7.737GiB"
1790740867,2026-09-30T13:01:07,q5-soak,testcontainers-ryuk-60a1f643-95dd-4877-b7ba-7a73bfd492cc,testcontainers/ryuk:0.14.0,0.00,"8.812MiB / 7.737GiB"
1790740867,2026-09-30T13:01:07,q5-soak,external-clickhouse,clickhouse/clickhouse-server:latest,7.57,"1.26GiB / 7.737GiB"
1790740867,2026-09-30T13:01:07,q5-soak,external-kafka,apache/kafka:latest,0.77,"1.07GiB / 7.737GiB"
1790740874,2026-09-30T13:01:14,q5-soak,nifty_swartz,postgres:16,18.87,"44.35MiB / 7.737GiB"
1790740874,2026-09-30T13:01:14,q5-soak,testcontainers-ryuk-60a1f643-95dd-4877-b7ba-7a73bfd492cc,testcontainers/ryuk:0.14.0,0.00,"8.812MiB / 7.737GiB"
1790740874,2026-09-30T13:01:14,q5-soak,external-clickhouse,clickhouse/clickhouse-server:latest,3.01,"1.265GiB / 7.737GiB"
1790740874,2026-09-30T13:01:14,q5-soak,external-kafka,apache/kafka:latest,0.62,"1.07GiB / 7.737GiB"
1790740881,2026-09-30T13:01:21,q5-soak,nifty_swartz,postgres:16,18.73,"46.27MiB / 7.737GiB"
1790740881,2026-09-30T13:01:21,q5-soak,testcontainers-ryuk-60a1f643-95dd-4877-b7ba-7a73bfd492cc,testcontainers/ryuk:0.14.0,0.00,"8.812MiB / 7.737GiB"
1790740881,2026-09-30T13:01:21,q5-soak,external-clickhouse,clickhouse/clickhouse-server:latest,2.44,"1.273GiB / 7.737GiB"
1790740881,2026-09-30T13:01:21,q5-soak,external-kafka,apache/kafka:latest,0.71,"1.07GiB / 7.737GiB"
1790740889,2026-09-30T13:01:29,q5-soak,nifty_swartz,postgres:16,17.18,"47.21MiB / 7.737GiB"
1790740889,2026-09-30T13:01:29,q5-soak,testcontainers-ryuk-60a1f643-95dd-4877-b7ba-7a73bfd492cc,testcontainers/ryuk:0.14.0,0.00,"8.812MiB / 7.737GiB"
1790740889,2026-09-30T13:01:29,q5-soak,external-clickhouse,clickhouse/clickhouse-server:latest,3.60,"1.27GiB / 7.737GiB"
1790740889,2026-09-30T13:01:29,q5-soak,external-kafka,apache/kafka:latest,0.85,"1.07GiB / 7.737GiB"
1790740896,2026-09-30T13:01:36,q5-soak,nifty_swartz,postgres:16,18.76,"49.01MiB / 7.737GiB"
1790740896,2026-09-30T13:01:36,q5-soak,testcontainers-ryuk-60a1f643-95dd-4877-b7ba-7a73bfd492cc,testcontainers/ryuk:0.14.0,0.00,"8.812MiB / 7.737GiB"
1790740896,2026-09-30T13:01:36,q5-soak,external-clickhouse,clickhouse/clickhouse-server:latest,4.32,"1.268GiB / 7.737GiB"
1790740896,2026-09-30T13:01:36,q5-soak,external-kafka,apache/kafka:latest,1.18,"1.07GiB / 7.737GiB"
1790740903,2026-09-30T13:01:43,q5-soak,nifty_swartz,postgres:16,19.57,"49.87MiB / 7.737GiB"
1790740903,2026-09-30T13:01:43,q5-soak,testcontainers-ryuk-60a1f643-95dd-4877-b7ba-7a73bfd492cc,testcontainers/ryuk:0.14.0,0.00,"8.812MiB / 7.737GiB"
1790740903,2026-09-30T13:01:43,q5-soak,external-clickhouse,clickhouse/clickhouse-server:latest,2.48,"1.259GiB / 7.737GiB"
1790740903,2026-09-30T13:01:43,q5-soak,external-kafka,apache/kafka:latest,0.67,"1.07GiB / 7.737GiB"
1790740910,2026-09-30T13:01:50,q5-soak,nifty_swartz,postgres:16,19.81,"51.07MiB / 7.737GiB"
1790740910,2026-09-30T13:01:50,q5-soak,testcontainers-ryuk-60a1f643-95dd-4877-b7ba-7a73bfd492cc,testcontainers/ryuk:0.14.0,0.00,"8.812MiB / 7.737GiB"
1790740910,2026-09-30T13:01:50,q5-soak,external-clickhouse,clickhouse/clickhouse-server:latest,4.06,"1.269GiB / 7.737GiB"
1790740910,2026-09-30T13:01:50,q5-soak,external-kafka,apache/kafka:latest,0.61,"1.07GiB / 7.737GiB"
1790740917,2026-09-30T13:01:57,q5-soak,nifty_swartz,postgres:16,16.84,"52.53MiB / 7.737GiB"
1790740917,2026-09-30T13:01:57,q5-soak,testcontainers-ryuk-60a1f643-95dd-4877-b7ba-7a73bfd492cc,testcontainers/ryuk:0.14.0,0.00,"8.812MiB / 7.737GiB"
1790740917,2026-09-30T13:01:57,q5-soak,external-clickhouse,clickhouse/clickhouse-server:latest,3.94,"1.278GiB / 7.737GiB"
1790740917,2026-09-30T13:01:57,q5-soak,external-kafka,apache/kafka:latest,105.10,"1.07GiB / 7.737GiB"
1790740924,2026-09-30T13:02:04,q5-soak,nifty_swartz,postgres:16,20.05,"53.7MiB / 7.737GiB"
1790740924,2026-09-30T13:02:04,q5-soak,testcontainers-ryuk-60a1f643-95dd-4877-b7ba-7a73bfd492cc,testcontainers/ryuk:0.14.0,0.00,"8.812MiB / 7.737GiB"
1790740924,2026-09-30T13:02:04,q5-soak,external-clickhouse,clickhouse/clickhouse-server:latest,3.35,"1.31GiB / 7.737GiB"
1790740924,2026-09-30T13:02:04,q5-soak,external-kafka,apache/kafka:latest,1.13,"1.07GiB / 7.737GiB"
1790740931,2026-09-30T13:02:11,q5-soak,nifty_swartz,postgres:16,19.06,"55.34MiB / 7.737GiB"
1790740931,2026-09-30T13:02:11,q5-soak,testcontainers-ryuk-60a1f643-95dd-4877-b7ba-7a73bfd492cc,testcontainers/ryuk:0.14.0,0.00,"8.812MiB / 7.737GiB"
1790740931,2026-09-30T13:02:11,q5-soak,external-clickhouse,clickhouse/clickhouse-server:latest,3.80,"1.266GiB / 7.737GiB"
1790740931,2026-09-30T13:02:11,q5-soak,external-kafka,apache/kafka:latest,0.73,"1.07GiB / 7.737GiB"
1790740939,2026-09-30T13:02:19,q5-soak,nifty_swartz,postgres:16,15.64,"56.68MiB / 7.737GiB"
1790740939,2026-09-30T13:02:19,q5-soak,testcontainers-ryuk-60a1f643-95dd-4877-b7ba-7a73bfd492cc,testcontainers/ryuk:0.14.0,0.00,"8.812MiB / 7.737GiB"
1790740939,2026-09-30T13:02:19,q5-soak,external-clickhouse,clickhouse/clickhouse-server:latest,3.74,"1.265GiB / 7.737GiB"
1790740939,2026-09-30T13:02:19,q5-soak,external-kafka,apache/kafka:latest,37.50,"1.105GiB / 7.737GiB"
1790740946,2026-09-30T13:02:26,q5-soak,nifty_swartz,postgres:16,17.57,"57.69MiB / 7.737GiB"
1790740946,2026-09-30T13:02:26,q5-soak,testcontainers-ryuk-60a1f643-95dd-4877-b7ba-7a73bfd492cc,testcontainers/ryuk:0.14.0,0.00,"8.812MiB / 7.737GiB"
1790740946,2026-09-30T13:02:26,q5-soak,external-clickhouse,clickhouse/clickhouse-server:latest,4.16,"1.267GiB / 7.737GiB"
1790740946,2026-09-30T13:02:26,q5-soak,external-kafka,apache/kafka:latest,0.65,"1.07GiB / 7.737GiB"
1790740953,2026-09-30T13:02:33,q5-soak,nifty_swartz,postgres:16,19.59,"58.72MiB / 7.737GiB"
1790740953,2026-09-30T13:02:33,q5-soak,testcontainers-ryuk-60a1f643-95dd-4877-b7ba-7a73bfd492cc,testcontainers/ryuk:0.14.0,0.00,"8.812MiB / 7.737GiB"
1790740953,2026-09-30T13:02:33,q5-soak,external-clickhouse,clickhouse/clickhouse-server:latest,3.08,"1.317GiB / 7.737GiB"
1790740953,2026-09-30T13:02:33,q5-soak,external-kafka,apache/kafka:latest,1.05,"1.07GiB / 7.737GiB"
1790740960,2026-09-30T13:02:40,q5-soak,nifty_swartz,postgres:16,39.31,"59.82MiB / 7.737GiB"
1790740960,2026-09-30T13:02:40,q5-soak,testcontainers-ryuk-60a1f643-95dd-4877-b7ba-7a73bfd492cc,testcontainers/ryuk:0.14.0,0.00,"8.812MiB / 7.737GiB"
1790740960,2026-09-30T13:02:40,q5-soak,external-clickhouse,clickhouse/clickhouse-server:latest,3.10,"1.282GiB / 7.737GiB"
1790740960,2026-09-30T13:02:40,q5-soak,external-kafka,apache/kafka:latest,0.96,"1.07GiB / 7.737GiB"
1790740967,2026-09-30T13:02:47,q5-soak,nifty_swartz,postgres:16,14.04,"61.15MiB / 7.737GiB"
1790740967,2026-09-30T13:02:47,q5-soak,testcontainers-ryuk-60a1f643-95dd-4877-b7ba-7a73bfd492cc,testcontainers/ryuk:0.14.0,0.00,"8.812MiB / 7.737GiB"
1790740967,2026-09-30T13:02:47,q5-soak,external-clickhouse,clickhouse/clickhouse-server:latest,3.50,"1.267GiB / 7.737GiB"
1790740967,2026-09-30T13:02:47,q5-soak,external-kafka,apache/kafka:latest,1.14,"1.07GiB / 7.737GiB"
1790740975,2026-09-30T13:02:55,q5-soak,nifty_swartz,postgres:16,19.58,"61.97MiB / 7.737GiB"
1790740975,2026-09-30T13:02:55,q5-soak,testcontainers-ryuk-60a1f643-95dd-4877-b7ba-7a73bfd492cc,testcontainers/ryuk:0.14.0,0.00,"8.812MiB / 7.737GiB"
1790740975,2026-09-30T13:02:55,q5-soak,external-clickhouse,clickhouse/clickhouse-server:latest,6.72,"1.269GiB / 7.737GiB"
1790740975,2026-09-30T13:02:55,q5-soak,external-kafka,apache/kafka:latest,0.95,"1.07GiB / 7.737GiB"
1790740982,2026-09-30T13:03:02,q5-soak,nifty_swartz,postgres:16,18.69,"62.77MiB / 7.737GiB"
1790740982,2026-09-30T13:03:02,q5-soak,testcontainers-ryuk-60a1f643-95dd-4877-b7ba-7a73bfd492cc,testcontainers/ryuk:0.14.0,0.00,"8.812MiB / 7.737GiB"
1790740982,2026-09-30T13:03:02,q5-soak,external-clickhouse,clickhouse/clickhouse-server:latest,4.47,"1.34GiB / 7.737GiB"
1790740982,2026-09-30T13:03:02,q5-soak,external-kafka,apache/kafka:latest,0.81,"1.07GiB / 7.737GiB"
1790740989,2026-09-30T13:03:09,q5-soak,nifty_swartz,postgres:16,18.77,"63.62MiB / 7.737GiB"
1790740989,2026-09-30T13:03:09,q5-soak,testcontainers-ryuk-60a1f643-95dd-4877-b7ba-7a73bfd492cc,testcontainers/ryuk:0.14.0,0.00,"8.812MiB / 7.737GiB"
1790740989,2026-09-30T13:03:09,q5-soak,external-clickhouse,clickhouse/clickhouse-server:latest,3.85,"1.284GiB / 7.737GiB"
1790740989,2026-09-30T13:03:09,q5-soak,external-kafka,apache/kafka:latest,0.97,"1.07GiB / 7.737GiB"
1790740996,2026-09-30T13:03:16,q5-soak,nifty_swartz,postgres:16,18.84,"64.82MiB / 7.737GiB"
1790740996,2026-09-30T13:03:16,q5-soak,testcontainers-ryuk-60a1f643-95dd-4877-b7ba-7a73bfd492cc,testcontainers/ryuk:0.14.0,0.00,"8.812MiB / 7.737GiB"
1790740996,2026-09-30T13:03:16,q5-soak,external-clickhouse,clickhouse/clickhouse-server:latest,9.52,"1.273GiB / 7.737GiB"
1790740996,2026-09-30T13:03:16,q5-soak,external-kafka,apache/kafka:latest,28.32,"1.07GiB / 7.737GiB"
1790741003,2026-09-30T13:03:23,q5-soak,nifty_swartz,postgres:16,16.53,"66.52MiB / 7.737GiB"
1790741003,2026-09-30T13:03:23,q5-soak,testcontainers-ryuk-60a1f643-95dd-4877-b7ba-7a73bfd492cc,testcontainers/ryuk:0.14.0,0.00,"8.812MiB / 7.737GiB"
1790741003,2026-09-30T13:03:23,q5-soak,external-clickhouse,clickhouse/clickhouse-server:latest,12.53,"1.272GiB / 7.737GiB"
1790741003,2026-09-30T13:03:23,q5-soak,external-kafka,apache/kafka:latest,1.31,"1.07GiB / 7.737GiB"
1790741010,2026-09-30T13:03:30,q5-soak,nifty_swartz,postgres:16,17.78,"67.44MiB / 7.737GiB"
1790741010,2026-09-30T13:03:30,q5-soak,testcontainers-ryuk-60a1f643-95dd-4877-b7ba-7a73bfd492cc,testcontainers/ryuk:0.14.0,0.00,"8.812MiB / 7.737GiB"
1790741010,2026-09-30T13:03:30,q5-soak,external-clickhouse,clickhouse/clickhouse-server:latest,13.58,"1.269GiB / 7.737GiB"
1790741010,2026-09-30T13:03:30,q5-soak,external-kafka,apache/kafka:latest,1.06,"1.07GiB / 7.737GiB"
1790741018,2026-09-30T13:03:38,q5-soak,nifty_swartz,postgres:16,18.88,"69.23MiB / 7.737GiB"
1790741018,2026-09-30T13:03:38,q5-soak,testcontainers-ryuk-60a1f643-95dd-4877-b7ba-7a73bfd492cc,testcontainers/ryuk:0.14.0,0.00,"8.812MiB / 7.737GiB"
1790741018,2026-09-30T13:03:38,q5-soak,external-clickhouse,clickhouse/clickhouse-server:latest,2.25,"1.265GiB / 7.737GiB"
1790741018,2026-09-30T13:03:38,q5-soak,external-kafka,apache/kafka:latest,8.51,"1.07GiB / 7.737GiB"
1790741025,2026-09-30T13:03:45,q5-soak,nifty_swartz,postgres:16,18.39,"70.53MiB / 7.737GiB"
1790741025,2026-09-30T13:03:45,q5-soak,testcontainers-ryuk-60a1f643-95dd-4877-b7ba-7a73bfd492cc,testcontainers/ryuk:0.14.0,0.00,"8.812MiB / 7.737GiB"
1790741025,2026-09-30T13:03:45,q5-soak,external-clickhouse,clickhouse/clickhouse-server:latest,2.89,"1.303GiB / 7.737GiB"
1790741025,2026-09-30T13:03:45,q5-soak,external-kafka,apache/kafka:latest,0.82,"1.07GiB / 7.737GiB"
1790741032,2026-09-30T13:03:52,q5-soak,nifty_swartz,postgres:16,19.01,"72.34MiB / 7.737GiB"
1790741032,2026-09-30T13:03:52,q5-soak,testcontainers-ryuk-60a1f643-95dd-4877-b7ba-7a73bfd492cc,testcontainers/ryuk:0.14.0,0.00,"8.812MiB / 7.737GiB"
1790741032,2026-09-30T13:03:52,q5-soak,external-clickhouse,clickhouse/clickhouse-server:latest,1.82,"1.275GiB / 7.737GiB"
1790741032,2026-09-30T13:03:52,q5-soak,external-kafka,apache/kafka:latest,0.56,"1.07GiB / 7.737GiB"
1790741039,2026-09-30T13:03:59,q5-soak,nifty_swartz,postgres:16,15.22,"73.84MiB / 7.737GiB"
1790741039,2026-09-30T13:03:59,q5-soak,testcontainers-ryuk-60a1f643-95dd-4877-b7ba-7a73bfd492cc,testcontainers/ryuk:0.14.0,0.00,"8.812MiB / 7.737GiB"
1790741039,2026-09-30T13:03:59,q5-soak,external-clickhouse,clickhouse/clickhouse-server:latest,2.54,"1.273GiB / 7.737GiB"
1790741039,2026-09-30T13:03:59,q5-soak,external-kafka,apache/kafka:latest,3.55,"1.072GiB / 7.737GiB"
1790741046,2026-09-30T13:04:06,q5-soak,nifty_swartz,postgres:16,18.46,"75.24MiB / 7.737GiB"
1790741046,2026-09-30T13:04:06,q5-soak,testcontainers-ryuk-60a1f643-95dd-4877-b7ba-7a73bfd492cc,testcontainers/ryuk:0.14.0,0.00,"8.812MiB / 7.737GiB"
1790741046,2026-09-30T13:04:06,q5-soak,external-clickhouse,clickhouse/clickhouse-server:latest,2.92,"1.27GiB / 7.737GiB"
1790741046,2026-09-30T13:04:06,q5-soak,external-kafka,apache/kafka:latest,0.64,"1.07GiB / 7.737GiB"
1790741053,2026-09-30T13:04:13,q5-soak,nifty_swartz,postgres:16,18.96,"76.59MiB / 7.737GiB"
1790741053,2026-09-30T13:04:13,q5-soak,testcontainers-ryuk-60a1f643-95dd-4877-b7ba-7a73bfd492cc,testcontainers/ryuk:0.14.0,0.00,"8.812MiB / 7.737GiB"
1790741053,2026-09-30T13:04:13,q5-soak,external-clickhouse,clickhouse/clickhouse-server:latest,2.20,"1.308GiB / 7.737GiB"
1790741053,2026-09-30T13:04:13,q5-soak,external-kafka,apache/kafka:latest,0.65,"1.07GiB / 7.737GiB"
1790741060,2026-09-30T13:04:20,q5-soak,nifty_swartz,postgres:16,18.95,"78.52MiB / 7.737GiB"
1790741060,2026-09-30T13:04:20,q5-soak,testcontainers-ryuk-60a1f643-95dd-4877-b7ba-7a73bfd492cc,testcontainers/ryuk:0.14.0,0.00,"8.812MiB / 7.737GiB"
1790741060,2026-09-30T13:04:20,q5-soak,external-clickhouse,clickhouse/clickhouse-server:latest,3.06,"1.278GiB / 7.737GiB"
1790741060,2026-09-30T13:04:20,q5-soak,external-kafka,apache/kafka:latest,28.30,"1.106GiB / 7.737GiB"
1790741067,2026-09-30T13:04:27,q5-soak,nifty_swartz,postgres:16,16.08,"79.69MiB / 7.737GiB"
1790741067,2026-09-30T13:04:27,q5-soak,testcontainers-ryuk-60a1f643-95dd-4877-b7ba-7a73bfd492cc,testcontainers/ryuk:0.14.0,0.00,"8.812MiB / 7.737GiB"
1790741067,2026-09-30T13:04:27,q5-soak,external-clickhouse,clickhouse/clickhouse-server:latest,2.17,"1.288GiB / 7.737GiB"
1790741067,2026-09-30T13:04:27,q5-soak,external-kafka,apache/kafka:latest,0.69,"1.07GiB / 7.737GiB"
1790741075,2026-09-30T13:04:35,q5-soak,nifty_swartz,postgres:16,20.85,"81.43MiB / 7.737GiB"
1790741075,2026-09-30T13:04:35,q5-soak,testcontainers-ryuk-60a1f643-95dd-4877-b7ba-7a73bfd492cc,testcontainers/ryuk:0.14.0,0.00,"8.812MiB / 7.737GiB"
1790741075,2026-09-30T13:04:35,q5-soak,external-clickhouse,clickhouse/clickhouse-server:latest,3.55,"1.27GiB / 7.737GiB"
1790741075,2026-09-30T13:04:35,q5-soak,external-kafka,apache/kafka:latest,0.80,"1.07GiB / 7.737GiB"
1790741082,2026-09-30T13:04:42,q5-soak,nifty_swartz,postgres:16,20.52,"82.88MiB / 7.737GiB"
1790741082,2026-09-30T13:04:42,q5-soak,testcontainers-ryuk-60a1f643-95dd-4877-b7ba-7a73bfd492cc,testcontainers/ryuk:0.14.0,0.00,"8.812MiB / 7.737GiB"
1790741082,2026-09-30T13:04:42,q5-soak,external-clickhouse,clickhouse/clickhouse-server:latest,2.47,"1.309GiB / 7.737GiB"
1790741082,2026-09-30T13:04:42,q5-soak,external-kafka,apache/kafka:latest,0.66,"1.07GiB / 7.737GiB"
1790741089,2026-09-30T13:04:49,q5-soak,nifty_swartz,postgres:16,19.43,"86.53MiB / 7.737GiB"
1790741089,2026-09-30T13:04:49,q5-soak,testcontainers-ryuk-60a1f643-95dd-4877-b7ba-7a73bfd492cc,testcontainers/ryuk:0.14.0,0.00,"8.812MiB / 7.737GiB"
1790741089,2026-09-30T13:04:49,q5-soak,external-clickhouse,clickhouse/clickhouse-server:latest,3.52,"1.282GiB / 7.737GiB"
1790741089,2026-09-30T13:04:49,q5-soak,external-kafka,apache/kafka:latest,1.13,"1.07GiB / 7.737GiB"
1790741096,2026-09-30T13:04:56,q5-soak,nifty_swartz,postgres:16,17.39,"88.02MiB / 7.737GiB"
1790741096,2026-09-30T13:04:56,q5-soak,testcontainers-ryuk-60a1f643-95dd-4877-b7ba-7a73bfd492cc,testcontainers/ryuk:0.14.0,0.00,"8.812MiB / 7.737GiB"
1790741096,2026-09-30T13:04:56,q5-soak,external-clickhouse,clickhouse/clickhouse-server:latest,4.73,"1.274GiB / 7.737GiB"
1790741096,2026-09-30T13:04:56,q5-soak,external-kafka,apache/kafka:latest,0.95,"1.07GiB / 7.737GiB"
1790741103,2026-09-30T13:05:03,q5-soak,nifty_swartz,postgres:16,17.29,"89.55MiB / 7.737GiB"
1790741103,2026-09-30T13:05:03,q5-soak,testcontainers-ryuk-60a1f643-95dd-4877-b7ba-7a73bfd492cc,testcontainers/ryuk:0.14.0,0.00,"8.812MiB / 7.737GiB"
1790741103,2026-09-30T13:05:03,q5-soak,external-clickhouse,clickhouse/clickhouse-server:latest,8.14,"1.278GiB / 7.737GiB"
1790741103,2026-09-30T13:05:03,q5-soak,external-kafka,apache/kafka:latest,1.28,"1.07GiB / 7.737GiB"
1790741110,2026-09-30T13:05:10,q5-soak,nifty_swartz,postgres:16,20.14,"90.88MiB / 7.737GiB"
1790741110,2026-09-30T13:05:10,q5-soak,testcontainers-ryuk-60a1f643-95dd-4877-b7ba-7a73bfd492cc,testcontainers/ryuk:0.14.0,0.00,"8.812MiB / 7.737GiB"
1790741110,2026-09-30T13:05:10,q5-soak,external-clickhouse,clickhouse/clickhouse-server:latest,4.14,"1.364GiB / 7.737GiB"
1790741110,2026-09-30T13:05:10,q5-soak,external-kafka,apache/kafka:latest,0.71,"1.07GiB / 7.737GiB"
1790741117,2026-09-30T13:05:17,q5-soak,nifty_swartz,postgres:16,18.75,"92.36MiB / 7.737GiB"
1790741117,2026-09-30T13:05:17,q5-soak,testcontainers-ryuk-60a1f643-95dd-4877-b7ba-7a73bfd492cc,testcontainers/ryuk:0.14.0,0.00,"8.812MiB / 7.737GiB"
1790741117,2026-09-30T13:05:17,q5-soak,external-clickhouse,clickhouse/clickhouse-server:latest,8.03,"1.285GiB / 7.737GiB"
1790741117,2026-09-30T13:05:17,q5-soak,external-kafka,apache/kafka:latest,174.58,"1.153GiB / 7.737GiB"
1790741125,2026-09-30T13:05:25,q5-soak,nifty_swartz,postgres:16,19.56,"94.23MiB / 7.737GiB"
1790741125,2026-09-30T13:05:25,q5-soak,testcontainers-ryuk-60a1f643-95dd-4877-b7ba-7a73bfd492cc,testcontainers/ryuk:0.14.0,0.00,"8.812MiB / 7.737GiB"
1790741125,2026-09-30T13:05:25,q5-soak,external-clickhouse,clickhouse/clickhouse-server:latest,12.58,"1.3GiB / 7.737GiB"
1790741125,2026-09-30T13:05:25,q5-soak,external-kafka,apache/kafka:latest,0.98,"1.07GiB / 7.737GiB"
1790741132,2026-09-30T13:05:32,q5-soak,nifty_swartz,postgres:16,19.02,"95.6MiB / 7.737GiB"
1790741132,2026-09-30T13:05:32,q5-soak,testcontainers-ryuk-60a1f643-95dd-4877-b7ba-7a73bfd492cc,testcontainers/ryuk:0.14.0,0.00,"8.812MiB / 7.737GiB"
1790741132,2026-09-30T13:05:32,q5-soak,external-clickhouse,clickhouse/clickhouse-server:latest,3.24,"1.28GiB / 7.737GiB"
1790741132,2026-09-30T13:05:32,q5-soak,external-kafka,apache/kafka:latest,1.52,"1.07GiB / 7.737GiB"
1790741139,2026-09-30T13:05:39,q5-soak,nifty_swartz,postgres:16,16.96,"96.81MiB / 7.737GiB"
1790741139,2026-09-30T13:05:39,q5-soak,testcontainers-ryuk-60a1f643-95dd-4877-b7ba-7a73bfd492cc,testcontainers/ryuk:0.14.0,0.02,"8.812MiB / 7.737GiB"
1790741139,2026-09-30T13:05:39,q5-soak,external-clickhouse,clickhouse/clickhouse-server:latest,2.65,"1.282GiB / 7.737GiB"
1790741139,2026-09-30T13:05:39,q5-soak,external-kafka,apache/kafka:latest,14.45,"1.073GiB / 7.737GiB"
1790741146,2026-09-30T13:05:46,q5-soak,nifty_swartz,postgres:16,17.18,"98.09MiB / 7.737GiB"
1790741146,2026-09-30T13:05:46,q5-soak,testcontainers-ryuk-60a1f643-95dd-4877-b7ba-7a73bfd492cc,testcontainers/ryuk:0.14.0,0.00,"8.812MiB / 7.737GiB"
1790741146,2026-09-30T13:05:46,q5-soak,external-clickhouse,clickhouse/clickhouse-server:latest,3.96,"1.281GiB / 7.737GiB"
1790741146,2026-09-30T13:05:46,q5-soak,external-kafka,apache/kafka:latest,0.66,"1.07GiB / 7.737GiB"
1790741153,2026-09-30T13:05:53,q5-soak,nifty_swartz,postgres:16,18.26,"99.92MiB / 7.737GiB"
1790741153,2026-09-30T13:05:53,q5-soak,testcontainers-ryuk-60a1f643-95dd-4877-b7ba-7a73bfd492cc,testcontainers/ryuk:0.14.0,0.00,"8.812MiB / 7.737GiB"
1790741153,2026-09-30T13:05:53,q5-soak,external-clickhouse,clickhouse/clickhouse-server:latest,2.83,"1.292GiB / 7.737GiB"
1790741153,2026-09-30T13:05:53,q5-soak,external-kafka,apache/kafka:latest,0.84,"1.07GiB / 7.737GiB"
1790741160,2026-09-30T13:06:00,q5-soak,nifty_swartz,postgres:16,19.75,"101MiB / 7.737GiB"
1790741160,2026-09-30T13:06:00,q5-soak,testcontainers-ryuk-60a1f643-95dd-4877-b7ba-7a73bfd492cc,testcontainers/ryuk:0.14.0,0.00,"8.812MiB / 7.737GiB"
1790741160,2026-09-30T13:06:00,q5-soak,external-clickhouse,clickhouse/clickhouse-server:latest,4.18,"1.255GiB / 7.737GiB"
1790741160,2026-09-30T13:06:00,q5-soak,external-kafka,apache/kafka:latest,94.32,"1.125GiB / 7.737GiB"
1790741168,2026-09-30T13:06:08,q5-soak,fervent_knuth,postgres:16,19.07,"30.99MiB / 7.737GiB"
1790741168,2026-09-30T13:06:08,q5-soak,testcontainers-ryuk-60a1f643-95dd-4877-b7ba-7a73bfd492cc,testcontainers/ryuk:0.14.0,0.00,"8.812MiB / 7.737GiB"
1790741168,2026-09-30T13:06:08,q5-soak,external-clickhouse,clickhouse/clickhouse-server:latest,1.99,"1.256GiB / 7.737GiB"
1790741168,2026-09-30T13:06:08,q5-soak,external-kafka,apache/kafka:latest,1.07,"1.07GiB / 7.737GiB"
1790741175,2026-09-30T13:06:15,q5-soak,fervent_knuth,postgres:16,17.98,"32.25MiB / 7.737GiB"
1790741175,2026-09-30T13:06:15,q5-soak,testcontainers-ryuk-60a1f643-95dd-4877-b7ba-7a73bfd492cc,testcontainers/ryuk:0.14.0,0.00,"8.812MiB / 7.737GiB"
1790741175,2026-09-30T13:06:15,q5-soak,external-clickhouse,clickhouse/clickhouse-server:latest,1.96,"1.261GiB / 7.737GiB"
1790741175,2026-09-30T13:06:15,q5-soak,external-kafka,apache/kafka:latest,0.63,"1.07GiB / 7.737GiB"
1790741182,2026-09-30T13:06:22,q5-soak,fervent_knuth,postgres:16,16.38,"34.54MiB / 7.737GiB"
1790741182,2026-09-30T13:06:22,q5-soak,testcontainers-ryuk-60a1f643-95dd-4877-b7ba-7a73bfd492cc,testcontainers/ryuk:0.14.0,0.00,"8.812MiB / 7.737GiB"
1790741182,2026-09-30T13:06:22,q5-soak,external-clickhouse,clickhouse/clickhouse-server:latest,2.10,"1.288GiB / 7.737GiB"
1790741182,2026-09-30T13:06:22,q5-soak,external-kafka,apache/kafka:latest,0.81,"1.07GiB / 7.737GiB"
1790741189,2026-09-30T13:06:29,q5-soak,fervent_knuth,postgres:16,19.35,"35.93MiB / 7.737GiB"
1790741189,2026-09-30T13:06:29,q5-soak,testcontainers-ryuk-60a1f643-95dd-4877-b7ba-7a73bfd492cc,testcontainers/ryuk:0.14.0,0.00,"8.812MiB / 7.737GiB"
1790741189,2026-09-30T13:06:29,q5-soak,external-clickhouse,clickhouse/clickhouse-server:latest,1.73,"1.263GiB / 7.737GiB"
1790741189,2026-09-30T13:06:29,q5-soak,external-kafka,apache/kafka:latest,0.52,"1.07GiB / 7.737GiB"
1790741196,2026-09-30T13:06:36,q5-soak,fervent_knuth,postgres:16,16.08,"38.06MiB / 7.737GiB"
1790741196,2026-09-30T13:06:36,q5-soak,testcontainers-ryuk-60a1f643-95dd-4877-b7ba-7a73bfd492cc,testcontainers/ryuk:0.14.0,0.00,"8.812MiB / 7.737GiB"
1790741196,2026-09-30T13:06:36,q5-soak,external-clickhouse,clickhouse/clickhouse-server:latest,4.21,"1.259GiB / 7.737GiB"
1790741196,2026-09-30T13:06:36,q5-soak,external-kafka,apache/kafka:latest,1.21,"1.07GiB / 7.737GiB"
1790741204,2026-09-30T13:06:44,q5-soak,fervent_knuth,postgres:16,15.69,"40.26MiB / 7.737GiB"
1790741204,2026-09-30T13:06:44,q5-soak,testcontainers-ryuk-60a1f643-95dd-4877-b7ba-7a73bfd492cc,testcontainers/ryuk:0.14.0,0.00,"8.812MiB / 7.737GiB"
1790741204,2026-09-30T13:06:44,q5-soak,external-clickhouse,clickhouse/clickhouse-server:latest,2.13,"1.267GiB / 7.737GiB"
1790741204,2026-09-30T13:06:44,q5-soak,external-kafka,apache/kafka:latest,0.61,"1.07GiB / 7.737GiB"
1790741211,2026-09-30T13:06:51,q5-soak,fervent_knuth,postgres:16,17.57,"41.79MiB / 7.737GiB"
1790741211,2026-09-30T13:06:51,q5-soak,testcontainers-ryuk-60a1f643-95dd-4877-b7ba-7a73bfd492cc,testcontainers/ryuk:0.14.0,0.00,"8.812MiB / 7.737GiB"
1790741211,2026-09-30T13:06:51,q5-soak,external-clickhouse,clickhouse/clickhouse-server:latest,4.93,"1.295GiB / 7.737GiB"
1790741211,2026-09-30T13:06:51,q5-soak,external-kafka,apache/kafka:latest,0.87,"1.07GiB / 7.737GiB"
1790741218,2026-09-30T13:06:58,q5-soak,fervent_knuth,postgres:16,18.13,"45.18MiB / 7.737GiB"
1790741218,2026-09-30T13:06:58,q5-soak,testcontainers-ryuk-60a1f643-95dd-4877-b7ba-7a73bfd492cc,testcontainers/ryuk:0.14.0,0.00,"8.812MiB / 7.737GiB"
1790741218,2026-09-30T13:06:58,q5-soak,external-clickhouse,clickhouse/clickhouse-server:latest,3.28,"1.259GiB / 7.737GiB"
1790741218,2026-09-30T13:06:58,q5-soak,external-kafka,apache/kafka:latest,119.96,"1.154GiB / 7.737GiB"
1790741225,2026-09-30T13:07:05,q5-soak,fervent_knuth,postgres:16,16.27,"46.68MiB / 7.737GiB"
1790741225,2026-09-30T13:07:05,q5-soak,testcontainers-ryuk-60a1f643-95dd-4877-b7ba-7a73bfd492cc,testcontainers/ryuk:0.14.0,0.00,"8.812MiB / 7.737GiB"
1790741225,2026-09-30T13:07:05,q5-soak,external-clickhouse,clickhouse/clickhouse-server:latest,3.43,"1.264GiB / 7.737GiB"
1790741225,2026-09-30T13:07:05,q5-soak,external-kafka,apache/kafka:latest,0.57,"1.07GiB / 7.737GiB"
1790741232,2026-09-30T13:07:12,q5-soak,fervent_knuth,postgres:16,19.70,"48.52MiB / 7.737GiB"
1790741232,2026-09-30T13:07:12,q5-soak,testcontainers-ryuk-60a1f643-95dd-4877-b7ba-7a73bfd492cc,testcontainers/ryuk:0.14.0,0.00,"8.812MiB / 7.737GiB"
1790741232,2026-09-30T13:07:12,q5-soak,external-clickhouse,clickhouse/clickhouse-server:latest,4.72,"1.264GiB / 7.737GiB"
1790741232,2026-09-30T13:07:12,q5-soak,external-kafka,apache/kafka:latest,0.84,"1.07GiB / 7.737GiB"
1790741239,2026-09-30T13:07:19,q5-soak,fervent_knuth,postgres:16,14.38,"50.34MiB / 7.737GiB"
1790741239,2026-09-30T13:07:19,q5-soak,testcontainers-ryuk-60a1f643-95dd-4877-b7ba-7a73bfd492cc,testcontainers/ryuk:0.14.0,0.00,"8.812MiB / 7.737GiB"
1790741239,2026-09-30T13:07:19,q5-soak,external-clickhouse,clickhouse/clickhouse-server:latest,2.76,"1.31GiB / 7.737GiB"
1790741239,2026-09-30T13:07:19,q5-soak,external-kafka,apache/kafka:latest,46.41,"1.112GiB / 7.737GiB"
1790741246,2026-09-30T13:07:26,q5-soak,fervent_knuth,postgres:16,15.55,"51.79MiB / 7.737GiB"
1790741246,2026-09-30T13:07:26,q5-soak,testcontainers-ryuk-60a1f643-95dd-4877-b7ba-7a73bfd492cc,testcontainers/ryuk:0.14.0,0.00,"8.812MiB / 7.737GiB"
1790741246,2026-09-30T13:07:26,q5-soak,external-clickhouse,clickhouse/clickhouse-server:latest,5.02,"1.289GiB / 7.737GiB"
1790741246,2026-09-30T13:07:26,q5-soak,external-kafka,apache/kafka:latest,0.47,"1.07GiB / 7.737GiB"
1790741254,2026-09-30T13:07:34,q5-soak,fervent_knuth,postgres:16,17.64,"53.5MiB / 7.737GiB"
1790741254,2026-09-30T13:07:34,q5-soak,testcontainers-ryuk-60a1f643-95dd-4877-b7ba-7a73bfd492cc,testcontainers/ryuk:0.14.0,0.00,"8.812MiB / 7.737GiB"
1790741254,2026-09-30T13:07:34,q5-soak,external-clickhouse,clickhouse/clickhouse-server:latest,3.43,"1.26GiB / 7.737GiB"
1790741254,2026-09-30T13:07:34,q5-soak,external-kafka,apache/kafka:latest,1.55,"1.07GiB / 7.737GiB"
1790741261,2026-09-30T13:07:41,q5-soak,fervent_knuth,postgres:16,17.60,"55.17MiB / 7.737GiB"
1790741261,2026-09-30T13:07:41,q5-soak,testcontainers-ryuk-60a1f643-95dd-4877-b7ba-7a73bfd492cc,testcontainers/ryuk:0.14.0,0.00,"8.812MiB / 7.737GiB"
1790741261,2026-09-30T13:07:41,q5-soak,external-clickhouse,clickhouse/clickhouse-server:latest,20.63,"1.26GiB / 7.737GiB"
1790741261,2026-09-30T13:07:41,q5-soak,external-kafka,apache/kafka:latest,90.12,"1.124GiB / 7.737GiB"
1790741268,2026-09-30T13:07:48,q5-soak,fervent_knuth,postgres:16,18.80,"57MiB / 7.737GiB"
1790741268,2026-09-30T13:07:48,q5-soak,testcontainers-ryuk-60a1f643-95dd-4877-b7ba-7a73bfd492cc,testcontainers/ryuk:0.14.0,0.00,"8.812MiB / 7.737GiB"
1790741268,2026-09-30T13:07:48,q5-soak,external-clickhouse,clickhouse/clickhouse-server:latest,25.26,"1.305GiB / 7.737GiB"
1790741268,2026-09-30T13:07:48,q5-soak,external-kafka,apache/kafka:latest,9.80,"1.07GiB / 7.737GiB"
1790741275,2026-09-30T13:07:55,q5-soak,fervent_knuth,postgres:16,18.90,"59.01MiB / 7.737GiB"
1790741275,2026-09-30T13:07:55,q5-soak,testcontainers-ryuk-60a1f643-95dd-4877-b7ba-7a73bfd492cc,testcontainers/ryuk:0.14.0,0.00,"8.812MiB / 7.737GiB"
1790741275,2026-09-30T13:07:55,q5-soak,external-clickhouse,clickhouse/clickhouse-server:latest,2.98,"1.277GiB / 7.737GiB"
1790741275,2026-09-30T13:07:55,q5-soak,external-kafka,apache/kafka:latest,0.49,"1.07GiB / 7.737GiB"
1790741282,2026-09-30T13:08:02,q5-soak,fervent_knuth,postgres:16,19.29,"61.29MiB / 7.737GiB"
1790741282,2026-09-30T13:08:02,q5-soak,testcontainers-ryuk-60a1f643-95dd-4877-b7ba-7a73bfd492cc,testcontainers/ryuk:0.14.0,0.00,"8.812MiB / 7.737GiB"
1790741282,2026-09-30T13:08:02,q5-soak,external-clickhouse,clickhouse/clickhouse-server:latest,4.73,"1.266GiB / 7.737GiB"
1790741282,2026-09-30T13:08:02,q5-soak,external-kafka,apache/kafka:latest,0.61,"1.07GiB / 7.737GiB"
1790741289,2026-09-30T13:08:09,q5-soak,fervent_knuth,postgres:16,15.67,"62.73MiB / 7.737GiB"
1790741289,2026-09-30T13:08:09,q5-soak,testcontainers-ryuk-60a1f643-95dd-4877-b7ba-7a73bfd492cc,testcontainers/ryuk:0.14.0,0.00,"8.812MiB / 7.737GiB"
1790741289,2026-09-30T13:08:09,q5-soak,external-clickhouse,clickhouse/clickhouse-server:latest,2.51,"1.26GiB / 7.737GiB"
1790741289,2026-09-30T13:08:09,q5-soak,external-kafka,apache/kafka:latest,0.85,"1.07GiB / 7.737GiB"
1790741297,2026-09-30T13:08:17,q5-soak,fervent_knuth,postgres:16,14.60,"64.2MiB / 7.737GiB"
1790741297,2026-09-30T13:08:17,q5-soak,testcontainers-ryuk-60a1f643-95dd-4877-b7ba-7a73bfd492cc,testcontainers/ryuk:0.14.0,0.00,"8.812MiB / 7.737GiB"
1790741297,2026-09-30T13:08:17,q5-soak,external-clickhouse,clickhouse/clickhouse-server:latest,3.92,"1.262GiB / 7.737GiB"
1790741297,2026-09-30T13:08:17,q5-soak,external-kafka,apache/kafka:latest,1.33,"1.07GiB / 7.737GiB"
1790741304,2026-09-30T13:08:24,q5-soak,fervent_knuth,postgres:16,16.31,"66.21MiB / 7.737GiB"
1790741304,2026-09-30T13:08:24,q5-soak,testcontainers-ryuk-60a1f643-95dd-4877-b7ba-7a73bfd492cc,testcontainers/ryuk:0.14.0,0.00,"8.812MiB / 7.737GiB"
1790741304,2026-09-30T13:08:24,q5-soak,external-clickhouse,clickhouse/clickhouse-server:latest,3.51,"1.267GiB / 7.737GiB"
1790741304,2026-09-30T13:08:24,q5-soak,external-kafka,apache/kafka:latest,0.71,"1.07GiB / 7.737GiB"
1790741311,2026-09-30T13:08:31,q5-soak,fervent_knuth,postgres:16,18.23,"69.24MiB / 7.737GiB"
1790741311,2026-09-30T13:08:31,q5-soak,testcontainers-ryuk-60a1f643-95dd-4877-b7ba-7a73bfd492cc,testcontainers/ryuk:0.14.0,0.00,"8.812MiB / 7.737GiB"
1790741311,2026-09-30T13:08:31,q5-soak,external-clickhouse,clickhouse/clickhouse-server:latest,2.64,"1.269GiB / 7.737GiB"
1790741311,2026-09-30T13:08:31,q5-soak,external-kafka,apache/kafka:latest,0.71,"1.07GiB / 7.737GiB"
1790741318,2026-09-30T13:08:38,q5-soak,fervent_knuth,postgres:16,11.68,"70.75MiB / 7.737GiB"
1790741318,2026-09-30T13:08:38,q5-soak,testcontainers-ryuk-60a1f643-95dd-4877-b7ba-7a73bfd492cc,testcontainers/ryuk:0.14.0,0.00,"8.812MiB / 7.737GiB"
1790741318,2026-09-30T13:08:38,q5-soak,external-clickhouse,clickhouse/clickhouse-server:latest,5.66,"1.274GiB / 7.737GiB"
1790741318,2026-09-30T13:08:38,q5-soak,external-kafka,apache/kafka:latest,186.72,"1.136GiB / 7.737GiB"
1790741325,2026-09-30T13:08:45,q5-soak,fervent_knuth,postgres:16,19.27,"73.02MiB / 7.737GiB"
1790741325,2026-09-30T13:08:45,q5-soak,testcontainers-ryuk-60a1f643-95dd-4877-b7ba-7a73bfd492cc,testcontainers/ryuk:0.14.0,0.00,"8.812MiB / 7.737GiB"
1790741325,2026-09-30T13:08:45,q5-soak,external-clickhouse,clickhouse/clickhouse-server:latest,2.56,"1.263GiB / 7.737GiB"
1790741325,2026-09-30T13:08:45,q5-soak,external-kafka,apache/kafka:latest,0.72,"1.07GiB / 7.737GiB"
1790741332,2026-09-30T13:08:52,q5-soak,fervent_knuth,postgres:16,21.73,"74.64MiB / 7.737GiB"
1790741332,2026-09-30T13:08:52,q5-soak,testcontainers-ryuk-60a1f643-95dd-4877-b7ba-7a73bfd492cc,testcontainers/ryuk:0.14.0,0.00,"8.812MiB / 7.737GiB"
1790741332,2026-09-30T13:08:52,q5-soak,external-clickhouse,clickhouse/clickhouse-server:latest,2.07,"1.314GiB / 7.737GiB"
1790741332,2026-09-30T13:08:52,q5-soak,external-kafka,apache/kafka:latest,0.80,"1.07GiB / 7.737GiB"
1790741339,2026-09-30T13:08:59,q5-soak,fervent_knuth,postgres:16,15.67,"76.33MiB / 7.737GiB"
1790741339,2026-09-30T13:08:59,q5-soak,testcontainers-ryuk-60a1f643-95dd-4877-b7ba-7a73bfd492cc,testcontainers/ryuk:0.14.0,0.00,"8.812MiB / 7.737GiB"
1790741339,2026-09-30T13:08:59,q5-soak,external-clickhouse,clickhouse/clickhouse-server:latest,1.92,"1.278GiB / 7.737GiB"
1790741339,2026-09-30T13:08:59,q5-soak,external-kafka,apache/kafka:latest,1.02,"1.07GiB / 7.737GiB"
1790741347,2026-09-30T13:09:07,q5-soak,fervent_knuth,postgres:16,9.62,"77.58MiB / 7.737GiB"
1790741347,2026-09-30T13:09:07,q5-soak,testcontainers-ryuk-60a1f643-95dd-4877-b7ba-7a73bfd492cc,testcontainers/ryuk:0.14.0,0.00,"8.812MiB / 7.737GiB"
1790741347,2026-09-30T13:09:07,q5-soak,external-clickhouse,clickhouse/clickhouse-server:latest,4.05,"1.277GiB / 7.737GiB"
1790741347,2026-09-30T13:09:07,q5-soak,external-kafka,apache/kafka:latest,1.07,"1.07GiB / 7.737GiB"
1790741354,2026-09-30T13:09:14,q5-soak,fervent_knuth,postgres:16,16.38,"79.23MiB / 7.737GiB"
1790741354,2026-09-30T13:09:14,q5-soak,testcontainers-ryuk-60a1f643-95dd-4877-b7ba-7a73bfd492cc,testcontainers/ryuk:0.14.0,0.00,"8.812MiB / 7.737GiB"
1790741354,2026-09-30T13:09:14,q5-soak,external-clickhouse,clickhouse/clickhouse-server:latest,2.21,"1.273GiB / 7.737GiB"
1790741354,2026-09-30T13:09:14,q5-soak,external-kafka,apache/kafka:latest,0.83,"1.07GiB / 7.737GiB"
1790741361,2026-09-30T13:09:21,q5-soak,fervent_knuth,postgres:16,18.12,"80.66MiB / 7.737GiB"
1790741361,2026-09-30T13:09:21,q5-soak,testcontainers-ryuk-60a1f643-95dd-4877-b7ba-7a73bfd492cc,testcontainers/ryuk:0.14.0,0.00,"8.812MiB / 7.737GiB"
1790741361,2026-09-30T13:09:21,q5-soak,external-clickhouse,clickhouse/clickhouse-server:latest,3.42,"1.309GiB / 7.737GiB"
1790741361,2026-09-30T13:09:21,q5-soak,external-kafka,apache/kafka:latest,0.80,"1.07GiB / 7.737GiB"
1790741368,2026-09-30T13:09:28,q5-soak,fervent_knuth,postgres:16,20.19,"82.05MiB / 7.737GiB"
1790741368,2026-09-30T13:09:28,q5-soak,testcontainers-ryuk-60a1f643-95dd-4877-b7ba-7a73bfd492cc,testcontainers/ryuk:0.14.0,0.00,"8.812MiB / 7.737GiB"
1790741368,2026-09-30T13:09:28,q5-soak,external-clickhouse,clickhouse/clickhouse-server:latest,3.83,"1.28GiB / 7.737GiB"
1790741368,2026-09-30T13:09:28,q5-soak,external-kafka,apache/kafka:latest,0.92,"1.07GiB / 7.737GiB"
1790741375,2026-09-30T13:09:35,q5-soak,fervent_knuth,postgres:16,29.31,"91.58MiB / 7.737GiB"
1790741375,2026-09-30T13:09:35,q5-soak,testcontainers-ryuk-60a1f643-95dd-4877-b7ba-7a73bfd492cc,testcontainers/ryuk:0.14.0,0.00,"8.812MiB / 7.737GiB"
1790741375,2026-09-30T13:09:35,q5-soak,external-clickhouse,clickhouse/clickhouse-server:latest,3.23,"1.277GiB / 7.737GiB"
1790741375,2026-09-30T13:09:35,q5-soak,external-kafka,apache/kafka:latest,0.93,"1.07GiB / 7.737GiB"
1790741382,2026-09-30T13:09:42,q5-soak,fervent_knuth,postgres:16,19.66,"86.2MiB / 7.737GiB"
1790741382,2026-09-30T13:09:42,q5-soak,testcontainers-ryuk-60a1f643-95dd-4877-b7ba-7a73bfd492cc,testcontainers/ryuk:0.14.0,0.00,"8.812MiB / 7.737GiB"
1790741382,2026-09-30T13:09:42,q5-soak,external-clickhouse,clickhouse/clickhouse-server:latest,2.41,"1.282GiB / 7.737GiB"
1790741382,2026-09-30T13:09:42,q5-soak,external-kafka,apache/kafka:latest,0.76,"1.07GiB / 7.737GiB"
1790741390,2026-09-30T13:09:50,q5-soak,fervent_knuth,postgres:16,18.68,"87.95MiB / 7.737GiB"
1790741390,2026-09-30T13:09:50,q5-soak,testcontainers-ryuk-60a1f643-95dd-4877-b7ba-7a73bfd492cc,testcontainers/ryuk:0.14.0,0.00,"8.812MiB / 7.737GiB"
1790741390,2026-09-30T13:09:50,q5-soak,external-clickhouse,clickhouse/clickhouse-server:latest,26.20,"1.317GiB / 7.737GiB"
1790741390,2026-09-30T13:09:50,q5-soak,external-kafka,apache/kafka:latest,0.95,"1.07GiB / 7.737GiB"
1790741397,2026-09-30T13:09:57,q5-soak,fervent_knuth,postgres:16,12.49,"89.61MiB / 7.737GiB"
1790741397,2026-09-30T13:09:57,q5-soak,testcontainers-ryuk-60a1f643-95dd-4877-b7ba-7a73bfd492cc,testcontainers/ryuk:0.14.0,0.00,"8.812MiB / 7.737GiB"
1790741397,2026-09-30T13:09:57,q5-soak,external-clickhouse,clickhouse/clickhouse-server:latest,9.57,"1.272GiB / 7.737GiB"
1790741397,2026-09-30T13:09:57,q5-soak,external-kafka,apache/kafka:latest,79.34,"1.07GiB / 7.737GiB"
1790741404,2026-09-30T13:10:04,q5-soak,fervent_knuth,postgres:16,16.09,"91.87MiB / 7.737GiB"
1790741404,2026-09-30T13:10:04,q5-soak,testcontainers-ryuk-60a1f643-95dd-4877-b7ba-7a73bfd492cc,testcontainers/ryuk:0.14.0,0.00,"8.812MiB / 7.737GiB"
1790741404,2026-09-30T13:10:04,q5-soak,external-clickhouse,clickhouse/clickhouse-server:latest,2.20,"1.274GiB / 7.737GiB"
1790741404,2026-09-30T13:10:04,q5-soak,external-kafka,apache/kafka:latest,0.86,"1.07GiB / 7.737GiB"
1790741411,2026-09-30T13:10:11,q5-soak,fervent_knuth,postgres:16,17.28,"93.63MiB / 7.737GiB"
1790741411,2026-09-30T13:10:11,q5-soak,testcontainers-ryuk-60a1f643-95dd-4877-b7ba-7a73bfd492cc,testcontainers/ryuk:0.14.0,0.00,"8.812MiB / 7.737GiB"
1790741411,2026-09-30T13:10:11,q5-soak,external-clickhouse,clickhouse/clickhouse-server:latest,2.30,"1.28GiB / 7.737GiB"
1790741411,2026-09-30T13:10:11,q5-soak,external-kafka,apache/kafka:latest,0.55,"1.07GiB / 7.737GiB"
1790741418,2026-09-30T13:10:18,q5-soak,fervent_knuth,postgres:16,16.84,"95.53MiB / 7.737GiB"
1790741418,2026-09-30T13:10:18,q5-soak,testcontainers-ryuk-60a1f643-95dd-4877-b7ba-7a73bfd492cc,testcontainers/ryuk:0.14.0,0.00,"8.812MiB / 7.737GiB"
1790741418,2026-09-30T13:10:18,q5-soak,external-clickhouse,clickhouse/clickhouse-server:latest,2.98,"1.27GiB / 7.737GiB"
1790741418,2026-09-30T13:10:18,q5-soak,external-kafka,apache/kafka:latest,97.41,"1.133GiB / 7.737GiB"
1790741425,2026-09-30T13:10:25,q5-soak,fervent_knuth,postgres:16,16.98,"98MiB / 7.737GiB"
1790741425,2026-09-30T13:10:25,q5-soak,testcontainers-ryuk-60a1f643-95dd-4877-b7ba-7a73bfd492cc,testcontainers/ryuk:0.14.0,0.00,"8.812MiB / 7.737GiB"
1790741425,2026-09-30T13:10:25,q5-soak,external-clickhouse,clickhouse/clickhouse-server:latest,2.65,"1.288GiB / 7.737GiB"
1790741425,2026-09-30T13:10:25,q5-soak,external-kafka,apache/kafka:latest,0.65,"1.07GiB / 7.737GiB"
1790741432,2026-09-30T13:10:32,Q7ForShareRejectDiagnostics,testcontainers-ryuk-60a1f643-95dd-4877-b7ba-7a73bfd492cc,testcontainers/ryuk:0.14.0,0.00,"8.844MiB / 7.737GiB"
1790741432,2026-09-30T13:10:32,Q7ForShareRejectDiagnostics,external-clickhouse,clickhouse/clickhouse-server:latest,3.44,"1.277GiB / 7.737GiB"
1790741432,2026-09-30T13:10:32,Q7ForShareRejectDiagnostics,external-kafka,apache/kafka:latest,1.12,"1.07GiB / 7.737GiB"
1790741432,2026-09-30T13:10:32,Q7ForShareRejectDiagnostics,testcontainers-ryuk-76ba6808-77b1-448a-a2b7-b1d44ebbd0d3,testcontainers/ryuk:0.14.0,1.98,"8.75MiB / 7.737GiB"
1790741432,2026-09-30T13:10:32,Q7ForShareRejectDiagnostics,dreamy_kepler,postgres:16,15.36,"30.93MiB / 7.737GiB"
1790741441,2026-09-30T13:10:41,Q7ForShareRejectDiagnostics,dreamy_kepler,postgres:16,16.03,"31.72MiB / 7.737GiB"
1790741441,2026-09-30T13:10:41,Q7ForShareRejectDiagnostics,testcontainers-ryuk-76ba6808-77b1-448a-a2b7-b1d44ebbd0d3,testcontainers/ryuk:0.14.0,0.00,"8.75MiB / 7.737GiB"
1790741441,2026-09-30T13:10:41,Q7ForShareRejectDiagnostics,external-clickhouse,clickhouse/clickhouse-server:latest,2.05,"1.282GiB / 7.737GiB"
1790741441,2026-09-30T13:10:41,Q7ForShareRejectDiagnostics,external-kafka,apache/kafka:latest,32.03,"1.07GiB / 7.737GiB"
1790741448,2026-09-30T13:10:48,Q7ForShareRejectDiagnostics,dreamy_kepler,postgres:16,19.43,"33.79MiB / 7.737GiB"
1790741448,2026-09-30T13:10:48,Q7ForShareRejectDiagnostics,testcontainers-ryuk-76ba6808-77b1-448a-a2b7-b1d44ebbd0d3,testcontainers/ryuk:0.14.0,0.00,"8.75MiB / 7.737GiB"
1790741448,2026-09-30T13:10:48,Q7ForShareRejectDiagnostics,external-clickhouse,clickhouse/clickhouse-server:latest,2.83,"1.286GiB / 7.737GiB"
1790741448,2026-09-30T13:10:48,Q7ForShareRejectDiagnostics,external-kafka,apache/kafka:latest,0.80,"1.07GiB / 7.737GiB"
1790741455,2026-09-30T13:10:55,Q7ForShareRejectDiagnostics,dreamy_kepler,postgres:16,20.51,"35.26MiB / 7.737GiB"
1790741455,2026-09-30T13:10:55,Q7ForShareRejectDiagnostics,testcontainers-ryuk-76ba6808-77b1-448a-a2b7-b1d44ebbd0d3,testcontainers/ryuk:0.14.0,0.00,"8.75MiB / 7.737GiB"
1790741455,2026-09-30T13:10:55,Q7ForShareRejectDiagnostics,external-clickhouse,clickhouse/clickhouse-server:latest,2.48,"1.273GiB / 7.737GiB"
1790741455,2026-09-30T13:10:55,Q7ForShareRejectDiagnostics,external-kafka,apache/kafka:latest,0.59,"1.07GiB / 7.737GiB"
1790741462,2026-09-30T13:11:02,Q7ForShareRejectDiagnostics,dreamy_kepler,postgres:16,17.58,"36.39MiB / 7.737GiB"
1790741462,2026-09-30T13:11:02,Q7ForShareRejectDiagnostics,testcontainers-ryuk-76ba6808-77b1-448a-a2b7-b1d44ebbd0d3,testcontainers/ryuk:0.14.0,0.07,"8.75MiB / 7.737GiB"
1790741462,2026-09-30T13:11:02,Q7ForShareRejectDiagnostics,external-clickhouse,clickhouse/clickhouse-server:latest,4.27,"1.297GiB / 7.737GiB"
1790741462,2026-09-30T13:11:02,Q7ForShareRejectDiagnostics,external-kafka,apache/kafka:latest,0.86,"1.07GiB / 7.737GiB"
1790741469,2026-09-30T13:11:09,Q7ForShareRejectDiagnostics,dreamy_kepler,postgres:16,19.28,"38.18MiB / 7.737GiB"
1790741469,2026-09-30T13:11:09,Q7ForShareRejectDiagnostics,testcontainers-ryuk-76ba6808-77b1-448a-a2b7-b1d44ebbd0d3,testcontainers/ryuk:0.14.0,0.00,"8.75MiB / 7.737GiB"
1790741469,2026-09-30T13:11:09,Q7ForShareRejectDiagnostics,external-clickhouse,clickhouse/clickhouse-server:latest,2.01,"1.266GiB / 7.737GiB"
1790741469,2026-09-30T13:11:09,Q7ForShareRejectDiagnostics,external-kafka,apache/kafka:latest,0.97,"1.07GiB / 7.737GiB"
1790741476,2026-09-30T13:11:16,Q7ForShareRejectDiagnostics,dreamy_kepler,postgres:16,16.18,"38.97MiB / 7.737GiB"
1790741476,2026-09-30T13:11:16,Q7ForShareRejectDiagnostics,testcontainers-ryuk-76ba6808-77b1-448a-a2b7-b1d44ebbd0d3,testcontainers/ryuk:0.14.0,0.00,"8.75MiB / 7.737GiB"
1790741476,2026-09-30T13:11:16,Q7ForShareRejectDiagnostics,external-clickhouse,clickhouse/clickhouse-server:latest,2.88,"1.264GiB / 7.737GiB"
1790741476,2026-09-30T13:11:16,Q7ForShareRejectDiagnostics,external-kafka,apache/kafka:latest,0.65,"1.07GiB / 7.737GiB"
1790741484,2026-09-30T13:11:24,Q7ForShareRejectDiagnostics,dreamy_kepler,postgres:16,18.94,"42.19MiB / 7.737GiB"
1790741484,2026-09-30T13:11:24,Q7ForShareRejectDiagnostics,testcontainers-ryuk-76ba6808-77b1-448a-a2b7-b1d44ebbd0d3,testcontainers/ryuk:0.14.0,0.00,"8.75MiB / 7.737GiB"
1790741484,2026-09-30T13:11:24,Q7ForShareRejectDiagnostics,external-clickhouse,clickhouse/clickhouse-server:latest,3.17,"1.268GiB / 7.737GiB"
1790741484,2026-09-30T13:11:24,Q7ForShareRejectDiagnostics,external-kafka,apache/kafka:latest,1.02,"1.07GiB / 7.737GiB"
1790741491,2026-09-30T13:11:31,Q7ForShareRejectDiagnostics,dreamy_kepler,postgres:16,17.29,"42.76MiB / 7.737GiB"
1790741491,2026-09-30T13:11:31,Q7ForShareRejectDiagnostics,testcontainers-ryuk-76ba6808-77b1-448a-a2b7-b1d44ebbd0d3,testcontainers/ryuk:0.14.0,0.00,"8.75MiB / 7.737GiB"
1790741491,2026-09-30T13:11:31,Q7ForShareRejectDiagnostics,external-clickhouse,clickhouse/clickhouse-server:latest,2.26,"1.263GiB / 7.737GiB"
1790741491,2026-09-30T13:11:31,Q7ForShareRejectDiagnostics,external-kafka,apache/kafka:latest,0.79,"1.07GiB / 7.737GiB"
1790741498,2026-09-30T13:11:38,Q7ForShareRejectDiagnostics,dreamy_kepler,postgres:16,7.57,"42.73MiB / 7.737GiB"
1790741498,2026-09-30T13:11:38,Q7ForShareRejectDiagnostics,testcontainers-ryuk-76ba6808-77b1-448a-a2b7-b1d44ebbd0d3,testcontainers/ryuk:0.14.0,0.00,"8.75MiB / 7.737GiB"
1790741498,2026-09-30T13:11:38,Q7ForShareRejectDiagnostics,external-clickhouse,clickhouse/clickhouse-server:latest,2.98,"1.344GiB / 7.737GiB"
1790741498,2026-09-30T13:11:38,Q7ForShareRejectDiagnostics,external-kafka,apache/kafka:latest,1.17,"1.07GiB / 7.737GiB"
1790741505,2026-09-30T13:11:45,Q7ForShareRejectDiagnostics,dreamy_kepler,postgres:16,17.97,"44.13MiB / 7.737GiB"
1790741505,2026-09-30T13:11:45,Q7ForShareRejectDiagnostics,testcontainers-ryuk-76ba6808-77b1-448a-a2b7-b1d44ebbd0d3,testcontainers/ryuk:0.14.0,0.00,"8.75MiB / 7.737GiB"
1790741505,2026-09-30T13:11:45,Q7ForShareRejectDiagnostics,external-clickhouse,clickhouse/clickhouse-server:latest,2.02,"1.267GiB / 7.737GiB"
1790741505,2026-09-30T13:11:45,Q7ForShareRejectDiagnostics,external-kafka,apache/kafka:latest,0.91,"1.07GiB / 7.737GiB"
1790741512,2026-09-30T13:11:53,Q7ForShareRejectDiagnostics,dreamy_kepler,postgres:16,19.31,"44.94MiB / 7.737GiB"
1790741512,2026-09-30T13:11:53,Q7ForShareRejectDiagnostics,testcontainers-ryuk-76ba6808-77b1-448a-a2b7-b1d44ebbd0d3,testcontainers/ryuk:0.14.0,0.00,"8.75MiB / 7.737GiB"
1790741512,2026-09-30T13:11:53,Q7ForShareRejectDiagnostics,external-clickhouse,clickhouse/clickhouse-server:latest,6.82,"1.27GiB / 7.737GiB"
1790741512,2026-09-30T13:11:53,Q7ForShareRejectDiagnostics,external-kafka,apache/kafka:latest,0.94,"1.07GiB / 7.737GiB"
1790741520,2026-09-30T13:12:00,Q7ForShareRejectDiagnostics,dreamy_kepler,postgres:16,19.76,"45.98MiB / 7.737GiB"
1790741520,2026-09-30T13:12:00,Q7ForShareRejectDiagnostics,testcontainers-ryuk-76ba6808-77b1-448a-a2b7-b1d44ebbd0d3,testcontainers/ryuk:0.14.0,0.00,"8.75MiB / 7.737GiB"
1790741520,2026-09-30T13:12:00,Q7ForShareRejectDiagnostics,external-clickhouse,clickhouse/clickhouse-server:latest,2.66,"1.279GiB / 7.737GiB"
1790741520,2026-09-30T13:12:00,Q7ForShareRejectDiagnostics,external-kafka,apache/kafka:latest,65.78,"1.07GiB / 7.737GiB"
1790741527,2026-09-30T13:12:07,Q7ForShareRejectDiagnostics,dreamy_kepler,postgres:16,13.78,"46.62MiB / 7.737GiB"
1790741527,2026-09-30T13:12:07,Q7ForShareRejectDiagnostics,testcontainers-ryuk-76ba6808-77b1-448a-a2b7-b1d44ebbd0d3,testcontainers/ryuk:0.14.0,0.00,"8.75MiB / 7.737GiB"
1790741527,2026-09-30T13:12:07,Q7ForShareRejectDiagnostics,external-clickhouse,clickhouse/clickhouse-server:latest,3.11,"1.268GiB / 7.737GiB"
1790741527,2026-09-30T13:12:07,Q7ForShareRejectDiagnostics,external-kafka,apache/kafka:latest,0.75,"1.07GiB / 7.737GiB"
1790741534,2026-09-30T13:12:14,Q7ForShareRejectDiagnostics,dreamy_kepler,postgres:16,21.42,"47.77MiB / 7.737GiB"
1790741534,2026-09-30T13:12:14,Q7ForShareRejectDiagnostics,testcontainers-ryuk-76ba6808-77b1-448a-a2b7-b1d44ebbd0d3,testcontainers/ryuk:0.14.0,0.00,"8.75MiB / 7.737GiB"
1790741534,2026-09-30T13:12:14,Q7ForShareRejectDiagnostics,external-clickhouse,clickhouse/clickhouse-server:latest,2.69,"1.347GiB / 7.737GiB"
1790741534,2026-09-30T13:12:14,Q7ForShareRejectDiagnostics,external-kafka,apache/kafka:latest,0.93,"1.07GiB / 7.737GiB"
1790741541,2026-09-30T13:12:21,Q7ForShareRejectDiagnostics,dreamy_kepler,postgres:16,16.64,"48.56MiB / 7.737GiB"
1790741541,2026-09-30T13:12:21,Q7ForShareRejectDiagnostics,testcontainers-ryuk-76ba6808-77b1-448a-a2b7-b1d44ebbd0d3,testcontainers/ryuk:0.14.0,0.00,"8.75MiB / 7.737GiB"
1790741541,2026-09-30T13:12:21,Q7ForShareRejectDiagnostics,external-clickhouse,clickhouse/clickhouse-server:latest,4.67,"1.275GiB / 7.737GiB"
1790741541,2026-09-30T13:12:21,Q7ForShareRejectDiagnostics,external-kafka,apache/kafka:latest,52.13,"1.07GiB / 7.737GiB"
1790741548,2026-09-30T13:12:28,Q7ForShareRejectDiagnostics,dreamy_kepler,postgres:16,16.88,"49.2MiB / 7.737GiB"
1790741548,2026-09-30T13:12:28,Q7ForShareRejectDiagnostics,testcontainers-ryuk-76ba6808-77b1-448a-a2b7-b1d44ebbd0d3,testcontainers/ryuk:0.14.0,0.00,"8.75MiB / 7.737GiB"
1790741548,2026-09-30T13:12:28,Q7ForShareRejectDiagnostics,external-clickhouse,clickhouse/clickhouse-server:latest,7.74,"1.266GiB / 7.737GiB"
1790741548,2026-09-30T13:12:28,Q7ForShareRejectDiagnostics,external-kafka,apache/kafka:latest,1.26,"1.07GiB / 7.737GiB"
1790741556,2026-09-30T13:12:36,Q7ForShareRejectDiagnostics,dreamy_kepler,postgres:16,13.45,"50.07MiB / 7.737GiB"
1790741556,2026-09-30T13:12:36,Q7ForShareRejectDiagnostics,testcontainers-ryuk-76ba6808-77b1-448a-a2b7-b1d44ebbd0d3,testcontainers/ryuk:0.14.0,0.00,"8.75MiB / 7.737GiB"
1790741556,2026-09-30T13:12:36,Q7ForShareRejectDiagnostics,external-clickhouse,clickhouse/clickhouse-server:latest,12.86,"1.281GiB / 7.737GiB"
1790741556,2026-09-30T13:12:36,Q7ForShareRejectDiagnostics,external-kafka,apache/kafka:latest,0.97,"1.07GiB / 7.737GiB"
1790741563,2026-09-30T13:12:43,Q7ForShareRejectDiagnostics,dreamy_kepler,postgres:16,7.53,"50.87MiB / 7.737GiB"
1790741563,2026-09-30T13:12:43,Q7ForShareRejectDiagnostics,testcontainers-ryuk-76ba6808-77b1-448a-a2b7-b1d44ebbd0d3,testcontainers/ryuk:0.14.0,0.00,"8.75MiB / 7.737GiB"
1790741563,2026-09-30T13:12:43,Q7ForShareRejectDiagnostics,external-clickhouse,clickhouse/clickhouse-server:latest,9.44,"1.275GiB / 7.737GiB"
1790741563,2026-09-30T13:12:43,Q7ForShareRejectDiagnostics,external-kafka,apache/kafka:latest,1.22,"1.07GiB / 7.737GiB"
1790741570,2026-09-30T13:12:50,Q7ForShareRejectDiagnostics,dreamy_kepler,postgres:16,14.82,"51.09MiB / 7.737GiB"
1790741570,2026-09-30T13:12:50,Q7ForShareRejectDiagnostics,testcontainers-ryuk-76ba6808-77b1-448a-a2b7-b1d44ebbd0d3,testcontainers/ryuk:0.14.0,0.00,"8.75MiB / 7.737GiB"
1790741570,2026-09-30T13:12:50,Q7ForShareRejectDiagnostics,external-clickhouse,clickhouse/clickhouse-server:latest,3.44,"1.272GiB / 7.737GiB"
1790741570,2026-09-30T13:12:50,Q7ForShareRejectDiagnostics,external-kafka,apache/kafka:latest,1.21,"1.07GiB / 7.737GiB"
1790741577,2026-09-30T13:12:57,Q7ForShareRejectDiagnostics,dreamy_kepler,postgres:16,11.20,"51.38MiB / 7.737GiB"
1790741577,2026-09-30T13:12:57,Q7ForShareRejectDiagnostics,testcontainers-ryuk-76ba6808-77b1-448a-a2b7-b1d44ebbd0d3,testcontainers/ryuk:0.14.0,0.00,"8.75MiB / 7.737GiB"
1790741577,2026-09-30T13:12:57,Q7ForShareRejectDiagnostics,external-clickhouse,clickhouse/clickhouse-server:latest,3.00,"1.322GiB / 7.737GiB"
1790741577,2026-09-30T13:12:57,Q7ForShareRejectDiagnostics,external-kafka,apache/kafka:latest,2.24,"1.07GiB / 7.737GiB"
1790741584,2026-09-30T13:13:04,Q7ForShareRejectDiagnostics,dreamy_kepler,postgres:16,16.26,"51.74MiB / 7.737GiB"
1790741584,2026-09-30T13:13:04,Q7ForShareRejectDiagnostics,testcontainers-ryuk-76ba6808-77b1-448a-a2b7-b1d44ebbd0d3,testcontainers/ryuk:0.14.0,0.00,"8.75MiB / 7.737GiB"
1790741584,2026-09-30T13:13:04,Q7ForShareRejectDiagnostics,external-clickhouse,clickhouse/clickhouse-server:latest,4.34,"1.272GiB / 7.737GiB"
1790741584,2026-09-30T13:13:04,Q7ForShareRejectDiagnostics,external-kafka,apache/kafka:latest,2.10,"1.07GiB / 7.737GiB"
1790741591,2026-09-30T13:13:11,Q7ForShareRejectDiagnostics,dreamy_kepler,postgres:16,19.93,"52.11MiB / 7.737GiB"
1790741591,2026-09-30T13:13:11,Q7ForShareRejectDiagnostics,testcontainers-ryuk-76ba6808-77b1-448a-a2b7-b1d44ebbd0d3,testcontainers/ryuk:0.14.0,0.00,"8.75MiB / 7.737GiB"
1790741591,2026-09-30T13:13:11,Q7ForShareRejectDiagnostics,external-clickhouse,clickhouse/clickhouse-server:latest,3.04,"1.28GiB / 7.737GiB"
1790741591,2026-09-30T13:13:11,Q7ForShareRejectDiagnostics,external-kafka,apache/kafka:latest,0.87,"1.07GiB / 7.737GiB"
1790741599,2026-09-30T13:13:19,Q7ForShareRejectDiagnostics,dreamy_kepler,postgres:16,14.36,"52.54MiB / 7.737GiB"
1790741599,2026-09-30T13:13:19,Q7ForShareRejectDiagnostics,testcontainers-ryuk-76ba6808-77b1-448a-a2b7-b1d44ebbd0d3,testcontainers/ryuk:0.14.0,0.00,"8.75MiB / 7.737GiB"
1790741599,2026-09-30T13:13:19,Q7ForShareRejectDiagnostics,external-clickhouse,clickhouse/clickhouse-server:latest,4.31,"1.275GiB / 7.737GiB"
1790741599,2026-09-30T13:13:19,Q7ForShareRejectDiagnostics,external-kafka,apache/kafka:latest,108.83,"1.071GiB / 7.737GiB"
1790741606,2026-09-30T13:13:26,Q7ForShareRejectDiagnostics,dreamy_kepler,postgres:16,13.12,"53.55MiB / 7.737GiB"
1790741606,2026-09-30T13:13:26,Q7ForShareRejectDiagnostics,testcontainers-ryuk-76ba6808-77b1-448a-a2b7-b1d44ebbd0d3,testcontainers/ryuk:0.14.0,0.00,"8.75MiB / 7.737GiB"
1790741606,2026-09-30T13:13:26,Q7ForShareRejectDiagnostics,external-clickhouse,clickhouse/clickhouse-server:latest,3.11,"1.272GiB / 7.737GiB"
1790741606,2026-09-30T13:13:26,Q7ForShareRejectDiagnostics,external-kafka,apache/kafka:latest,1.05,"1.07GiB / 7.737GiB"
1790741613,2026-09-30T13:13:33,Q7ForShareRejectDiagnostics,dreamy_kepler,postgres:16,16.54,"54.73MiB / 7.737GiB"
1790741613,2026-09-30T13:13:33,Q7ForShareRejectDiagnostics,testcontainers-ryuk-76ba6808-77b1-448a-a2b7-b1d44ebbd0d3,testcontainers/ryuk:0.14.0,0.00,"8.75MiB / 7.737GiB"
1790741613,2026-09-30T13:13:33,Q7ForShareRejectDiagnostics,external-clickhouse,clickhouse/clickhouse-server:latest,4.09,"1.269GiB / 7.737GiB"
1790741613,2026-09-30T13:13:33,Q7ForShareRejectDiagnostics,external-kafka,apache/kafka:latest,1.30,"1.07GiB / 7.737GiB"
1790741620,2026-09-30T13:13:40,Q7ForShareRejectDiagnostics,dreamy_kepler,postgres:16,14.54,"55.52MiB / 7.737GiB"
1790741620,2026-09-30T13:13:40,Q7ForShareRejectDiagnostics,testcontainers-ryuk-76ba6808-77b1-448a-a2b7-b1d44ebbd0d3,testcontainers/ryuk:0.14.0,0.00,"8.75MiB / 7.737GiB"
1790741620,2026-09-30T13:13:40,Q7ForShareRejectDiagnostics,external-clickhouse,clickhouse/clickhouse-server:latest,9.05,"1.273GiB / 7.737GiB"
1790741620,2026-09-30T13:13:40,Q7ForShareRejectDiagnostics,external-kafka,apache/kafka:latest,173.69,"1.149GiB / 7.737GiB"
1790741628,2026-09-30T13:13:48,Q7ForShareRejectDiagnostics,dreamy_kepler,postgres:16,9.33,"56.36MiB / 7.737GiB"
1790741628,2026-09-30T13:13:48,Q7ForShareRejectDiagnostics,testcontainers-ryuk-76ba6808-77b1-448a-a2b7-b1d44ebbd0d3,testcontainers/ryuk:0.14.0,0.00,"8.75MiB / 7.737GiB"
1790741628,2026-09-30T13:13:48,Q7ForShareRejectDiagnostics,external-clickhouse,clickhouse/clickhouse-server:latest,4.37,"1.281GiB / 7.737GiB"
1790741628,2026-09-30T13:13:48,Q7ForShareRejectDiagnostics,external-kafka,apache/kafka:latest,0.82,"1.07GiB / 7.737GiB"
1790741635,2026-09-30T13:13:55,Q7ForShareRejectDiagnostics,dreamy_kepler,postgres:16,19.18,"57.7MiB / 7.737GiB"
1790741635,2026-09-30T13:13:55,Q7ForShareRejectDiagnostics,testcontainers-ryuk-76ba6808-77b1-448a-a2b7-b1d44ebbd0d3,testcontainers/ryuk:0.14.0,0.00,"8.75MiB / 7.737GiB"
1790741635,2026-09-30T13:13:55,Q7ForShareRejectDiagnostics,external-clickhouse,clickhouse/clickhouse-server:latest,3.61,"1.284GiB / 7.737GiB"
1790741635,2026-09-30T13:13:55,Q7ForShareRejectDiagnostics,external-kafka,apache/kafka:latest,0.89,"1.07GiB / 7.737GiB"
1790741642,2026-09-30T13:14:02,Q7ForShareRejectDiagnostics,dreamy_kepler,postgres:16,12.48,"58.39MiB / 7.737GiB"
1790741642,2026-09-30T13:14:02,Q7ForShareRejectDiagnostics,testcontainers-ryuk-76ba6808-77b1-448a-a2b7-b1d44ebbd0d3,testcontainers/ryuk:0.14.0,0.00,"8.75MiB / 7.737GiB"
1790741642,2026-09-30T13:14:02,Q7ForShareRejectDiagnostics,external-clickhouse,clickhouse/clickhouse-server:latest,2.94,"1.276GiB / 7.737GiB"
1790741642,2026-09-30T13:14:02,Q7ForShareRejectDiagnostics,external-kafka,apache/kafka:latest,13.60,"1.071GiB / 7.737GiB"
1790741649,2026-09-30T13:14:09,Q7ForShareRejectDiagnostics,dreamy_kepler,postgres:16,14.65,"58.88MiB / 7.737GiB"
1790741649,2026-09-30T13:14:09,Q7ForShareRejectDiagnostics,testcontainers-ryuk-76ba6808-77b1-448a-a2b7-b1d44ebbd0d3,testcontainers/ryuk:0.14.0,0.00,"8.75MiB / 7.737GiB"
1790741649,2026-09-30T13:14:09,Q7ForShareRejectDiagnostics,external-clickhouse,clickhouse/clickhouse-server:latest,2.39,"1.344GiB / 7.737GiB"
1790741649,2026-09-30T13:14:09,Q7ForShareRejectDiagnostics,external-kafka,apache/kafka:latest,1.12,"1.07GiB / 7.737GiB"
1790741656,2026-09-30T13:14:16,Q7ForShareRejectDiagnostics,dreamy_kepler,postgres:16,14.97,"59.49MiB / 7.737GiB"
1790741656,2026-09-30T13:14:16,Q7ForShareRejectDiagnostics,testcontainers-ryuk-76ba6808-77b1-448a-a2b7-b1d44ebbd0d3,testcontainers/ryuk:0.14.0,0.00,"8.75MiB / 7.737GiB"
1790741656,2026-09-30T13:14:16,Q7ForShareRejectDiagnostics,external-clickhouse,clickhouse/clickhouse-server:latest,2.76,"1.275GiB / 7.737GiB"
1790741656,2026-09-30T13:14:16,Q7ForShareRejectDiagnostics,external-kafka,apache/kafka:latest,44.70,"1.07GiB / 7.737GiB"
1790741664,2026-09-30T13:14:24,Q7ForShareRejectDiagnostics,dreamy_kepler,postgres:16,19.20,"60.81MiB / 7.737GiB"
1790741664,2026-09-30T13:14:24,Q7ForShareRejectDiagnostics,testcontainers-ryuk-76ba6808-77b1-448a-a2b7-b1d44ebbd0d3,testcontainers/ryuk:0.14.0,0.00,"8.75MiB / 7.737GiB"
1790741664,2026-09-30T13:14:24,Q7ForShareRejectDiagnostics,external-clickhouse,clickhouse/clickhouse-server:latest,2.52,"1.278GiB / 7.737GiB"
1790741664,2026-09-30T13:14:24,Q7ForShareRejectDiagnostics,external-kafka,apache/kafka:latest,0.72,"1.07GiB / 7.737GiB"
1790741671,2026-09-30T13:14:31,Q7ForShareRejectDiagnostics,dreamy_kepler,postgres:16,20.47,"62.31MiB / 7.737GiB"
1790741671,2026-09-30T13:14:31,Q7ForShareRejectDiagnostics,testcontainers-ryuk-76ba6808-77b1-448a-a2b7-b1d44ebbd0d3,testcontainers/ryuk:0.14.0,0.00,"8.75MiB / 7.737GiB"
1790741671,2026-09-30T13:14:31,Q7ForShareRejectDiagnostics,external-clickhouse,clickhouse/clickhouse-server:latest,4.96,"1.285GiB / 7.737GiB"
1790741671,2026-09-30T13:14:31,Q7ForShareRejectDiagnostics,external-kafka,apache/kafka:latest,0.76,"1.07GiB / 7.737GiB"
1790741678,2026-09-30T13:14:38,Q7ForShareRejectDiagnostics,dreamy_kepler,postgres:16,9.38,"62.64MiB / 7.737GiB"
1790741678,2026-09-30T13:14:38,Q7ForShareRejectDiagnostics,testcontainers-ryuk-76ba6808-77b1-448a-a2b7-b1d44ebbd0d3,testcontainers/ryuk:0.14.0,0.00,"8.75MiB / 7.737GiB"
1790741678,2026-09-30T13:14:38,Q7ForShareRejectDiagnostics,external-clickhouse,clickhouse/clickhouse-server:latest,3.69,"1.275GiB / 7.737GiB"
1790741678,2026-09-30T13:14:38,Q7ForShareRejectDiagnostics,external-kafka,apache/kafka:latest,138.83,"1.13GiB / 7.737GiB"
1790741685,2026-09-30T13:14:45,Q7ForShareRejectDiagnostics,dreamy_kepler,postgres:16,17.49,"63.6MiB / 7.737GiB"
1790741685,2026-09-30T13:14:45,Q7ForShareRejectDiagnostics,testcontainers-ryuk-76ba6808-77b1-448a-a2b7-b1d44ebbd0d3,testcontainers/ryuk:0.14.0,0.00,"8.75MiB / 7.737GiB"
1790741685,2026-09-30T13:14:45,Q7ForShareRejectDiagnostics,external-clickhouse,clickhouse/clickhouse-server:latest,3.22,"1.345GiB / 7.737GiB"
1790741685,2026-09-30T13:14:45,Q7ForShareRejectDiagnostics,external-kafka,apache/kafka:latest,1.25,"1.07GiB / 7.737GiB"
1790741692,2026-09-30T13:14:52,Q7ForShareRejectDiagnostics,dreamy_kepler,postgres:16,20.58,"64.8MiB / 7.737GiB"
1790741692,2026-09-30T13:14:52,Q7ForShareRejectDiagnostics,testcontainers-ryuk-76ba6808-77b1-448a-a2b7-b1d44ebbd0d3,testcontainers/ryuk:0.14.0,0.00,"8.75MiB / 7.737GiB"
1790741692,2026-09-30T13:14:52,Q7ForShareRejectDiagnostics,external-clickhouse,clickhouse/clickhouse-server:latest,1.99,"1.291GiB / 7.737GiB"
1790741692,2026-09-30T13:14:52,Q7ForShareRejectDiagnostics,external-kafka,apache/kafka:latest,0.70,"1.07GiB / 7.737GiB"
1790741700,2026-09-30T13:15:00,Q7ForShareRejectDiagnostics,dreamy_kepler,postgres:16,14.52,"66.05MiB / 7.737GiB"
1790741700,2026-09-30T13:15:00,Q7ForShareRejectDiagnostics,testcontainers-ryuk-76ba6808-77b1-448a-a2b7-b1d44ebbd0d3,testcontainers/ryuk:0.14.0,0.00,"8.75MiB / 7.737GiB"
1790741700,2026-09-30T13:15:00,Q7ForShareRejectDiagnostics,external-clickhouse,clickhouse/clickhouse-server:latest,11.98,"1.276GiB / 7.737GiB"
1790741700,2026-09-30T13:15:00,Q7ForShareRejectDiagnostics,external-kafka,apache/kafka:latest,0.95,"1.07GiB / 7.737GiB"
1790741707,2026-09-30T13:15:07,Q7ForShareRejectDiagnostics,dreamy_kepler,postgres:16,13.54,"67.62MiB / 7.737GiB"
1790741707,2026-09-30T13:15:07,Q7ForShareRejectDiagnostics,testcontainers-ryuk-76ba6808-77b1-448a-a2b7-b1d44ebbd0d3,testcontainers/ryuk:0.14.0,0.00,"8.75MiB / 7.737GiB"
1790741707,2026-09-30T13:15:07,Q7ForShareRejectDiagnostics,external-clickhouse,clickhouse/clickhouse-server:latest,12.23,"1.287GiB / 7.737GiB"
1790741707,2026-09-30T13:15:07,Q7ForShareRejectDiagnostics,external-kafka,apache/kafka:latest,0.96,"1.07GiB / 7.737GiB"
1790741714,2026-09-30T13:15:14,Q7ForShareRejectDiagnostics,testcontainers-ryuk-76ba6808-77b1-448a-a2b7-b1d44ebbd0d3,testcontainers/ryuk:0.14.0,0.00,"8.75MiB / 7.737GiB"
1790741714,2026-09-30T13:15:14,Q7ForShareRejectDiagnostics,external-clickhouse,clickhouse/clickhouse-server:latest,13.56,"1.275GiB / 7.737GiB"
1790741714,2026-09-30T13:15:14,Q7ForShareRejectDiagnostics,external-kafka,apache/kafka:latest,1.05,"1.07GiB / 7.737GiB"
1790741714,2026-09-30T13:15:14,Q7ForShareRejectDiagnostics,charming_sanderson,postgres:16,39.76,"30.52MiB / 7.737GiB"
1790741722,2026-09-30T13:15:22,Q7ForShareRejectDiagnostics,charming_sanderson,postgres:16,16.21,"31.89MiB / 7.737GiB"
1790741722,2026-09-30T13:15:22,Q7ForShareRejectDiagnostics,testcontainers-ryuk-76ba6808-77b1-448a-a2b7-b1d44ebbd0d3,testcontainers/ryuk:0.14.0,0.00,"8.75MiB / 7.737GiB"
1790741722,2026-09-30T13:15:22,Q7ForShareRejectDiagnostics,external-clickhouse,clickhouse/clickhouse-server:latest,48.14,"1.36GiB / 7.737GiB"
1790741722,2026-09-30T13:15:22,Q7ForShareRejectDiagnostics,external-kafka,apache/kafka:latest,46.39,"1.114GiB / 7.737GiB"
1790741729,2026-09-30T13:15:29,Q7ForShareRejectDiagnostics,charming_sanderson,postgres:16,17.40,"33.67MiB / 7.737GiB"
1790741729,2026-09-30T13:15:29,Q7ForShareRejectDiagnostics,testcontainers-ryuk-76ba6808-77b1-448a-a2b7-b1d44ebbd0d3,testcontainers/ryuk:0.14.0,0.00,"8.75MiB / 7.737GiB"
1790741729,2026-09-30T13:15:29,Q7ForShareRejectDiagnostics,external-clickhouse,clickhouse/clickhouse-server:latest,8.96,"1.289GiB / 7.737GiB"
1790741729,2026-09-30T13:15:29,Q7ForShareRejectDiagnostics,external-kafka,apache/kafka:latest,1.54,"1.07GiB / 7.737GiB"
1790741737,2026-09-30T13:15:37,Q7ForShareRejectDiagnostics,charming_sanderson,postgres:16,12.44,"34.85MiB / 7.737GiB"
1790741737,2026-09-30T13:15:37,Q7ForShareRejectDiagnostics,testcontainers-ryuk-76ba6808-77b1-448a-a2b7-b1d44ebbd0d3,testcontainers/ryuk:0.14.0,0.00,"8.75MiB / 7.737GiB"
1790741737,2026-09-30T13:15:37,Q7ForShareRejectDiagnostics,external-clickhouse,clickhouse/clickhouse-server:latest,5.92,"1.276GiB / 7.737GiB"
1790741737,2026-09-30T13:15:37,Q7ForShareRejectDiagnostics,external-kafka,apache/kafka:latest,0.74,"1.07GiB / 7.737GiB"
1790741744,2026-09-30T13:15:44,Q7ForShareRejectDiagnostics,charming_sanderson,postgres:16,16.53,"36.25MiB / 7.737GiB"
1790741744,2026-09-30T13:15:44,Q7ForShareRejectDiagnostics,testcontainers-ryuk-76ba6808-77b1-448a-a2b7-b1d44ebbd0d3,testcontainers/ryuk:0.14.0,0.00,"8.75MiB / 7.737GiB"
1790741744,2026-09-30T13:15:44,Q7ForShareRejectDiagnostics,external-clickhouse,clickhouse/clickhouse-server:latest,3.06,"1.288GiB / 7.737GiB"
1790741744,2026-09-30T13:15:44,Q7ForShareRejectDiagnostics,external-kafka,apache/kafka:latest,0.91,"1.07GiB / 7.737GiB"
1790741751,2026-09-30T13:15:51,Q7ForShareRejectDiagnostics,charming_sanderson,postgres:16,9.61,"37.67MiB / 7.737GiB"
1790741751,2026-09-30T13:15:51,Q7ForShareRejectDiagnostics,testcontainers-ryuk-76ba6808-77b1-448a-a2b7-b1d44ebbd0d3,testcontainers/ryuk:0.14.0,0.00,"8.75MiB / 7.737GiB"
1790741751,2026-09-30T13:15:51,Q7ForShareRejectDiagnostics,external-clickhouse,clickhouse/clickhouse-server:latest,2.89,"1.28GiB / 7.737GiB"
1790741751,2026-09-30T13:15:51,Q7ForShareRejectDiagnostics,external-kafka,apache/kafka:latest,0.83,"1.07GiB / 7.737GiB"
1790741758,2026-09-30T13:15:58,Q7ForShareRejectDiagnostics,charming_sanderson,postgres:16,13.42,"38.34MiB / 7.737GiB"
1790741758,2026-09-30T13:15:58,Q7ForShareRejectDiagnostics,testcontainers-ryuk-76ba6808-77b1-448a-a2b7-b1d44ebbd0d3,testcontainers/ryuk:0.14.0,0.00,"8.75MiB / 7.737GiB"
1790741758,2026-09-30T13:15:58,Q7ForShareRejectDiagnostics,external-clickhouse,clickhouse/clickhouse-server:latest,2.90,"1.274GiB / 7.737GiB"
1790741758,2026-09-30T13:15:58,Q7ForShareRejectDiagnostics,external-kafka,apache/kafka:latest,1.57,"1.07GiB / 7.737GiB"
1790741765,2026-09-30T13:16:05,Q7ForShareRejectDiagnostics,charming_sanderson,postgres:16,14.26,"38.92MiB / 7.737GiB"
1790741765,2026-09-30T13:16:05,Q7ForShareRejectDiagnostics,testcontainers-ryuk-76ba6808-77b1-448a-a2b7-b1d44ebbd0d3,testcontainers/ryuk:0.14.0,0.00,"8.75MiB / 7.737GiB"
1790741765,2026-09-30T13:16:05,Q7ForShareRejectDiagnostics,external-clickhouse,clickhouse/clickhouse-server:latest,3.72,"1.266GiB / 7.737GiB"
1790741765,2026-09-30T13:16:05,Q7ForShareRejectDiagnostics,external-kafka,apache/kafka:latest,0.87,"1.07GiB / 7.737GiB"
1790741773,2026-09-30T13:16:13,Q7ForShareRejectDiagnostics,charming_sanderson,postgres:16,16.77,"42.51MiB / 7.737GiB"
1790741773,2026-09-30T13:16:13,Q7ForShareRejectDiagnostics,testcontainers-ryuk-76ba6808-77b1-448a-a2b7-b1d44ebbd0d3,testcontainers/ryuk:0.14.0,0.00,"8.75MiB / 7.737GiB"
1790741773,2026-09-30T13:16:13,Q7ForShareRejectDiagnostics,external-clickhouse,clickhouse/clickhouse-server:latest,2.03,"1.257GiB / 7.737GiB"
1790741773,2026-09-30T13:16:13,Q7ForShareRejectDiagnostics,external-kafka,apache/kafka:latest,0.83,"1.07GiB / 7.737GiB"
1790741780,2026-09-30T13:16:20,Q7ForShareRejectDiagnostics,charming_sanderson,postgres:16,20.81,"43.76MiB / 7.737GiB"
1790741780,2026-09-30T13:16:20,Q7ForShareRejectDiagnostics,testcontainers-ryuk-76ba6808-77b1-448a-a2b7-b1d44ebbd0d3,testcontainers/ryuk:0.14.0,0.00,"8.75MiB / 7.737GiB"
1790741780,2026-09-30T13:16:20,Q7ForShareRejectDiagnostics,external-clickhouse,clickhouse/clickhouse-server:latest,2.49,"1.263GiB / 7.737GiB"
1790741780,2026-09-30T13:16:20,Q7ForShareRejectDiagnostics,external-kafka,apache/kafka:latest,0.65,"1.07GiB / 7.737GiB"
1790741787,2026-09-30T13:16:27,Q7ForShareRejectDiagnostics,charming_sanderson,postgres:16,12.16,"45.54MiB / 7.737GiB"
1790741787,2026-09-30T13:16:27,Q7ForShareRejectDiagnostics,testcontainers-ryuk-76ba6808-77b1-448a-a2b7-b1d44ebbd0d3,testcontainers/ryuk:0.14.0,0.00,"8.75MiB / 7.737GiB"
1790741787,2026-09-30T13:16:27,Q7ForShareRejectDiagnostics,external-clickhouse,clickhouse/clickhouse-server:latest,4.77,"1.257GiB / 7.737GiB"
1790741787,2026-09-30T13:16:27,Q7ForShareRejectDiagnostics,external-kafka,apache/kafka:latest,1.25,"1.07GiB / 7.737GiB"
1790741794,2026-09-30T13:16:34,Q7ForShareRejectDiagnostics,charming_sanderson,postgres:16,17.81,"46.84MiB / 7.737GiB"
1790741794,2026-09-30T13:16:34,Q7ForShareRejectDiagnostics,testcontainers-ryuk-76ba6808-77b1-448a-a2b7-b1d44ebbd0d3,testcontainers/ryuk:0.14.0,0.00,"8.75MiB / 7.737GiB"
1790741794,2026-09-30T13:16:34,Q7ForShareRejectDiagnostics,external-clickhouse,clickhouse/clickhouse-server:latest,3.30,"1.259GiB / 7.737GiB"
1790741794,2026-09-30T13:16:34,Q7ForShareRejectDiagnostics,external-kafka,apache/kafka:latest,0.86,"1.07GiB / 7.737GiB"
1790741801,2026-09-30T13:16:41,Q7ForShareRejectDiagnostics,charming_sanderson,postgres:16,15.04,"48.54MiB / 7.737GiB"
1790741801,2026-09-30T13:16:41,Q7ForShareRejectDiagnostics,testcontainers-ryuk-76ba6808-77b1-448a-a2b7-b1d44ebbd0d3,testcontainers/ryuk:0.14.0,0.00,"8.75MiB / 7.737GiB"
1790741801,2026-09-30T13:16:41,Q7ForShareRejectDiagnostics,external-clickhouse,clickhouse/clickhouse-server:latest,3.22,"1.289GiB / 7.737GiB"
1790741801,2026-09-30T13:16:41,Q7ForShareRejectDiagnostics,external-kafka,apache/kafka:latest,82.31,"1.125GiB / 7.737GiB"
1790741808,2026-09-30T13:16:48,Q7ForShareRejectDiagnostics,charming_sanderson,postgres:16,6.56,"49.61MiB / 7.737GiB"
1790741808,2026-09-30T13:16:48,Q7ForShareRejectDiagnostics,testcontainers-ryuk-76ba6808-77b1-448a-a2b7-b1d44ebbd0d3,testcontainers/ryuk:0.14.0,0.00,"8.75MiB / 7.737GiB"
1790741808,2026-09-30T13:16:48,Q7ForShareRejectDiagnostics,external-clickhouse,clickhouse/clickhouse-server:latest,3.12,"1.264GiB / 7.737GiB"
1790741808,2026-09-30T13:16:48,Q7ForShareRejectDiagnostics,external-kafka,apache/kafka:latest,1.67,"1.07GiB / 7.737GiB"
1790741815,2026-09-30T13:16:55,Q7ForShareRejectDiagnostics,charming_sanderson,postgres:16,17.12,"50.63MiB / 7.737GiB"
1790741815,2026-09-30T13:16:55,Q7ForShareRejectDiagnostics,testcontainers-ryuk-76ba6808-77b1-448a-a2b7-b1d44ebbd0d3,testcontainers/ryuk:0.14.0,0.00,"8.75MiB / 7.737GiB"
1790741815,2026-09-30T13:16:55,Q7ForShareRejectDiagnostics,external-clickhouse,clickhouse/clickhouse-server:latest,4.80,"1.269GiB / 7.737GiB"
1790741815,2026-09-30T13:16:55,Q7ForShareRejectDiagnostics,external-kafka,apache/kafka:latest,0.81,"1.07GiB / 7.737GiB"
1790741823,2026-09-30T13:17:03,Q7ForShareRejectDiagnostics,charming_sanderson,postgres:16,15.92,"52.44MiB / 7.737GiB"
1790741823,2026-09-30T13:17:03,Q7ForShareRejectDiagnostics,testcontainers-ryuk-76ba6808-77b1-448a-a2b7-b1d44ebbd0d3,testcontainers/ryuk:0.14.0,0.02,"8.75MiB / 7.737GiB"
1790741823,2026-09-30T13:17:03,Q7ForShareRejectDiagnostics,external-clickhouse,clickhouse/clickhouse-server:latest,3.61,"1.266GiB / 7.737GiB"
1790741823,2026-09-30T13:17:03,Q7ForShareRejectDiagnostics,external-kafka,apache/kafka:latest,87.11,"1.124GiB / 7.737GiB"
1790741830,2026-09-30T13:17:10,Q7ForShareRejectDiagnostics,charming_sanderson,postgres:16,17.11,"54.54MiB / 7.737GiB"
1790741830,2026-09-30T13:17:10,Q7ForShareRejectDiagnostics,testcontainers-ryuk-76ba6808-77b1-448a-a2b7-b1d44ebbd0d3,testcontainers/ryuk:0.14.0,0.00,"8.75MiB / 7.737GiB"
1790741830,2026-09-30T13:17:10,Q7ForShareRejectDiagnostics,external-clickhouse,clickhouse/clickhouse-server:latest,3.22,"1.262GiB / 7.737GiB"
1790741830,2026-09-30T13:17:10,Q7ForShareRejectDiagnostics,external-kafka,apache/kafka:latest,0.77,"1.07GiB / 7.737GiB"
1790741837,2026-09-30T13:17:17,Q7ForShareRejectDiagnostics,charming_sanderson,postgres:16,9.01,"56.31MiB / 7.737GiB"
1790741837,2026-09-30T13:17:17,Q7ForShareRejectDiagnostics,testcontainers-ryuk-76ba6808-77b1-448a-a2b7-b1d44ebbd0d3,testcontainers/ryuk:0.14.0,0.00,"8.75MiB / 7.737GiB"
1790741837,2026-09-30T13:17:17,Q7ForShareRejectDiagnostics,external-clickhouse,clickhouse/clickhouse-server:latest,3.00,"1.335GiB / 7.737GiB"
1790741837,2026-09-30T13:17:17,Q7ForShareRejectDiagnostics,external-kafka,apache/kafka:latest,1.65,"1.07GiB / 7.737GiB"
1790741844,2026-09-30T13:17:24,Q7ForShareRejectDiagnostics,charming_sanderson,postgres:16,16.94,"58.05MiB / 7.737GiB"
1790741844,2026-09-30T13:17:24,Q7ForShareRejectDiagnostics,testcontainers-ryuk-76ba6808-77b1-448a-a2b7-b1d44ebbd0d3,testcontainers/ryuk:0.14.0,0.00,"8.75MiB / 7.737GiB"
1790741844,2026-09-30T13:17:24,Q7ForShareRejectDiagnostics,external-clickhouse,clickhouse/clickhouse-server:latest,8.84,"1.262GiB / 7.737GiB"
1790741844,2026-09-30T13:17:24,Q7ForShareRejectDiagnostics,external-kafka,apache/kafka:latest,0.53,"1.07GiB / 7.737GiB"
1790741851,2026-09-30T13:17:31,Q7ForShareRejectDiagnostics,charming_sanderson,postgres:16,17.64,"59.34MiB / 7.737GiB"
1790741851,2026-09-30T13:17:31,Q7ForShareRejectDiagnostics,testcontainers-ryuk-76ba6808-77b1-448a-a2b7-b1d44ebbd0d3,testcontainers/ryuk:0.14.0,0.00,"8.75MiB / 7.737GiB"
1790741851,2026-09-30T13:17:31,Q7ForShareRejectDiagnostics,external-clickhouse,clickhouse/clickhouse-server:latest,3.88,"1.264GiB / 7.737GiB"
1790741851,2026-09-30T13:17:31,Q7ForShareRejectDiagnostics,external-kafka,apache/kafka:latest,0.86,"1.07GiB / 7.737GiB"
1790741858,2026-09-30T13:17:38,Q7ForShareRejectDiagnostics,charming_sanderson,postgres:16,15.98,"61.27MiB / 7.737GiB"
1790741858,2026-09-30T13:17:38,Q7ForShareRejectDiagnostics,testcontainers-ryuk-76ba6808-77b1-448a-a2b7-b1d44ebbd0d3,testcontainers/ryuk:0.14.0,0.00,"8.75MiB / 7.737GiB"
1790741858,2026-09-30T13:17:38,Q7ForShareRejectDiagnostics,external-clickhouse,clickhouse/clickhouse-server:latest,4.32,"1.275GiB / 7.737GiB"
1790741858,2026-09-30T13:17:38,Q7ForShareRejectDiagnostics,external-kafka,apache/kafka:latest,7.74,"1.07GiB / 7.737GiB"
1790741866,2026-09-30T13:17:46,Q7ForShareRejectDiagnostics,charming_sanderson,postgres:16,33.01,"63.11MiB / 7.737GiB"
1790741866,2026-09-30T13:17:46,Q7ForShareRejectDiagnostics,testcontainers-ryuk-76ba6808-77b1-448a-a2b7-b1d44ebbd0d3,testcontainers/ryuk:0.14.0,0.00,"8.75MiB / 7.737GiB"
1790741866,2026-09-30T13:17:46,Q7ForShareRejectDiagnostics,external-clickhouse,clickhouse/clickhouse-server:latest,8.76,"1.265GiB / 7.737GiB"
1790741866,2026-09-30T13:17:46,Q7ForShareRejectDiagnostics,external-kafka,apache/kafka:latest,0.61,"1.07GiB / 7.737GiB"
1790741873,2026-09-30T13:17:53,Q7ForShareRejectDiagnostics,charming_sanderson,postgres:16,19.48,"64.47MiB / 7.737GiB"
1790741873,2026-09-30T13:17:53,Q7ForShareRejectDiagnostics,testcontainers-ryuk-76ba6808-77b1-448a-a2b7-b1d44ebbd0d3,testcontainers/ryuk:0.14.0,0.00,"8.75MiB / 7.737GiB"
1790741873,2026-09-30T13:17:53,Q7ForShareRejectDiagnostics,external-clickhouse,clickhouse/clickhouse-server:latest,24.37,"1.327GiB / 7.737GiB"
1790741873,2026-09-30T13:17:53,Q7ForShareRejectDiagnostics,external-kafka,apache/kafka:latest,1.08,"1.07GiB / 7.737GiB"
1790741880,2026-09-30T13:18:00,Q7ForShareRejectDiagnostics,charming_sanderson,postgres:16,16.16,"65.73MiB / 7.737GiB"
1790741880,2026-09-30T13:18:00,Q7ForShareRejectDiagnostics,testcontainers-ryuk-76ba6808-77b1-448a-a2b7-b1d44ebbd0d3,testcontainers/ryuk:0.14.0,0.00,"8.75MiB / 7.737GiB"
1790741880,2026-09-30T13:18:00,Q7ForShareRejectDiagnostics,external-clickhouse,clickhouse/clickhouse-server:latest,2.84,"1.263GiB / 7.737GiB"
1790741880,2026-09-30T13:18:00,Q7ForShareRejectDiagnostics,external-kafka,apache/kafka:latest,0.99,"1.07GiB / 7.737GiB"
1790741887,2026-09-30T13:18:07,Q7ForShareRejectDiagnostics,charming_sanderson,postgres:16,11.29,"68MiB / 7.737GiB"
1790741887,2026-09-30T13:18:07,Q7ForShareRejectDiagnostics,testcontainers-ryuk-76ba6808-77b1-448a-a2b7-b1d44ebbd0d3,testcontainers/ryuk:0.14.0,0.00,"8.75MiB / 7.737GiB"
1790741887,2026-09-30T13:18:07,Q7ForShareRejectDiagnostics,external-clickhouse,clickhouse/clickhouse-server:latest,3.04,"1.266GiB / 7.737GiB"
1790741887,2026-09-30T13:18:07,Q7ForShareRejectDiagnostics,external-kafka,apache/kafka:latest,0.92,"1.07GiB / 7.737GiB"
1790741894,2026-09-30T13:18:14,Q7PreTakeoverRejectBenchmark,determined_kepler,apache/kafka:4.3.1,84.42,"308.4MiB / 7.737GiB"
1790741894,2026-09-30T13:18:14,Q7PreTakeoverRejectBenchmark,testcontainers-ryuk-8c2ba4b3-430a-4bd8-81a9-094bdb98c8db,testcontainers/ryuk:0.14.0,0.00,"8.703MiB / 7.737GiB"
1790741894,2026-09-30T13:18:14,Q7PreTakeoverRejectBenchmark,testcontainers-ryuk-76ba6808-77b1-448a-a2b7-b1d44ebbd0d3,testcontainers/ryuk:0.14.0,0.00,"8.746MiB / 7.737GiB"
1790741894,2026-09-30T13:18:14,Q7PreTakeoverRejectBenchmark,external-clickhouse,clickhouse/clickhouse-server:latest,4.32,"1.278GiB / 7.737GiB"
1790741894,2026-09-30T13:18:14,Q7PreTakeoverRejectBenchmark,external-kafka,apache/kafka:latest,1.08,"1.07GiB / 7.737GiB"
1790741894,2026-09-30T13:18:14,Q7PreTakeoverRejectBenchmark,elastic_satoshi,postgres:16,6.75,"32.61MiB / 7.737GiB"
1790741901,2026-09-30T13:18:21,Q7PreTakeoverRejectBenchmark,elastic_satoshi,postgres:16,8.01,"32.87MiB / 7.737GiB"
1790741901,2026-09-30T13:18:21,Q7PreTakeoverRejectBenchmark,determined_kepler,apache/kafka:4.3.1,54.64,"338.2MiB / 7.737GiB"
1790741901,2026-09-30T13:18:21,Q7PreTakeoverRejectBenchmark,testcontainers-ryuk-8c2ba4b3-430a-4bd8-81a9-094bdb98c8db,testcontainers/ryuk:0.14.0,0.00,"8.703MiB / 7.737GiB"
1790741901,2026-09-30T13:18:21,Q7PreTakeoverRejectBenchmark,external-clickhouse,clickhouse/clickhouse-server:latest,3.07,"1.265GiB / 7.737GiB"
1790741901,2026-09-30T13:18:21,Q7PreTakeoverRejectBenchmark,external-kafka,apache/kafka:latest,1.41,"1.07GiB / 7.737GiB"
1790741909,2026-09-30T13:18:29,Q7PreTakeoverRejectBenchmark,elastic_satoshi,postgres:16,7.50,"33.19MiB / 7.737GiB"
1790741909,2026-09-30T13:18:29,Q7PreTakeoverRejectBenchmark,determined_kepler,apache/kafka:4.3.1,20.01,"354.7MiB / 7.737GiB"
1790741909,2026-09-30T13:18:29,Q7PreTakeoverRejectBenchmark,testcontainers-ryuk-8c2ba4b3-430a-4bd8-81a9-094bdb98c8db,testcontainers/ryuk:0.14.0,0.00,"8.703MiB / 7.737GiB"
1790741909,2026-09-30T13:18:29,Q7PreTakeoverRejectBenchmark,external-clickhouse,clickhouse/clickhouse-server:latest,7.95,"1.264GiB / 7.737GiB"
1790741909,2026-09-30T13:18:29,Q7PreTakeoverRejectBenchmark,external-kafka,apache/kafka:latest,1.83,"1.07GiB / 7.737GiB"
1790741916,2026-09-30T13:18:36,Q7PreTakeoverRejectBenchmark,elastic_satoshi,postgres:16,6.92,"33.41MiB / 7.737GiB"
1790741916,2026-09-30T13:18:36,Q7PreTakeoverRejectBenchmark,determined_kepler,apache/kafka:4.3.1,18.33,"411.9MiB / 7.737GiB"
1790741916,2026-09-30T13:18:36,Q7PreTakeoverRejectBenchmark,testcontainers-ryuk-8c2ba4b3-430a-4bd8-81a9-094bdb98c8db,testcontainers/ryuk:0.14.0,0.00,"8.703MiB / 7.737GiB"
1790741916,2026-09-30T13:18:36,Q7PreTakeoverRejectBenchmark,external-clickhouse,clickhouse/clickhouse-server:latest,4.48,"1.276GiB / 7.737GiB"
1790741916,2026-09-30T13:18:36,Q7PreTakeoverRejectBenchmark,external-kafka,apache/kafka:latest,1.23,"1.07GiB / 7.737GiB"
1790741924,2026-09-30T13:18:44,Q7PreTakeoverRejectBenchmark,elastic_satoshi,postgres:16,9.41,"33.68MiB / 7.737GiB"
1790741924,2026-09-30T13:18:44,Q7PreTakeoverRejectBenchmark,determined_kepler,apache/kafka:4.3.1,10.11,"444.7MiB / 7.737GiB"
1790741924,2026-09-30T13:18:44,Q7PreTakeoverRejectBenchmark,testcontainers-ryuk-8c2ba4b3-430a-4bd8-81a9-094bdb98c8db,testcontainers/ryuk:0.14.0,0.00,"8.727MiB / 7.737GiB"
1790741924,2026-09-30T13:18:44,Q7PreTakeoverRejectBenchmark,external-clickhouse,clickhouse/clickhouse-server:latest,4.59,"1.264GiB / 7.737GiB"
1790741924,2026-09-30T13:18:44,Q7PreTakeoverRejectBenchmark,external-kafka,apache/kafka:latest,1.60,"1.07GiB / 7.737GiB"
1790741932,2026-09-30T13:18:52,Q7PreTakeoverRejectBenchmark,elastic_satoshi,postgres:16,11.93,"34.06MiB / 7.737GiB"
1790741932,2026-09-30T13:18:52,Q7PreTakeoverRejectBenchmark,determined_kepler,apache/kafka:4.3.1,53.09,"536.8MiB / 7.737GiB"
1790741932,2026-09-30T13:18:52,Q7PreTakeoverRejectBenchmark,testcontainers-ryuk-8c2ba4b3-430a-4bd8-81a9-094bdb98c8db,testcontainers/ryuk:0.14.0,0.00,"8.727MiB / 7.737GiB"
1790741932,2026-09-30T13:18:52,Q7PreTakeoverRejectBenchmark,external-clickhouse,clickhouse/clickhouse-server:latest,4.45,"1.272GiB / 7.737GiB"
1790741932,2026-09-30T13:18:52,Q7PreTakeoverRejectBenchmark,external-kafka,apache/kafka:latest,6.15,"1.07GiB / 7.737GiB"
1790741939,2026-09-30T13:18:59,Q7PreTakeoverRejectBenchmark,elastic_satoshi,postgres:16,9.83,"34.45MiB / 7.737GiB"
1790741939,2026-09-30T13:18:59,Q7PreTakeoverRejectBenchmark,determined_kepler,apache/kafka:4.3.1,44.16,"546.4MiB / 7.737GiB"
1790741939,2026-09-30T13:18:59,Q7PreTakeoverRejectBenchmark,testcontainers-ryuk-8c2ba4b3-430a-4bd8-81a9-094bdb98c8db,testcontainers/ryuk:0.14.0,0.00,"8.727MiB / 7.737GiB"
1790741939,2026-09-30T13:18:59,Q7PreTakeoverRejectBenchmark,external-clickhouse,clickhouse/clickhouse-server:latest,2.50,"1.269GiB / 7.737GiB"
1790741939,2026-09-30T13:18:59,Q7PreTakeoverRejectBenchmark,external-kafka,apache/kafka:latest,1.10,"1.07GiB / 7.737GiB"
1790741946,2026-09-30T13:19:06,Q7PreTakeoverRejectBenchmark,elastic_satoshi,postgres:16,11.37,"36.56MiB / 7.737GiB"
1790741946,2026-09-30T13:19:06,Q7PreTakeoverRejectBenchmark,determined_kepler,apache/kafka:4.3.1,24.34,"541.7MiB / 7.737GiB"
1790741946,2026-09-30T13:19:06,Q7PreTakeoverRejectBenchmark,testcontainers-ryuk-8c2ba4b3-430a-4bd8-81a9-094bdb98c8db,testcontainers/ryuk:0.14.0,0.00,"8.727MiB / 7.737GiB"
1790741946,2026-09-30T13:19:06,Q7PreTakeoverRejectBenchmark,external-clickhouse,clickhouse/clickhouse-server:latest,4.88,"1.269GiB / 7.737GiB"
1790741946,2026-09-30T13:19:06,Q7PreTakeoverRejectBenchmark,external-kafka,apache/kafka:latest,1.06,"1.07GiB / 7.737GiB"
1790741954,2026-09-30T13:19:14,Q7PreTakeoverRejectBenchmark,elastic_satoshi,postgres:16,13.08,"37.6MiB / 7.737GiB"
1790741954,2026-09-30T13:19:14,Q7PreTakeoverRejectBenchmark,determined_kepler,apache/kafka:4.3.1,30.69,"592.2MiB / 7.737GiB"
1790741954,2026-09-30T13:19:14,Q7PreTakeoverRejectBenchmark,testcontainers-ryuk-8c2ba4b3-430a-4bd8-81a9-094bdb98c8db,testcontainers/ryuk:0.14.0,0.00,"8.727MiB / 7.737GiB"
1790741954,2026-09-30T13:19:14,Q7PreTakeoverRejectBenchmark,external-clickhouse,clickhouse/clickhouse-server:latest,7.35,"1.278GiB / 7.737GiB"
1790741954,2026-09-30T13:19:14,Q7PreTakeoverRejectBenchmark,external-kafka,apache/kafka:latest,1.52,"1.07GiB / 7.737GiB"
1790741961,2026-09-30T13:19:21,Q7PreTakeoverRejectBenchmark,elastic_satoshi,postgres:16,9.56,"38.19MiB / 7.737GiB"
1790741961,2026-09-30T13:19:21,Q7PreTakeoverRejectBenchmark,determined_kepler,apache/kafka:4.3.1,23.65,"665.9MiB / 7.737GiB"
1790741961,2026-09-30T13:19:21,Q7PreTakeoverRejectBenchmark,testcontainers-ryuk-8c2ba4b3-430a-4bd8-81a9-094bdb98c8db,testcontainers/ryuk:0.14.0,0.00,"8.727MiB / 7.737GiB"
1790741961,2026-09-30T13:19:21,Q7PreTakeoverRejectBenchmark,external-clickhouse,clickhouse/clickhouse-server:latest,7.53,"1.281GiB / 7.737GiB"
1790741961,2026-09-30T13:19:21,Q7PreTakeoverRejectBenchmark,external-kafka,apache/kafka:latest,1.13,"1.07GiB / 7.737GiB"
1790741968,2026-09-30T13:19:28,Q7PreTakeoverRejectBenchmark,elastic_satoshi,postgres:16,8.62,"39.35MiB / 7.737GiB"
1790741968,2026-09-30T13:19:28,Q7PreTakeoverRejectBenchmark,determined_kepler,apache/kafka:4.3.1,18.07,"663.5MiB / 7.737GiB"
1790741968,2026-09-30T13:19:28,Q7PreTakeoverRejectBenchmark,testcontainers-ryuk-8c2ba4b3-430a-4bd8-81a9-094bdb98c8db,testcontainers/ryuk:0.14.0,0.00,"8.727MiB / 7.737GiB"
1790741968,2026-09-30T13:19:28,Q7PreTakeoverRejectBenchmark,external-clickhouse,clickhouse/clickhouse-server:latest,5.11,"1.293GiB / 7.737GiB"
1790741968,2026-09-30T13:19:28,Q7PreTakeoverRejectBenchmark,external-kafka,apache/kafka:latest,1.18,"1.07GiB / 7.737GiB"
1790741975,2026-09-30T13:19:35,Q7PreTakeoverRejectBenchmark,brave_villani,postgres:16,6.42,"32.71MiB / 7.737GiB"
1790741975,2026-09-30T13:19:35,Q7PreTakeoverRejectBenchmark,determined_kepler,apache/kafka:4.3.1,28.48,"669MiB / 7.737GiB"
1790741975,2026-09-30T13:19:35,Q7PreTakeoverRejectBenchmark,testcontainers-ryuk-8c2ba4b3-430a-4bd8-81a9-094bdb98c8db,testcontainers/ryuk:0.14.0,0.00,"8.727MiB / 7.737GiB"
1790741975,2026-09-30T13:19:35,Q7PreTakeoverRejectBenchmark,external-clickhouse,clickhouse/clickhouse-server:latest,3.72,"1.275GiB / 7.737GiB"
1790741975,2026-09-30T13:19:35,Q7PreTakeoverRejectBenchmark,external-kafka,apache/kafka:latest,0.89,"1.07GiB / 7.737GiB"
1790741982,2026-09-30T13:19:42,Q7PreTakeoverRejectBenchmark,brave_villani,postgres:16,5.56,"33.2MiB / 7.737GiB"
1790741982,2026-09-30T13:19:42,Q7PreTakeoverRejectBenchmark,determined_kepler,apache/kafka:4.3.1,23.49,"812.2MiB / 7.737GiB"
1790741982,2026-09-30T13:19:42,Q7PreTakeoverRejectBenchmark,testcontainers-ryuk-8c2ba4b3-430a-4bd8-81a9-094bdb98c8db,testcontainers/ryuk:0.14.0,0.00,"8.727MiB / 7.737GiB"
1790741982,2026-09-30T13:19:42,Q7PreTakeoverRejectBenchmark,external-clickhouse,clickhouse/clickhouse-server:latest,2.25,"1.273GiB / 7.737GiB"
1790741982,2026-09-30T13:19:42,Q7PreTakeoverRejectBenchmark,external-kafka,apache/kafka:latest,137.49,"1.129GiB / 7.737GiB"
1790741990,2026-09-30T13:19:50,Q7PreTakeoverRejectBenchmark,brave_villani,postgres:16,5.53,"33.67MiB / 7.737GiB"
1790741990,2026-09-30T13:19:50,Q7PreTakeoverRejectBenchmark,determined_kepler,apache/kafka:4.3.1,41.32,"905.5MiB / 7.737GiB"
1790741990,2026-09-30T13:19:50,Q7PreTakeoverRejectBenchmark,testcontainers-ryuk-8c2ba4b3-430a-4bd8-81a9-094bdb98c8db,testcontainers/ryuk:0.14.0,0.00,"8.727MiB / 7.737GiB"
1790741990,2026-09-30T13:19:50,Q7PreTakeoverRejectBenchmark,external-clickhouse,clickhouse/clickhouse-server:latest,4.03,"1.346GiB / 7.737GiB"
1790741990,2026-09-30T13:19:50,Q7PreTakeoverRejectBenchmark,external-kafka,apache/kafka:latest,1.12,"1.07GiB / 7.737GiB"
1790741997,2026-09-30T13:19:57,Q7PreTakeoverRejectBenchmark,brave_villani,postgres:16,6.83,"34.27MiB / 7.737GiB"
1790741997,2026-09-30T13:19:57,Q7PreTakeoverRejectBenchmark,determined_kepler,apache/kafka:4.3.1,21.06,"903.7MiB / 7.737GiB"
1790741997,2026-09-30T13:19:57,Q7PreTakeoverRejectBenchmark,testcontainers-ryuk-8c2ba4b3-430a-4bd8-81a9-094bdb98c8db,testcontainers/ryuk:0.14.0,0.00,"8.727MiB / 7.737GiB"
1790741997,2026-09-30T13:19:57,Q7PreTakeoverRejectBenchmark,external-clickhouse,clickhouse/clickhouse-server:latest,5.07,"1.288GiB / 7.737GiB"
1790741997,2026-09-30T13:19:57,Q7PreTakeoverRejectBenchmark,external-kafka,apache/kafka:latest,0.84,"1.151GiB / 7.737GiB"
1790742004,2026-09-30T13:20:04,Q7PreTakeoverRejectBenchmark,brave_villani,postgres:16,6.40,"35.18MiB / 7.737GiB"
1790742004,2026-09-30T13:20:04,Q7PreTakeoverRejectBenchmark,determined_kepler,apache/kafka:4.3.1,20.80,"902MiB / 7.737GiB"
1790742004,2026-09-30T13:20:04,Q7PreTakeoverRejectBenchmark,testcontainers-ryuk-8c2ba4b3-430a-4bd8-81a9-094bdb98c8db,testcontainers/ryuk:0.14.0,0.00,"8.727MiB / 7.737GiB"
1790742004,2026-09-30T13:20:04,Q7PreTakeoverRejectBenchmark,external-clickhouse,clickhouse/clickhouse-server:latest,3.76,"1.288GiB / 7.737GiB"
1790742004,2026-09-30T13:20:04,Q7PreTakeoverRejectBenchmark,external-kafka,apache/kafka:latest,11.15,"1.151GiB / 7.737GiB"
1790742011,2026-09-30T13:20:11,Q7PreTakeoverRejectBenchmark,brave_villani,postgres:16,8.79,"36.11MiB / 7.737GiB"
1790742011,2026-09-30T13:20:11,Q7PreTakeoverRejectBenchmark,determined_kepler,apache/kafka:4.3.1,24.00,"903.8MiB / 7.737GiB"
1790742011,2026-09-30T13:20:11,Q7PreTakeoverRejectBenchmark,testcontainers-ryuk-8c2ba4b3-430a-4bd8-81a9-094bdb98c8db,testcontainers/ryuk:0.14.0,0.00,"8.727MiB / 7.737GiB"
1790742011,2026-09-30T13:20:11,Q7PreTakeoverRejectBenchmark,external-clickhouse,clickhouse/clickhouse-server:latest,3.24,"1.276GiB / 7.737GiB"
1790742011,2026-09-30T13:20:11,Q7PreTakeoverRejectBenchmark,external-kafka,apache/kafka:latest,1.05,"1.151GiB / 7.737GiB"
1790742018,2026-09-30T13:20:18,Q7PreTakeoverRejectBenchmark,brave_villani,postgres:16,5.78,"36.68MiB / 7.737GiB"
1790742018,2026-09-30T13:20:18,Q7PreTakeoverRejectBenchmark,determined_kepler,apache/kafka:4.3.1,21.25,"907MiB / 7.737GiB"
1790742018,2026-09-30T13:20:18,Q7PreTakeoverRejectBenchmark,testcontainers-ryuk-8c2ba4b3-430a-4bd8-81a9-094bdb98c8db,testcontainers/ryuk:0.14.0,0.00,"8.727MiB / 7.737GiB"
1790742018,2026-09-30T13:20:18,Q7PreTakeoverRejectBenchmark,external-clickhouse,clickhouse/clickhouse-server:latest,3.04,"1.274GiB / 7.737GiB"
1790742018,2026-09-30T13:20:18,Q7PreTakeoverRejectBenchmark,external-kafka,apache/kafka:latest,1.55,"1.152GiB / 7.737GiB"
1790742025,2026-09-30T13:20:25,Q7PreTakeoverRejectBenchmark,brave_villani,postgres:16,9.27,"38.88MiB / 7.737GiB"
1790742025,2026-09-30T13:20:25,Q7PreTakeoverRejectBenchmark,determined_kepler,apache/kafka:4.3.1,19.74,"908.3MiB / 7.737GiB"
1790742025,2026-09-30T13:20:25,Q7PreTakeoverRejectBenchmark,testcontainers-ryuk-8c2ba4b3-430a-4bd8-81a9-094bdb98c8db,testcontainers/ryuk:0.14.0,0.00,"8.727MiB / 7.737GiB"
1790742025,2026-09-30T13:20:25,Q7PreTakeoverRejectBenchmark,external-clickhouse,clickhouse/clickhouse-server:latest,21.56,"1.343GiB / 7.737GiB"
1790742025,2026-09-30T13:20:25,Q7PreTakeoverRejectBenchmark,external-kafka,apache/kafka:latest,115.58,"1.232GiB / 7.737GiB"
1790742033,2026-09-30T13:20:33,Q7PreTakeoverRejectBenchmark,brave_villani,postgres:16,7.17,"39.63MiB / 7.737GiB"
1790742033,2026-09-30T13:20:33,Q7PreTakeoverRejectBenchmark,determined_kepler,apache/kafka:4.3.1,25.83,"907.9MiB / 7.737GiB"
1790742033,2026-09-30T13:20:33,Q7PreTakeoverRejectBenchmark,testcontainers-ryuk-8c2ba4b3-430a-4bd8-81a9-094bdb98c8db,testcontainers/ryuk:0.14.0,0.00,"8.727MiB / 7.737GiB"
1790742033,2026-09-30T13:20:33,Q7PreTakeoverRejectBenchmark,external-clickhouse,clickhouse/clickhouse-server:latest,2.33,"1.273GiB / 7.737GiB"
1790742033,2026-09-30T13:20:33,Q7PreTakeoverRejectBenchmark,external-kafka,apache/kafka:latest,1.24,"1.152GiB / 7.737GiB"
1790742040,2026-09-30T13:20:40,Q7AcceptLatencyBenchmark,nice_ishizaka,apache/kafka:4.3.1,120.38,"300.4MiB / 7.737GiB"
1790742040,2026-09-30T13:20:40,Q7AcceptLatencyBenchmark,testcontainers-ryuk-1cdd9a14-9a56-4f60-9190-f90103d2fde4,testcontainers/ryuk:0.14.0,0.00,"8.762MiB / 7.737GiB"
1790742040,2026-09-30T13:20:40,Q7AcceptLatencyBenchmark,testcontainers-ryuk-8c2ba4b3-430a-4bd8-81a9-094bdb98c8db,testcontainers/ryuk:0.14.0,0.00,"8.723MiB / 7.737GiB"
1790742040,2026-09-30T13:20:40,Q7AcceptLatencyBenchmark,external-clickhouse,clickhouse/clickhouse-server:latest,8.97,"1.283GiB / 7.737GiB"
1790742040,2026-09-30T13:20:40,Q7AcceptLatencyBenchmark,external-kafka,apache/kafka:latest,1.66,"1.152GiB / 7.737GiB"
1790742040,2026-09-30T13:20:40,Q7AcceptLatencyBenchmark,vibrant_jemison,postgres:16,12.03,"29.68MiB / 7.737GiB"
1790742047,2026-09-30T13:20:47,Q7AcceptLatencyBenchmark,vibrant_jemison,postgres:16,11.22,"30.84MiB / 7.737GiB"
1790742047,2026-09-30T13:20:47,Q7AcceptLatencyBenchmark,nice_ishizaka,apache/kafka:4.3.1,57.43,"369.6MiB / 7.737GiB"
1790742047,2026-09-30T13:20:47,Q7AcceptLatencyBenchmark,testcontainers-ryuk-1cdd9a14-9a56-4f60-9190-f90103d2fde4,testcontainers/ryuk:0.14.0,0.00,"8.762MiB / 7.737GiB"
1790742047,2026-09-30T13:20:47,Q7AcceptLatencyBenchmark,external-clickhouse,clickhouse/clickhouse-server:latest,3.19,"1.274GiB / 7.737GiB"
1790742047,2026-09-30T13:20:47,Q7AcceptLatencyBenchmark,external-kafka,apache/kafka:latest,1.16,"1.152GiB / 7.737GiB"
1790742054,2026-09-30T13:20:54,Q7AcceptLatencyBenchmark,vibrant_jemison,postgres:16,3.29,"31.92MiB / 7.737GiB"
1790742054,2026-09-30T13:20:54,Q7AcceptLatencyBenchmark,nice_ishizaka,apache/kafka:4.3.1,58.80,"495.3MiB / 7.737GiB"
1790742054,2026-09-30T13:20:54,Q7AcceptLatencyBenchmark,testcontainers-ryuk-1cdd9a14-9a56-4f60-9190-f90103d2fde4,testcontainers/ryuk:0.14.0,0.00,"8.762MiB / 7.737GiB"
1790742054,2026-09-30T13:20:54,Q7AcceptLatencyBenchmark,external-clickhouse,clickhouse/clickhouse-server:latest,4.57,"1.273GiB / 7.737GiB"
1790742054,2026-09-30T13:20:54,Q7AcceptLatencyBenchmark,external-kafka,apache/kafka:latest,1.00,"1.152GiB / 7.737GiB"
1790742061,2026-09-30T13:21:01,Q7AcceptLatencyBenchmark,vibrant_jemison,postgres:16,5.43,"32.43MiB / 7.737GiB"
1790742061,2026-09-30T13:21:01,Q7AcceptLatencyBenchmark,nice_ishizaka,apache/kafka:4.3.1,20.28,"494.2MiB / 7.737GiB"
1790742061,2026-09-30T13:21:01,Q7AcceptLatencyBenchmark,testcontainers-ryuk-1cdd9a14-9a56-4f60-9190-f90103d2fde4,testcontainers/ryuk:0.14.0,0.00,"8.762MiB / 7.737GiB"
1790742061,2026-09-30T13:21:01,Q7AcceptLatencyBenchmark,external-clickhouse,clickhouse/clickhouse-server:latest,2.57,"1.272GiB / 7.737GiB"
1790742061,2026-09-30T13:21:01,Q7AcceptLatencyBenchmark,external-kafka,apache/kafka:latest,0.72,"1.152GiB / 7.737GiB"
1790742068,2026-09-30T13:21:08,Q7AcceptLatencyBenchmark,vibrant_jemison,postgres:16,5.40,"32.46MiB / 7.737GiB"
1790742068,2026-09-30T13:21:08,Q7AcceptLatencyBenchmark,nice_ishizaka,apache/kafka:4.3.1,36.24,"510.3MiB / 7.737GiB"
1790742068,2026-09-30T13:21:08,Q7AcceptLatencyBenchmark,testcontainers-ryuk-1cdd9a14-9a56-4f60-9190-f90103d2fde4,testcontainers/ryuk:0.14.0,0.00,"8.762MiB / 7.737GiB"
1790742068,2026-09-30T13:21:08,Q7AcceptLatencyBenchmark,external-clickhouse,clickhouse/clickhouse-server:latest,3.23,"1.322GiB / 7.737GiB"
1790742068,2026-09-30T13:21:08,Q7AcceptLatencyBenchmark,external-kafka,apache/kafka:latest,23.32,"1.245GiB / 7.737GiB"
1790742075,2026-09-30T13:21:15,Q7AcceptLatencyBenchmark,vibrant_jemison,postgres:16,9.62,"32.52MiB / 7.737GiB"
1790742075,2026-09-30T13:21:15,Q7AcceptLatencyBenchmark,nice_ishizaka,apache/kafka:4.3.1,24.10,"684.7MiB / 7.737GiB"
1790742075,2026-09-30T13:21:15,Q7AcceptLatencyBenchmark,testcontainers-ryuk-1cdd9a14-9a56-4f60-9190-f90103d2fde4,testcontainers/ryuk:0.14.0,0.00,"8.762MiB / 7.737GiB"
1790742075,2026-09-30T13:21:15,Q7AcceptLatencyBenchmark,external-clickhouse,clickhouse/clickhouse-server:latest,1.87,"1.253GiB / 7.737GiB"
1790742075,2026-09-30T13:21:15,Q7AcceptLatencyBenchmark,external-kafka,apache/kafka:latest,0.99,"1.238GiB / 7.737GiB"
1790742083,2026-09-30T13:21:23,Q7AcceptLatencyBenchmark,vibrant_jemison,postgres:16,2.78,"32.59MiB / 7.737GiB"
1790742083,2026-09-30T13:21:23,Q7AcceptLatencyBenchmark,nice_ishizaka,apache/kafka:4.3.1,14.12,"683.4MiB / 7.737GiB"
1790742083,2026-09-30T13:21:23,Q7AcceptLatencyBenchmark,testcontainers-ryuk-1cdd9a14-9a56-4f60-9190-f90103d2fde4,testcontainers/ryuk:0.14.0,0.00,"8.762MiB / 7.737GiB"
1790742083,2026-09-30T13:21:23,Q7AcceptLatencyBenchmark,external-clickhouse,clickhouse/clickhouse-server:latest,4.55,"1.258GiB / 7.737GiB"
1790742083,2026-09-30T13:21:23,Q7AcceptLatencyBenchmark,external-kafka,apache/kafka:latest,105.33,"1.238GiB / 7.737GiB"
1790742090,2026-09-30T13:21:30,Q7AcceptLatencyBenchmark,vibrant_jemison,postgres:16,20.88,"33.53MiB / 7.737GiB"
1790742090,2026-09-30T13:21:30,Q7AcceptLatencyBenchmark,nice_ishizaka,apache/kafka:4.3.1,40.01,"684.3MiB / 7.737GiB"
1790742090,2026-09-30T13:21:30,Q7AcceptLatencyBenchmark,testcontainers-ryuk-1cdd9a14-9a56-4f60-9190-f90103d2fde4,testcontainers/ryuk:0.14.0,0.00,"8.762MiB / 7.737GiB"
1790742090,2026-09-30T13:21:30,Q7AcceptLatencyBenchmark,external-clickhouse,clickhouse/clickhouse-server:latest,3.43,"1.259GiB / 7.737GiB"
1790742090,2026-09-30T13:21:30,Q7AcceptLatencyBenchmark,external-kafka,apache/kafka:latest,2.84,"1.153GiB / 7.737GiB"
1790742097,2026-09-30T13:21:37,Q7AcceptLatencyBenchmark,vibrant_jemison,postgres:16,6.27,"34.34MiB / 7.737GiB"
1790742097,2026-09-30T13:21:37,Q7AcceptLatencyBenchmark,nice_ishizaka,apache/kafka:4.3.1,3.18,"685.4MiB / 7.737GiB"
1790742097,2026-09-30T13:21:37,Q7AcceptLatencyBenchmark,testcontainers-ryuk-1cdd9a14-9a56-4f60-9190-f90103d2fde4,testcontainers/ryuk:0.14.0,0.00,"8.762MiB / 7.737GiB"
1790742097,2026-09-30T13:21:37,Q7AcceptLatencyBenchmark,external-clickhouse,clickhouse/clickhouse-server:latest,4.04,"1.257GiB / 7.737GiB"
1790742097,2026-09-30T13:21:37,Q7AcceptLatencyBenchmark,external-kafka,apache/kafka:latest,1.90,"1.153GiB / 7.737GiB"
1790742104,2026-09-30T13:21:44,Q7AcceptLatencyBenchmark,vibrant_jemison,postgres:16,14.12,"36.29MiB / 7.737GiB"
1790742104,2026-09-30T13:21:44,Q7AcceptLatencyBenchmark,nice_ishizaka,apache/kafka:4.3.1,2.43,"686.3MiB / 7.737GiB"
1790742104,2026-09-30T13:21:44,Q7AcceptLatencyBenchmark,testcontainers-ryuk-1cdd9a14-9a56-4f60-9190-f90103d2fde4,testcontainers/ryuk:0.14.0,0.00,"8.762MiB / 7.737GiB"
1790742104,2026-09-30T13:21:44,Q7AcceptLatencyBenchmark,external-clickhouse,clickhouse/clickhouse-server:latest,5.30,"1.279GiB / 7.737GiB"
1790742104,2026-09-30T13:21:44,Q7AcceptLatencyBenchmark,external-kafka,apache/kafka:latest,112.38,"1.211GiB / 7.737GiB"
1790742112,2026-09-30T13:21:52,Q7AcceptLatencyBenchmark,vibrant_jemison,postgres:16,17.11,"37.02MiB / 7.737GiB"
1790742112,2026-09-30T13:21:52,Q7AcceptLatencyBenchmark,nice_ishizaka,apache/kafka:4.3.1,59.74,"901.2MiB / 7.737GiB"
1790742112,2026-09-30T13:21:52,Q7AcceptLatencyBenchmark,testcontainers-ryuk-1cdd9a14-9a56-4f60-9190-f90103d2fde4,testcontainers/ryuk:0.14.0,0.00,"8.762MiB / 7.737GiB"
1790742112,2026-09-30T13:21:52,Q7AcceptLatencyBenchmark,external-clickhouse,clickhouse/clickhouse-server:latest,3.16,"1.272GiB / 7.737GiB"
1790742112,2026-09-30T13:21:52,Q7AcceptLatencyBenchmark,external-kafka,apache/kafka:latest,1.15,"1.153GiB / 7.737GiB"
1790742119,2026-09-30T13:21:59,Q7AcceptLatencyBenchmark,vibrant_jemison,postgres:16,18.81,"37.09MiB / 7.737GiB"
1790742119,2026-09-30T13:21:59,Q7AcceptLatencyBenchmark,nice_ishizaka,apache/kafka:4.3.1,54.29,"902.4MiB / 7.737GiB"
1790742119,2026-09-30T13:21:59,Q7AcceptLatencyBenchmark,testcontainers-ryuk-1cdd9a14-9a56-4f60-9190-f90103d2fde4,testcontainers/ryuk:0.14.0,0.00,"8.762MiB / 7.737GiB"
1790742119,2026-09-30T13:21:59,Q7AcceptLatencyBenchmark,external-clickhouse,clickhouse/clickhouse-server:latest,4.97,"1.289GiB / 7.737GiB"
1790742119,2026-09-30T13:21:59,Q7AcceptLatencyBenchmark,external-kafka,apache/kafka:latest,1.97,"1.24GiB / 7.737GiB"
1790742126,2026-09-30T13:22:06,Q7AcceptLatencyBenchmark,vibrant_jemison,postgres:16,12.78,"40.21MiB / 7.737GiB"
1790742126,2026-09-30T13:22:06,Q7AcceptLatencyBenchmark,nice_ishizaka,apache/kafka:4.3.1,1.26,"901.7MiB / 7.737GiB"
1790742126,2026-09-30T13:22:06,Q7AcceptLatencyBenchmark,testcontainers-ryuk-1cdd9a14-9a56-4f60-9190-f90103d2fde4,testcontainers/ryuk:0.14.0,0.00,"8.762MiB / 7.737GiB"
1790742126,2026-09-30T13:22:06,Q7AcceptLatencyBenchmark,external-clickhouse,clickhouse/clickhouse-server:latest,7.34,"1.271GiB / 7.737GiB"
1790742126,2026-09-30T13:22:06,Q7AcceptLatencyBenchmark,external-kafka,apache/kafka:latest,118.97,"1.3GiB / 7.737GiB"
1790742133,2026-09-30T13:22:13,Q7AcceptLatencyBenchmark,vibrant_jemison,postgres:16,7.03,"42.3MiB / 7.737GiB"
1790742133,2026-09-30T13:22:13,Q7AcceptLatencyBenchmark,nice_ishizaka,apache/kafka:4.3.1,4.77,"902MiB / 7.737GiB"
1790742133,2026-09-30T13:22:13,Q7AcceptLatencyBenchmark,testcontainers-ryuk-1cdd9a14-9a56-4f60-9190-f90103d2fde4,testcontainers/ryuk:0.14.0,0.00,"8.762MiB / 7.737GiB"
1790742133,2026-09-30T13:22:13,Q7AcceptLatencyBenchmark,external-clickhouse,clickhouse/clickhouse-server:latest,8.32,"1.272GiB / 7.737GiB"
1790742133,2026-09-30T13:22:13,Q7AcceptLatencyBenchmark,external-kafka,apache/kafka:latest,4.63,"1.242GiB / 7.737GiB"
1790742141,2026-09-30T13:22:21,Q7AcceptLatencyBenchmark,vibrant_jemison,postgres:16,8.89,"42.56MiB / 7.737GiB"
1790742141,2026-09-30T13:22:21,Q7AcceptLatencyBenchmark,nice_ishizaka,apache/kafka:4.3.1,15.25,"905.2MiB / 7.737GiB"
1790742141,2026-09-30T13:22:21,Q7AcceptLatencyBenchmark,testcontainers-ryuk-1cdd9a14-9a56-4f60-9190-f90103d2fde4,testcontainers/ryuk:0.14.0,0.00,"8.762MiB / 7.737GiB"
1790742141,2026-09-30T13:22:21,Q7AcceptLatencyBenchmark,external-clickhouse,clickhouse/clickhouse-server:latest,2.40,"1.321GiB / 7.737GiB"
1790742141,2026-09-30T13:22:21,Q7AcceptLatencyBenchmark,external-kafka,apache/kafka:latest,0.78,"1.153GiB / 7.737GiB"
1790742148,2026-09-30T13:22:28,Q7AcceptLatencyBenchmark,vibrant_jemison,postgres:16,1.93,"42.33MiB / 7.737GiB"
1790742148,2026-09-30T13:22:28,Q7AcceptLatencyBenchmark,nice_ishizaka,apache/kafka:4.3.1,6.40,"908.8MiB / 7.737GiB"
1790742148,2026-09-30T13:22:28,Q7AcceptLatencyBenchmark,testcontainers-ryuk-1cdd9a14-9a56-4f60-9190-f90103d2fde4,testcontainers/ryuk:0.14.0,0.00,"8.762MiB / 7.737GiB"
1790742148,2026-09-30T13:22:28,Q7AcceptLatencyBenchmark,external-clickhouse,clickhouse/clickhouse-server:latest,3.21,"1.266GiB / 7.737GiB"
1790742148,2026-09-30T13:22:28,Q7AcceptLatencyBenchmark,external-kafka,apache/kafka:latest,1.35,"1.153GiB / 7.737GiB"
1790742155,2026-09-30T13:22:35,Q7AcceptLatencyBenchmark,vibrant_jemison,postgres:16,12.44,"42.84MiB / 7.737GiB"
1790742155,2026-09-30T13:22:35,Q7AcceptLatencyBenchmark,nice_ishizaka,apache/kafka:4.3.1,29.09,"907.4MiB / 7.737GiB"
1790742155,2026-09-30T13:22:35,Q7AcceptLatencyBenchmark,testcontainers-ryuk-1cdd9a14-9a56-4f60-9190-f90103d2fde4,testcontainers/ryuk:0.14.0,0.00,"8.762MiB / 7.737GiB"
1790742155,2026-09-30T13:22:35,Q7AcceptLatencyBenchmark,external-clickhouse,clickhouse/clickhouse-server:latest,3.82,"1.27GiB / 7.737GiB"
1790742155,2026-09-30T13:22:35,Q7AcceptLatencyBenchmark,external-kafka,apache/kafka:latest,1.11,"1.153GiB / 7.737GiB"
1790742162,2026-09-30T13:22:42,Q7AcceptLatencyBenchmark,vibrant_jemison,postgres:16,4.76,"42.84MiB / 7.737GiB"
1790742162,2026-09-30T13:22:42,Q7AcceptLatencyBenchmark,nice_ishizaka,apache/kafka:4.3.1,15.88,"908.5MiB / 7.737GiB"
1790742162,2026-09-30T13:22:42,Q7AcceptLatencyBenchmark,testcontainers-ryuk-1cdd9a14-9a56-4f60-9190-f90103d2fde4,testcontainers/ryuk:0.14.0,0.00,"8.762MiB / 7.737GiB"
1790742162,2026-09-30T13:22:42,Q7AcceptLatencyBenchmark,external-clickhouse,clickhouse/clickhouse-server:latest,6.69,"1.258GiB / 7.737GiB"
1790742162,2026-09-30T13:22:42,Q7AcceptLatencyBenchmark,external-kafka,apache/kafka:latest,30.79,"1.154GiB / 7.737GiB"
1790742169,2026-09-30T13:22:49,Q7AcceptLatencyBenchmark,vibrant_jemison,postgres:16,19.18,"42.94MiB / 7.737GiB"
1790742169,2026-09-30T13:22:49,Q7AcceptLatencyBenchmark,nice_ishizaka,apache/kafka:4.3.1,33.97,"907.2MiB / 7.737GiB"
1790742169,2026-09-30T13:22:49,Q7AcceptLatencyBenchmark,testcontainers-ryuk-1cdd9a14-9a56-4f60-9190-f90103d2fde4,testcontainers/ryuk:0.14.0,0.00,"8.762MiB / 7.737GiB"
1790742169,2026-09-30T13:22:49,Q7AcceptLatencyBenchmark,external-clickhouse,clickhouse/clickhouse-server:latest,9.79,"1.257GiB / 7.737GiB"
1790742169,2026-09-30T13:22:49,Q7AcceptLatencyBenchmark,external-kafka,apache/kafka:latest,1.14,"1.154GiB / 7.737GiB"
1790742176,2026-09-30T13:22:57,Q7AcceptLatencyBenchmark,vibrant_jemison,postgres:16,4.64,"42.91MiB / 7.737GiB"
1790742176,2026-09-30T13:22:57,Q7AcceptLatencyBenchmark,nice_ishizaka,apache/kafka:4.3.1,18.71,"908.8MiB / 7.737GiB"
1790742176,2026-09-30T13:22:57,Q7AcceptLatencyBenchmark,testcontainers-ryuk-1cdd9a14-9a56-4f60-9190-f90103d2fde4,testcontainers/ryuk:0.14.0,0.00,"8.762MiB / 7.737GiB"
1790742176,2026-09-30T13:22:57,Q7AcceptLatencyBenchmark,external-clickhouse,clickhouse/clickhouse-server:latest,29.45,"1.337GiB / 7.737GiB"
1790742176,2026-09-30T13:22:57,Q7AcceptLatencyBenchmark,external-kafka,apache/kafka:latest,1.28,"1.154GiB / 7.737GiB"
1790742184,2026-09-30T13:23:04,Q7AcceptLatencyBenchmark,vibrant_jemison,postgres:16,17.45,"43.51MiB / 7.737GiB"
1790742184,2026-09-30T13:23:04,Q7AcceptLatencyBenchmark,nice_ishizaka,apache/kafka:4.3.1,37.16,"909.4MiB / 7.737GiB"
1790742184,2026-09-30T13:23:04,Q7AcceptLatencyBenchmark,testcontainers-ryuk-1cdd9a14-9a56-4f60-9190-f90103d2fde4,testcontainers/ryuk:0.14.0,0.00,"8.762MiB / 7.737GiB"
1790742184,2026-09-30T13:23:04,Q7AcceptLatencyBenchmark,external-clickhouse,clickhouse/clickhouse-server:latest,8.02,"1.282GiB / 7.737GiB"
1790742184,2026-09-30T13:23:04,Q7AcceptLatencyBenchmark,external-kafka,apache/kafka:latest,1.30,"1.154GiB / 7.737GiB"
1790742191,2026-09-30T13:23:11,Q7AcceptLatencyBenchmark,vibrant_jemison,postgres:16,17.78,"43.64MiB / 7.737GiB"
1790742191,2026-09-30T13:23:11,Q7AcceptLatencyBenchmark,nice_ishizaka,apache/kafka:4.3.1,20.03,"909.6MiB / 7.737GiB"
1790742191,2026-09-30T13:23:11,Q7AcceptLatencyBenchmark,testcontainers-ryuk-1cdd9a14-9a56-4f60-9190-f90103d2fde4,testcontainers/ryuk:0.14.0,0.00,"8.762MiB / 7.737GiB"
1790742191,2026-09-30T13:23:11,Q7AcceptLatencyBenchmark,external-clickhouse,clickhouse/clickhouse-server:latest,13.69,"1.277GiB / 7.737GiB"
1790742191,2026-09-30T13:23:11,Q7AcceptLatencyBenchmark,external-kafka,apache/kafka:latest,1.21,"1.154GiB / 7.737GiB"
1790742198,2026-09-30T13:23:18,Q7AcceptLatencyBenchmark,vibrant_jemison,postgres:16,3.46,"45.35MiB / 7.737GiB"
1790742198,2026-09-30T13:23:18,Q7AcceptLatencyBenchmark,nice_ishizaka,apache/kafka:4.3.1,16.53,"910MiB / 7.737GiB"
1790742198,2026-09-30T13:23:18,Q7AcceptLatencyBenchmark,testcontainers-ryuk-1cdd9a14-9a56-4f60-9190-f90103d2fde4,testcontainers/ryuk:0.14.0,0.00,"8.762MiB / 7.737GiB"
1790742198,2026-09-30T13:23:18,Q7AcceptLatencyBenchmark,external-clickhouse,clickhouse/clickhouse-server:latest,10.22,"1.265GiB / 7.737GiB"
1790742198,2026-09-30T13:23:18,Q7AcceptLatencyBenchmark,external-kafka,apache/kafka:latest,1.38,"1.154GiB / 7.737GiB"
1790742205,2026-09-30T13:23:25,Q7AcceptLatencyBenchmark,vibrant_jemison,postgres:16,6.84,"45.36MiB / 7.737GiB"
1790742205,2026-09-30T13:23:25,Q7AcceptLatencyBenchmark,nice_ishizaka,apache/kafka:4.3.1,17.92,"910.5MiB / 7.737GiB"
1790742205,2026-09-30T13:23:25,Q7AcceptLatencyBenchmark,testcontainers-ryuk-1cdd9a14-9a56-4f60-9190-f90103d2fde4,testcontainers/ryuk:0.14.0,0.00,"8.762MiB / 7.737GiB"
1790742205,2026-09-30T13:23:25,Q7AcceptLatencyBenchmark,external-clickhouse,clickhouse/clickhouse-server:latest,3.27,"1.255GiB / 7.737GiB"
1790742205,2026-09-30T13:23:25,Q7AcceptLatencyBenchmark,external-kafka,apache/kafka:latest,100.36,"1.154GiB / 7.737GiB"
1790742213,2026-09-30T13:23:33,Q7AcceptLatencyBenchmark,vibrant_jemison,postgres:16,5.80,"45.39MiB / 7.737GiB"
1790742213,2026-09-30T13:23:33,Q7AcceptLatencyBenchmark,nice_ishizaka,apache/kafka:4.3.1,16.19,"910.6MiB / 7.737GiB"
1790742213,2026-09-30T13:23:33,Q7AcceptLatencyBenchmark,testcontainers-ryuk-1cdd9a14-9a56-4f60-9190-f90103d2fde4,testcontainers/ryuk:0.14.0,0.00,"8.762MiB / 7.737GiB"
1790742213,2026-09-30T13:23:33,Q7AcceptLatencyBenchmark,external-clickhouse,clickhouse/clickhouse-server:latest,4.23,"1.256GiB / 7.737GiB"
1790742213,2026-09-30T13:23:33,Q7AcceptLatencyBenchmark,external-kafka,apache/kafka:latest,2.06,"1.154GiB / 7.737GiB"
1790742220,2026-09-30T13:23:40,Q7AcceptLatencyBenchmark,vibrant_jemison,postgres:16,9.33,"45.43MiB / 7.737GiB"
1790742220,2026-09-30T13:23:40,Q7AcceptLatencyBenchmark,nice_ishizaka,apache/kafka:4.3.1,24.18,"910.9MiB / 7.737GiB"
1790742220,2026-09-30T13:23:40,Q7AcceptLatencyBenchmark,testcontainers-ryuk-1cdd9a14-9a56-4f60-9190-f90103d2fde4,testcontainers/ryuk:0.14.0,0.00,"8.762MiB / 7.737GiB"
1790742220,2026-09-30T13:23:40,Q7AcceptLatencyBenchmark,external-clickhouse,clickhouse/clickhouse-server:latest,4.01,"1.274GiB / 7.737GiB"
1790742220,2026-09-30T13:23:40,Q7AcceptLatencyBenchmark,external-kafka,apache/kafka:latest,1.30,"1.154GiB / 7.737GiB"
1790742227,2026-09-30T13:23:47,Q7AcceptLatencyBenchmark,vibrant_jemison,postgres:16,6.86,"45.89MiB / 7.737GiB"
1790742227,2026-09-30T13:23:47,Q7AcceptLatencyBenchmark,nice_ishizaka,apache/kafka:4.3.1,19.83,"916.6MiB / 7.737GiB"
1790742227,2026-09-30T13:23:47,Q7AcceptLatencyBenchmark,testcontainers-ryuk-1cdd9a14-9a56-4f60-9190-f90103d2fde4,testcontainers/ryuk:0.14.0,0.00,"8.762MiB / 7.737GiB"
1790742227,2026-09-30T13:23:47,Q7AcceptLatencyBenchmark,external-clickhouse,clickhouse/clickhouse-server:latest,5.34,"1.268GiB / 7.737GiB"
1790742227,2026-09-30T13:23:47,Q7AcceptLatencyBenchmark,external-kafka,apache/kafka:latest,1.80,"1.154GiB / 7.737GiB"
1790742234,2026-09-30T13:23:54,Q7AcceptLatencyBenchmark,vibrant_jemison,postgres:16,16.05,"45.98MiB / 7.737GiB"
1790742234,2026-09-30T13:23:54,Q7AcceptLatencyBenchmark,nice_ishizaka,apache/kafka:4.3.1,35.65,"914.1MiB / 7.737GiB"
1790742234,2026-09-30T13:23:54,Q7AcceptLatencyBenchmark,testcontainers-ryuk-1cdd9a14-9a56-4f60-9190-f90103d2fde4,testcontainers/ryuk:0.14.0,0.00,"8.762MiB / 7.737GiB"
1790742234,2026-09-30T13:23:54,Q7AcceptLatencyBenchmark,external-clickhouse,clickhouse/clickhouse-server:latest,2.53,"1.265GiB / 7.737GiB"
1790742234,2026-09-30T13:23:54,Q7AcceptLatencyBenchmark,external-kafka,apache/kafka:latest,1.00,"1.154GiB / 7.737GiB"
1790742241,2026-09-30T13:24:01,Q7AcceptLatencyBenchmark,vibrant_jemison,postgres:16,12.69,"45.94MiB / 7.737GiB"
1790742241,2026-09-30T13:24:01,Q7AcceptLatencyBenchmark,nice_ishizaka,apache/kafka:4.3.1,53.27,"917.5MiB / 7.737GiB"
1790742241,2026-09-30T13:24:01,Q7AcceptLatencyBenchmark,testcontainers-ryuk-1cdd9a14-9a56-4f60-9190-f90103d2fde4,testcontainers/ryuk:0.14.0,0.00,"8.762MiB / 7.737GiB"
1790742241,2026-09-30T13:24:01,Q7AcceptLatencyBenchmark,external-clickhouse,clickhouse/clickhouse-server:latest,8.28,"1.271GiB / 7.737GiB"
1790742241,2026-09-30T13:24:01,Q7AcceptLatencyBenchmark,external-kafka,apache/kafka:latest,1.67,"1.154GiB / 7.737GiB"
1790742248,2026-09-30T13:24:08,Q7AcceptLatencyBenchmark,vibrant_jemison,postgres:16,19.63,"46.47MiB / 7.737GiB"
1790742248,2026-09-30T13:24:08,Q7AcceptLatencyBenchmark,nice_ishizaka,apache/kafka:4.3.1,49.10,"915.6MiB / 7.737GiB"
1790742248,2026-09-30T13:24:08,Q7AcceptLatencyBenchmark,testcontainers-ryuk-1cdd9a14-9a56-4f60-9190-f90103d2fde4,testcontainers/ryuk:0.14.0,0.00,"8.762MiB / 7.737GiB"
1790742248,2026-09-30T13:24:08,Q7AcceptLatencyBenchmark,external-clickhouse,clickhouse/clickhouse-server:latest,5.35,"1.275GiB / 7.737GiB"
1790742248,2026-09-30T13:24:08,Q7AcceptLatencyBenchmark,external-kafka,apache/kafka:latest,1.25,"1.154GiB / 7.737GiB"
1790742255,2026-09-30T13:24:15,Q7AcceptLatencyBenchmark,vibrant_jemison,postgres:16,15.88,"46.56MiB / 7.737GiB"
1790742255,2026-09-30T13:24:15,Q7AcceptLatencyBenchmark,nice_ishizaka,apache/kafka:4.3.1,0.86,"916MiB / 7.737GiB"
1790742255,2026-09-30T13:24:15,Q7AcceptLatencyBenchmark,testcontainers-ryuk-1cdd9a14-9a56-4f60-9190-f90103d2fde4,testcontainers/ryuk:0.14.0,0.00,"8.762MiB / 7.737GiB"
1790742255,2026-09-30T13:24:15,Q7AcceptLatencyBenchmark,external-clickhouse,clickhouse/clickhouse-server:latest,2.10,"1.308GiB / 7.737GiB"
1790742255,2026-09-30T13:24:15,Q7AcceptLatencyBenchmark,external-kafka,apache/kafka:latest,1.50,"1.154GiB / 7.737GiB"
1790742263,2026-09-30T13:24:23,Q7AcceptLatencyBenchmark,vibrant_jemison,postgres:16,16.89,"46.64MiB / 7.737GiB"
1790742263,2026-09-30T13:24:23,Q7AcceptLatencyBenchmark,nice_ishizaka,apache/kafka:4.3.1,0.85,"915.9MiB / 7.737GiB"
1790742263,2026-09-30T13:24:23,Q7AcceptLatencyBenchmark,testcontainers-ryuk-1cdd9a14-9a56-4f60-9190-f90103d2fde4,testcontainers/ryuk:0.14.0,0.00,"8.762MiB / 7.737GiB"
1790742263,2026-09-30T13:24:23,Q7AcceptLatencyBenchmark,external-clickhouse,clickhouse/clickhouse-server:latest,2.44,"1.271GiB / 7.737GiB"
1790742263,2026-09-30T13:24:23,Q7AcceptLatencyBenchmark,external-kafka,apache/kafka:latest,1.25,"1.154GiB / 7.737GiB"
1790742270,2026-09-30T13:24:30,Q7AcceptLatencyBenchmark,vibrant_jemison,postgres:16,8.13,"47.21MiB / 7.737GiB"
1790742270,2026-09-30T13:24:30,Q7AcceptLatencyBenchmark,nice_ishizaka,apache/kafka:4.3.1,15.23,"916.2MiB / 7.737GiB"
1790742270,2026-09-30T13:24:30,Q7AcceptLatencyBenchmark,testcontainers-ryuk-1cdd9a14-9a56-4f60-9190-f90103d2fde4,testcontainers/ryuk:0.14.0,0.00,"8.762MiB / 7.737GiB"
1790742270,2026-09-30T13:24:30,Q7AcceptLatencyBenchmark,external-clickhouse,clickhouse/clickhouse-server:latest,2.21,"1.272GiB / 7.737GiB"
1790742270,2026-09-30T13:24:30,Q7AcceptLatencyBenchmark,external-kafka,apache/kafka:latest,0.91,"1.154GiB / 7.737GiB"
1790742277,2026-09-30T13:24:37,Q7AcceptLatencyBenchmark,vibrant_jemison,postgres:16,8.30,"46.98MiB / 7.737GiB"
1790742277,2026-09-30T13:24:37,Q7AcceptLatencyBenchmark,nice_ishizaka,apache/kafka:4.3.1,17.66,"916.3MiB / 7.737GiB"
1790742277,2026-09-30T13:24:37,Q7AcceptLatencyBenchmark,testcontainers-ryuk-1cdd9a14-9a56-4f60-9190-f90103d2fde4,testcontainers/ryuk:0.14.0,0.00,"8.762MiB / 7.737GiB"
1790742277,2026-09-30T13:24:37,Q7AcceptLatencyBenchmark,external-clickhouse,clickhouse/clickhouse-server:latest,3.68,"1.269GiB / 7.737GiB"
1790742277,2026-09-30T13:24:37,Q7AcceptLatencyBenchmark,external-kafka,apache/kafka:latest,1.24,"1.154GiB / 7.737GiB"
1790742284,2026-09-30T13:24:44,Q7AcceptLatencyBenchmark,vibrant_jemison,postgres:16,12.03,"46.99MiB / 7.737GiB"
1790742284,2026-09-30T13:24:44,Q7AcceptLatencyBenchmark,nice_ishizaka,apache/kafka:4.3.1,25.40,"918.1MiB / 7.737GiB"
1790742284,2026-09-30T13:24:44,Q7AcceptLatencyBenchmark,testcontainers-ryuk-1cdd9a14-9a56-4f60-9190-f90103d2fde4,testcontainers/ryuk:0.14.0,0.00,"8.762MiB / 7.737GiB"
1790742284,2026-09-30T13:24:44,Q7AcceptLatencyBenchmark,external-clickhouse,clickhouse/clickhouse-server:latest,2.83,"1.266GiB / 7.737GiB"
1790742284,2026-09-30T13:24:44,Q7AcceptLatencyBenchmark,external-kafka,apache/kafka:latest,119.88,"1.236GiB / 7.737GiB"
1790742291,2026-09-30T13:24:51,Q7AcceptLatencyBenchmark,vibrant_jemison,postgres:16,12.00,"47.02MiB / 7.737GiB"
1790742291,2026-09-30T13:24:51,Q7AcceptLatencyBenchmark,nice_ishizaka,apache/kafka:4.3.1,25.15,"919.2MiB / 7.737GiB"
1790742291,2026-09-30T13:24:51,Q7AcceptLatencyBenchmark,testcontainers-ryuk-1cdd9a14-9a56-4f60-9190-f90103d2fde4,testcontainers/ryuk:0.14.0,0.00,"8.762MiB / 7.737GiB"
1790742291,2026-09-30T13:24:51,Q7AcceptLatencyBenchmark,external-clickhouse,clickhouse/clickhouse-server:latest,4.25,"1.349GiB / 7.737GiB"
1790742291,2026-09-30T13:24:51,Q7AcceptLatencyBenchmark,external-kafka,apache/kafka:latest,0.80,"1.154GiB / 7.737GiB"
1790742298,2026-09-30T13:24:58,Q7AcceptLatencyBenchmark,vibrant_jemison,postgres:16,17.40,"47.04MiB / 7.737GiB"
1790742298,2026-09-30T13:24:58,Q7AcceptLatencyBenchmark,nice_ishizaka,apache/kafka:4.3.1,46.16,"919.4MiB / 7.737GiB"
1790742298,2026-09-30T13:24:58,Q7AcceptLatencyBenchmark,testcontainers-ryuk-1cdd9a14-9a56-4f60-9190-f90103d2fde4,testcontainers/ryuk:0.14.0,0.00,"8.762MiB / 7.737GiB"
1790742298,2026-09-30T13:24:58,Q7AcceptLatencyBenchmark,external-clickhouse,clickhouse/clickhouse-server:latest,2.90,"1.272GiB / 7.737GiB"
1790742298,2026-09-30T13:24:58,Q7AcceptLatencyBenchmark,external-kafka,apache/kafka:latest,1.40,"1.154GiB / 7.737GiB"
1790742306,2026-09-30T13:25:06,Q7AcceptLatencyBenchmark,vibrant_jemison,postgres:16,15.66,"47.62MiB / 7.737GiB"
1790742306,2026-09-30T13:25:06,Q7AcceptLatencyBenchmark,nice_ishizaka,apache/kafka:4.3.1,24.95,"919.7MiB / 7.737GiB"
1790742306,2026-09-30T13:25:06,Q7AcceptLatencyBenchmark,testcontainers-ryuk-1cdd9a14-9a56-4f60-9190-f90103d2fde4,testcontainers/ryuk:0.14.0,0.00,"8.762MiB / 7.737GiB"
1790742306,2026-09-30T13:25:06,Q7AcceptLatencyBenchmark,external-clickhouse,clickhouse/clickhouse-server:latest,3.10,"1.274GiB / 7.737GiB"
1790742306,2026-09-30T13:25:06,Q7AcceptLatencyBenchmark,external-kafka,apache/kafka:latest,65.61,"1.201GiB / 7.737GiB"
1790742313,2026-09-30T13:25:13,Q7AcceptLatencyBenchmark,vibrant_jemison,postgres:16,16.74,"47.59MiB / 7.737GiB"
1790742313,2026-09-30T13:25:13,Q7AcceptLatencyBenchmark,nice_ishizaka,apache/kafka:4.3.1,50.68,"921.4MiB / 7.737GiB"
1790742313,2026-09-30T13:25:13,Q7AcceptLatencyBenchmark,testcontainers-ryuk-1cdd9a14-9a56-4f60-9190-f90103d2fde4,testcontainers/ryuk:0.14.0,0.00,"8.762MiB / 7.737GiB"
1790742313,2026-09-30T13:25:13,Q7AcceptLatencyBenchmark,external-clickhouse,clickhouse/clickhouse-server:latest,6.09,"1.268GiB / 7.737GiB"
1790742313,2026-09-30T13:25:13,Q7AcceptLatencyBenchmark,external-kafka,apache/kafka:latest,1.34,"1.155GiB / 7.737GiB"
1790742320,2026-09-30T13:25:20,Q7AcceptLatencyBenchmark,vibrant_jemison,postgres:16,18.13,"48.23MiB / 7.737GiB"
1790742320,2026-09-30T13:25:20,Q7AcceptLatencyBenchmark,nice_ishizaka,apache/kafka:4.3.1,38.99,"920.2MiB / 7.737GiB"
1790742320,2026-09-30T13:25:20,Q7AcceptLatencyBenchmark,testcontainers-ryuk-1cdd9a14-9a56-4f60-9190-f90103d2fde4,testcontainers/ryuk:0.14.0,0.00,"8.762MiB / 7.737GiB"
1790742320,2026-09-30T13:25:20,Q7AcceptLatencyBenchmark,external-clickhouse,clickhouse/clickhouse-server:latest,14.52,"1.267GiB / 7.737GiB"
1790742320,2026-09-30T13:25:20,Q7AcceptLatencyBenchmark,external-kafka,apache/kafka:latest,1.13,"1.155GiB / 7.737GiB"
1790742327,2026-09-30T13:25:27,Q7AcceptLatencyBenchmark,vibrant_jemison,postgres:16,14.45,"48.31MiB / 7.737GiB"
1790742327,2026-09-30T13:25:27,Q7AcceptLatencyBenchmark,nice_ishizaka,apache/kafka:4.3.1,1.20,"920.8MiB / 7.737GiB"
1790742327,2026-09-30T13:25:27,Q7AcceptLatencyBenchmark,testcontainers-ryuk-1cdd9a14-9a56-4f60-9190-f90103d2fde4,testcontainers/ryuk:0.14.0,0.00,"8.762MiB / 7.737GiB"
1790742327,2026-09-30T13:25:27,Q7AcceptLatencyBenchmark,external-clickhouse,clickhouse/clickhouse-server:latest,23.52,"1.337GiB / 7.737GiB"
1790742327,2026-09-30T13:25:27,Q7AcceptLatencyBenchmark,external-kafka,apache/kafka:latest,0.95,"1.155GiB / 7.737GiB"
1790742334,2026-09-30T13:25:34,Q7AcceptLatencyBenchmark,vibrant_jemison,postgres:16,7.33,"48.48MiB / 7.737GiB"
1790742334,2026-09-30T13:25:34,Q7AcceptLatencyBenchmark,nice_ishizaka,apache/kafka:4.3.1,16.53,"920.7MiB / 7.737GiB"
1790742334,2026-09-30T13:25:34,Q7AcceptLatencyBenchmark,testcontainers-ryuk-1cdd9a14-9a56-4f60-9190-f90103d2fde4,testcontainers/ryuk:0.14.0,0.00,"8.762MiB / 7.737GiB"
1790742334,2026-09-30T13:25:34,Q7AcceptLatencyBenchmark,external-clickhouse,clickhouse/clickhouse-server:latest,3.17,"1.293GiB / 7.737GiB"
1790742334,2026-09-30T13:25:34,Q7AcceptLatencyBenchmark,external-kafka,apache/kafka:latest,1.55,"1.155GiB / 7.737GiB"
1790742341,2026-09-30T13:25:41,Q7AcceptLatencyBenchmark,vibrant_jemison,postgres:16,6.65,"49.34MiB / 7.737GiB"
1790742341,2026-09-30T13:25:41,Q7AcceptLatencyBenchmark,nice_ishizaka,apache/kafka:4.3.1,17.69,"922.6MiB / 7.737GiB"
1790742341,2026-09-30T13:25:41,Q7AcceptLatencyBenchmark,testcontainers-ryuk-1cdd9a14-9a56-4f60-9190-f90103d2fde4,testcontainers/ryuk:0.14.0,0.00,"8.762MiB / 7.737GiB"
1790742341,2026-09-30T13:25:41,Q7AcceptLatencyBenchmark,external-clickhouse,clickhouse/clickhouse-server:latest,2.61,"1.282GiB / 7.737GiB"
1790742341,2026-09-30T13:25:41,Q7AcceptLatencyBenchmark,external-kafka,apache/kafka:latest,0.79,"1.155GiB / 7.737GiB"
1790742349,2026-09-30T13:25:49,Q7AcceptLatencyBenchmark,vibrant_jemison,postgres:16,8.99,"49.15MiB / 7.737GiB"
1790742349,2026-09-30T13:25:49,Q7AcceptLatencyBenchmark,nice_ishizaka,apache/kafka:4.3.1,24.66,"923.1MiB / 7.737GiB"
1790742349,2026-09-30T13:25:49,Q7AcceptLatencyBenchmark,testcontainers-ryuk-1cdd9a14-9a56-4f60-9190-f90103d2fde4,testcontainers/ryuk:0.14.0,0.00,"8.762MiB / 7.737GiB"
1790742349,2026-09-30T13:25:49,Q7AcceptLatencyBenchmark,external-clickhouse,clickhouse/clickhouse-server:latest,2.84,"1.267GiB / 7.737GiB"
1790742349,2026-09-30T13:25:49,Q7AcceptLatencyBenchmark,external-kafka,apache/kafka:latest,0.79,"1.156GiB / 7.737GiB"
1790742356,2026-09-30T13:25:56,Q7AcceptLatencyBenchmark,vibrant_jemison,postgres:16,10.09,"49.18MiB / 7.737GiB"
1790742356,2026-09-30T13:25:56,Q7AcceptLatencyBenchmark,nice_ishizaka,apache/kafka:4.3.1,24.35,"923.5MiB / 7.737GiB"
1790742356,2026-09-30T13:25:56,Q7AcceptLatencyBenchmark,testcontainers-ryuk-1cdd9a14-9a56-4f60-9190-f90103d2fde4,testcontainers/ryuk:0.14.0,0.00,"8.762MiB / 7.737GiB"
1790742356,2026-09-30T13:25:56,Q7AcceptLatencyBenchmark,external-clickhouse,clickhouse/clickhouse-server:latest,7.94,"1.265GiB / 7.737GiB"
1790742356,2026-09-30T13:25:56,Q7AcceptLatencyBenchmark,external-kafka,apache/kafka:latest,0.88,"1.156GiB / 7.737GiB"
1790742363,2026-09-30T13:26:03,Q7AcceptLatencyBenchmark,vibrant_jemison,postgres:16,18.36,"48.95MiB / 7.737GiB"
1790742363,2026-09-30T13:26:03,Q7AcceptLatencyBenchmark,nice_ishizaka,apache/kafka:4.3.1,32.00,"923.6MiB / 7.737GiB"
1790742363,2026-09-30T13:26:03,Q7AcceptLatencyBenchmark,testcontainers-ryuk-1cdd9a14-9a56-4f60-9190-f90103d2fde4,testcontainers/ryuk:0.14.0,0.00,"8.762MiB / 7.737GiB"
1790742363,2026-09-30T13:26:03,Q7AcceptLatencyBenchmark,external-clickhouse,clickhouse/clickhouse-server:latest,4.88,"1.268GiB / 7.737GiB"
1790742363,2026-09-30T13:26:03,Q7AcceptLatencyBenchmark,external-kafka,apache/kafka:latest,22.17,"1.156GiB / 7.737GiB"
1790742370,2026-09-30T13:26:10,Q7AcceptLatencyBenchmark,vibrant_jemison,postgres:16,23.10,"49.02MiB / 7.737GiB"
1790742370,2026-09-30T13:26:10,Q7AcceptLatencyBenchmark,nice_ishizaka,apache/kafka:4.3.1,21.94,"924.4MiB / 7.737GiB"
1790742370,2026-09-30T13:26:10,Q7AcceptLatencyBenchmark,testcontainers-ryuk-1cdd9a14-9a56-4f60-9190-f90103d2fde4,testcontainers/ryuk:0.14.0,0.00,"8.762MiB / 7.737GiB"
1790742370,2026-09-30T13:26:10,Q7AcceptLatencyBenchmark,external-clickhouse,clickhouse/clickhouse-server:latest,2.23,"1.326GiB / 7.737GiB"
1790742370,2026-09-30T13:26:10,Q7AcceptLatencyBenchmark,external-kafka,apache/kafka:latest,1.68,"1.156GiB / 7.737GiB"
1790742377,2026-09-30T13:26:17,Q7AcceptLatencyBenchmark,vibrant_jemison,postgres:16,13.82,"48.97MiB / 7.737GiB"
1790742377,2026-09-30T13:26:17,Q7AcceptLatencyBenchmark,nice_ishizaka,apache/kafka:4.3.1,30.74,"924.8MiB / 7.737GiB"
1790742377,2026-09-30T13:26:17,Q7AcceptLatencyBenchmark,testcontainers-ryuk-1cdd9a14-9a56-4f60-9190-f90103d2fde4,testcontainers/ryuk:0.14.0,0.00,"8.762MiB / 7.737GiB"
1790742377,2026-09-30T13:26:17,Q7AcceptLatencyBenchmark,external-clickhouse,clickhouse/clickhouse-server:latest,8.43,"1.254GiB / 7.737GiB"
1790742377,2026-09-30T13:26:17,Q7AcceptLatencyBenchmark,external-kafka,apache/kafka:latest,4.72,"1.156GiB / 7.737GiB"
1790742385,2026-09-30T13:26:25,Q7AcceptLatencyBenchmark,vibrant_jemison,postgres:16,19.82,"49.02MiB / 7.737GiB"
1790742385,2026-09-30T13:26:25,Q7AcceptLatencyBenchmark,nice_ishizaka,apache/kafka:4.3.1,36.95,"926.4MiB / 7.737GiB"
1790742385,2026-09-30T13:26:25,Q7AcceptLatencyBenchmark,testcontainers-ryuk-1cdd9a14-9a56-4f60-9190-f90103d2fde4,testcontainers/ryuk:0.14.0,0.00,"8.762MiB / 7.737GiB"
1790742385,2026-09-30T13:26:25,Q7AcceptLatencyBenchmark,external-clickhouse,clickhouse/clickhouse-server:latest,2.12,"1.266GiB / 7.737GiB"
1790742385,2026-09-30T13:26:25,Q7AcceptLatencyBenchmark,external-kafka,apache/kafka:latest,139.23,"1.238GiB / 7.737GiB"
1790742392,2026-09-30T13:26:32,Q7AcceptLatencyBenchmark,vibrant_jemison,postgres:16,17.06,"49.13MiB / 7.737GiB"
1790742392,2026-09-30T13:26:32,Q7AcceptLatencyBenchmark,nice_ishizaka,apache/kafka:4.3.1,0.77,"926.2MiB / 7.737GiB"
1790742392,2026-09-30T13:26:32,Q7AcceptLatencyBenchmark,testcontainers-ryuk-1cdd9a14-9a56-4f60-9190-f90103d2fde4,testcontainers/ryuk:0.14.0,0.00,"8.762MiB / 7.737GiB"
1790742392,2026-09-30T13:26:32,Q7AcceptLatencyBenchmark,external-clickhouse,clickhouse/clickhouse-server:latest,2.38,"1.26GiB / 7.737GiB"
1790742392,2026-09-30T13:26:32,Q7AcceptLatencyBenchmark,external-kafka,apache/kafka:latest,0.95,"1.157GiB / 7.737GiB"
1790742399,2026-09-30T13:26:39,Q7AcceptLatencyBenchmark,vibrant_jemison,postgres:16,14.87,"49.18MiB / 7.737GiB"
1790742399,2026-09-30T13:26:39,Q7AcceptLatencyBenchmark,nice_ishizaka,apache/kafka:4.3.1,2.27,"926.2MiB / 7.737GiB"
1790742399,2026-09-30T13:26:39,Q7AcceptLatencyBenchmark,testcontainers-ryuk-1cdd9a14-9a56-4f60-9190-f90103d2fde4,testcontainers/ryuk:0.14.0,0.00,"8.762MiB / 7.737GiB"
1790742399,2026-09-30T13:26:39,Q7AcceptLatencyBenchmark,external-clickhouse,clickhouse/clickhouse-server:latest,3.11,"1.256GiB / 7.737GiB"
1790742399,2026-09-30T13:26:39,Q7AcceptLatencyBenchmark,external-kafka,apache/kafka:latest,1.78,"1.157GiB / 7.737GiB"
1790742406,2026-09-30T13:26:46,Q7AcceptLatencyBenchmark,vibrant_jemison,postgres:16,6.88,"49MiB / 7.737GiB"
1790742406,2026-09-30T13:26:46,Q7AcceptLatencyBenchmark,nice_ishizaka,apache/kafka:4.3.1,13.93,"927.4MiB / 7.737GiB"
1790742406,2026-09-30T13:26:46,Q7AcceptLatencyBenchmark,testcontainers-ryuk-1cdd9a14-9a56-4f60-9190-f90103d2fde4,testcontainers/ryuk:0.14.0,0.00,"8.762MiB / 7.737GiB"
1790742406,2026-09-30T13:26:46,Q7AcceptLatencyBenchmark,external-clickhouse,clickhouse/clickhouse-server:latest,2.34,"1.379GiB / 7.737GiB"
1790742406,2026-09-30T13:26:46,Q7AcceptLatencyBenchmark,external-kafka,apache/kafka:latest,53.96,"1.202GiB / 7.737GiB"
1790742413,2026-09-30T13:26:53,Q7AcceptLatencyBenchmark,vibrant_jemison,postgres:16,6.92,"49.03MiB / 7.737GiB"
1790742413,2026-09-30T13:26:53,Q7AcceptLatencyBenchmark,nice_ishizaka,apache/kafka:4.3.1,13.82,"927MiB / 7.737GiB"
1790742413,2026-09-30T13:26:53,Q7AcceptLatencyBenchmark,testcontainers-ryuk-1cdd9a14-9a56-4f60-9190-f90103d2fde4,testcontainers/ryuk:0.14.0,0.00,"8.762MiB / 7.737GiB"
1790742413,2026-09-30T13:26:53,Q7AcceptLatencyBenchmark,external-clickhouse,clickhouse/clickhouse-server:latest,3.15,"1.287GiB / 7.737GiB"
1790742413,2026-09-30T13:26:53,Q7AcceptLatencyBenchmark,external-kafka,apache/kafka:latest,1.00,"1.157GiB / 7.737GiB"
1790742421,2026-09-30T13:27:01,Q7AcceptLatencyBenchmark,vibrant_jemison,postgres:16,13.67,"49.04MiB / 7.737GiB"
1790742421,2026-09-30T13:27:01,Q7AcceptLatencyBenchmark,nice_ishizaka,apache/kafka:4.3.1,26.32,"927.3MiB / 7.737GiB"
1790742421,2026-09-30T13:27:01,Q7AcceptLatencyBenchmark,testcontainers-ryuk-1cdd9a14-9a56-4f60-9190-f90103d2fde4,testcontainers/ryuk:0.14.0,0.00,"8.762MiB / 7.737GiB"
1790742421,2026-09-30T13:27:01,Q7AcceptLatencyBenchmark,external-clickhouse,clickhouse/clickhouse-server:latest,2.29,"1.271GiB / 7.737GiB"
1790742421,2026-09-30T13:27:01,Q7AcceptLatencyBenchmark,external-kafka,apache/kafka:latest,1.40,"1.158GiB / 7.737GiB"
1790742428,2026-09-30T13:27:08,Q7AcceptLatencyBenchmark,vibrant_jemison,postgres:16,9.62,"49.08MiB / 7.737GiB"
1790742428,2026-09-30T13:27:08,Q7AcceptLatencyBenchmark,nice_ishizaka,apache/kafka:4.3.1,19.63,"927.2MiB / 7.737GiB"
1790742428,2026-09-30T13:27:08,Q7AcceptLatencyBenchmark,testcontainers-ryuk-1cdd9a14-9a56-4f60-9190-f90103d2fde4,testcontainers/ryuk:0.14.0,0.00,"8.762MiB / 7.737GiB"
1790742428,2026-09-30T13:27:08,Q7AcceptLatencyBenchmark,external-clickhouse,clickhouse/clickhouse-server:latest,2.43,"1.267GiB / 7.737GiB"
1790742428,2026-09-30T13:27:08,Q7AcceptLatencyBenchmark,external-kafka,apache/kafka:latest,75.72,"1.216GiB / 7.737GiB"
1790742435,2026-09-30T13:27:15,Q7AcceptLatencyBenchmark,vibrant_jemison,postgres:16,15.91,"49.09MiB / 7.737GiB"
1790742435,2026-09-30T13:27:15,Q7AcceptLatencyBenchmark,nice_ishizaka,apache/kafka:4.3.1,30.68,"930.3MiB / 7.737GiB"
1790742435,2026-09-30T13:27:15,Q7AcceptLatencyBenchmark,testcontainers-ryuk-1cdd9a14-9a56-4f60-9190-f90103d2fde4,testcontainers/ryuk:0.14.0,0.00,"8.762MiB / 7.737GiB"
1790742435,2026-09-30T13:27:15,Q7AcceptLatencyBenchmark,external-clickhouse,clickhouse/clickhouse-server:latest,2.09,"1.273GiB / 7.737GiB"
1790742435,2026-09-30T13:27:15,Q7AcceptLatencyBenchmark,external-kafka,apache/kafka:latest,1.14,"1.158GiB / 7.737GiB"
1790742442,2026-09-30T13:27:22,Q7AcceptLatencyBenchmark,vibrant_jemison,postgres:16,18.14,"49.16MiB / 7.737GiB"
1790742442,2026-09-30T13:27:22,Q7AcceptLatencyBenchmark,nice_ishizaka,apache/kafka:4.3.1,32.52,"930.6MiB / 7.737GiB"
1790742442,2026-09-30T13:27:22,Q7AcceptLatencyBenchmark,testcontainers-ryuk-1cdd9a14-9a56-4f60-9190-f90103d2fde4,testcontainers/ryuk:0.14.0,0.00,"8.762MiB / 7.737GiB"
1790742442,2026-09-30T13:27:22,Q7AcceptLatencyBenchmark,external-clickhouse,clickhouse/clickhouse-server:latest,2.36,"1.35GiB / 7.737GiB"
1790742442,2026-09-30T13:27:22,Q7AcceptLatencyBenchmark,external-kafka,apache/kafka:latest,0.77,"1.158GiB / 7.737GiB"
1790742449,2026-09-30T13:27:29,Q7AcceptLatencyBenchmark,vibrant_jemison,postgres:16,19.19,"49.15MiB / 7.737GiB"
1790742449,2026-09-30T13:27:29,Q7AcceptLatencyBenchmark,nice_ishizaka,apache/kafka:4.3.1,39.67,"933.5MiB / 7.737GiB"
1790742449,2026-09-30T13:27:29,Q7AcceptLatencyBenchmark,testcontainers-ryuk-1cdd9a14-9a56-4f60-9190-f90103d2fde4,testcontainers/ryuk:0.14.0,0.00,"8.762MiB / 7.737GiB"
1790742449,2026-09-30T13:27:29,Q7AcceptLatencyBenchmark,external-clickhouse,clickhouse/clickhouse-server:latest,5.94,"1.274GiB / 7.737GiB"
1790742449,2026-09-30T13:27:29,Q7AcceptLatencyBenchmark,external-kafka,apache/kafka:latest,1.08,"1.158GiB / 7.737GiB"
1790742456,2026-09-30T13:27:36,Q7AcceptLatencyBenchmark,vibrant_jemison,postgres:16,17.67,"49.25MiB / 7.737GiB"
1790742456,2026-09-30T13:27:36,Q7AcceptLatencyBenchmark,nice_ishizaka,apache/kafka:4.3.1,37.60,"933.6MiB / 7.737GiB"
1790742456,2026-09-30T13:27:36,Q7AcceptLatencyBenchmark,testcontainers-ryuk-1cdd9a14-9a56-4f60-9190-f90103d2fde4,testcontainers/ryuk:0.14.0,0.00,"8.762MiB / 7.737GiB"
1790742456,2026-09-30T13:27:36,Q7AcceptLatencyBenchmark,external-clickhouse,clickhouse/clickhouse-server:latest,10.52,"1.27GiB / 7.737GiB"
1790742456,2026-09-30T13:27:36,Q7AcceptLatencyBenchmark,external-kafka,apache/kafka:latest,0.98,"1.159GiB / 7.737GiB"
1790742464,2026-09-30T13:27:44,Q7AcceptLatencyBenchmark,vibrant_jemison,postgres:16,14.67,"49.44MiB / 7.737GiB"
1790742464,2026-09-30T13:27:44,Q7AcceptLatencyBenchmark,nice_ishizaka,apache/kafka:4.3.1,1.04,"936.3MiB / 7.737GiB"
1790742464,2026-09-30T13:27:44,Q7AcceptLatencyBenchmark,testcontainers-ryuk-1cdd9a14-9a56-4f60-9190-f90103d2fde4,testcontainers/ryuk:0.14.0,0.00,"8.762MiB / 7.737GiB"
1790742464,2026-09-30T13:27:44,Q7AcceptLatencyBenchmark,external-clickhouse,clickhouse/clickhouse-server:latest,9.53,"1.276GiB / 7.737GiB"
1790742464,2026-09-30T13:27:44,Q7AcceptLatencyBenchmark,external-kafka,apache/kafka:latest,1.17,"1.159GiB / 7.737GiB"
1790742471,2026-09-30T13:27:51,Q7AcceptLatencyBenchmark,naughty_gagarin,postgres:16,6.67,"30.35MiB / 7.737GiB"
1790742471,2026-09-30T13:27:51,Q7AcceptLatencyBenchmark,nice_ishizaka,apache/kafka:4.3.1,23.01,"936.7MiB / 7.737GiB"
1790742471,2026-09-30T13:27:51,Q7AcceptLatencyBenchmark,testcontainers-ryuk-1cdd9a14-9a56-4f60-9190-f90103d2fde4,testcontainers/ryuk:0.14.0,0.00,"8.762MiB / 7.737GiB"
1790742471,2026-09-30T13:27:51,Q7AcceptLatencyBenchmark,external-clickhouse,clickhouse/clickhouse-server:latest,9.00,"1.261GiB / 7.737GiB"
1790742471,2026-09-30T13:27:51,Q7AcceptLatencyBenchmark,external-kafka,apache/kafka:latest,0.76,"1.159GiB / 7.737GiB"
1790742478,2026-09-30T13:27:58,Q7AcceptLatencyBenchmark,naughty_gagarin,postgres:16,8.91,"31.18MiB / 7.737GiB"
1790742478,2026-09-30T13:27:58,Q7AcceptLatencyBenchmark,nice_ishizaka,apache/kafka:4.3.1,25.66,"938.7MiB / 7.737GiB"
1790742478,2026-09-30T13:27:58,Q7AcceptLatencyBenchmark,testcontainers-ryuk-1cdd9a14-9a56-4f60-9190-f90103d2fde4,testcontainers/ryuk:0.14.0,0.00,"8.762MiB / 7.737GiB"
1790742478,2026-09-30T13:27:58,Q7AcceptLatencyBenchmark,external-clickhouse,clickhouse/clickhouse-server:latest,2.48,"1.266GiB / 7.737GiB"
1790742478,2026-09-30T13:27:58,Q7AcceptLatencyBenchmark,external-kafka,apache/kafka:latest,1.08,"1.159GiB / 7.737GiB"
1790742485,2026-09-30T13:28:05,Q7AcceptLatencyBenchmark,naughty_gagarin,postgres:16,5.50,"32.34MiB / 7.737GiB"
1790742485,2026-09-30T13:28:05,Q7AcceptLatencyBenchmark,nice_ishizaka,apache/kafka:4.3.1,27.29,"946.7MiB / 7.737GiB"
1790742485,2026-09-30T13:28:05,Q7AcceptLatencyBenchmark,testcontainers-ryuk-1cdd9a14-9a56-4f60-9190-f90103d2fde4,testcontainers/ryuk:0.14.0,0.00,"8.762MiB / 7.737GiB"
1790742485,2026-09-30T13:28:05,Q7AcceptLatencyBenchmark,external-clickhouse,clickhouse/clickhouse-server:latest,2.66,"1.289GiB / 7.737GiB"
1790742485,2026-09-30T13:28:05,Q7AcceptLatencyBenchmark,external-kafka,apache/kafka:latest,0.88,"1.07GiB / 7.737GiB"
1790742492,2026-09-30T13:28:12,Q7AcceptLatencyBenchmark,naughty_gagarin,postgres:16,5.29,"32.36MiB / 7.737GiB"
1790742492,2026-09-30T13:28:12,Q7AcceptLatencyBenchmark,nice_ishizaka,apache/kafka:4.3.1,18.11,"939.2MiB / 7.737GiB"
1790742492,2026-09-30T13:28:12,Q7AcceptLatencyBenchmark,testcontainers-ryuk-1cdd9a14-9a56-4f60-9190-f90103d2fde4,testcontainers/ryuk:0.14.0,0.00,"8.762MiB / 7.737GiB"
1790742492,2026-09-30T13:28:12,Q7AcceptLatencyBenchmark,external-clickhouse,clickhouse/clickhouse-server:latest,4.79,"1.27GiB / 7.737GiB"
1790742492,2026-09-30T13:28:12,Q7AcceptLatencyBenchmark,external-kafka,apache/kafka:latest,0.68,"1.07GiB / 7.737GiB"
1790742499,2026-09-30T13:28:19,Q7AcceptLatencyBenchmark,naughty_gagarin,postgres:16,5.90,"32.42MiB / 7.737GiB"
1790742499,2026-09-30T13:28:19,Q7AcceptLatencyBenchmark,nice_ishizaka,apache/kafka:4.3.1,21.32,"939.3MiB / 7.737GiB"
1790742499,2026-09-30T13:28:19,Q7AcceptLatencyBenchmark,testcontainers-ryuk-1cdd9a14-9a56-4f60-9190-f90103d2fde4,testcontainers/ryuk:0.14.0,0.00,"8.762MiB / 7.737GiB"
1790742499,2026-09-30T13:28:19,Q7AcceptLatencyBenchmark,external-clickhouse,clickhouse/clickhouse-server:latest,2.59,"1.264GiB / 7.737GiB"
1790742499,2026-09-30T13:28:19,Q7AcceptLatencyBenchmark,external-kafka,apache/kafka:latest,0.70,"1.07GiB / 7.737GiB"
1790742506,2026-09-30T13:28:26,Q7AcceptLatencyBenchmark,naughty_gagarin,postgres:16,7.64,"32.5MiB / 7.737GiB"
1790742506,2026-09-30T13:28:26,Q7AcceptLatencyBenchmark,nice_ishizaka,apache/kafka:4.3.1,25.21,"939.3MiB / 7.737GiB"
1790742506,2026-09-30T13:28:26,Q7AcceptLatencyBenchmark,testcontainers-ryuk-1cdd9a14-9a56-4f60-9190-f90103d2fde4,testcontainers/ryuk:0.14.0,0.00,"8.762MiB / 7.737GiB"
1790742506,2026-09-30T13:28:26,Q7AcceptLatencyBenchmark,external-clickhouse,clickhouse/clickhouse-server:latest,2.68,"1.267GiB / 7.737GiB"
1790742506,2026-09-30T13:28:26,Q7AcceptLatencyBenchmark,external-kafka,apache/kafka:latest,108.03,"1.138GiB / 7.737GiB"
1790742514,2026-09-30T13:28:34,Q7AcceptLatencyBenchmark,naughty_gagarin,postgres:16,13.53,"32.59MiB / 7.737GiB"
1790742514,2026-09-30T13:28:34,Q7AcceptLatencyBenchmark,nice_ishizaka,apache/kafka:4.3.1,40.28,"941.5MiB / 7.737GiB"
1790742514,2026-09-30T13:28:34,Q7AcceptLatencyBenchmark,testcontainers-ryuk-1cdd9a14-9a56-4f60-9190-f90103d2fde4,testcontainers/ryuk:0.14.0,0.00,"8.762MiB / 7.737GiB"
1790742514,2026-09-30T13:28:34,Q7AcceptLatencyBenchmark,external-clickhouse,clickhouse/clickhouse-server:latest,5.30,"1.264GiB / 7.737GiB"
1790742514,2026-09-30T13:28:34,Q7AcceptLatencyBenchmark,external-kafka,apache/kafka:latest,1.33,"1.07GiB / 7.737GiB"
1790742521,2026-09-30T13:28:41,Q7AcceptLatencyBenchmark,naughty_gagarin,postgres:16,11.88,"36.85MiB / 7.737GiB"
1790742521,2026-09-30T13:28:41,Q7AcceptLatencyBenchmark,nice_ishizaka,apache/kafka:4.3.1,34.76,"941.1MiB / 7.737GiB"
1790742521,2026-09-30T13:28:41,Q7AcceptLatencyBenchmark,testcontainers-ryuk-1cdd9a14-9a56-4f60-9190-f90103d2fde4,testcontainers/ryuk:0.14.0,0.00,"8.762MiB / 7.737GiB"
1790742521,2026-09-30T13:28:41,Q7AcceptLatencyBenchmark,external-clickhouse,clickhouse/clickhouse-server:latest,4.03,"1.425GiB / 7.737GiB"
1790742521,2026-09-30T13:28:41,Q7AcceptLatencyBenchmark,external-kafka,apache/kafka:latest,0.97,"1.07GiB / 7.737GiB"
1790742528,2026-09-30T13:28:48,Q7AcceptLatencyBenchmark,naughty_gagarin,postgres:16,17.50,"36.96MiB / 7.737GiB"
1790742528,2026-09-30T13:28:48,Q7AcceptLatencyBenchmark,nice_ishizaka,apache/kafka:4.3.1,48.44,"943.3MiB / 7.737GiB"
1790742528,2026-09-30T13:28:48,Q7AcceptLatencyBenchmark,testcontainers-ryuk-1cdd9a14-9a56-4f60-9190-f90103d2fde4,testcontainers/ryuk:0.14.0,0.00,"8.762MiB / 7.737GiB"
1790742528,2026-09-30T13:28:48,Q7AcceptLatencyBenchmark,external-clickhouse,clickhouse/clickhouse-server:latest,3.88,"1.283GiB / 7.737GiB"
1790742528,2026-09-30T13:28:48,Q7AcceptLatencyBenchmark,external-kafka,apache/kafka:latest,1.25,"1.07GiB / 7.737GiB"
1790742535,2026-09-30T13:28:55,Q7AcceptLatencyBenchmark,naughty_gagarin,postgres:16,20.11,"39.13MiB / 7.737GiB"
1790742535,2026-09-30T13:28:55,Q7AcceptLatencyBenchmark,nice_ishizaka,apache/kafka:4.3.1,34.74,"943.7MiB / 7.737GiB"
1790742535,2026-09-30T13:28:55,Q7AcceptLatencyBenchmark,testcontainers-ryuk-1cdd9a14-9a56-4f60-9190-f90103d2fde4,testcontainers/ryuk:0.14.0,0.00,"8.762MiB / 7.737GiB"
1790742535,2026-09-30T13:28:55,Q7AcceptLatencyBenchmark,external-clickhouse,clickhouse/clickhouse-server:latest,3.57,"1.289GiB / 7.737GiB"
1790742535,2026-09-30T13:28:55,Q7AcceptLatencyBenchmark,external-kafka,apache/kafka:latest,0.64,"1.07GiB / 7.737GiB"
1790742542,2026-09-30T13:29:02,Q7AcceptLatencyBenchmark,naughty_gagarin,postgres:16,6.36,"42.2MiB / 7.737GiB"
1790742542,2026-09-30T13:29:02,Q7AcceptLatencyBenchmark,nice_ishizaka,apache/kafka:4.3.1,13.72,"944.4MiB / 7.737GiB"
1790742542,2026-09-30T13:29:02,Q7AcceptLatencyBenchmark,testcontainers-ryuk-1cdd9a14-9a56-4f60-9190-f90103d2fde4,testcontainers/ryuk:0.14.0,0.00,"8.762MiB / 7.737GiB"
1790742542,2026-09-30T13:29:02,Q7AcceptLatencyBenchmark,external-clickhouse,clickhouse/clickhouse-server:latest,2.41,"1.292GiB / 7.737GiB"
1790742542,2026-09-30T13:29:02,Q7AcceptLatencyBenchmark,external-kafka,apache/kafka:latest,0.67,"1.07GiB / 7.737GiB"
1790742549,2026-09-30T13:29:09,Q7AcceptLatencyBenchmark,naughty_gagarin,postgres:16,5.87,"42.21MiB / 7.737GiB"
1790742549,2026-09-30T13:29:09,Q7AcceptLatencyBenchmark,nice_ishizaka,apache/kafka:4.3.1,14.55,"944.3MiB / 7.737GiB"
1790742549,2026-09-30T13:29:09,Q7AcceptLatencyBenchmark,testcontainers-ryuk-1cdd9a14-9a56-4f60-9190-f90103d2fde4,testcontainers/ryuk:0.14.0,0.00,"8.762MiB / 7.737GiB"
1790742549,2026-09-30T13:29:09,Q7AcceptLatencyBenchmark,external-clickhouse,clickhouse/clickhouse-server:latest,2.57,"1.291GiB / 7.737GiB"
1790742549,2026-09-30T13:29:09,Q7AcceptLatencyBenchmark,external-kafka,apache/kafka:latest,0.61,"1.07GiB / 7.737GiB"
1790742557,2026-09-30T13:29:17,Q7AcceptLatencyBenchmark,naughty_gagarin,postgres:16,10.06,"42.22MiB / 7.737GiB"
1790742557,2026-09-30T13:29:17,Q7AcceptLatencyBenchmark,nice_ishizaka,apache/kafka:4.3.1,25.45,"948.4MiB / 7.737GiB"
1790742557,2026-09-30T13:29:17,Q7AcceptLatencyBenchmark,testcontainers-ryuk-1cdd9a14-9a56-4f60-9190-f90103d2fde4,testcontainers/ryuk:0.14.0,0.00,"8.762MiB / 7.737GiB"
1790742557,2026-09-30T13:29:17,Q7AcceptLatencyBenchmark,external-clickhouse,clickhouse/clickhouse-server:latest,3.48,"1.287GiB / 7.737GiB"
1790742557,2026-09-30T13:29:17,Q7AcceptLatencyBenchmark,external-kafka,apache/kafka:latest,0.83,"1.07GiB / 7.737GiB"
1790742564,2026-09-30T13:29:24,Q7AcceptLatencyBenchmark,naughty_gagarin,postgres:16,8.76,"42.73MiB / 7.737GiB"
1790742564,2026-09-30T13:29:24,Q7AcceptLatencyBenchmark,nice_ishizaka,apache/kafka:4.3.1,19.65,"945.4MiB / 7.737GiB"
1790742564,2026-09-30T13:29:24,Q7AcceptLatencyBenchmark,testcontainers-ryuk-1cdd9a14-9a56-4f60-9190-f90103d2fde4,testcontainers/ryuk:0.14.0,0.00,"8.762MiB / 7.737GiB"
1790742564,2026-09-30T13:29:24,Q7AcceptLatencyBenchmark,external-clickhouse,clickhouse/clickhouse-server:latest,2.75,"1.341GiB / 7.737GiB"
1790742564,2026-09-30T13:29:24,Q7AcceptLatencyBenchmark,external-kafka,apache/kafka:latest,1.36,"1.07GiB / 7.737GiB"
1790742571,2026-09-30T13:29:31,Q7AcceptLatencyBenchmark,naughty_gagarin,postgres:16,18.52,"42.76MiB / 7.737GiB"
1790742571,2026-09-30T13:29:31,Q7AcceptLatencyBenchmark,nice_ishizaka,apache/kafka:4.3.1,40.33,"945.7MiB / 7.737GiB"
1790742571,2026-09-30T13:29:31,Q7AcceptLatencyBenchmark,testcontainers-ryuk-1cdd9a14-9a56-4f60-9190-f90103d2fde4,testcontainers/ryuk:0.14.0,0.00,"8.762MiB / 7.737GiB"
1790742571,2026-09-30T13:29:31,Q7AcceptLatencyBenchmark,external-clickhouse,clickhouse/clickhouse-server:latest,3.12,"1.296GiB / 7.737GiB"
1790742571,2026-09-30T13:29:31,Q7AcceptLatencyBenchmark,external-kafka,apache/kafka:latest,0.94,"1.07GiB / 7.737GiB"
1790742578,2026-09-30T13:29:38,Q7AcceptLatencyBenchmark,naughty_gagarin,postgres:16,15.99,"42.82MiB / 7.737GiB"
1790742578,2026-09-30T13:29:38,Q7AcceptLatencyBenchmark,nice_ishizaka,apache/kafka:4.3.1,45.44,"947.3MiB / 7.737GiB"
1790742578,2026-09-30T13:29:38,Q7AcceptLatencyBenchmark,testcontainers-ryuk-1cdd9a14-9a56-4f60-9190-f90103d2fde4,testcontainers/ryuk:0.14.0,0.00,"8.762MiB / 7.737GiB"
1790742578,2026-09-30T13:29:38,Q7AcceptLatencyBenchmark,external-clickhouse,clickhouse/clickhouse-server:latest,2.53,"1.29GiB / 7.737GiB"
1790742578,2026-09-30T13:29:38,Q7AcceptLatencyBenchmark,external-kafka,apache/kafka:latest,1.12,"1.07GiB / 7.737GiB"
1790742585,2026-09-30T13:29:45,Q7AcceptLatencyBenchmark,naughty_gagarin,postgres:16,17.92,"43.33MiB / 7.737GiB"
1790742585,2026-09-30T13:29:45,Q7AcceptLatencyBenchmark,nice_ishizaka,apache/kafka:4.3.1,40.42,"947.7MiB / 7.737GiB"
1790742585,2026-09-30T13:29:45,Q7AcceptLatencyBenchmark,testcontainers-ryuk-1cdd9a14-9a56-4f60-9190-f90103d2fde4,testcontainers/ryuk:0.14.0,0.00,"8.762MiB / 7.737GiB"
1790742585,2026-09-30T13:29:45,Q7AcceptLatencyBenchmark,external-clickhouse,clickhouse/clickhouse-server:latest,2.46,"1.297GiB / 7.737GiB"
1790742585,2026-09-30T13:29:45,Q7AcceptLatencyBenchmark,external-kafka,apache/kafka:latest,26.94,"1.07GiB / 7.737GiB"
1790742592,2026-09-30T13:29:52,Q7AcceptLatencyBenchmark,naughty_gagarin,postgres:16,16.70,"43.46MiB / 7.737GiB"
1790742592,2026-09-30T13:29:52,Q7AcceptLatencyBenchmark,nice_ishizaka,apache/kafka:4.3.1,43.96,"949.2MiB / 7.737GiB"
1790742592,2026-09-30T13:29:52,Q7AcceptLatencyBenchmark,testcontainers-ryuk-1cdd9a14-9a56-4f60-9190-f90103d2fde4,testcontainers/ryuk:0.14.0,0.00,"8.762MiB / 7.737GiB"
1790742592,2026-09-30T13:29:52,Q7AcceptLatencyBenchmark,external-clickhouse,clickhouse/clickhouse-server:latest,10.10,"1.29GiB / 7.737GiB"
1790742592,2026-09-30T13:29:52,Q7AcceptLatencyBenchmark,external-kafka,apache/kafka:latest,0.71,"1.07GiB / 7.737GiB"
1790742600,2026-09-30T13:30:00,Q7AcceptLatencyBenchmark,naughty_gagarin,postgres:16,15.94,"46.05MiB / 7.737GiB"
1790742600,2026-09-30T13:30:00,Q7AcceptLatencyBenchmark,nice_ishizaka,apache/kafka:4.3.1,0.96,"949.2MiB / 7.737GiB"
1790742600,2026-09-30T13:30:00,Q7AcceptLatencyBenchmark,testcontainers-ryuk-1cdd9a14-9a56-4f60-9190-f90103d2fde4,testcontainers/ryuk:0.14.0,0.00,"8.762MiB / 7.737GiB"
1790742600,2026-09-30T13:30:00,Q7AcceptLatencyBenchmark,external-clickhouse,clickhouse/clickhouse-server:latest,27.19,"1.342GiB / 7.737GiB"
1790742600,2026-09-30T13:30:00,Q7AcceptLatencyBenchmark,external-kafka,apache/kafka:latest,0.82,"1.07GiB / 7.737GiB"
1790742607,2026-09-30T13:30:07,Q7AcceptLatencyBenchmark,naughty_gagarin,postgres:16,4.68,"46.35MiB / 7.737GiB"
1790742607,2026-09-30T13:30:07,Q7AcceptLatencyBenchmark,nice_ishizaka,apache/kafka:4.3.1,12.39,"949.6MiB / 7.737GiB"
1790742607,2026-09-30T13:30:07,Q7AcceptLatencyBenchmark,testcontainers-ryuk-1cdd9a14-9a56-4f60-9190-f90103d2fde4,testcontainers/ryuk:0.14.0,0.01,"8.762MiB / 7.737GiB"
1790742607,2026-09-30T13:30:07,Q7AcceptLatencyBenchmark,external-clickhouse,clickhouse/clickhouse-server:latest,6.30,"1.292GiB / 7.737GiB"
1790742607,2026-09-30T13:30:07,Q7AcceptLatencyBenchmark,external-kafka,apache/kafka:latest,0.83,"1.07GiB / 7.737GiB"
1790742614,2026-09-30T13:30:14,Q7AcceptLatencyBenchmark,naughty_gagarin,postgres:16,4.90,"46.38MiB / 7.737GiB"
1790742614,2026-09-30T13:30:14,Q7AcceptLatencyBenchmark,nice_ishizaka,apache/kafka:4.3.1,18.47,"949.7MiB / 7.737GiB"
1790742614,2026-09-30T13:30:14,Q7AcceptLatencyBenchmark,testcontainers-ryuk-1cdd9a14-9a56-4f60-9190-f90103d2fde4,testcontainers/ryuk:0.14.0,0.00,"8.762MiB / 7.737GiB"
1790742614,2026-09-30T13:30:14,Q7AcceptLatencyBenchmark,external-clickhouse,clickhouse/clickhouse-server:latest,4.13,"1.286GiB / 7.737GiB"
1790742614,2026-09-30T13:30:14,Q7AcceptLatencyBenchmark,external-kafka,apache/kafka:latest,0.65,"1.07GiB / 7.737GiB"
1790742621,2026-09-30T13:30:21,Q7AcceptLatencyBenchmark,naughty_gagarin,postgres:16,6.43,"46.4MiB / 7.737GiB"
1790742621,2026-09-30T13:30:21,Q7AcceptLatencyBenchmark,nice_ishizaka,apache/kafka:4.3.1,21.58,"950MiB / 7.737GiB"
1790742621,2026-09-30T13:30:21,Q7AcceptLatencyBenchmark,testcontainers-ryuk-1cdd9a14-9a56-4f60-9190-f90103d2fde4,testcontainers/ryuk:0.14.0,0.00,"8.762MiB / 7.737GiB"
1790742621,2026-09-30T13:30:21,Q7AcceptLatencyBenchmark,external-clickhouse,clickhouse/clickhouse-server:latest,2.47,"1.28GiB / 7.737GiB"
1790742621,2026-09-30T13:30:21,Q7AcceptLatencyBenchmark,external-kafka,apache/kafka:latest,0.96,"1.07GiB / 7.737GiB"
1790742628,2026-09-30T13:30:28,Q7AcceptLatencyBenchmark,naughty_gagarin,postgres:16,6.62,"46.44MiB / 7.737GiB"
1790742628,2026-09-30T13:30:28,Q7AcceptLatencyBenchmark,nice_ishizaka,apache/kafka:4.3.1,22.93,"950.7MiB / 7.737GiB"
1790742628,2026-09-30T13:30:28,Q7AcceptLatencyBenchmark,testcontainers-ryuk-1cdd9a14-9a56-4f60-9190-f90103d2fde4,testcontainers/ryuk:0.14.0,0.00,"8.762MiB / 7.737GiB"
1790742628,2026-09-30T13:30:28,Q7AcceptLatencyBenchmark,external-clickhouse,clickhouse/clickhouse-server:latest,1.80,"1.282GiB / 7.737GiB"
1790742628,2026-09-30T13:30:28,Q7AcceptLatencyBenchmark,external-kafka,apache/kafka:latest,0.91,"1.07GiB / 7.737GiB"
1790742635,2026-09-30T13:30:35,Q7AcceptLatencyBenchmark,naughty_gagarin,postgres:16,16.53,"46.95MiB / 7.737GiB"
1790742635,2026-09-30T13:30:35,Q7AcceptLatencyBenchmark,nice_ishizaka,apache/kafka:4.3.1,35.38,"950.8MiB / 7.737GiB"
1790742635,2026-09-30T13:30:35,Q7AcceptLatencyBenchmark,testcontainers-ryuk-1cdd9a14-9a56-4f60-9190-f90103d2fde4,testcontainers/ryuk:0.14.0,0.00,"8.762MiB / 7.737GiB"
1790742635,2026-09-30T13:30:35,Q7AcceptLatencyBenchmark,external-clickhouse,clickhouse/clickhouse-server:latest,3.24,"1.285GiB / 7.737GiB"
1790742635,2026-09-30T13:30:35,Q7AcceptLatencyBenchmark,external-kafka,apache/kafka:latest,0.65,"1.07GiB / 7.737GiB"
1790742642,2026-09-30T13:30:42,Q7AcceptLatencyBenchmark,naughty_gagarin,postgres:16,10.15,"47.03MiB / 7.737GiB"
1790742642,2026-09-30T13:30:42,Q7AcceptLatencyBenchmark,nice_ishizaka,apache/kafka:4.3.1,31.37,"952.8MiB / 7.737GiB"
1790742642,2026-09-30T13:30:42,Q7AcceptLatencyBenchmark,testcontainers-ryuk-1cdd9a14-9a56-4f60-9190-f90103d2fde4,testcontainers/ryuk:0.14.0,0.00,"8.762MiB / 7.737GiB"
1790742642,2026-09-30T13:30:42,Q7AcceptLatencyBenchmark,external-clickhouse,clickhouse/clickhouse-server:latest,2.93,"1.339GiB / 7.737GiB"
1790742642,2026-09-30T13:30:42,Q7AcceptLatencyBenchmark,external-kafka,apache/kafka:latest,0.45,"1.07GiB / 7.737GiB"
1790742650,2026-09-30T13:30:50,Q7AcceptLatencyBenchmark,naughty_gagarin,postgres:16,17.61,"47.57MiB / 7.737GiB"
1790742650,2026-09-30T13:30:50,Q7AcceptLatencyBenchmark,nice_ishizaka,apache/kafka:4.3.1,37.27,"954.8MiB / 7.737GiB"
1790742650,2026-09-30T13:30:50,Q7AcceptLatencyBenchmark,testcontainers-ryuk-1cdd9a14-9a56-4f60-9190-f90103d2fde4,testcontainers/ryuk:0.14.0,0.00,"8.762MiB / 7.737GiB"
1790742650,2026-09-30T13:30:50,Q7AcceptLatencyBenchmark,external-clickhouse,clickhouse/clickhouse-server:latest,3.32,"1.283GiB / 7.737GiB"
1790742650,2026-09-30T13:30:50,Q7AcceptLatencyBenchmark,external-kafka,apache/kafka:latest,0.77,"1.07GiB / 7.737GiB"
1790742657,2026-09-30T13:30:57,Q7AcceptLatencyBenchmark,naughty_gagarin,postgres:16,10.99,"47.88MiB / 7.737GiB"
1790742657,2026-09-30T13:30:57,Q7AcceptLatencyBenchmark,nice_ishizaka,apache/kafka:4.3.1,34.58,"954.1MiB / 7.737GiB"
1790742657,2026-09-30T13:30:57,Q7AcceptLatencyBenchmark,testcontainers-ryuk-1cdd9a14-9a56-4f60-9190-f90103d2fde4,testcontainers/ryuk:0.14.0,0.00,"8.762MiB / 7.737GiB"
1790742657,2026-09-30T13:30:57,Q7AcceptLatencyBenchmark,external-clickhouse,clickhouse/clickhouse-server:latest,6.71,"1.288GiB / 7.737GiB"
1790742657,2026-09-30T13:30:57,Q7AcceptLatencyBenchmark,external-kafka,apache/kafka:latest,0.70,"1.07GiB / 7.737GiB"
1790742664,2026-09-30T13:31:04,Q7AcceptLatencyBenchmark,naughty_gagarin,postgres:16,6.36,"47.95MiB / 7.737GiB"
1790742664,2026-09-30T13:31:04,Q7AcceptLatencyBenchmark,nice_ishizaka,apache/kafka:4.3.1,16.79,"954.2MiB / 7.737GiB"
1790742664,2026-09-30T13:31:04,Q7AcceptLatencyBenchmark,testcontainers-ryuk-1cdd9a14-9a56-4f60-9190-f90103d2fde4,testcontainers/ryuk:0.14.0,0.00,"8.762MiB / 7.737GiB"
1790742664,2026-09-30T13:31:04,Q7AcceptLatencyBenchmark,external-clickhouse,clickhouse/clickhouse-server:latest,6.52,"1.284GiB / 7.737GiB"
1790742664,2026-09-30T13:31:04,Q7AcceptLatencyBenchmark,external-kafka,apache/kafka:latest,88.55,"1.07GiB / 7.737GiB"
1790742671,2026-09-30T13:31:11,Q7AcceptLatencyBenchmark,naughty_gagarin,postgres:16,6.93,"47.97MiB / 7.737GiB"
1790742671,2026-09-30T13:31:11,Q7AcceptLatencyBenchmark,nice_ishizaka,apache/kafka:4.3.1,13.87,"954.3MiB / 7.737GiB"
1790742671,2026-09-30T13:31:11,Q7AcceptLatencyBenchmark,testcontainers-ryuk-1cdd9a14-9a56-4f60-9190-f90103d2fde4,testcontainers/ryuk:0.14.0,0.00,"8.762MiB / 7.737GiB"
1790742671,2026-09-30T13:31:11,Q7AcceptLatencyBenchmark,external-clickhouse,clickhouse/clickhouse-server:latest,2.49,"1.291GiB / 7.737GiB"
1790742671,2026-09-30T13:31:11,Q7AcceptLatencyBenchmark,external-kafka,apache/kafka:latest,1.21,"1.07GiB / 7.737GiB"
1790742678,2026-09-30T13:31:18,Q7AcceptLatencyBenchmark,naughty_gagarin,postgres:16,6.92,"47.98MiB / 7.737GiB"
1790742678,2026-09-30T13:31:18,Q7AcceptLatencyBenchmark,nice_ishizaka,apache/kafka:4.3.1,21.74,"954.6MiB / 7.737GiB"
1790742678,2026-09-30T13:31:18,Q7AcceptLatencyBenchmark,testcontainers-ryuk-1cdd9a14-9a56-4f60-9190-f90103d2fde4,testcontainers/ryuk:0.14.0,0.00,"8.762MiB / 7.737GiB"
1790742678,2026-09-30T13:31:18,Q7AcceptLatencyBenchmark,external-clickhouse,clickhouse/clickhouse-server:latest,5.14,"1.31GiB / 7.737GiB"
1790742678,2026-09-30T13:31:18,Q7AcceptLatencyBenchmark,external-kafka,apache/kafka:latest,1.05,"1.07GiB / 7.737GiB"
1790742685,2026-09-30T13:31:25,Q7AcceptLatencyBenchmark,naughty_gagarin,postgres:16,8.87,"48.01MiB / 7.737GiB"
1790742685,2026-09-30T13:31:25,Q7AcceptLatencyBenchmark,nice_ishizaka,apache/kafka:4.3.1,26.83,"954.6MiB / 7.737GiB"
1790742685,2026-09-30T13:31:25,Q7AcceptLatencyBenchmark,testcontainers-ryuk-1cdd9a14-9a56-4f60-9190-f90103d2fde4,testcontainers/ryuk:0.14.0,0.00,"8.762MiB / 7.737GiB"
1790742685,2026-09-30T13:31:25,Q7AcceptLatencyBenchmark,external-clickhouse,clickhouse/clickhouse-server:latest,1.97,"1.278GiB / 7.737GiB"
1790742685,2026-09-30T13:31:25,Q7AcceptLatencyBenchmark,external-kafka,apache/kafka:latest,48.08,"1.07GiB / 7.737GiB"
1790742693,2026-09-30T13:31:33,Q7AcceptLatencyBenchmark,naughty_gagarin,postgres:16,11.26,"48.01MiB / 7.737GiB"
1790742693,2026-09-30T13:31:33,Q7AcceptLatencyBenchmark,nice_ishizaka,apache/kafka:4.3.1,25.56,"955.7MiB / 7.737GiB"
1790742693,2026-09-30T13:31:33,Q7AcceptLatencyBenchmark,testcontainers-ryuk-1cdd9a14-9a56-4f60-9190-f90103d2fde4,testcontainers/ryuk:0.14.0,0.00,"8.762MiB / 7.737GiB"
1790742693,2026-09-30T13:31:33,Q7AcceptLatencyBenchmark,external-clickhouse,clickhouse/clickhouse-server:latest,2.90,"1.282GiB / 7.737GiB"
1790742693,2026-09-30T13:31:33,Q7AcceptLatencyBenchmark,external-kafka,apache/kafka:latest,1.03,"1.07GiB / 7.737GiB"
1790742700,2026-09-30T13:31:40,Q7AcceptLatencyBenchmark,naughty_gagarin,postgres:16,15.58,"48.59MiB / 7.737GiB"
1790742700,2026-09-30T13:31:40,Q7AcceptLatencyBenchmark,nice_ishizaka,apache/kafka:4.3.1,36.81,"955.7MiB / 7.737GiB"
1790742700,2026-09-30T13:31:40,Q7AcceptLatencyBenchmark,testcontainers-ryuk-1cdd9a14-9a56-4f60-9190-f90103d2fde4,testcontainers/ryuk:0.14.0,0.00,"8.762MiB / 7.737GiB"
1790742700,2026-09-30T13:31:40,Q7AcceptLatencyBenchmark,external-clickhouse,clickhouse/clickhouse-server:latest,3.73,"1.273GiB / 7.737GiB"
1790742700,2026-09-30T13:31:40,Q7AcceptLatencyBenchmark,external-kafka,apache/kafka:latest,1.04,"1.07GiB / 7.737GiB"
1790742707,2026-09-30T13:31:47,Q7AcceptLatencyBenchmark,naughty_gagarin,postgres:16,10.52,"48.57MiB / 7.737GiB"
1790742707,2026-09-30T13:31:47,Q7AcceptLatencyBenchmark,nice_ishizaka,apache/kafka:4.3.1,10.73,"957.2MiB / 7.737GiB"
1790742707,2026-09-30T13:31:47,Q7AcceptLatencyBenchmark,testcontainers-ryuk-1cdd9a14-9a56-4f60-9190-f90103d2fde4,testcontainers/ryuk:0.14.0,0.00,"8.762MiB / 7.737GiB"
1790742707,2026-09-30T13:31:47,Q7AcceptLatencyBenchmark,external-clickhouse,clickhouse/clickhouse-server:latest,3.22,"1.278GiB / 7.737GiB"
1790742707,2026-09-30T13:31:47,Q7AcceptLatencyBenchmark,external-kafka,apache/kafka:latest,83.06,"1.115GiB / 7.737GiB"
1790742714,2026-09-30T13:31:54,Q7AcceptLatencyBenchmark,naughty_gagarin,postgres:16,17.22,"48.75MiB / 7.737GiB"
1790742714,2026-09-30T13:31:54,Q7AcceptLatencyBenchmark,nice_ishizaka,apache/kafka:4.3.1,40.91,"957.5MiB / 7.737GiB"
1790742714,2026-09-30T13:31:54,Q7AcceptLatencyBenchmark,testcontainers-ryuk-1cdd9a14-9a56-4f60-9190-f90103d2fde4,testcontainers/ryuk:0.14.0,0.00,"8.762MiB / 7.737GiB"
1790742714,2026-09-30T13:31:54,Q7AcceptLatencyBenchmark,external-clickhouse,clickhouse/clickhouse-server:latest,3.71,"1.334GiB / 7.737GiB"
1790742714,2026-09-30T13:31:54,Q7AcceptLatencyBenchmark,external-kafka,apache/kafka:latest,2.69,"1.07GiB / 7.737GiB"
1790742722,2026-09-30T13:32:02,Q7AcceptLatencyBenchmark,naughty_gagarin,postgres:16,16.84,"49.23MiB / 7.737GiB"
1790742722,2026-09-30T13:32:02,Q7AcceptLatencyBenchmark,nice_ishizaka,apache/kafka:4.3.1,1.19,"957.5MiB / 7.737GiB"
1790742722,2026-09-30T13:32:02,Q7AcceptLatencyBenchmark,testcontainers-ryuk-1cdd9a14-9a56-4f60-9190-f90103d2fde4,testcontainers/ryuk:0.14.0,0.00,"8.762MiB / 7.737GiB"
1790742722,2026-09-30T13:32:02,Q7AcceptLatencyBenchmark,external-clickhouse,clickhouse/clickhouse-server:latest,2.84,"1.272GiB / 7.737GiB"
1790742722,2026-09-30T13:32:02,Q7AcceptLatencyBenchmark,external-kafka,apache/kafka:latest,0.98,"1.07GiB / 7.737GiB"
1790742729,2026-09-30T13:32:09,Q7AcceptLatencyBenchmark,naughty_gagarin,postgres:16,8.83,"49.05MiB / 7.737GiB"
1790742729,2026-09-30T13:32:09,Q7AcceptLatencyBenchmark,nice_ishizaka,apache/kafka:4.3.1,8.52,"958.4MiB / 7.737GiB"
1790742729,2026-09-30T13:32:09,Q7AcceptLatencyBenchmark,testcontainers-ryuk-1cdd9a14-9a56-4f60-9190-f90103d2fde4,testcontainers/ryuk:0.14.0,0.00,"8.762MiB / 7.737GiB"
1790742729,2026-09-30T13:32:09,Q7AcceptLatencyBenchmark,external-clickhouse,clickhouse/clickhouse-server:latest,2.99,"1.273GiB / 7.737GiB"
1790742729,2026-09-30T13:32:09,Q7AcceptLatencyBenchmark,external-kafka,apache/kafka:latest,0.82,"1.07GiB / 7.737GiB"
1790742736,2026-09-30T13:32:16,Q7AcceptLatencyBenchmark,naughty_gagarin,postgres:16,8.98,"49.08MiB / 7.737GiB"
1790742736,2026-09-30T13:32:16,Q7AcceptLatencyBenchmark,nice_ishizaka,apache/kafka:4.3.1,19.11,"958.5MiB / 7.737GiB"
1790742736,2026-09-30T13:32:16,Q7AcceptLatencyBenchmark,testcontainers-ryuk-1cdd9a14-9a56-4f60-9190-f90103d2fde4,testcontainers/ryuk:0.14.0,0.00,"8.762MiB / 7.737GiB"
1790742736,2026-09-30T13:32:16,Q7AcceptLatencyBenchmark,external-clickhouse,clickhouse/clickhouse-server:latest,13.73,"1.285GiB / 7.737GiB"
1790742736,2026-09-30T13:32:16,Q7AcceptLatencyBenchmark,external-kafka,apache/kafka:latest,0.80,"1.07GiB / 7.737GiB"
1790742743,2026-09-30T13:32:23,Q7AcceptLatencyBenchmark,naughty_gagarin,postgres:16,5.13,"49.57MiB / 7.737GiB"
1790742743,2026-09-30T13:32:23,Q7AcceptLatencyBenchmark,nice_ishizaka,apache/kafka:4.3.1,17.77,"972.1MiB / 7.737GiB"
1790742743,2026-09-30T13:32:23,Q7AcceptLatencyBenchmark,testcontainers-ryuk-1cdd9a14-9a56-4f60-9190-f90103d2fde4,testcontainers/ryuk:0.14.0,0.00,"8.762MiB / 7.737GiB"
1790742743,2026-09-30T13:32:23,Q7AcceptLatencyBenchmark,external-clickhouse,clickhouse/clickhouse-server:latest,10.51,"1.28GiB / 7.737GiB"
1790742743,2026-09-30T13:32:23,Q7AcceptLatencyBenchmark,external-kafka,apache/kafka:latest,1.40,"1.07GiB / 7.737GiB"
1790742751,2026-09-30T13:32:31,Q7AcceptLatencyBenchmark,naughty_gagarin,postgres:16,5.65,"49.6MiB / 7.737GiB"
1790742751,2026-09-30T13:32:31,Q7AcceptLatencyBenchmark,nice_ishizaka,apache/kafka:4.3.1,20.62,"959MiB / 7.737GiB"
1790742751,2026-09-30T13:32:31,Q7AcceptLatencyBenchmark,testcontainers-ryuk-1cdd9a14-9a56-4f60-9190-f90103d2fde4,testcontainers/ryuk:0.14.0,0.00,"8.762MiB / 7.737GiB"
1790742751,2026-09-30T13:32:31,Q7AcceptLatencyBenchmark,external-clickhouse,clickhouse/clickhouse-server:latest,16.08,"1.292GiB / 7.737GiB"
1790742751,2026-09-30T13:32:31,Q7AcceptLatencyBenchmark,external-kafka,apache/kafka:latest,0.51,"1.07GiB / 7.737GiB"
1790742758,2026-09-30T13:32:38,Q7AcceptLatencyBenchmark,naughty_gagarin,postgres:16,5.55,"49.59MiB / 7.737GiB"
1790742758,2026-09-30T13:32:38,Q7AcceptLatencyBenchmark,nice_ishizaka,apache/kafka:4.3.1,14.48,"959.1MiB / 7.737GiB"
1790742758,2026-09-30T13:32:38,Q7AcceptLatencyBenchmark,testcontainers-ryuk-1cdd9a14-9a56-4f60-9190-f90103d2fde4,testcontainers/ryuk:0.14.0,0.00,"8.762MiB / 7.737GiB"
1790742758,2026-09-30T13:32:38,Q7AcceptLatencyBenchmark,external-clickhouse,clickhouse/clickhouse-server:latest,3.85,"1.32GiB / 7.737GiB"
1790742758,2026-09-30T13:32:38,Q7AcceptLatencyBenchmark,external-kafka,apache/kafka:latest,1.71,"1.07GiB / 7.737GiB"
1790742765,2026-09-30T13:32:45,Q7AcceptLatencyBenchmark,naughty_gagarin,postgres:16,12.63,"49.68MiB / 7.737GiB"
1790742765,2026-09-30T13:32:45,Q7AcceptLatencyBenchmark,nice_ishizaka,apache/kafka:4.3.1,42.54,"961.1MiB / 7.737GiB"
1790742765,2026-09-30T13:32:45,Q7AcceptLatencyBenchmark,testcontainers-ryuk-1cdd9a14-9a56-4f60-9190-f90103d2fde4,testcontainers/ryuk:0.14.0,0.00,"8.762MiB / 7.737GiB"
1790742765,2026-09-30T13:32:45,Q7AcceptLatencyBenchmark,external-clickhouse,clickhouse/clickhouse-server:latest,3.31,"1.29GiB / 7.737GiB"
1790742765,2026-09-30T13:32:45,Q7AcceptLatencyBenchmark,external-kafka,apache/kafka:latest,70.16,"1.07GiB / 7.737GiB"
1790742772,2026-09-30T13:32:52,Q7AcceptLatencyBenchmark,naughty_gagarin,postgres:16,4.33,"50.26MiB / 7.737GiB"
1790742772,2026-09-30T13:32:52,Q7AcceptLatencyBenchmark,nice_ishizaka,apache/kafka:4.3.1,11.05,"961.8MiB / 7.737GiB"
1790742772,2026-09-30T13:32:52,Q7AcceptLatencyBenchmark,testcontainers-ryuk-1cdd9a14-9a56-4f60-9190-f90103d2fde4,testcontainers/ryuk:0.14.0,0.00,"8.762MiB / 7.737GiB"
1790742772,2026-09-30T13:32:52,Q7AcceptLatencyBenchmark,external-clickhouse,clickhouse/clickhouse-server:latest,5.46,"1.288GiB / 7.737GiB"
1790742772,2026-09-30T13:32:52,Q7AcceptLatencyBenchmark,external-kafka,apache/kafka:latest,0.97,"1.07GiB / 7.737GiB"
1790742779,2026-09-30T13:32:59,Q7AcceptLatencyBenchmark,naughty_gagarin,postgres:16,17.74,"50.34MiB / 7.737GiB"
1790742779,2026-09-30T13:32:59,Q7AcceptLatencyBenchmark,nice_ishizaka,apache/kafka:4.3.1,37.55,"965.5MiB / 7.737GiB"
1790742779,2026-09-30T13:32:59,Q7AcceptLatencyBenchmark,testcontainers-ryuk-1cdd9a14-9a56-4f60-9190-f90103d2fde4,testcontainers/ryuk:0.14.0,0.00,"8.762MiB / 7.737GiB"
1790742779,2026-09-30T13:32:59,Q7AcceptLatencyBenchmark,external-clickhouse,clickhouse/clickhouse-server:latest,4.72,"1.28GiB / 7.737GiB"
1790742779,2026-09-30T13:32:59,Q7AcceptLatencyBenchmark,external-kafka,apache/kafka:latest,0.59,"1.07GiB / 7.737GiB"
1790742786,2026-09-30T13:33:06,Q7AcceptLatencyBenchmark,naughty_gagarin,postgres:16,13.34,"50.44MiB / 7.737GiB"
1790742786,2026-09-30T13:33:06,Q7AcceptLatencyBenchmark,nice_ishizaka,apache/kafka:4.3.1,6.67,"963.2MiB / 7.737GiB"
1790742786,2026-09-30T13:33:06,Q7AcceptLatencyBenchmark,testcontainers-ryuk-1cdd9a14-9a56-4f60-9190-f90103d2fde4,testcontainers/ryuk:0.14.0,0.03,"8.762MiB / 7.737GiB"
1790742786,2026-09-30T13:33:06,Q7AcceptLatencyBenchmark,external-clickhouse,clickhouse/clickhouse-server:latest,8.56,"1.281GiB / 7.737GiB"
1790742786,2026-09-30T13:33:06,Q7AcceptLatencyBenchmark,external-kafka,apache/kafka:latest,133.99,"1.153GiB / 7.737GiB"
1790742794,2026-09-30T13:33:14,Q7AcceptLatencyBenchmark,naughty_gagarin,postgres:16,14.49,"51.04MiB / 7.737GiB"
1790742794,2026-09-30T13:33:14,Q7AcceptLatencyBenchmark,nice_ishizaka,apache/kafka:4.3.1,1.76,"962.9MiB / 7.737GiB"
1790742794,2026-09-30T13:33:14,Q7AcceptLatencyBenchmark,testcontainers-ryuk-1cdd9a14-9a56-4f60-9190-f90103d2fde4,testcontainers/ryuk:0.14.0,0.00,"8.762MiB / 7.737GiB"
1790742794,2026-09-30T13:33:14,Q7AcceptLatencyBenchmark,external-clickhouse,clickhouse/clickhouse-server:latest,3.77,"1.281GiB / 7.737GiB"
1790742794,2026-09-30T13:33:14,Q7AcceptLatencyBenchmark,external-kafka,apache/kafka:latest,0.61,"1.07GiB / 7.737GiB"
1790742801,2026-09-30T13:33:21,Q7AcceptLatencyBenchmark,naughty_gagarin,postgres:16,7.90,"50.83MiB / 7.737GiB"
1790742801,2026-09-30T13:33:21,Q7AcceptLatencyBenchmark,nice_ishizaka,apache/kafka:4.3.1,21.81,"963.2MiB / 7.737GiB"
1790742801,2026-09-30T13:33:21,Q7AcceptLatencyBenchmark,testcontainers-ryuk-1cdd9a14-9a56-4f60-9190-f90103d2fde4,testcontainers/ryuk:0.14.0,0.00,"8.762MiB / 7.737GiB"
1790742801,2026-09-30T13:33:21,Q7AcceptLatencyBenchmark,external-clickhouse,clickhouse/clickhouse-server:latest,3.90,"1.278GiB / 7.737GiB"
1790742801,2026-09-30T13:33:21,Q7AcceptLatencyBenchmark,external-kafka,apache/kafka:latest,1.23,"1.07GiB / 7.737GiB"
1790742808,2026-09-30T13:33:28,Q7AcceptLatencyBenchmark,naughty_gagarin,postgres:16,6.41,"50.55MiB / 7.737GiB"
1790742808,2026-09-30T13:33:28,Q7AcceptLatencyBenchmark,nice_ishizaka,apache/kafka:4.3.1,16.08,"963.7MiB / 7.737GiB"
1790742808,2026-09-30T13:33:28,Q7AcceptLatencyBenchmark,testcontainers-ryuk-1cdd9a14-9a56-4f60-9190-f90103d2fde4,testcontainers/ryuk:0.14.0,0.00,"8.762MiB / 7.737GiB"
1790742808,2026-09-30T13:33:28,Q7AcceptLatencyBenchmark,external-clickhouse,clickhouse/clickhouse-server:latest,9.43,"1.286GiB / 7.737GiB"
1790742808,2026-09-30T13:33:28,Q7AcceptLatencyBenchmark,external-kafka,apache/kafka:latest,2.09,"1.07GiB / 7.737GiB"
1790742816,2026-09-30T13:33:36,Q7AcceptLatencyBenchmark,naughty_gagarin,postgres:16,16.69,"50.61MiB / 7.737GiB"
1790742816,2026-09-30T13:33:36,Q7AcceptLatencyBenchmark,nice_ishizaka,apache/kafka:4.3.1,18.05,"963.7MiB / 7.737GiB"
1790742816,2026-09-30T13:33:36,Q7AcceptLatencyBenchmark,testcontainers-ryuk-1cdd9a14-9a56-4f60-9190-f90103d2fde4,testcontainers/ryuk:0.14.0,0.00,"8.762MiB / 7.737GiB"
1790742816,2026-09-30T13:33:36,Q7AcceptLatencyBenchmark,external-clickhouse,clickhouse/clickhouse-server:latest,8.96,"1.281GiB / 7.737GiB"
1790742816,2026-09-30T13:33:36,Q7AcceptLatencyBenchmark,external-kafka,apache/kafka:latest,1.77,"1.07GiB / 7.737GiB"
1790742823,2026-09-30T13:33:43,Q7AcceptLatencyBenchmark,naughty_gagarin,postgres:16,4.43,"50.61MiB / 7.737GiB"
1790742823,2026-09-30T13:33:43,Q7AcceptLatencyBenchmark,nice_ishizaka,apache/kafka:4.3.1,15.90,"965.2MiB / 7.737GiB"
1790742823,2026-09-30T13:33:43,Q7AcceptLatencyBenchmark,testcontainers-ryuk-1cdd9a14-9a56-4f60-9190-f90103d2fde4,testcontainers/ryuk:0.14.0,0.00,"8.762MiB / 7.737GiB"
1790742823,2026-09-30T13:33:43,Q7AcceptLatencyBenchmark,external-clickhouse,clickhouse/clickhouse-server:latest,3.26,"1.277GiB / 7.737GiB"
1790742823,2026-09-30T13:33:43,Q7AcceptLatencyBenchmark,external-kafka,apache/kafka:latest,1.75,"1.07GiB / 7.737GiB"
1790742830,2026-09-30T13:33:50,Q7AcceptLatencyBenchmark,naughty_gagarin,postgres:16,8.08,"50.58MiB / 7.737GiB"
1790742830,2026-09-30T13:33:50,Q7AcceptLatencyBenchmark,nice_ishizaka,apache/kafka:4.3.1,33.32,"964.5MiB / 7.737GiB"
1790742830,2026-09-30T13:33:50,Q7AcceptLatencyBenchmark,testcontainers-ryuk-1cdd9a14-9a56-4f60-9190-f90103d2fde4,testcontainers/ryuk:0.14.0,0.00,"8.762MiB / 7.737GiB"
1790742830,2026-09-30T13:33:50,Q7AcceptLatencyBenchmark,external-clickhouse,clickhouse/clickhouse-server:latest,6.32,"1.327GiB / 7.737GiB"
1790742830,2026-09-30T13:33:50,Q7AcceptLatencyBenchmark,external-kafka,apache/kafka:latest,1.68,"1.07GiB / 7.737GiB"
1790742838,2026-09-30T13:33:58,Q7AcceptLatencyBenchmark,naughty_gagarin,postgres:16,7.25,"50.67MiB / 7.737GiB"
1790742838,2026-09-30T13:33:58,Q7AcceptLatencyBenchmark,nice_ishizaka,apache/kafka:4.3.1,21.80,"964.5MiB / 7.737GiB"
1790742838,2026-09-30T13:33:58,Q7AcceptLatencyBenchmark,testcontainers-ryuk-1cdd9a14-9a56-4f60-9190-f90103d2fde4,testcontainers/ryuk:0.14.0,0.00,"8.762MiB / 7.737GiB"
1790742838,2026-09-30T13:33:58,Q7AcceptLatencyBenchmark,external-clickhouse,clickhouse/clickhouse-server:latest,4.54,"1.276GiB / 7.737GiB"
1790742838,2026-09-30T13:33:58,Q7AcceptLatencyBenchmark,external-kafka,apache/kafka:latest,1.32,"1.07GiB / 7.737GiB"
1790742845,2026-09-30T13:34:05,Q7AcceptLatencyBenchmark,naughty_gagarin,postgres:16,9.28,"50.77MiB / 7.737GiB"
1790742845,2026-09-30T13:34:05,Q7AcceptLatencyBenchmark,nice_ishizaka,apache/kafka:4.3.1,1.65,"964.5MiB / 7.737GiB"
1790742845,2026-09-30T13:34:05,Q7AcceptLatencyBenchmark,testcontainers-ryuk-1cdd9a14-9a56-4f60-9190-f90103d2fde4,testcontainers/ryuk:0.14.0,0.00,"8.762MiB / 7.737GiB"
1790742845,2026-09-30T13:34:05,Q7AcceptLatencyBenchmark,external-clickhouse,clickhouse/clickhouse-server:latest,9.82,"1.283GiB / 7.737GiB"
1790742845,2026-09-30T13:34:05,Q7AcceptLatencyBenchmark,external-kafka,apache/kafka:latest,171.17,"1.152GiB / 7.737GiB"
1790742852,2026-09-30T13:34:12,Q7AcceptLatencyBenchmark,naughty_gagarin,postgres:16,16.43,"50.66MiB / 7.737GiB"
1790742852,2026-09-30T13:34:12,Q7AcceptLatencyBenchmark,nice_ishizaka,apache/kafka:4.3.1,50.58,"965.2MiB / 7.737GiB"
1790742852,2026-09-30T13:34:12,Q7AcceptLatencyBenchmark,testcontainers-ryuk-1cdd9a14-9a56-4f60-9190-f90103d2fde4,testcontainers/ryuk:0.14.0,0.00,"8.762MiB / 7.737GiB"
1790742852,2026-09-30T13:34:12,Q7AcceptLatencyBenchmark,external-clickhouse,clickhouse/clickhouse-server:latest,3.66,"1.282GiB / 7.737GiB"
1790742852,2026-09-30T13:34:12,Q7AcceptLatencyBenchmark,external-kafka,apache/kafka:latest,0.93,"1.07GiB / 7.737GiB"
1790742859,2026-09-30T13:34:19,Q7AcceptLatencyBenchmark,naughty_gagarin,postgres:16,16.15,"50.75MiB / 7.737GiB"
1790742859,2026-09-30T13:34:19,Q7AcceptLatencyBenchmark,nice_ishizaka,apache/kafka:4.3.1,46.45,"966.5MiB / 7.737GiB"
1790742859,2026-09-30T13:34:19,Q7AcceptLatencyBenchmark,testcontainers-ryuk-1cdd9a14-9a56-4f60-9190-f90103d2fde4,testcontainers/ryuk:0.14.0,0.00,"8.762MiB / 7.737GiB"
1790742859,2026-09-30T13:34:19,Q7AcceptLatencyBenchmark,external-clickhouse,clickhouse/clickhouse-server:latest,2.98,"1.282GiB / 7.737GiB"
1790742859,2026-09-30T13:34:19,Q7AcceptLatencyBenchmark,external-kafka,apache/kafka:latest,0.92,"1.07GiB / 7.737GiB"
1790742866,2026-09-30T13:34:26,Q7AcceptLatencyBenchmark,naughty_gagarin,postgres:16,10.98,"50.84MiB / 7.737GiB"
1790742866,2026-09-30T13:34:26,Q7AcceptLatencyBenchmark,nice_ishizaka,apache/kafka:4.3.1,0.97,"966.4MiB / 7.737GiB"
1790742866,2026-09-30T13:34:26,Q7AcceptLatencyBenchmark,testcontainers-ryuk-1cdd9a14-9a56-4f60-9190-f90103d2fde4,testcontainers/ryuk:0.14.0,0.00,"8.762MiB / 7.737GiB"
1790742866,2026-09-30T13:34:26,Q7AcceptLatencyBenchmark,external-clickhouse,clickhouse/clickhouse-server:latest,3.95,"1.338GiB / 7.737GiB"
1790742866,2026-09-30T13:34:26,Q7AcceptLatencyBenchmark,external-kafka,apache/kafka:latest,0.71,"1.07GiB / 7.737GiB"
1790742874,2026-09-30T13:34:34,Q7AcceptLatencyBenchmark,testcontainers-ryuk-1cdd9a14-9a56-4f60-9190-f90103d2fde4,testcontainers/ryuk:0.14.0,0.10,"8.758MiB / 7.737GiB"
1790742874,2026-09-30T13:34:34,Q7AcceptLatencyBenchmark,external-clickhouse,clickhouse/clickhouse-server:latest,5.12,"1.283GiB / 7.737GiB"
1790742874,2026-09-30T13:34:34,Q7AcceptLatencyBenchmark,external-kafka,apache/kafka:latest,2.02,"1.07GiB / 7.737GiB"
1790742881,2026-09-30T13:34:41,Q7FenceWriteBenchmark,zealous_austin,postgres:16,93.11,"79.47MiB / 7.737GiB"
1790742881,2026-09-30T13:34:41,Q7FenceWriteBenchmark,testcontainers-ryuk-4ca52408-4322-4656-b64a-13f7bc5dbeec,testcontainers/ryuk:0.14.0,0.00,"8.723MiB / 7.737GiB"
1790742881,2026-09-30T13:34:41,Q7FenceWriteBenchmark,testcontainers-ryuk-1cdd9a14-9a56-4f60-9190-f90103d2fde4,testcontainers/ryuk:0.14.0,0.00,"8.758MiB / 7.737GiB"
1790742881,2026-09-30T13:34:41,Q7FenceWriteBenchmark,external-clickhouse,clickhouse/clickhouse-server:latest,5.68,"1.289GiB / 7.737GiB"
1790742881,2026-09-30T13:34:41,Q7FenceWriteBenchmark,external-kafka,apache/kafka:latest,1.61,"1.07GiB / 7.737GiB"
1790742888,2026-09-30T13:34:48,Q7FenceWriteBenchmark,zealous_austin,postgres:16,12.24,"81.98MiB / 7.737GiB"
1790742888,2026-09-30T13:34:48,Q7FenceWriteBenchmark,testcontainers-ryuk-4ca52408-4322-4656-b64a-13f7bc5dbeec,testcontainers/ryuk:0.14.0,0.00,"8.723MiB / 7.737GiB"
1790742888,2026-09-30T13:34:48,Q7FenceWriteBenchmark,external-clickhouse,clickhouse/clickhouse-server:latest,2.20,"1.285GiB / 7.737GiB"
1790742888,2026-09-30T13:34:48,Q7FenceWriteBenchmark,external-kafka,apache/kafka:latest,0.84,"1.07GiB / 7.737GiB"
1790742895,2026-09-30T13:34:55,Q7FenceWriteBenchmark,zealous_austin,postgres:16,13.57,"82.05MiB / 7.737GiB"
1790742895,2026-09-30T13:34:55,Q7FenceWriteBenchmark,testcontainers-ryuk-4ca52408-4322-4656-b64a-13f7bc5dbeec,testcontainers/ryuk:0.14.0,0.00,"8.723MiB / 7.737GiB"
1790742895,2026-09-30T13:34:55,Q7FenceWriteBenchmark,external-clickhouse,clickhouse/clickhouse-server:latest,7.30,"1.279GiB / 7.737GiB"
1790742895,2026-09-30T13:34:55,Q7FenceWriteBenchmark,external-kafka,apache/kafka:latest,0.70,"1.07GiB / 7.737GiB"
1790742902,2026-09-30T13:35:02,Q7FenceWriteBenchmark,zealous_austin,postgres:16,14.54,"82.59MiB / 7.737GiB"
1790742902,2026-09-30T13:35:02,Q7FenceWriteBenchmark,testcontainers-ryuk-4ca52408-4322-4656-b64a-13f7bc5dbeec,testcontainers/ryuk:0.14.0,0.00,"8.723MiB / 7.737GiB"
1790742902,2026-09-30T13:35:02,Q7FenceWriteBenchmark,external-clickhouse,clickhouse/clickhouse-server:latest,35.58,"1.351GiB / 7.737GiB"
1790742902,2026-09-30T13:35:02,Q7FenceWriteBenchmark,external-kafka,apache/kafka:latest,20.19,"1.07GiB / 7.737GiB"
1790742910,2026-09-30T13:35:10,Q7FenceWriteBenchmark,zealous_austin,postgres:16,14.10,"82.93MiB / 7.737GiB"
1790742910,2026-09-30T13:35:10,Q7FenceWriteBenchmark,testcontainers-ryuk-4ca52408-4322-4656-b64a-13f7bc5dbeec,testcontainers/ryuk:0.14.0,0.00,"8.73MiB / 7.737GiB"
1790742910,2026-09-30T13:35:10,Q7FenceWriteBenchmark,external-clickhouse,clickhouse/clickhouse-server:latest,6.46,"1.286GiB / 7.737GiB"
1790742910,2026-09-30T13:35:10,Q7FenceWriteBenchmark,external-kafka,apache/kafka:latest,0.80,"1.07GiB / 7.737GiB"
1790742917,2026-09-30T13:35:17,Q7FenceWriteBenchmark,zealous_austin,postgres:16,7.85,"82.71MiB / 7.737GiB"
1790742917,2026-09-30T13:35:17,Q7FenceWriteBenchmark,testcontainers-ryuk-4ca52408-4322-4656-b64a-13f7bc5dbeec,testcontainers/ryuk:0.14.0,0.00,"8.73MiB / 7.737GiB"
1790742917,2026-09-30T13:35:17,Q7FenceWriteBenchmark,external-clickhouse,clickhouse/clickhouse-server:latest,3.53,"1.279GiB / 7.737GiB"
1790742917,2026-09-30T13:35:17,Q7FenceWriteBenchmark,external-kafka,apache/kafka:latest,0.82,"1.07GiB / 7.737GiB"
1790742924,2026-09-30T13:35:24,Q7FenceWriteBenchmark,zealous_austin,postgres:16,13.98,"83.25MiB / 7.737GiB"
1790742924,2026-09-30T13:35:24,Q7FenceWriteBenchmark,testcontainers-ryuk-4ca52408-4322-4656-b64a-13f7bc5dbeec,testcontainers/ryuk:0.14.0,0.00,"8.73MiB / 7.737GiB"
1790742924,2026-09-30T13:35:24,Q7FenceWriteBenchmark,external-clickhouse,clickhouse/clickhouse-server:latest,2.87,"1.281GiB / 7.737GiB"
1790742924,2026-09-30T13:35:24,Q7FenceWriteBenchmark,external-kafka,apache/kafka:latest,136.37,"1.152GiB / 7.737GiB"
1790742931,2026-09-30T13:35:31,Q7FenceWriteBenchmark,zealous_austin,postgres:16,7.60,"83.26MiB / 7.737GiB"
1790742931,2026-09-30T13:35:31,Q7FenceWriteBenchmark,testcontainers-ryuk-4ca52408-4322-4656-b64a-13f7bc5dbeec,testcontainers/ryuk:0.14.0,0.00,"8.73MiB / 7.737GiB"
1790742931,2026-09-30T13:35:31,Q7FenceWriteBenchmark,external-clickhouse,clickhouse/clickhouse-server:latest,3.04,"1.276GiB / 7.737GiB"
1790742931,2026-09-30T13:35:31,Q7FenceWriteBenchmark,external-kafka,apache/kafka:latest,1.09,"1.07GiB / 7.737GiB"
1790742938,2026-09-30T13:35:38,Q7FenceWriteBenchmark,zealous_austin,postgres:16,73.20,"83.37MiB / 7.737GiB"
1790742938,2026-09-30T13:35:38,Q7FenceWriteBenchmark,testcontainers-ryuk-4ca52408-4322-4656-b64a-13f7bc5dbeec,testcontainers/ryuk:0.14.0,0.00,"8.73MiB / 7.737GiB"
1790742938,2026-09-30T13:35:38,Q7FenceWriteBenchmark,external-clickhouse,clickhouse/clickhouse-server:latest,3.19,"1.277GiB / 7.737GiB"
1790742938,2026-09-30T13:35:38,Q7FenceWriteBenchmark,external-kafka,apache/kafka:latest,1.06,"1.07GiB / 7.737GiB"
1790742945,2026-09-30T13:35:45,Q7FenceWriteBenchmark,zealous_austin,postgres:16,60.02,"91.91MiB / 7.737GiB"
1790742945,2026-09-30T13:35:45,Q7FenceWriteBenchmark,testcontainers-ryuk-4ca52408-4322-4656-b64a-13f7bc5dbeec,testcontainers/ryuk:0.14.0,0.00,"8.73MiB / 7.737GiB"
1790742945,2026-09-30T13:35:45,Q7FenceWriteBenchmark,external-clickhouse,clickhouse/clickhouse-server:latest,4.60,"1.332GiB / 7.737GiB"
1790742945,2026-09-30T13:35:45,Q7FenceWriteBenchmark,external-kafka,apache/kafka:latest,115.59,"1.149GiB / 7.737GiB"
1790742953,2026-09-30T13:35:53,Q7FenceWriteBenchmark,zealous_austin,postgres:16,99.91,"92.46MiB / 7.737GiB"
1790742953,2026-09-30T13:35:53,Q7FenceWriteBenchmark,testcontainers-ryuk-4ca52408-4322-4656-b64a-13f7bc5dbeec,testcontainers/ryuk:0.14.0,0.00,"8.73MiB / 7.737GiB"
1790742953,2026-09-30T13:35:53,Q7FenceWriteBenchmark,external-clickhouse,clickhouse/clickhouse-server:latest,2.59,"1.293GiB / 7.737GiB"
1790742953,2026-09-30T13:35:53,Q7FenceWriteBenchmark,external-kafka,apache/kafka:latest,1.42,"1.07GiB / 7.737GiB"
1790742960,2026-09-30T13:36:00,Q7FenceWriteBenchmark,zealous_austin,postgres:16,65.68,"93.38MiB / 7.737GiB"
1790742960,2026-09-30T13:36:00,Q7FenceWriteBenchmark,testcontainers-ryuk-4ca52408-4322-4656-b64a-13f7bc5dbeec,testcontainers/ryuk:0.14.0,0.00,"8.73MiB / 7.737GiB"
1790742960,2026-09-30T13:36:00,Q7FenceWriteBenchmark,external-clickhouse,clickhouse/clickhouse-server:latest,3.09,"1.295GiB / 7.737GiB"
1790742960,2026-09-30T13:36:00,Q7FenceWriteBenchmark,external-kafka,apache/kafka:latest,1.18,"1.07GiB / 7.737GiB"
1790742967,2026-09-30T13:36:07,Q7FenceWriteBenchmark,zealous_austin,postgres:16,45.93,"94.04MiB / 7.737GiB"
1790742967,2026-09-30T13:36:07,Q7FenceWriteBenchmark,testcontainers-ryuk-4ca52408-4322-4656-b64a-13f7bc5dbeec,testcontainers/ryuk:0.14.0,0.00,"8.73MiB / 7.737GiB"
1790742967,2026-09-30T13:36:07,Q7FenceWriteBenchmark,external-clickhouse,clickhouse/clickhouse-server:latest,8.07,"1.299GiB / 7.737GiB"
1790742967,2026-09-30T13:36:07,Q7FenceWriteBenchmark,external-kafka,apache/kafka:latest,0.85,"1.07GiB / 7.737GiB"
1790742974,2026-09-30T13:36:14,Q7FenceWriteBenchmark,zealous_austin,postgres:16,67.97,"95.09MiB / 7.737GiB"
1790742974,2026-09-30T13:36:14,Q7FenceWriteBenchmark,testcontainers-ryuk-4ca52408-4322-4656-b64a-13f7bc5dbeec,testcontainers/ryuk:0.14.0,0.00,"8.73MiB / 7.737GiB"
1790742974,2026-09-30T13:36:14,Q7FenceWriteBenchmark,external-clickhouse,clickhouse/clickhouse-server:latest,25.39,"1.297GiB / 7.737GiB"
1790742974,2026-09-30T13:36:14,Q7FenceWriteBenchmark,external-kafka,apache/kafka:latest,1.38,"1.07GiB / 7.737GiB"
1790742981,2026-09-30T13:36:21,Q7FenceWriteBenchmark,zealous_austin,postgres:16,63.45,"95.57MiB / 7.737GiB"
1790742981,2026-09-30T13:36:21,Q7FenceWriteBenchmark,testcontainers-ryuk-4ca52408-4322-4656-b64a-13f7bc5dbeec,testcontainers/ryuk:0.14.0,0.00,"8.73MiB / 7.737GiB"
1790742981,2026-09-30T13:36:21,Q7FenceWriteBenchmark,external-clickhouse,clickhouse/clickhouse-server:latest,8.27,"1.33GiB / 7.737GiB"
1790742981,2026-09-30T13:36:21,Q7FenceWriteBenchmark,external-kafka,apache/kafka:latest,20.47,"1.07GiB / 7.737GiB"
1790742988,2026-09-30T13:36:28,Q7FenceWriteBenchmark,zealous_austin,postgres:16,137.87,"100.4MiB / 7.737GiB"
1790742988,2026-09-30T13:36:28,Q7FenceWriteBenchmark,testcontainers-ryuk-4ca52408-4322-4656-b64a-13f7bc5dbeec,testcontainers/ryuk:0.14.0,0.00,"8.73MiB / 7.737GiB"
1790742988,2026-09-30T13:36:28,Q7FenceWriteBenchmark,external-clickhouse,clickhouse/clickhouse-server:latest,2.19,"1.281GiB / 7.737GiB"
1790742988,2026-09-30T13:36:28,Q7FenceWriteBenchmark,external-kafka,apache/kafka:latest,1.17,"1.07GiB / 7.737GiB"
1790742996,2026-09-30T13:36:36,Q7FenceWriteBenchmark,zealous_austin,postgres:16,149.65,"117.1MiB / 7.737GiB"
1790742996,2026-09-30T13:36:36,Q7FenceWriteBenchmark,testcontainers-ryuk-4ca52408-4322-4656-b64a-13f7bc5dbeec,testcontainers/ryuk:0.14.0,0.00,"8.73MiB / 7.737GiB"
1790742996,2026-09-30T13:36:36,Q7FenceWriteBenchmark,external-clickhouse,clickhouse/clickhouse-server:latest,2.19,"1.28GiB / 7.737GiB"
1790742996,2026-09-30T13:36:36,Q7FenceWriteBenchmark,external-kafka,apache/kafka:latest,0.62,"1.07GiB / 7.737GiB"
1790743003,2026-09-30T13:36:43,Q7FenceWriteBenchmark,zealous_austin,postgres:16,157.31,"123.1MiB / 7.737GiB"
1790743003,2026-09-30T13:36:43,Q7FenceWriteBenchmark,testcontainers-ryuk-4ca52408-4322-4656-b64a-13f7bc5dbeec,testcontainers/ryuk:0.14.0,0.00,"8.73MiB / 7.737GiB"
1790743003,2026-09-30T13:36:43,Q7FenceWriteBenchmark,external-clickhouse,clickhouse/clickhouse-server:latest,2.28,"1.274GiB / 7.737GiB"
1790743003,2026-09-30T13:36:43,Q7FenceWriteBenchmark,external-kafka,apache/kafka:latest,59.36,"1.113GiB / 7.737GiB"
1790743010,2026-09-30T13:36:50,Q7FenceWriteBenchmark,zealous_austin,postgres:16,60.74,"124.3MiB / 7.737GiB"
1790743010,2026-09-30T13:36:50,Q7FenceWriteBenchmark,testcontainers-ryuk-4ca52408-4322-4656-b64a-13f7bc5dbeec,testcontainers/ryuk:0.14.0,0.00,"8.73MiB / 7.737GiB"
1790743010,2026-09-30T13:36:50,Q7FenceWriteBenchmark,external-clickhouse,clickhouse/clickhouse-server:latest,4.71,"1.274GiB / 7.737GiB"
1790743010,2026-09-30T13:36:50,Q7FenceWriteBenchmark,external-kafka,apache/kafka:latest,0.83,"1.07GiB / 7.737GiB"
1790743017,2026-09-30T13:36:57,Q7FenceWriteBenchmark,zealous_austin,postgres:16,89.88,"125.4MiB / 7.737GiB"
1790743017,2026-09-30T13:36:57,Q7FenceWriteBenchmark,testcontainers-ryuk-4ca52408-4322-4656-b64a-13f7bc5dbeec,testcontainers/ryuk:0.14.0,0.00,"8.73MiB / 7.737GiB"
1790743017,2026-09-30T13:36:57,Q7FenceWriteBenchmark,external-clickhouse,clickhouse/clickhouse-server:latest,5.82,"1.327GiB / 7.737GiB"
1790743017,2026-09-30T13:36:57,Q7FenceWriteBenchmark,external-kafka,apache/kafka:latest,0.71,"1.07GiB / 7.737GiB"
1790743024,2026-09-30T13:37:04,Q7FenceWriteBenchmark,zealous_austin,postgres:16,139.32,"128.1MiB / 7.737GiB"
1790743024,2026-09-30T13:37:04,Q7FenceWriteBenchmark,testcontainers-ryuk-4ca52408-4322-4656-b64a-13f7bc5dbeec,testcontainers/ryuk:0.14.0,0.00,"8.73MiB / 7.737GiB"
1790743024,2026-09-30T13:37:04,Q7FenceWriteBenchmark,external-clickhouse,clickhouse/clickhouse-server:latest,3.16,"1.292GiB / 7.737GiB"
1790743024,2026-09-30T13:37:04,Q7FenceWriteBenchmark,external-kafka,apache/kafka:latest,11.42,"1.071GiB / 7.737GiB"
1790743031,2026-09-30T13:37:11,Q7FenceWriteBenchmark,zealous_austin,postgres:16,135.29,"130MiB / 7.737GiB"
1790743031,2026-09-30T13:37:11,Q7FenceWriteBenchmark,testcontainers-ryuk-4ca52408-4322-4656-b64a-13f7bc5dbeec,testcontainers/ryuk:0.14.0,0.00,"8.73MiB / 7.737GiB"
1790743031,2026-09-30T13:37:11,Q7FenceWriteBenchmark,external-clickhouse,clickhouse/clickhouse-server:latest,4.59,"1.285GiB / 7.737GiB"
1790743031,2026-09-30T13:37:11,Q7FenceWriteBenchmark,external-kafka,apache/kafka:latest,0.50,"1.07GiB / 7.737GiB"
1790743039,2026-09-30T13:37:19,Q7FenceWriteBenchmark,zealous_austin,postgres:16,13.70,"130.4MiB / 7.737GiB"
1790743039,2026-09-30T13:37:19,Q7FenceWriteBenchmark,testcontainers-ryuk-4ca52408-4322-4656-b64a-13f7bc5dbeec,testcontainers/ryuk:0.14.0,0.00,"8.73MiB / 7.737GiB"
1790743039,2026-09-30T13:37:19,Q7FenceWriteBenchmark,external-clickhouse,clickhouse/clickhouse-server:latest,9.63,"1.284GiB / 7.737GiB"
1790743039,2026-09-30T13:37:19,Q7FenceWriteBenchmark,external-kafka,apache/kafka:latest,64.25,"1.07GiB / 7.737GiB"
1790743046,2026-09-30T13:37:26,Q7FenceWriteBenchmark,zealous_austin,postgres:16,13.39,"130.5MiB / 7.737GiB"
1790743046,2026-09-30T13:37:26,Q7FenceWriteBenchmark,testcontainers-ryuk-4ca52408-4322-4656-b64a-13f7bc5dbeec,testcontainers/ryuk:0.14.0,0.00,"8.73MiB / 7.737GiB"
1790743046,2026-09-30T13:37:26,Q7FenceWriteBenchmark,external-clickhouse,clickhouse/clickhouse-server:latest,2.32,"1.279GiB / 7.737GiB"
1790743046,2026-09-30T13:37:26,Q7FenceWriteBenchmark,external-kafka,apache/kafka:latest,0.79,"1.07GiB / 7.737GiB"
1790743053,2026-09-30T13:37:33,Q7FenceWriteBenchmark,zealous_austin,postgres:16,12.56,"131MiB / 7.737GiB"
1790743053,2026-09-30T13:37:33,Q7FenceWriteBenchmark,testcontainers-ryuk-4ca52408-4322-4656-b64a-13f7bc5dbeec,testcontainers/ryuk:0.14.0,0.00,"8.73MiB / 7.737GiB"
1790743053,2026-09-30T13:37:33,Q7FenceWriteBenchmark,external-clickhouse,clickhouse/clickhouse-server:latest,18.92,"1.302GiB / 7.737GiB"
1790743053,2026-09-30T13:37:33,Q7FenceWriteBenchmark,external-kafka,apache/kafka:latest,0.70,"1.07GiB / 7.737GiB"
1790743060,2026-09-30T13:37:40,Q7FenceWriteBenchmark,zealous_austin,postgres:16,13.35,"131MiB / 7.737GiB"
1790743060,2026-09-30T13:37:40,Q7FenceWriteBenchmark,testcontainers-ryuk-4ca52408-4322-4656-b64a-13f7bc5dbeec,testcontainers/ryuk:0.14.0,0.00,"8.73MiB / 7.737GiB"
1790743060,2026-09-30T13:37:40,Q7FenceWriteBenchmark,external-clickhouse,clickhouse/clickhouse-server:latest,3.23,"1.279GiB / 7.737GiB"
1790743060,2026-09-30T13:37:40,Q7FenceWriteBenchmark,external-kafka,apache/kafka:latest,113.35,"1.145GiB / 7.737GiB"
1790743067,2026-09-30T13:37:47,Q7FenceWriteBenchmark,zealous_austin,postgres:16,12.30,"131MiB / 7.737GiB"
1790743067,2026-09-30T13:37:47,Q7FenceWriteBenchmark,testcontainers-ryuk-4ca52408-4322-4656-b64a-13f7bc5dbeec,testcontainers/ryuk:0.14.0,0.00,"8.73MiB / 7.737GiB"
1790743067,2026-09-30T13:37:47,Q7FenceWriteBenchmark,external-clickhouse,clickhouse/clickhouse-server:latest,3.47,"1.279GiB / 7.737GiB"
1790743067,2026-09-30T13:37:47,Q7FenceWriteBenchmark,external-kafka,apache/kafka:latest,0.57,"1.07GiB / 7.737GiB"
1790743075,2026-09-30T13:37:55,Q7FenceWriteBenchmark,zealous_austin,postgres:16,15.11,"131.5MiB / 7.737GiB"
1790743075,2026-09-30T13:37:55,Q7FenceWriteBenchmark,testcontainers-ryuk-4ca52408-4322-4656-b64a-13f7bc5dbeec,testcontainers/ryuk:0.14.0,0.00,"8.73MiB / 7.737GiB"
1790743075,2026-09-30T13:37:55,Q7FenceWriteBenchmark,external-clickhouse,clickhouse/clickhouse-server:latest,4.73,"1.298GiB / 7.737GiB"
1790743075,2026-09-30T13:37:55,Q7FenceWriteBenchmark,external-kafka,apache/kafka:latest,0.73,"1.07GiB / 7.737GiB"
1790743082,2026-09-30T13:38:02,Q7FenceWriteBenchmark,zealous_austin,postgres:16,12.93,"131.5MiB / 7.737GiB"
1790743082,2026-09-30T13:38:02,Q7FenceWriteBenchmark,testcontainers-ryuk-4ca52408-4322-4656-b64a-13f7bc5dbeec,testcontainers/ryuk:0.14.0,0.00,"8.73MiB / 7.737GiB"
1790743082,2026-09-30T13:38:02,Q7FenceWriteBenchmark,external-clickhouse,clickhouse/clickhouse-server:latest,2.38,"1.283GiB / 7.737GiB"
1790743082,2026-09-30T13:38:02,Q7FenceWriteBenchmark,external-kafka,apache/kafka:latest,117.98,"1.07GiB / 7.737GiB"
1790743089,2026-09-30T13:38:09,Q7FenceWriteBenchmark,zealous_austin,postgres:16,61.89,"131.8MiB / 7.737GiB"
1790743089,2026-09-30T13:38:09,Q7FenceWriteBenchmark,testcontainers-ryuk-4ca52408-4322-4656-b64a-13f7bc5dbeec,testcontainers/ryuk:0.14.0,0.00,"8.73MiB / 7.737GiB"
1790743089,2026-09-30T13:38:09,Q7FenceWriteBenchmark,external-clickhouse,clickhouse/clickhouse-server:latest,3.91,"1.286GiB / 7.737GiB"
1790743089,2026-09-30T13:38:09,Q7FenceWriteBenchmark,external-kafka,apache/kafka:latest,1.05,"1.07GiB / 7.737GiB"
1790743096,2026-09-30T13:38:16,Q7FenceWriteBenchmark,zealous_austin,postgres:16,60.54,"132.8MiB / 7.737GiB"
1790743096,2026-09-30T13:38:16,Q7FenceWriteBenchmark,testcontainers-ryuk-4ca52408-4322-4656-b64a-13f7bc5dbeec,testcontainers/ryuk:0.14.0,0.00,"8.73MiB / 7.737GiB"
1790743096,2026-09-30T13:38:16,Q7FenceWriteBenchmark,external-clickhouse,clickhouse/clickhouse-server:latest,4.94,"1.292GiB / 7.737GiB"
1790743096,2026-09-30T13:38:16,Q7FenceWriteBenchmark,external-kafka,apache/kafka:latest,0.86,"1.07GiB / 7.737GiB"
1790743103,2026-09-30T13:38:23,Q7FenceWriteBenchmark,zealous_austin,postgres:16,92.49,"132.7MiB / 7.737GiB"
1790743103,2026-09-30T13:38:23,Q7FenceWriteBenchmark,testcontainers-ryuk-4ca52408-4322-4656-b64a-13f7bc5dbeec,testcontainers/ryuk:0.14.0,0.00,"8.73MiB / 7.737GiB"
1790743103,2026-09-30T13:38:23,Q7FenceWriteBenchmark,external-clickhouse,clickhouse/clickhouse-server:latest,2.24,"1.292GiB / 7.737GiB"
1790743103,2026-09-30T13:38:23,Q7FenceWriteBenchmark,external-kafka,apache/kafka:latest,0.75,"1.07GiB / 7.737GiB"
1790743110,2026-09-30T13:38:30,Q7FenceWriteBenchmark,zealous_austin,postgres:16,64.10,"133.2MiB / 7.737GiB"
1790743110,2026-09-30T13:38:30,Q7FenceWriteBenchmark,testcontainers-ryuk-4ca52408-4322-4656-b64a-13f7bc5dbeec,testcontainers/ryuk:0.14.0,0.00,"8.73MiB / 7.737GiB"
1790743110,2026-09-30T13:38:30,Q7FenceWriteBenchmark,external-clickhouse,clickhouse/clickhouse-server:latest,2.89,"1.287GiB / 7.737GiB"
1790743110,2026-09-30T13:38:30,Q7FenceWriteBenchmark,external-kafka,apache/kafka:latest,0.87,"1.07GiB / 7.737GiB"
1790743117,2026-09-30T13:38:37,Q7FenceWriteBenchmark,zealous_austin,postgres:16,73.24,"133.9MiB / 7.737GiB"
1790743117,2026-09-30T13:38:37,Q7FenceWriteBenchmark,testcontainers-ryuk-4ca52408-4322-4656-b64a-13f7bc5dbeec,testcontainers/ryuk:0.14.0,0.00,"8.73MiB / 7.737GiB"
1790743117,2026-09-30T13:38:37,Q7FenceWriteBenchmark,external-clickhouse,clickhouse/clickhouse-server:latest,3.87,"1.289GiB / 7.737GiB"
1790743117,2026-09-30T13:38:37,Q7FenceWriteBenchmark,external-kafka,apache/kafka:latest,1.36,"1.07GiB / 7.737GiB"
1790743125,2026-09-30T13:38:45,Q7FenceWriteBenchmark,zealous_austin,postgres:16,90.12,"135MiB / 7.737GiB"
1790743125,2026-09-30T13:38:45,Q7FenceWriteBenchmark,testcontainers-ryuk-4ca52408-4322-4656-b64a-13f7bc5dbeec,testcontainers/ryuk:0.14.0,0.00,"8.73MiB / 7.737GiB"
1790743125,2026-09-30T13:38:45,Q7FenceWriteBenchmark,external-clickhouse,clickhouse/clickhouse-server:latest,3.81,"1.291GiB / 7.737GiB"
1790743125,2026-09-30T13:38:45,Q7FenceWriteBenchmark,external-kafka,apache/kafka:latest,0.79,"1.07GiB / 7.737GiB"
1790743132,2026-09-30T13:38:52,Q7FenceWriteBenchmark,zealous_austin,postgres:16,85.78,"135.3MiB / 7.737GiB"
1790743132,2026-09-30T13:38:52,Q7FenceWriteBenchmark,testcontainers-ryuk-4ca52408-4322-4656-b64a-13f7bc5dbeec,testcontainers/ryuk:0.14.0,0.00,"8.73MiB / 7.737GiB"
1790743132,2026-09-30T13:38:52,Q7FenceWriteBenchmark,external-clickhouse,clickhouse/clickhouse-server:latest,3.91,"1.344GiB / 7.737GiB"
1790743132,2026-09-30T13:38:52,Q7FenceWriteBenchmark,external-kafka,apache/kafka:latest,0.61,"1.07GiB / 7.737GiB"
1790743139,2026-09-30T13:38:59,Q7FenceWriteBenchmark,zealous_austin,postgres:16,143.28,"136.7MiB / 7.737GiB"
1790743139,2026-09-30T13:38:59,Q7FenceWriteBenchmark,testcontainers-ryuk-4ca52408-4322-4656-b64a-13f7bc5dbeec,testcontainers/ryuk:0.14.0,0.00,"8.73MiB / 7.737GiB"
1790743139,2026-09-30T13:38:59,Q7FenceWriteBenchmark,external-clickhouse,clickhouse/clickhouse-server:latest,4.95,"1.296GiB / 7.737GiB"
1790743139,2026-09-30T13:38:59,Q7FenceWriteBenchmark,external-kafka,apache/kafka:latest,128.73,"1.15GiB / 7.737GiB"
1790743146,2026-09-30T13:39:06,Q7FenceWriteBenchmark,zealous_austin,postgres:16,142.85,"138.3MiB / 7.737GiB"
1790743146,2026-09-30T13:39:06,Q7FenceWriteBenchmark,testcontainers-ryuk-4ca52408-4322-4656-b64a-13f7bc5dbeec,testcontainers/ryuk:0.14.0,0.00,"8.73MiB / 7.737GiB"
1790743146,2026-09-30T13:39:06,Q7FenceWriteBenchmark,external-clickhouse,clickhouse/clickhouse-server:latest,2.52,"1.29GiB / 7.737GiB"
1790743146,2026-09-30T13:39:06,Q7FenceWriteBenchmark,external-kafka,apache/kafka:latest,0.63,"1.07GiB / 7.737GiB"
1790743153,2026-09-30T13:39:13,Q7FenceWriteBenchmark,zealous_austin,postgres:16,212.43,"140.3MiB / 7.737GiB"
1790743153,2026-09-30T13:39:13,Q7FenceWriteBenchmark,testcontainers-ryuk-4ca52408-4322-4656-b64a-13f7bc5dbeec,testcontainers/ryuk:0.14.0,0.00,"8.73MiB / 7.737GiB"
1790743153,2026-09-30T13:39:13,Q7FenceWriteBenchmark,external-clickhouse,clickhouse/clickhouse-server:latest,1.85,"1.283GiB / 7.737GiB"
1790743153,2026-09-30T13:39:13,Q7FenceWriteBenchmark,external-kafka,apache/kafka:latest,0.88,"1.07GiB / 7.737GiB"
1790743160,2026-09-30T13:39:20,Q7FenceWriteBenchmark,zealous_austin,postgres:16,46.52,"140.3MiB / 7.737GiB"
1790743160,2026-09-30T13:39:20,Q7FenceWriteBenchmark,testcontainers-ryuk-4ca52408-4322-4656-b64a-13f7bc5dbeec,testcontainers/ryuk:0.14.0,0.00,"8.73MiB / 7.737GiB"
1790743160,2026-09-30T13:39:20,Q7FenceWriteBenchmark,external-clickhouse,clickhouse/clickhouse-server:latest,15.47,"1.289GiB / 7.737GiB"
1790743160,2026-09-30T13:39:20,Q7FenceWriteBenchmark,external-kafka,apache/kafka:latest,143.00,"1.14GiB / 7.737GiB"
1790743168,2026-09-30T13:39:28,Q7FenceWriteBenchmark,zealous_austin,postgres:16,61.90,"141.1MiB / 7.737GiB"
1790743168,2026-09-30T13:39:28,Q7FenceWriteBenchmark,testcontainers-ryuk-4ca52408-4322-4656-b64a-13f7bc5dbeec,testcontainers/ryuk:0.14.0,0.00,"8.73MiB / 7.737GiB"
1790743168,2026-09-30T13:39:28,Q7FenceWriteBenchmark,external-clickhouse,clickhouse/clickhouse-server:latest,27.64,"1.358GiB / 7.737GiB"
1790743168,2026-09-30T13:39:28,Q7FenceWriteBenchmark,external-kafka,apache/kafka:latest,0.75,"1.07GiB / 7.737GiB"
1790743175,2026-09-30T13:39:35,Q7FenceWriteBenchmark,zealous_austin,postgres:16,159.48,"143.7MiB / 7.737GiB"
1790743175,2026-09-30T13:39:35,Q7FenceWriteBenchmark,testcontainers-ryuk-4ca52408-4322-4656-b64a-13f7bc5dbeec,testcontainers/ryuk:0.14.0,0.00,"8.73MiB / 7.737GiB"
1790743175,2026-09-30T13:39:35,Q7FenceWriteBenchmark,external-clickhouse,clickhouse/clickhouse-server:latest,9.16,"1.303GiB / 7.737GiB"
1790743175,2026-09-30T13:39:35,Q7FenceWriteBenchmark,external-kafka,apache/kafka:latest,0.64,"1.07GiB / 7.737GiB"
1790743182,2026-09-30T13:39:42,Q7FenceWriteBenchmark,zealous_austin,postgres:16,134.80,"145.6MiB / 7.737GiB"
1790743182,2026-09-30T13:39:42,Q7FenceWriteBenchmark,testcontainers-ryuk-4ca52408-4322-4656-b64a-13f7bc5dbeec,testcontainers/ryuk:0.14.0,0.00,"8.73MiB / 7.737GiB"
1790743182,2026-09-30T13:39:42,Q7FenceWriteBenchmark,external-clickhouse,clickhouse/clickhouse-server:latest,12.39,"1.299GiB / 7.737GiB"
1790743182,2026-09-30T13:39:42,Q7FenceWriteBenchmark,external-kafka,apache/kafka:latest,0.93,"1.07GiB / 7.737GiB"
1790743189,2026-09-30T13:39:49,Q7FenceWriteBenchmark,zealous_austin,postgres:16,81.54,"146.3MiB / 7.737GiB"
1790743189,2026-09-30T13:39:49,Q7FenceWriteBenchmark,testcontainers-ryuk-4ca52408-4322-4656-b64a-13f7bc5dbeec,testcontainers/ryuk:0.14.0,0.00,"8.73MiB / 7.737GiB"
1790743189,2026-09-30T13:39:49,Q7FenceWriteBenchmark,external-clickhouse,clickhouse/clickhouse-server:latest,3.09,"1.297GiB / 7.737GiB"
1790743189,2026-09-30T13:39:49,Q7FenceWriteBenchmark,external-kafka,apache/kafka:latest,0.90,"1.07GiB / 7.737GiB"
1790743196,2026-09-30T13:39:56,Q7FenceWriteBenchmark,zealous_austin,postgres:16,11.62,"146.6MiB / 7.737GiB"
1790743196,2026-09-30T13:39:56,Q7FenceWriteBenchmark,testcontainers-ryuk-4ca52408-4322-4656-b64a-13f7bc5dbeec,testcontainers/ryuk:0.14.0,0.00,"8.73MiB / 7.737GiB"
1790743196,2026-09-30T13:39:56,Q7FenceWriteBenchmark,external-clickhouse,clickhouse/clickhouse-server:latest,3.08,"1.296GiB / 7.737GiB"
1790743196,2026-09-30T13:39:56,Q7FenceWriteBenchmark,external-kafka,apache/kafka:latest,1.07,"1.07GiB / 7.737GiB"
1790743203,2026-09-30T13:40:03,Q7FenceWriteBenchmark,zealous_austin,postgres:16,8.72,"146.3MiB / 7.737GiB"
1790743203,2026-09-30T13:40:03,Q7FenceWriteBenchmark,testcontainers-ryuk-4ca52408-4322-4656-b64a-13f7bc5dbeec,testcontainers/ryuk:0.14.0,0.00,"8.73MiB / 7.737GiB"
1790743203,2026-09-30T13:40:03,Q7FenceWriteBenchmark,external-clickhouse,clickhouse/clickhouse-server:latest,5.79,"1.292GiB / 7.737GiB"
1790743203,2026-09-30T13:40:03,Q7FenceWriteBenchmark,external-kafka,apache/kafka:latest,1.18,"1.07GiB / 7.737GiB"
1790743211,2026-09-30T13:40:11,Q7FenceWriteBenchmark,zealous_austin,postgres:16,8.17,"146.3MiB / 7.737GiB"
1790743211,2026-09-30T13:40:11,Q7FenceWriteBenchmark,testcontainers-ryuk-4ca52408-4322-4656-b64a-13f7bc5dbeec,testcontainers/ryuk:0.14.0,0.00,"8.73MiB / 7.737GiB"
1790743211,2026-09-30T13:40:11,Q7FenceWriteBenchmark,external-clickhouse,clickhouse/clickhouse-server:latest,3.81,"1.316GiB / 7.737GiB"
1790743211,2026-09-30T13:40:11,Q7FenceWriteBenchmark,external-kafka,apache/kafka:latest,1.46,"1.07GiB / 7.737GiB"
1790743218,2026-09-30T13:40:18,Q7FenceWriteBenchmark,zealous_austin,postgres:16,12.88,"146.8MiB / 7.737GiB"
1790743218,2026-09-30T13:40:18,Q7FenceWriteBenchmark,testcontainers-ryuk-4ca52408-4322-4656-b64a-13f7bc5dbeec,testcontainers/ryuk:0.14.0,0.00,"8.73MiB / 7.737GiB"
1790743218,2026-09-30T13:40:18,Q7FenceWriteBenchmark,external-clickhouse,clickhouse/clickhouse-server:latest,7.69,"1.298GiB / 7.737GiB"
1790743218,2026-09-30T13:40:18,Q7FenceWriteBenchmark,external-kafka,apache/kafka:latest,1.16,"1.07GiB / 7.737GiB"
1790743225,2026-09-30T13:40:25,Q7FenceWriteBenchmark,zealous_austin,postgres:16,13.39,"146.9MiB / 7.737GiB"
1790743225,2026-09-30T13:40:25,Q7FenceWriteBenchmark,testcontainers-ryuk-4ca52408-4322-4656-b64a-13f7bc5dbeec,testcontainers/ryuk:0.14.0,0.00,"8.73MiB / 7.737GiB"
1790743225,2026-09-30T13:40:25,Q7FenceWriteBenchmark,external-clickhouse,clickhouse/clickhouse-server:latest,1.86,"1.299GiB / 7.737GiB"
1790743225,2026-09-30T13:40:25,Q7FenceWriteBenchmark,external-kafka,apache/kafka:latest,0.59,"1.07GiB / 7.737GiB"
1790743232,2026-09-30T13:40:32,Q7FenceWriteBenchmark,zealous_austin,postgres:16,12.57,"146.9MiB / 7.737GiB"
1790743232,2026-09-30T13:40:32,Q7FenceWriteBenchmark,testcontainers-ryuk-4ca52408-4322-4656-b64a-13f7bc5dbeec,testcontainers/ryuk:0.14.0,0.00,"8.73MiB / 7.737GiB"
1790743232,2026-09-30T13:40:32,Q7FenceWriteBenchmark,external-clickhouse,clickhouse/clickhouse-server:latest,3.24,"1.29GiB / 7.737GiB"
1790743232,2026-09-30T13:40:32,Q7FenceWriteBenchmark,external-kafka,apache/kafka:latest,2.39,"1.07GiB / 7.737GiB"
1790743239,2026-09-30T13:40:39,Q7FenceWriteBenchmark,zealous_austin,postgres:16,80.23,"147.4MiB / 7.737GiB"
1790743239,2026-09-30T13:40:39,Q7FenceWriteBenchmark,testcontainers-ryuk-4ca52408-4322-4656-b64a-13f7bc5dbeec,testcontainers/ryuk:0.14.0,0.00,"8.73MiB / 7.737GiB"
1790743239,2026-09-30T13:40:39,Q7FenceWriteBenchmark,external-clickhouse,clickhouse/clickhouse-server:latest,2.04,"1.285GiB / 7.737GiB"
1790743239,2026-09-30T13:40:39,Q7FenceWriteBenchmark,external-kafka,apache/kafka:latest,0.74,"1.07GiB / 7.737GiB"
1790743247,2026-09-30T13:40:47,Q7FenceWriteBenchmark,zealous_austin,postgres:16,66.07,"147MiB / 7.737GiB"
1790743247,2026-09-30T13:40:47,Q7FenceWriteBenchmark,testcontainers-ryuk-4ca52408-4322-4656-b64a-13f7bc5dbeec,testcontainers/ryuk:0.14.0,0.00,"8.73MiB / 7.737GiB"
1790743247,2026-09-30T13:40:47,Q7FenceWriteBenchmark,external-clickhouse,clickhouse/clickhouse-server:latest,4.44,"1.339GiB / 7.737GiB"
1790743247,2026-09-30T13:40:47,Q7FenceWriteBenchmark,external-kafka,apache/kafka:latest,1.07,"1.07GiB / 7.737GiB"
1790743254,2026-09-30T13:40:54,Q7FenceWriteBenchmark,zealous_austin,postgres:16,94.97,"146.8MiB / 7.737GiB"
1790743254,2026-09-30T13:40:54,Q7FenceWriteBenchmark,testcontainers-ryuk-4ca52408-4322-4656-b64a-13f7bc5dbeec,testcontainers/ryuk:0.14.0,0.00,"8.73MiB / 7.737GiB"
1790743254,2026-09-30T13:40:54,Q7FenceWriteBenchmark,external-clickhouse,clickhouse/clickhouse-server:latest,2.87,"1.287GiB / 7.737GiB"
1790743254,2026-09-30T13:40:54,Q7FenceWriteBenchmark,external-kafka,apache/kafka:latest,53.99,"1.07GiB / 7.737GiB"
1790743261,2026-09-30T13:41:01,Q7FenceWriteBenchmark,zealous_austin,postgres:16,67.02,"146.8MiB / 7.737GiB"
1790743261,2026-09-30T13:41:01,Q7FenceWriteBenchmark,testcontainers-ryuk-4ca52408-4322-4656-b64a-13f7bc5dbeec,testcontainers/ryuk:0.14.0,0.00,"8.73MiB / 7.737GiB"
1790743261,2026-09-30T13:41:01,Q7FenceWriteBenchmark,external-clickhouse,clickhouse/clickhouse-server:latest,2.92,"1.301GiB / 7.737GiB"
1790743261,2026-09-30T13:41:01,Q7FenceWriteBenchmark,external-kafka,apache/kafka:latest,0.82,"1.07GiB / 7.737GiB"
1790743268,2026-09-30T13:41:08,Q7FenceWriteBenchmark,zealous_austin,postgres:16,64.04,"147.1MiB / 7.737GiB"
1790743268,2026-09-30T13:41:08,Q7FenceWriteBenchmark,testcontainers-ryuk-4ca52408-4322-4656-b64a-13f7bc5dbeec,testcontainers/ryuk:0.14.0,0.00,"8.73MiB / 7.737GiB"
1790743268,2026-09-30T13:41:08,Q7FenceWriteBenchmark,external-clickhouse,clickhouse/clickhouse-server:latest,4.90,"1.299GiB / 7.737GiB"
1790743268,2026-09-30T13:41:08,Q7FenceWriteBenchmark,external-kafka,apache/kafka:latest,4.84,"1.07GiB / 7.737GiB"
1790743276,2026-09-30T13:41:16,Q7FenceWriteBenchmark,zealous_austin,postgres:16,77.89,"147.3MiB / 7.737GiB"
1790743276,2026-09-30T13:41:16,Q7FenceWriteBenchmark,testcontainers-ryuk-4ca52408-4322-4656-b64a-13f7bc5dbeec,testcontainers/ryuk:0.14.0,0.00,"8.73MiB / 7.737GiB"
1790743276,2026-09-30T13:41:16,Q7FenceWriteBenchmark,external-clickhouse,clickhouse/clickhouse-server:latest,2.88,"1.309GiB / 7.737GiB"
1790743276,2026-09-30T13:41:16,Q7FenceWriteBenchmark,external-kafka,apache/kafka:latest,119.43,"1.127GiB / 7.737GiB"
1790743283,2026-09-30T13:41:23,Q7FenceWriteBenchmark,zealous_austin,postgres:16,58.81,"147.1MiB / 7.737GiB"
1790743283,2026-09-30T13:41:23,Q7FenceWriteBenchmark,testcontainers-ryuk-4ca52408-4322-4656-b64a-13f7bc5dbeec,testcontainers/ryuk:0.14.0,0.00,"8.73MiB / 7.737GiB"
1790743283,2026-09-30T13:41:23,Q7FenceWriteBenchmark,external-clickhouse,clickhouse/clickhouse-server:latest,4.07,"1.324GiB / 7.737GiB"
1790743283,2026-09-30T13:41:23,Q7FenceWriteBenchmark,external-kafka,apache/kafka:latest,1.13,"1.07GiB / 7.737GiB"
1790743290,2026-09-30T13:41:30,Q7FenceWriteBenchmark,zealous_austin,postgres:16,126.08,"147.4MiB / 7.737GiB"
1790743290,2026-09-30T13:41:30,Q7FenceWriteBenchmark,testcontainers-ryuk-4ca52408-4322-4656-b64a-13f7bc5dbeec,testcontainers/ryuk:0.14.0,0.00,"8.73MiB / 7.737GiB"
1790743290,2026-09-30T13:41:30,Q7FenceWriteBenchmark,external-clickhouse,clickhouse/clickhouse-server:latest,3.53,"1.272GiB / 7.737GiB"
1790743290,2026-09-30T13:41:30,Q7FenceWriteBenchmark,external-kafka,apache/kafka:latest,1.25,"1.07GiB / 7.737GiB"
1790743297,2026-09-30T13:41:37,Q7FenceWriteBenchmark,zealous_austin,postgres:16,106.16,"147.7MiB / 7.737GiB"
1790743297,2026-09-30T13:41:37,Q7FenceWriteBenchmark,testcontainers-ryuk-4ca52408-4322-4656-b64a-13f7bc5dbeec,testcontainers/ryuk:0.14.0,0.00,"8.73MiB / 7.737GiB"
1790743297,2026-09-30T13:41:37,Q7FenceWriteBenchmark,external-clickhouse,clickhouse/clickhouse-server:latest,5.93,"1.27GiB / 7.737GiB"
1790743297,2026-09-30T13:41:37,Q7FenceWriteBenchmark,external-kafka,apache/kafka:latest,32.57,"1.096GiB / 7.737GiB"
1790743304,2026-09-30T13:41:44,Q7FenceWriteBenchmark,zealous_austin,postgres:16,204.33,"147.1MiB / 7.737GiB"
1790743304,2026-09-30T13:41:44,Q7FenceWriteBenchmark,testcontainers-ryuk-4ca52408-4322-4656-b64a-13f7bc5dbeec,testcontainers/ryuk:0.14.0,0.00,"8.73MiB / 7.737GiB"
1790743304,2026-09-30T13:41:44,Q7FenceWriteBenchmark,external-clickhouse,clickhouse/clickhouse-server:latest,4.78,"1.271GiB / 7.737GiB"
1790743304,2026-09-30T13:41:44,Q7FenceWriteBenchmark,external-kafka,apache/kafka:latest,0.77,"1.07GiB / 7.737GiB"
1790743312,2026-09-30T13:41:52,Q7FenceWriteBenchmark,zealous_austin,postgres:16,68.90,"147.3MiB / 7.737GiB"
1790743312,2026-09-30T13:41:52,Q7FenceWriteBenchmark,testcontainers-ryuk-4ca52408-4322-4656-b64a-13f7bc5dbeec,testcontainers/ryuk:0.14.0,0.00,"8.73MiB / 7.737GiB"
1790743312,2026-09-30T13:41:52,Q7FenceWriteBenchmark,external-clickhouse,clickhouse/clickhouse-server:latest,8.57,"1.279GiB / 7.737GiB"
1790743312,2026-09-30T13:41:52,Q7FenceWriteBenchmark,external-kafka,apache/kafka:latest,1.22,"1.07GiB / 7.737GiB"
1790743319,2026-09-30T13:41:59,Q7FenceWriteBenchmark,zealous_austin,postgres:16,71.41,"147.3MiB / 7.737GiB"
1790743319,2026-09-30T13:41:59,Q7FenceWriteBenchmark,testcontainers-ryuk-4ca52408-4322-4656-b64a-13f7bc5dbeec,testcontainers/ryuk:0.14.0,0.00,"8.73MiB / 7.737GiB"
1790743319,2026-09-30T13:41:59,Q7FenceWriteBenchmark,external-clickhouse,clickhouse/clickhouse-server:latest,52.68,"1.335GiB / 7.737GiB"
1790743319,2026-09-30T13:41:59,Q7FenceWriteBenchmark,external-kafka,apache/kafka:latest,1.96,"1.07GiB / 7.737GiB"
1790743326,2026-09-30T13:42:06,Q7FenceWriteBenchmark,zealous_austin,postgres:16,158.06,"148.2MiB / 7.737GiB"
1790743326,2026-09-30T13:42:06,Q7FenceWriteBenchmark,testcontainers-ryuk-4ca52408-4322-4656-b64a-13f7bc5dbeec,testcontainers/ryuk:0.14.0,0.00,"8.73MiB / 7.737GiB"
1790743326,2026-09-30T13:42:06,Q7FenceWriteBenchmark,external-clickhouse,clickhouse/clickhouse-server:latest,8.45,"1.271GiB / 7.737GiB"
1790743326,2026-09-30T13:42:06,Q7FenceWriteBenchmark,external-kafka,apache/kafka:latest,1.13,"1.07GiB / 7.737GiB"
1790743333,2026-09-30T13:42:13,Q7FenceWriteBenchmark,zealous_austin,postgres:16,114.46,"148.4MiB / 7.737GiB"
1790743333,2026-09-30T13:42:13,Q7FenceWriteBenchmark,testcontainers-ryuk-4ca52408-4322-4656-b64a-13f7bc5dbeec,testcontainers/ryuk:0.14.0,0.00,"8.73MiB / 7.737GiB"
1790743333,2026-09-30T13:42:13,Q7FenceWriteBenchmark,external-clickhouse,clickhouse/clickhouse-server:latest,1.84,"1.273GiB / 7.737GiB"
1790743333,2026-09-30T13:42:13,Q7FenceWriteBenchmark,external-kafka,apache/kafka:latest,56.38,"1.112GiB / 7.737GiB"
1790743340,2026-09-30T13:42:20,Q7FenceWriteBenchmark,testcontainers-ryuk-4ca52408-4322-4656-b64a-13f7bc5dbeec,testcontainers/ryuk:0.14.0,0.00,"8.73MiB / 7.737GiB"
1790743340,2026-09-30T13:42:20,Q7FenceWriteBenchmark,external-clickhouse,clickhouse/clickhouse-server:latest,4.48,"1.269GiB / 7.737GiB"
1790743340,2026-09-30T13:42:20,Q7FenceWriteBenchmark,external-kafka,apache/kafka:latest,1.07,"1.07GiB / 7.737GiB"
1790743340,2026-09-30T13:42:20,Q7FenceWriteBenchmark,focused_wu,postgres:16,61.65,"33.39MiB / 7.737GiB"
1790743348,2026-09-30T13:42:28,Q7FenceWriteBenchmark,focused_wu,postgres:16,80.65,"84.8MiB / 7.737GiB"
1790743348,2026-09-30T13:42:28,Q7FenceWriteBenchmark,testcontainers-ryuk-4ca52408-4322-4656-b64a-13f7bc5dbeec,testcontainers/ryuk:0.14.0,0.00,"8.73MiB / 7.737GiB"
1790743348,2026-09-30T13:42:28,Q7FenceWriteBenchmark,external-clickhouse,clickhouse/clickhouse-server:latest,5.62,"1.272GiB / 7.737GiB"
1790743348,2026-09-30T13:42:28,Q7FenceWriteBenchmark,external-kafka,apache/kafka:latest,0.92,"1.07GiB / 7.737GiB"
1790743355,2026-09-30T13:42:35,Q7FenceWriteBenchmark,focused_wu,postgres:16,12.15,"89.65MiB / 7.737GiB"
1790743355,2026-09-30T13:42:35,Q7FenceWriteBenchmark,testcontainers-ryuk-4ca52408-4322-4656-b64a-13f7bc5dbeec,testcontainers/ryuk:0.14.0,0.00,"8.73MiB / 7.737GiB"
1790743355,2026-09-30T13:42:35,Q7FenceWriteBenchmark,external-clickhouse,clickhouse/clickhouse-server:latest,6.41,"1.273GiB / 7.737GiB"
1790743355,2026-09-30T13:42:35,Q7FenceWriteBenchmark,external-kafka,apache/kafka:latest,1.36,"1.07GiB / 7.737GiB"
1790743362,2026-09-30T13:42:42,Q7FenceWriteBenchmark,focused_wu,postgres:16,14.22,"89.76MiB / 7.737GiB"
1790743362,2026-09-30T13:42:42,Q7FenceWriteBenchmark,testcontainers-ryuk-4ca52408-4322-4656-b64a-13f7bc5dbeec,testcontainers/ryuk:0.14.0,0.00,"8.73MiB / 7.737GiB"
1790743362,2026-09-30T13:42:42,Q7FenceWriteBenchmark,external-clickhouse,clickhouse/clickhouse-server:latest,4.71,"1.27GiB / 7.737GiB"
1790743362,2026-09-30T13:42:42,Q7FenceWriteBenchmark,external-kafka,apache/kafka:latest,0.83,"1.07GiB / 7.737GiB"
1790743369,2026-09-30T13:42:49,Q7FenceWriteBenchmark,focused_wu,postgres:16,12.28,"89.85MiB / 7.737GiB"
1790743369,2026-09-30T13:42:49,Q7FenceWriteBenchmark,testcontainers-ryuk-4ca52408-4322-4656-b64a-13f7bc5dbeec,testcontainers/ryuk:0.14.0,0.00,"8.73MiB / 7.737GiB"
1790743369,2026-09-30T13:42:49,Q7FenceWriteBenchmark,external-clickhouse,clickhouse/clickhouse-server:latest,7.84,"1.277GiB / 7.737GiB"
1790743369,2026-09-30T13:42:49,Q7FenceWriteBenchmark,external-kafka,apache/kafka:latest,2.22,"1.07GiB / 7.737GiB"
1790743376,2026-09-30T13:42:56,Q7FenceWriteBenchmark,focused_wu,postgres:16,9.77,"90.32MiB / 7.737GiB"
1790743376,2026-09-30T13:42:56,Q7FenceWriteBenchmark,testcontainers-ryuk-4ca52408-4322-4656-b64a-13f7bc5dbeec,testcontainers/ryuk:0.14.0,0.00,"8.73MiB / 7.737GiB"
1790743376,2026-09-30T13:42:56,Q7FenceWriteBenchmark,external-clickhouse,clickhouse/clickhouse-server:latest,3.32,"1.27GiB / 7.737GiB"
1790743376,2026-09-30T13:42:56,Q7FenceWriteBenchmark,external-kafka,apache/kafka:latest,1.22,"1.07GiB / 7.737GiB"
1790743384,2026-09-30T13:43:04,Q7FenceWriteBenchmark,focused_wu,postgres:16,12.84,"90.37MiB / 7.737GiB"
1790743384,2026-09-30T13:43:04,Q7FenceWriteBenchmark,testcontainers-ryuk-4ca52408-4322-4656-b64a-13f7bc5dbeec,testcontainers/ryuk:0.14.0,0.00,"8.73MiB / 7.737GiB"
1790743384,2026-09-30T13:43:04,Q7FenceWriteBenchmark,external-clickhouse,clickhouse/clickhouse-server:latest,2.38,"1.267GiB / 7.737GiB"
1790743384,2026-09-30T13:43:04,Q7FenceWriteBenchmark,external-kafka,apache/kafka:latest,0.83,"1.07GiB / 7.737GiB"
1790743391,2026-09-30T13:43:11,Q7FenceWriteBenchmark,focused_wu,postgres:16,15.35,"90.45MiB / 7.737GiB"
1790743391,2026-09-30T13:43:11,Q7FenceWriteBenchmark,testcontainers-ryuk-4ca52408-4322-4656-b64a-13f7bc5dbeec,testcontainers/ryuk:0.14.0,0.00,"8.73MiB / 7.737GiB"
1790743391,2026-09-30T13:43:11,Q7FenceWriteBenchmark,external-clickhouse,clickhouse/clickhouse-server:latest,2.45,"1.275GiB / 7.737GiB"
1790743391,2026-09-30T13:43:11,Q7FenceWriteBenchmark,external-kafka,apache/kafka:latest,147.66,"1.147GiB / 7.737GiB"
1790743398,2026-09-30T13:43:18,Q7FenceWriteBenchmark,focused_wu,postgres:16,9.05,"90.97MiB / 7.737GiB"
1790743398,2026-09-30T13:43:18,Q7FenceWriteBenchmark,testcontainers-ryuk-4ca52408-4322-4656-b64a-13f7bc5dbeec,testcontainers/ryuk:0.14.0,0.00,"8.73MiB / 7.737GiB"
1790743398,2026-09-30T13:43:18,Q7FenceWriteBenchmark,external-clickhouse,clickhouse/clickhouse-server:latest,2.85,"1.342GiB / 7.737GiB"
1790743398,2026-09-30T13:43:18,Q7FenceWriteBenchmark,external-kafka,apache/kafka:latest,1.73,"1.07GiB / 7.737GiB"
1790743405,2026-09-30T13:43:25,Q7FenceWriteBenchmark,focused_wu,postgres:16,71.86,"91.18MiB / 7.737GiB"
1790743405,2026-09-30T13:43:25,Q7FenceWriteBenchmark,testcontainers-ryuk-4ca52408-4322-4656-b64a-13f7bc5dbeec,testcontainers/ryuk:0.14.0,0.00,"8.73MiB / 7.737GiB"
1790743405,2026-09-30T13:43:25,Q7FenceWriteBenchmark,external-clickhouse,clickhouse/clickhouse-server:latest,2.82,"1.28GiB / 7.737GiB"
1790743405,2026-09-30T13:43:25,Q7FenceWriteBenchmark,external-kafka,apache/kafka:latest,0.84,"1.07GiB / 7.737GiB"
1790743412,2026-09-30T13:43:32,Q7FenceWriteBenchmark,focused_wu,postgres:16,68.38,"98.14MiB / 7.737GiB"
1790743412,2026-09-30T13:43:32,Q7FenceWriteBenchmark,testcontainers-ryuk-4ca52408-4322-4656-b64a-13f7bc5dbeec,testcontainers/ryuk:0.14.0,0.00,"8.73MiB / 7.737GiB"
1790743412,2026-09-30T13:43:32,Q7FenceWriteBenchmark,external-clickhouse,clickhouse/clickhouse-server:latest,2.80,"1.275GiB / 7.737GiB"
1790743412,2026-09-30T13:43:32,Q7FenceWriteBenchmark,external-kafka,apache/kafka:latest,13.03,"1.071GiB / 7.737GiB"
1790743420,2026-09-30T13:43:40,Q7FenceWriteBenchmark,focused_wu,postgres:16,100.53,"99.71MiB / 7.737GiB"
1790743420,2026-09-30T13:43:40,Q7FenceWriteBenchmark,testcontainers-ryuk-4ca52408-4322-4656-b64a-13f7bc5dbeec,testcontainers/ryuk:0.14.0,0.00,"8.73MiB / 7.737GiB"
1790743420,2026-09-30T13:43:40,Q7FenceWriteBenchmark,external-clickhouse,clickhouse/clickhouse-server:latest,4.12,"1.282GiB / 7.737GiB"
1790743420,2026-09-30T13:43:40,Q7FenceWriteBenchmark,external-kafka,apache/kafka:latest,1.52,"1.07GiB / 7.737GiB"
1790743427,2026-09-30T13:43:47,Q7FenceWriteBenchmark,focused_wu,postgres:16,72.44,"101.3MiB / 7.737GiB"
1790743427,2026-09-30T13:43:47,Q7FenceWriteBenchmark,testcontainers-ryuk-4ca52408-4322-4656-b64a-13f7bc5dbeec,testcontainers/ryuk:0.14.0,0.00,"8.73MiB / 7.737GiB"
1790743427,2026-09-30T13:43:47,Q7FenceWriteBenchmark,external-clickhouse,clickhouse/clickhouse-server:latest,3.06,"1.275GiB / 7.737GiB"
1790743427,2026-09-30T13:43:47,Q7FenceWriteBenchmark,external-kafka,apache/kafka:latest,0.80,"1.07GiB / 7.737GiB"
1790743434,2026-09-30T13:43:54,Q7FenceWriteBenchmark,focused_wu,postgres:16,86.16,"106MiB / 7.737GiB"
1790743434,2026-09-30T13:43:54,Q7FenceWriteBenchmark,testcontainers-ryuk-4ca52408-4322-4656-b64a-13f7bc5dbeec,testcontainers/ryuk:0.14.0,0.00,"8.73MiB / 7.737GiB"
1790743434,2026-09-30T13:43:54,Q7FenceWriteBenchmark,external-clickhouse,clickhouse/clickhouse-server:latest,2.61,"1.341GiB / 7.737GiB"
1790743434,2026-09-30T13:43:54,Q7FenceWriteBenchmark,external-kafka,apache/kafka:latest,0.78,"1.07GiB / 7.737GiB"
1790743441,2026-09-30T13:44:01,Q7FenceWriteBenchmark,focused_wu,postgres:16,82.28,"109.2MiB / 7.737GiB"
1790743441,2026-09-30T13:44:01,Q7FenceWriteBenchmark,testcontainers-ryuk-4ca52408-4322-4656-b64a-13f7bc5dbeec,testcontainers/ryuk:0.14.0,0.00,"8.73MiB / 7.737GiB"
1790743441,2026-09-30T13:44:01,Q7FenceWriteBenchmark,external-clickhouse,clickhouse/clickhouse-server:latest,2.29,"1.287GiB / 7.737GiB"
1790743441,2026-09-30T13:44:01,Q7FenceWriteBenchmark,external-kafka,apache/kafka:latest,0.66,"1.07GiB / 7.737GiB"
1790743448,2026-09-30T13:44:08,Q7FenceWriteBenchmark,focused_wu,postgres:16,69.41,"109.5MiB / 7.737GiB"
1790743448,2026-09-30T13:44:08,Q7FenceWriteBenchmark,testcontainers-ryuk-4ca52408-4322-4656-b64a-13f7bc5dbeec,testcontainers/ryuk:0.14.0,0.00,"8.73MiB / 7.737GiB"
1790743448,2026-09-30T13:44:08,Q7FenceWriteBenchmark,external-clickhouse,clickhouse/clickhouse-server:latest,4.36,"1.288GiB / 7.737GiB"
1790743448,2026-09-30T13:44:08,Q7FenceWriteBenchmark,external-kafka,apache/kafka:latest,135.58,"1.151GiB / 7.737GiB"
1790743456,2026-09-30T13:44:16,Q7FenceWriteBenchmark,focused_wu,postgres:16,154.98,"116.2MiB / 7.737GiB"
1790743456,2026-09-30T13:44:16,Q7FenceWriteBenchmark,testcontainers-ryuk-4ca52408-4322-4656-b64a-13f7bc5dbeec,testcontainers/ryuk:0.14.0,0.00,"8.73MiB / 7.737GiB"
1790743456,2026-09-30T13:44:16,Q7FenceWriteBenchmark,external-clickhouse,clickhouse/clickhouse-server:latest,12.97,"1.286GiB / 7.737GiB"
1790743456,2026-09-30T13:44:16,Q7FenceWriteBenchmark,external-kafka,apache/kafka:latest,0.64,"1.07GiB / 7.737GiB"
1790743463,2026-09-30T13:44:23,Q7FenceWriteBenchmark,focused_wu,postgres:16,179.98,"146.6MiB / 7.737GiB"
1790743463,2026-09-30T13:44:23,Q7FenceWriteBenchmark,testcontainers-ryuk-4ca52408-4322-4656-b64a-13f7bc5dbeec,testcontainers/ryuk:0.14.0,0.00,"8.73MiB / 7.737GiB"
1790743463,2026-09-30T13:44:23,Q7FenceWriteBenchmark,external-clickhouse,clickhouse/clickhouse-server:latest,4.77,"1.286GiB / 7.737GiB"
1790743463,2026-09-30T13:44:23,Q7FenceWriteBenchmark,external-kafka,apache/kafka:latest,0.93,"1.07GiB / 7.737GiB"
1790743470,2026-09-30T13:44:30,Q7FenceWriteBenchmark,focused_wu,postgres:16,137.25,"148.6MiB / 7.737GiB"
1790743470,2026-09-30T13:44:30,Q7FenceWriteBenchmark,testcontainers-ryuk-4ca52408-4322-4656-b64a-13f7bc5dbeec,testcontainers/ryuk:0.14.0,0.00,"8.73MiB / 7.737GiB"
1790743470,2026-09-30T13:44:30,Q7FenceWriteBenchmark,external-clickhouse,clickhouse/clickhouse-server:latest,26.56,"1.339GiB / 7.737GiB"
1790743470,2026-09-30T13:44:30,Q7FenceWriteBenchmark,external-kafka,apache/kafka:latest,0.58,"1.07GiB / 7.737GiB"
1790743477,2026-09-30T13:44:37,Q7FenceWriteBenchmark,focused_wu,postgres:16,142.57,"152.6MiB / 7.737GiB"
1790743477,2026-09-30T13:44:37,Q7FenceWriteBenchmark,testcontainers-ryuk-4ca52408-4322-4656-b64a-13f7bc5dbeec,testcontainers/ryuk:0.14.0,0.00,"8.73MiB / 7.737GiB"
1790743477,2026-09-30T13:44:37,Q7FenceWriteBenchmark,external-clickhouse,clickhouse/clickhouse-server:latest,5.27,"1.329GiB / 7.737GiB"
1790743477,2026-09-30T13:44:37,Q7FenceWriteBenchmark,external-kafka,apache/kafka:latest,0.66,"1.07GiB / 7.737GiB"
1790743484,2026-09-30T13:44:44,Q7FenceWriteBenchmark,focused_wu,postgres:16,150.23,"154.2MiB / 7.737GiB"
1790743484,2026-09-30T13:44:44,Q7FenceWriteBenchmark,testcontainers-ryuk-4ca52408-4322-4656-b64a-13f7bc5dbeec,testcontainers/ryuk:0.14.0,0.00,"8.73MiB / 7.737GiB"
1790743484,2026-09-30T13:44:44,Q7FenceWriteBenchmark,external-clickhouse,clickhouse/clickhouse-server:latest,9.64,"1.296GiB / 7.737GiB"
1790743484,2026-09-30T13:44:44,Q7FenceWriteBenchmark,external-kafka,apache/kafka:latest,29.13,"1.07GiB / 7.737GiB"
1790743491,2026-09-30T13:44:51,Q7FenceWriteBenchmark,focused_wu,postgres:16,161.80,"156.7MiB / 7.737GiB"
1790743491,2026-09-30T13:44:51,Q7FenceWriteBenchmark,testcontainers-ryuk-4ca52408-4322-4656-b64a-13f7bc5dbeec,testcontainers/ryuk:0.14.0,0.00,"8.73MiB / 7.737GiB"
1790743491,2026-09-30T13:44:51,Q7FenceWriteBenchmark,external-clickhouse,clickhouse/clickhouse-server:latest,2.41,"1.28GiB / 7.737GiB"
1790743491,2026-09-30T13:44:51,Q7FenceWriteBenchmark,external-kafka,apache/kafka:latest,0.94,"1.07GiB / 7.737GiB"
1790743499,2026-09-30T13:44:59,Q7FenceWriteBenchmark,focused_wu,postgres:16,165.63,"159.5MiB / 7.737GiB"
1790743499,2026-09-30T13:44:59,Q7FenceWriteBenchmark,testcontainers-ryuk-4ca52408-4322-4656-b64a-13f7bc5dbeec,testcontainers/ryuk:0.14.0,0.00,"8.73MiB / 7.737GiB"
1790743499,2026-09-30T13:44:59,Q7FenceWriteBenchmark,external-clickhouse,clickhouse/clickhouse-server:latest,2.76,"1.281GiB / 7.737GiB"
1790743499,2026-09-30T13:44:59,Q7FenceWriteBenchmark,external-kafka,apache/kafka:latest,1.19,"1.07GiB / 7.737GiB"
1790743506,2026-09-30T13:45:06,Q7FenceWriteBenchmark,focused_wu,postgres:16,10.67,"159.7MiB / 7.737GiB"
1790743506,2026-09-30T13:45:06,Q7FenceWriteBenchmark,testcontainers-ryuk-4ca52408-4322-4656-b64a-13f7bc5dbeec,testcontainers/ryuk:0.14.0,0.00,"8.73MiB / 7.737GiB"
1790743506,2026-09-30T13:45:06,Q7FenceWriteBenchmark,external-clickhouse,clickhouse/clickhouse-server:latest,2.99,"1.284GiB / 7.737GiB"
1790743506,2026-09-30T13:45:06,Q7FenceWriteBenchmark,external-kafka,apache/kafka:latest,6.86,"1.072GiB / 7.737GiB"
1790743513,2026-09-30T13:45:13,Q7FenceWriteBenchmark,focused_wu,postgres:16,12.65,"159.7MiB / 7.737GiB"
1790743513,2026-09-30T13:45:13,Q7FenceWriteBenchmark,testcontainers-ryuk-4ca52408-4322-4656-b64a-13f7bc5dbeec,testcontainers/ryuk:0.14.0,0.00,"8.73MiB / 7.737GiB"
1790743513,2026-09-30T13:45:13,Q7FenceWriteBenchmark,external-clickhouse,clickhouse/clickhouse-server:latest,3.15,"1.276GiB / 7.737GiB"
1790743513,2026-09-30T13:45:13,Q7FenceWriteBenchmark,external-kafka,apache/kafka:latest,0.59,"1.07GiB / 7.737GiB"
1790743520,2026-09-30T13:45:20,Q7FenceWriteBenchmark,focused_wu,postgres:16,12.33,"159.8MiB / 7.737GiB"
1790743520,2026-09-30T13:45:20,Q7FenceWriteBenchmark,testcontainers-ryuk-4ca52408-4322-4656-b64a-13f7bc5dbeec,testcontainers/ryuk:0.14.0,0.00,"8.73MiB / 7.737GiB"
1790743520,2026-09-30T13:45:20,Q7FenceWriteBenchmark,external-clickhouse,clickhouse/clickhouse-server:latest,3.75,"1.298GiB / 7.737GiB"
1790743520,2026-09-30T13:45:20,Q7FenceWriteBenchmark,external-kafka,apache/kafka:latest,0.70,"1.07GiB / 7.737GiB"
1790743527,2026-09-30T13:45:27,Q7FenceWriteBenchmark,focused_wu,postgres:16,11.88,"160.3MiB / 7.737GiB"
1790743527,2026-09-30T13:45:27,Q7FenceWriteBenchmark,testcontainers-ryuk-4ca52408-4322-4656-b64a-13f7bc5dbeec,testcontainers/ryuk:0.14.0,0.00,"8.73MiB / 7.737GiB"
1790743527,2026-09-30T13:45:27,Q7FenceWriteBenchmark,external-clickhouse,clickhouse/clickhouse-server:latest,3.51,"1.283GiB / 7.737GiB"
1790743527,2026-09-30T13:45:27,Q7FenceWriteBenchmark,external-kafka,apache/kafka:latest,0.93,"1.07GiB / 7.737GiB"
1790743535,2026-09-30T13:45:35,Q7FenceWriteBenchmark,focused_wu,postgres:16,13.09,"160.3MiB / 7.737GiB"
1790743535,2026-09-30T13:45:35,Q7FenceWriteBenchmark,testcontainers-ryuk-4ca52408-4322-4656-b64a-13f7bc5dbeec,testcontainers/ryuk:0.14.0,0.00,"8.73MiB / 7.737GiB"
1790743535,2026-09-30T13:45:35,Q7FenceWriteBenchmark,external-clickhouse,clickhouse/clickhouse-server:latest,3.45,"1.279GiB / 7.737GiB"
1790743535,2026-09-30T13:45:35,Q7FenceWriteBenchmark,external-kafka,apache/kafka:latest,0.73,"1.07GiB / 7.737GiB"
1790743542,2026-09-30T13:45:42,Q7FenceWriteBenchmark,focused_wu,postgres:16,13.50,"160.3MiB / 7.737GiB"
1790743542,2026-09-30T13:45:42,Q7FenceWriteBenchmark,testcontainers-ryuk-4ca52408-4322-4656-b64a-13f7bc5dbeec,testcontainers/ryuk:0.14.0,0.00,"8.73MiB / 7.737GiB"
1790743542,2026-09-30T13:45:42,Q7FenceWriteBenchmark,external-clickhouse,clickhouse/clickhouse-server:latest,2.98,"1.286GiB / 7.737GiB"
1790743542,2026-09-30T13:45:42,Q7FenceWriteBenchmark,external-kafka,apache/kafka:latest,1.78,"1.07GiB / 7.737GiB"
1790743549,2026-09-30T13:45:49,Q7FenceWriteBenchmark,focused_wu,postgres:16,11.38,"160.9MiB / 7.737GiB"
1790743549,2026-09-30T13:45:49,Q7FenceWriteBenchmark,testcontainers-ryuk-4ca52408-4322-4656-b64a-13f7bc5dbeec,testcontainers/ryuk:0.14.0,0.00,"8.73MiB / 7.737GiB"
1790743549,2026-09-30T13:45:49,Q7FenceWriteBenchmark,external-clickhouse,clickhouse/clickhouse-server:latest,2.62,"1.344GiB / 7.737GiB"
1790743549,2026-09-30T13:45:49,Q7FenceWriteBenchmark,external-kafka,apache/kafka:latest,1.38,"1.07GiB / 7.737GiB"
1790743556,2026-09-30T13:45:56,Q7FenceWriteBenchmark,focused_wu,postgres:16,74.03,"161.5MiB / 7.737GiB"
1790743556,2026-09-30T13:45:56,Q7FenceWriteBenchmark,testcontainers-ryuk-4ca52408-4322-4656-b64a-13f7bc5dbeec,testcontainers/ryuk:0.14.0,0.00,"8.73MiB / 7.737GiB"
1790743556,2026-09-30T13:45:56,Q7FenceWriteBenchmark,external-clickhouse,clickhouse/clickhouse-server:latest,3.49,"1.284GiB / 7.737GiB"
1790743556,2026-09-30T13:45:56,Q7FenceWriteBenchmark,external-kafka,apache/kafka:latest,0.93,"1.07GiB / 7.737GiB"
1790743563,2026-09-30T13:46:03,Q7FenceWriteBenchmark,focused_wu,postgres:16,80.17,"162.3MiB / 7.737GiB"
1790743563,2026-09-30T13:46:03,Q7FenceWriteBenchmark,testcontainers-ryuk-4ca52408-4322-4656-b64a-13f7bc5dbeec,testcontainers/ryuk:0.14.0,0.00,"8.73MiB / 7.737GiB"
1790743563,2026-09-30T13:46:03,Q7FenceWriteBenchmark,external-clickhouse,clickhouse/clickhouse-server:latest,4.31,"1.281GiB / 7.737GiB"
1790743563,2026-09-30T13:46:03,Q7FenceWriteBenchmark,external-kafka,apache/kafka:latest,59.15,"1.07GiB / 7.737GiB"
1790743571,2026-09-30T13:46:11,Q7FenceWriteBenchmark,focused_wu,postgres:16,97.25,"163.2MiB / 7.737GiB"
1790743571,2026-09-30T13:46:11,Q7FenceWriteBenchmark,testcontainers-ryuk-4ca52408-4322-4656-b64a-13f7bc5dbeec,testcontainers/ryuk:0.14.0,0.00,"8.73MiB / 7.737GiB"
1790743571,2026-09-30T13:46:11,Q7FenceWriteBenchmark,external-clickhouse,clickhouse/clickhouse-server:latest,4.14,"1.289GiB / 7.737GiB"
1790743571,2026-09-30T13:46:11,Q7FenceWriteBenchmark,external-kafka,apache/kafka:latest,0.82,"1.07GiB / 7.737GiB"
1790743578,2026-09-30T13:46:18,Q7FenceWriteBenchmark,focused_wu,postgres:16,90.58,"164.7MiB / 7.737GiB"
1790743578,2026-09-30T13:46:18,Q7FenceWriteBenchmark,testcontainers-ryuk-4ca52408-4322-4656-b64a-13f7bc5dbeec,testcontainers/ryuk:0.14.0,0.00,"8.73MiB / 7.737GiB"
1790743578,2026-09-30T13:46:18,Q7FenceWriteBenchmark,external-clickhouse,clickhouse/clickhouse-server:latest,2.72,"1.285GiB / 7.737GiB"
1790743578,2026-09-30T13:46:18,Q7FenceWriteBenchmark,external-kafka,apache/kafka:latest,0.88,"1.07GiB / 7.737GiB"
1790743585,2026-09-30T13:46:25,Q7FenceWriteBenchmark,focused_wu,postgres:16,70.13,"165.5MiB / 7.737GiB"
1790743585,2026-09-30T13:46:25,Q7FenceWriteBenchmark,testcontainers-ryuk-4ca52408-4322-4656-b64a-13f7bc5dbeec,testcontainers/ryuk:0.14.0,0.00,"8.73MiB / 7.737GiB"
1790743585,2026-09-30T13:46:25,Q7FenceWriteBenchmark,external-clickhouse,clickhouse/clickhouse-server:latest,1.89,"1.348GiB / 7.737GiB"
1790743585,2026-09-30T13:46:25,Q7FenceWriteBenchmark,external-kafka,apache/kafka:latest,28.86,"1.099GiB / 7.737GiB"
1790743592,2026-09-30T13:46:32,Q7FenceWriteBenchmark,focused_wu,postgres:16,84.35,"167.8MiB / 7.737GiB"
1790743592,2026-09-30T13:46:32,Q7FenceWriteBenchmark,testcontainers-ryuk-4ca52408-4322-4656-b64a-13f7bc5dbeec,testcontainers/ryuk:0.14.0,0.00,"8.73MiB / 7.737GiB"
1790743592,2026-09-30T13:46:32,Q7FenceWriteBenchmark,external-clickhouse,clickhouse/clickhouse-server:latest,2.35,"1.282GiB / 7.737GiB"
1790743592,2026-09-30T13:46:32,Q7FenceWriteBenchmark,external-kafka,apache/kafka:latest,0.70,"1.07GiB / 7.737GiB"
1790743599,2026-09-30T13:46:39,Q7FenceWriteBenchmark,focused_wu,postgres:16,78.09,"167.2MiB / 7.737GiB"
1790743599,2026-09-30T13:46:39,Q7FenceWriteBenchmark,testcontainers-ryuk-4ca52408-4322-4656-b64a-13f7bc5dbeec,testcontainers/ryuk:0.14.0,0.00,"8.73MiB / 7.737GiB"
1790743599,2026-09-30T13:46:39,Q7FenceWriteBenchmark,external-clickhouse,clickhouse/clickhouse-server:latest,12.26,"1.28GiB / 7.737GiB"
1790743599,2026-09-30T13:46:39,Q7FenceWriteBenchmark,external-kafka,apache/kafka:latest,0.92,"1.07GiB / 7.737GiB"
1790743606,2026-09-30T13:46:46,Q7FenceWriteBenchmark,focused_wu,postgres:16,110.71,"166.9MiB / 7.737GiB"
1790743606,2026-09-30T13:46:46,Q7FenceWriteBenchmark,testcontainers-ryuk-4ca52408-4322-4656-b64a-13f7bc5dbeec,testcontainers/ryuk:0.14.0,0.00,"8.73MiB / 7.737GiB"
1790743606,2026-09-30T13:46:46,Q7FenceWriteBenchmark,external-clickhouse,clickhouse/clickhouse-server:latest,12.87,"1.28GiB / 7.737GiB"
1790743606,2026-09-30T13:46:46,Q7FenceWriteBenchmark,external-kafka,apache/kafka:latest,1.42,"1.07GiB / 7.737GiB"
1790743614,2026-09-30T13:46:54,Q7FenceWriteBenchmark,focused_wu,postgres:16,175.33,"167.6MiB / 7.737GiB"
1790743614,2026-09-30T13:46:54,Q7FenceWriteBenchmark,testcontainers-ryuk-4ca52408-4322-4656-b64a-13f7bc5dbeec,testcontainers/ryuk:0.14.0,0.00,"8.73MiB / 7.737GiB"
1790743614,2026-09-30T13:46:54,Q7FenceWriteBenchmark,external-clickhouse,clickhouse/clickhouse-server:latest,11.67,"1.279GiB / 7.737GiB"
1790743614,2026-09-30T13:46:54,Q7FenceWriteBenchmark,external-kafka,apache/kafka:latest,1.06,"1.07GiB / 7.737GiB"
1790743621,2026-09-30T13:47:01,Q7FenceWriteBenchmark,focused_wu,postgres:16,183.28,"168.1MiB / 7.737GiB"
1790743621,2026-09-30T13:47:01,Q7FenceWriteBenchmark,testcontainers-ryuk-4ca52408-4322-4656-b64a-13f7bc5dbeec,testcontainers/ryuk:0.14.0,0.00,"8.73MiB / 7.737GiB"
1790743621,2026-09-30T13:47:01,Q7FenceWriteBenchmark,external-clickhouse,clickhouse/clickhouse-server:latest,11.23,"1.28GiB / 7.737GiB"
1790743621,2026-09-30T13:47:01,Q7FenceWriteBenchmark,external-kafka,apache/kafka:latest,86.42,"1.152GiB / 7.737GiB"
1790743628,2026-09-30T13:47:08,Q7FenceWriteBenchmark,focused_wu,postgres:16,156.98,"168.2MiB / 7.737GiB"
1790743628,2026-09-30T13:47:08,Q7FenceWriteBenchmark,testcontainers-ryuk-4ca52408-4322-4656-b64a-13f7bc5dbeec,testcontainers/ryuk:0.14.0,0.00,"8.73MiB / 7.737GiB"
1790743628,2026-09-30T13:47:08,Q7FenceWriteBenchmark,external-clickhouse,clickhouse/clickhouse-server:latest,2.68,"1.303GiB / 7.737GiB"
1790743628,2026-09-30T13:47:08,Q7FenceWriteBenchmark,external-kafka,apache/kafka:latest,0.91,"1.07GiB / 7.737GiB"
1790743636,2026-09-30T13:47:16,Q7FenceWriteBenchmark,focused_wu,postgres:16,53.51,"167.7MiB / 7.737GiB"
1790743636,2026-09-30T13:47:16,Q7FenceWriteBenchmark,testcontainers-ryuk-4ca52408-4322-4656-b64a-13f7bc5dbeec,testcontainers/ryuk:0.14.0,0.00,"8.73MiB / 7.737GiB"
1790743636,2026-09-30T13:47:16,Q7FenceWriteBenchmark,external-clickhouse,clickhouse/clickhouse-server:latest,3.16,"1.289GiB / 7.737GiB"
1790743636,2026-09-30T13:47:16,Q7FenceWriteBenchmark,external-kafka,apache/kafka:latest,1.05,"1.07GiB / 7.737GiB"
1790743643,2026-09-30T13:47:23,Q7FenceWriteBenchmark,focused_wu,postgres:16,95.95,"167.8MiB / 7.737GiB"
1790743643,2026-09-30T13:47:23,Q7FenceWriteBenchmark,testcontainers-ryuk-4ca52408-4322-4656-b64a-13f7bc5dbeec,testcontainers/ryuk:0.14.0,0.00,"8.73MiB / 7.737GiB"
1790743643,2026-09-30T13:47:23,Q7FenceWriteBenchmark,external-clickhouse,clickhouse/clickhouse-server:latest,4.49,"1.274GiB / 7.737GiB"
1790743643,2026-09-30T13:47:23,Q7FenceWriteBenchmark,external-kafka,apache/kafka:latest,109.41,"1.124GiB / 7.737GiB"
1790743650,2026-09-30T13:47:30,Q7FenceWriteBenchmark,focused_wu,postgres:16,159.54,"168.4MiB / 7.737GiB"
1790743650,2026-09-30T13:47:30,Q7FenceWriteBenchmark,testcontainers-ryuk-4ca52408-4322-4656-b64a-13f7bc5dbeec,testcontainers/ryuk:0.14.0,0.00,"8.73MiB / 7.737GiB"
1790743650,2026-09-30T13:47:30,Q7FenceWriteBenchmark,external-clickhouse,clickhouse/clickhouse-server:latest,4.77,"1.284GiB / 7.737GiB"
1790743650,2026-09-30T13:47:30,Q7FenceWriteBenchmark,external-kafka,apache/kafka:latest,0.82,"1.07GiB / 7.737GiB"
1790743658,2026-09-30T13:47:38,Q7FenceWriteBenchmark,focused_wu,postgres:16,11.93,"167.9MiB / 7.737GiB"
1790743658,2026-09-30T13:47:38,Q7FenceWriteBenchmark,testcontainers-ryuk-4ca52408-4322-4656-b64a-13f7bc5dbeec,testcontainers/ryuk:0.14.0,0.00,"8.73MiB / 7.737GiB"
1790743658,2026-09-30T13:47:38,Q7FenceWriteBenchmark,external-clickhouse,clickhouse/clickhouse-server:latest,5.17,"1.274GiB / 7.737GiB"
1790743658,2026-09-30T13:47:38,Q7FenceWriteBenchmark,external-kafka,apache/kafka:latest,0.77,"1.07GiB / 7.737GiB"
1790743665,2026-09-30T13:47:45,Q7FenceWriteBenchmark,focused_wu,postgres:16,13.34,"167.8MiB / 7.737GiB"
1790743665,2026-09-30T13:47:45,Q7FenceWriteBenchmark,testcontainers-ryuk-4ca52408-4322-4656-b64a-13f7bc5dbeec,testcontainers/ryuk:0.14.0,0.00,"8.73MiB / 7.737GiB"
1790743665,2026-09-30T13:47:45,Q7FenceWriteBenchmark,external-clickhouse,clickhouse/clickhouse-server:latest,4.75,"1.279GiB / 7.737GiB"
1790743665,2026-09-30T13:47:45,Q7FenceWriteBenchmark,external-kafka,apache/kafka:latest,0.75,"1.07GiB / 7.737GiB"
1790743672,2026-09-30T13:47:52,Q7FenceWriteBenchmark,focused_wu,postgres:16,12.79,"167.9MiB / 7.737GiB"
1790743672,2026-09-30T13:47:52,Q7FenceWriteBenchmark,testcontainers-ryuk-4ca52408-4322-4656-b64a-13f7bc5dbeec,testcontainers/ryuk:0.14.0,0.00,"8.73MiB / 7.737GiB"
1790743672,2026-09-30T13:47:52,Q7FenceWriteBenchmark,external-clickhouse,clickhouse/clickhouse-server:latest,2.85,"1.287GiB / 7.737GiB"
1790743672,2026-09-30T13:47:52,Q7FenceWriteBenchmark,external-kafka,apache/kafka:latest,0.75,"1.07GiB / 7.737GiB"
1790743679,2026-09-30T13:47:59,Q7FenceWriteBenchmark,focused_wu,postgres:16,12.17,"167.9MiB / 7.737GiB"
1790743679,2026-09-30T13:47:59,Q7FenceWriteBenchmark,testcontainers-ryuk-4ca52408-4322-4656-b64a-13f7bc5dbeec,testcontainers/ryuk:0.14.0,0.00,"8.73MiB / 7.737GiB"
1790743679,2026-09-30T13:47:59,Q7FenceWriteBenchmark,external-clickhouse,clickhouse/clickhouse-server:latest,2.46,"1.271GiB / 7.737GiB"
1790743679,2026-09-30T13:47:59,Q7FenceWriteBenchmark,external-kafka,apache/kafka:latest,9.41,"1.07GiB / 7.737GiB"
1790743686,2026-09-30T13:48:06,Q7FenceWriteBenchmark,focused_wu,postgres:16,12.55,"167.9MiB / 7.737GiB"
1790743686,2026-09-30T13:48:06,Q7FenceWriteBenchmark,testcontainers-ryuk-4ca52408-4322-4656-b64a-13f7bc5dbeec,testcontainers/ryuk:0.14.0,0.00,"8.73MiB / 7.737GiB"
1790743686,2026-09-30T13:48:06,Q7FenceWriteBenchmark,external-clickhouse,clickhouse/clickhouse-server:latest,5.72,"1.277GiB / 7.737GiB"
1790743686,2026-09-30T13:48:06,Q7FenceWriteBenchmark,external-kafka,apache/kafka:latest,0.72,"1.07GiB / 7.737GiB"
1790743693,2026-09-30T13:48:13,Q7FenceWriteBenchmark,focused_wu,postgres:16,13.26,"167.9MiB / 7.737GiB"
1790743693,2026-09-30T13:48:13,Q7FenceWriteBenchmark,testcontainers-ryuk-4ca52408-4322-4656-b64a-13f7bc5dbeec,testcontainers/ryuk:0.14.0,0.00,"8.73MiB / 7.737GiB"
1790743693,2026-09-30T13:48:13,Q7FenceWriteBenchmark,external-clickhouse,clickhouse/clickhouse-server:latest,3.04,"1.273GiB / 7.737GiB"
1790743693,2026-09-30T13:48:13,Q7FenceWriteBenchmark,external-kafka,apache/kafka:latest,0.78,"1.07GiB / 7.737GiB"
1790743701,2026-09-30T13:48:21,Q7FenceWriteBenchmark,focused_wu,postgres:16,11.87,"168MiB / 7.737GiB"
1790743701,2026-09-30T13:48:21,Q7FenceWriteBenchmark,testcontainers-ryuk-4ca52408-4322-4656-b64a-13f7bc5dbeec,testcontainers/ryuk:0.14.0,0.00,"8.73MiB / 7.737GiB"
1790743701,2026-09-30T13:48:21,Q7FenceWriteBenchmark,external-clickhouse,clickhouse/clickhouse-server:latest,3.02,"1.319GiB / 7.737GiB"
1790743701,2026-09-30T13:48:21,Q7FenceWriteBenchmark,external-kafka,apache/kafka:latest,123.88,"1.07GiB / 7.737GiB"
1790743708,2026-09-30T13:48:28,Q7FenceWriteBenchmark,focused_wu,postgres:16,63.64,"168.2MiB / 7.737GiB"
1790743708,2026-09-30T13:48:28,Q7FenceWriteBenchmark,testcontainers-ryuk-4ca52408-4322-4656-b64a-13f7bc5dbeec,testcontainers/ryuk:0.14.0,0.00,"8.73MiB / 7.737GiB"
1790743708,2026-09-30T13:48:28,Q7FenceWriteBenchmark,external-clickhouse,clickhouse/clickhouse-server:latest,5.61,"1.293GiB / 7.737GiB"
1790743708,2026-09-30T13:48:28,Q7FenceWriteBenchmark,external-kafka,apache/kafka:latest,0.82,"1.07GiB / 7.737GiB"
1790743715,2026-09-30T13:48:35,Q7FenceWriteBenchmark,focused_wu,postgres:16,96.29,"168MiB / 7.737GiB"
1790743715,2026-09-30T13:48:35,Q7FenceWriteBenchmark,testcontainers-ryuk-4ca52408-4322-4656-b64a-13f7bc5dbeec,testcontainers/ryuk:0.14.0,0.00,"8.73MiB / 7.737GiB"
1790743715,2026-09-30T13:48:35,Q7FenceWriteBenchmark,external-clickhouse,clickhouse/clickhouse-server:latest,3.57,"1.272GiB / 7.737GiB"
1790743715,2026-09-30T13:48:35,Q7FenceWriteBenchmark,external-kafka,apache/kafka:latest,0.76,"1.07GiB / 7.737GiB"
1790743722,2026-09-30T13:48:42,Q7FenceWriteBenchmark,focused_wu,postgres:16,75.43,"168.1MiB / 7.737GiB"
1790743722,2026-09-30T13:48:42,Q7FenceWriteBenchmark,testcontainers-ryuk-4ca52408-4322-4656-b64a-13f7bc5dbeec,testcontainers/ryuk:0.14.0,0.00,"8.73MiB / 7.737GiB"
1790743722,2026-09-30T13:48:42,Q7FenceWriteBenchmark,external-clickhouse,clickhouse/clickhouse-server:latest,3.22,"1.276GiB / 7.737GiB"
1790743722,2026-09-30T13:48:42,Q7FenceWriteBenchmark,external-kafka,apache/kafka:latest,126.06,"1.148GiB / 7.737GiB"
1790743729,2026-09-30T13:48:49,Q7FenceWriteBenchmark,focused_wu,postgres:16,98.13,"168MiB / 7.737GiB"
1790743729,2026-09-30T13:48:49,Q7FenceWriteBenchmark,testcontainers-ryuk-4ca52408-4322-4656-b64a-13f7bc5dbeec,testcontainers/ryuk:0.14.0,0.00,"8.73MiB / 7.737GiB"
1790743729,2026-09-30T13:48:49,Q7FenceWriteBenchmark,external-clickhouse,clickhouse/clickhouse-server:latest,3.66,"1.282GiB / 7.737GiB"
1790743729,2026-09-30T13:48:49,Q7FenceWriteBenchmark,external-kafka,apache/kafka:latest,1.27,"1.07GiB / 7.737GiB"
1790743736,2026-09-30T13:48:56,Q7FenceWriteBenchmark,focused_wu,postgres:16,60.10,"167.8MiB / 7.737GiB"
1790743736,2026-09-30T13:48:56,Q7FenceWriteBenchmark,testcontainers-ryuk-4ca52408-4322-4656-b64a-13f7bc5dbeec,testcontainers/ryuk:0.14.0,0.00,"8.73MiB / 7.737GiB"
1790743736,2026-09-30T13:48:56,Q7FenceWriteBenchmark,external-clickhouse,clickhouse/clickhouse-server:latest,38.87,"1.357GiB / 7.737GiB"
1790743736,2026-09-30T13:48:56,Q7FenceWriteBenchmark,external-kafka,apache/kafka:latest,0.83,"1.07GiB / 7.737GiB"
1790743744,2026-09-30T13:49:04,Q7FenceWriteBenchmark,focused_wu,postgres:16,77.47,"167.7MiB / 7.737GiB"
1790743744,2026-09-30T13:49:04,Q7FenceWriteBenchmark,testcontainers-ryuk-4ca52408-4322-4656-b64a-13f7bc5dbeec,testcontainers/ryuk:0.14.0,0.00,"8.73MiB / 7.737GiB"
1790743744,2026-09-30T13:49:04,Q7FenceWriteBenchmark,external-clickhouse,clickhouse/clickhouse-server:latest,3.89,"1.293GiB / 7.737GiB"
1790743744,2026-09-30T13:49:04,Q7FenceWriteBenchmark,external-kafka,apache/kafka:latest,1.70,"1.07GiB / 7.737GiB"
1790743751,2026-09-30T13:49:11,Q7FenceWriteBenchmark,focused_wu,postgres:16,56.62,"168.3MiB / 7.737GiB"
1790743751,2026-09-30T13:49:11,Q7FenceWriteBenchmark,testcontainers-ryuk-4ca52408-4322-4656-b64a-13f7bc5dbeec,testcontainers/ryuk:0.14.0,0.00,"8.73MiB / 7.737GiB"
1790743751,2026-09-30T13:49:11,Q7FenceWriteBenchmark,external-clickhouse,clickhouse/clickhouse-server:latest,3.51,"1.289GiB / 7.737GiB"
1790743751,2026-09-30T13:49:11,Q7FenceWriteBenchmark,external-kafka,apache/kafka:latest,0.76,"1.07GiB / 7.737GiB"
1790743758,2026-09-30T13:49:18,Q7FenceWriteBenchmark,focused_wu,postgres:16,99.61,"168.7MiB / 7.737GiB"
1790743758,2026-09-30T13:49:18,Q7FenceWriteBenchmark,testcontainers-ryuk-4ca52408-4322-4656-b64a-13f7bc5dbeec,testcontainers/ryuk:0.14.0,0.00,"8.73MiB / 7.737GiB"
1790743758,2026-09-30T13:49:18,Q7FenceWriteBenchmark,external-clickhouse,clickhouse/clickhouse-server:latest,15.29,"1.295GiB / 7.737GiB"
1790743758,2026-09-30T13:49:18,Q7FenceWriteBenchmark,external-kafka,apache/kafka:latest,92.47,"1.117GiB / 7.737GiB"
1790743765,2026-09-30T13:49:25,Q7FenceWriteBenchmark,focused_wu,postgres:16,172.83,"168.5MiB / 7.737GiB"
1790743765,2026-09-30T13:49:25,Q7FenceWriteBenchmark,testcontainers-ryuk-4ca52408-4322-4656-b64a-13f7bc5dbeec,testcontainers/ryuk:0.14.0,0.00,"8.73MiB / 7.737GiB"
1790743765,2026-09-30T13:49:25,Q7FenceWriteBenchmark,external-clickhouse,clickhouse/clickhouse-server:latest,12.77,"1.289GiB / 7.737GiB"
1790743765,2026-09-30T13:49:25,Q7FenceWriteBenchmark,external-kafka,apache/kafka:latest,0.68,"1.07GiB / 7.737GiB"
1790743772,2026-09-30T13:49:32,Q7FenceWriteBenchmark,focused_wu,postgres:16,194.55,"169.1MiB / 7.737GiB"
1790743772,2026-09-30T13:49:32,Q7FenceWriteBenchmark,testcontainers-ryuk-4ca52408-4322-4656-b64a-13f7bc5dbeec,testcontainers/ryuk:0.14.0,0.00,"8.73MiB / 7.737GiB"
1790743772,2026-09-30T13:49:32,Q7FenceWriteBenchmark,external-clickhouse,clickhouse/clickhouse-server:latest,3.60,"1.284GiB / 7.737GiB"
1790743772,2026-09-30T13:49:32,Q7FenceWriteBenchmark,external-kafka,apache/kafka:latest,0.69,"1.07GiB / 7.737GiB"
1790743780,2026-09-30T13:49:40,Q7FenceWriteBenchmark,focused_wu,postgres:16,155.63,"168.7MiB / 7.737GiB"
1790743780,2026-09-30T13:49:40,Q7FenceWriteBenchmark,testcontainers-ryuk-4ca52408-4322-4656-b64a-13f7bc5dbeec,testcontainers/ryuk:0.14.0,0.00,"8.73MiB / 7.737GiB"
1790743780,2026-09-30T13:49:40,Q7FenceWriteBenchmark,external-clickhouse,clickhouse/clickhouse-server:latest,2.12,"1.32GiB / 7.737GiB"
1790743780,2026-09-30T13:49:40,Q7FenceWriteBenchmark,external-kafka,apache/kafka:latest,0.76,"1.07GiB / 7.737GiB"
1790743787,2026-09-30T13:49:47,Q7FenceWriteBenchmark,focused_wu,postgres:16,116.60,"168.4MiB / 7.737GiB"
1790743787,2026-09-30T13:49:47,Q7FenceWriteBenchmark,testcontainers-ryuk-4ca52408-4322-4656-b64a-13f7bc5dbeec,testcontainers/ryuk:0.14.0,0.00,"8.73MiB / 7.737GiB"
1790743787,2026-09-30T13:49:47,Q7FenceWriteBenchmark,external-clickhouse,clickhouse/clickhouse-server:latest,4.38,"1.293GiB / 7.737GiB"
1790743787,2026-09-30T13:49:47,Q7FenceWriteBenchmark,external-kafka,apache/kafka:latest,0.74,"1.07GiB / 7.737GiB"
1790743794,2026-09-30T13:49:54,Q7FenceWriteBenchmark,focused_wu,postgres:16,154.56,"168.8MiB / 7.737GiB"
1790743794,2026-09-30T13:49:54,Q7FenceWriteBenchmark,testcontainers-ryuk-4ca52408-4322-4656-b64a-13f7bc5dbeec,testcontainers/ryuk:0.14.0,0.00,"8.73MiB / 7.737GiB"
1790743794,2026-09-30T13:49:54,Q7FenceWriteBenchmark,external-clickhouse,clickhouse/clickhouse-server:latest,2.17,"1.29GiB / 7.737GiB"
1790743794,2026-09-30T13:49:54,Q7FenceWriteBenchmark,external-kafka,apache/kafka:latest,119.09,"1.141GiB / 7.737GiB"
1790743801,2026-09-30T13:50:01,Q7FenceWriteBenchmark,focused_wu,postgres:16,161.39,"169MiB / 7.737GiB"
1790743801,2026-09-30T13:50:01,Q7FenceWriteBenchmark,testcontainers-ryuk-4ca52408-4322-4656-b64a-13f7bc5dbeec,testcontainers/ryuk:0.14.0,0.00,"8.73MiB / 7.737GiB"
1790743801,2026-09-30T13:50:01,Q7FenceWriteBenchmark,external-clickhouse,clickhouse/clickhouse-server:latest,1.96,"1.294GiB / 7.737GiB"
1790743801,2026-09-30T13:50:01,Q7FenceWriteBenchmark,external-kafka,apache/kafka:latest,0.74,"1.07GiB / 7.737GiB"
1790743808,2026-09-30T13:50:08,idle,testcontainers-ryuk-4ca52408-4322-4656-b64a-13f7bc5dbeec,testcontainers/ryuk:0.14.0,0.00,"8.727MiB / 7.737GiB"
1790743808,2026-09-30T13:50:08,idle,external-clickhouse,clickhouse/clickhouse-server:latest,6.11,"1.285GiB / 7.737GiB"
1790743808,2026-09-30T13:50:08,idle,external-kafka,apache/kafka:latest,1.91,"1.07GiB / 7.737GiB"
1790743816,2026-09-30T13:50:16,idle,external-clickhouse,clickhouse/clickhouse-server:latest,5.17,"1.32GiB / 7.737GiB"
1790743816,2026-09-30T13:50:16,idle,external-kafka,apache/kafka:latest,1.79,"1.07GiB / 7.737GiB"
1790743823,2026-09-30T13:50:23,idle,external-clickhouse,clickhouse/clickhouse-server:latest,4.00,"1.283GiB / 7.737GiB"
1790743823,2026-09-30T13:50:23,idle,external-kafka,apache/kafka:latest,2.12,"1.07GiB / 7.737GiB"
1790743830,2026-09-30T13:50:30,idle,external-clickhouse,clickhouse/clickhouse-server:latest,8.79,"1.295GiB / 7.737GiB"
1790743830,2026-09-30T13:50:30,idle,external-kafka,apache/kafka:latest,1.90,"1.07GiB / 7.737GiB"
1790743837,2026-09-30T13:50:37,Q7ForShareRejectDiagnostics.delaySensitivity,elegant_jepsen,postgres:16,6.10,"30.78MiB / 7.737GiB"
1790743837,2026-09-30T13:50:37,Q7ForShareRejectDiagnostics.delaySensitivity,testcontainers-ryuk-27a03c6d-288c-472e-a9fc-30deeeb8dfa4,testcontainers/ryuk:0.14.0,0.00,"8.941MiB / 7.737GiB"
1790743837,2026-09-30T13:50:37,Q7ForShareRejectDiagnostics.delaySensitivity,external-clickhouse,clickhouse/clickhouse-server:latest,5.78,"1.29GiB / 7.737GiB"
1790743837,2026-09-30T13:50:37,Q7ForShareRejectDiagnostics.delaySensitivity,external-kafka,apache/kafka:latest,0.67,"1.07GiB / 7.737GiB"
1790743844,2026-09-30T13:50:44,Q7ForShareRejectDiagnostics.delaySensitivity,elegant_jepsen,postgres:16,17.45,"31.86MiB / 7.737GiB"
1790743844,2026-09-30T13:50:44,Q7ForShareRejectDiagnostics.delaySensitivity,testcontainers-ryuk-27a03c6d-288c-472e-a9fc-30deeeb8dfa4,testcontainers/ryuk:0.14.0,0.00,"8.941MiB / 7.737GiB"
1790743844,2026-09-30T13:50:44,Q7ForShareRejectDiagnostics.delaySensitivity,external-clickhouse,clickhouse/clickhouse-server:latest,2.17,"1.282GiB / 7.737GiB"
1790743844,2026-09-30T13:50:44,Q7ForShareRejectDiagnostics.delaySensitivity,external-kafka,apache/kafka:latest,1.34,"1.07GiB / 7.737GiB"
1790743851,2026-09-30T13:50:52,Q7ForShareRejectDiagnostics.delaySensitivity,elegant_jepsen,postgres:16,18.55,"33.45MiB / 7.737GiB"
1790743851,2026-09-30T13:50:52,Q7ForShareRejectDiagnostics.delaySensitivity,testcontainers-ryuk-27a03c6d-288c-472e-a9fc-30deeeb8dfa4,testcontainers/ryuk:0.14.0,0.00,"8.941MiB / 7.737GiB"
1790743851,2026-09-30T13:50:52,Q7ForShareRejectDiagnostics.delaySensitivity,external-clickhouse,clickhouse/clickhouse-server:latest,2.82,"1.334GiB / 7.737GiB"
1790743851,2026-09-30T13:50:52,Q7ForShareRejectDiagnostics.delaySensitivity,external-kafka,apache/kafka:latest,97.41,"1.07GiB / 7.737GiB"
1790743859,2026-09-30T13:50:59,Q7ForShareRejectDiagnostics.delaySensitivity,elegant_jepsen,postgres:16,17.09,"34.37MiB / 7.737GiB"
1790743859,2026-09-30T13:50:59,Q7ForShareRejectDiagnostics.delaySensitivity,testcontainers-ryuk-27a03c6d-288c-472e-a9fc-30deeeb8dfa4,testcontainers/ryuk:0.14.0,0.00,"8.941MiB / 7.737GiB"
1790743859,2026-09-30T13:50:59,Q7ForShareRejectDiagnostics.delaySensitivity,external-clickhouse,clickhouse/clickhouse-server:latest,6.34,"1.304GiB / 7.737GiB"
1790743859,2026-09-30T13:50:59,Q7ForShareRejectDiagnostics.delaySensitivity,external-kafka,apache/kafka:latest,1.29,"1.07GiB / 7.737GiB"
1790743866,2026-09-30T13:51:06,Q7ForShareRejectDiagnostics.delaySensitivity,elegant_jepsen,postgres:16,10.60,"35.18MiB / 7.737GiB"
1790743866,2026-09-30T13:51:06,Q7ForShareRejectDiagnostics.delaySensitivity,testcontainers-ryuk-27a03c6d-288c-472e-a9fc-30deeeb8dfa4,testcontainers/ryuk:0.14.0,0.00,"8.945MiB / 7.737GiB"
1790743866,2026-09-30T13:51:06,Q7ForShareRejectDiagnostics.delaySensitivity,external-clickhouse,clickhouse/clickhouse-server:latest,6.89,"1.29GiB / 7.737GiB"
1790743866,2026-09-30T13:51:06,Q7ForShareRejectDiagnostics.delaySensitivity,external-kafka,apache/kafka:latest,1.18,"1.07GiB / 7.737GiB"
1790743874,2026-09-30T13:51:14,Q7ForShareRejectDiagnostics.delaySensitivity,elegant_jepsen,postgres:16,17.52,"36.39MiB / 7.737GiB"
1790743874,2026-09-30T13:51:14,Q7ForShareRejectDiagnostics.delaySensitivity,testcontainers-ryuk-27a03c6d-288c-472e-a9fc-30deeeb8dfa4,testcontainers/ryuk:0.14.0,0.00,"8.945MiB / 7.737GiB"
1790743874,2026-09-30T13:51:14,Q7ForShareRejectDiagnostics.delaySensitivity,external-clickhouse,clickhouse/clickhouse-server:latest,3.15,"1.293GiB / 7.737GiB"
1790743874,2026-09-30T13:51:14,Q7ForShareRejectDiagnostics.delaySensitivity,external-kafka,apache/kafka:latest,156.87,"1.151GiB / 7.737GiB"
1790743881,2026-09-30T13:51:21,Q7ForShareRejectDiagnostics.delaySensitivity,elegant_jepsen,postgres:16,11.50,"37.25MiB / 7.737GiB"
1790743881,2026-09-30T13:51:21,Q7ForShareRejectDiagnostics.delaySensitivity,testcontainers-ryuk-27a03c6d-288c-472e-a9fc-30deeeb8dfa4,testcontainers/ryuk:0.14.0,0.00,"8.945MiB / 7.737GiB"
1790743881,2026-09-30T13:51:21,Q7ForShareRejectDiagnostics.delaySensitivity,external-clickhouse,clickhouse/clickhouse-server:latest,3.96,"1.286GiB / 7.737GiB"
1790743881,2026-09-30T13:51:21,Q7ForShareRejectDiagnostics.delaySensitivity,external-kafka,apache/kafka:latest,1.17,"1.07GiB / 7.737GiB"
1790743888,2026-09-30T13:51:28,Q7ForShareRejectDiagnostics.delaySensitivity,elegant_jepsen,postgres:16,15.58,"39.82MiB / 7.737GiB"
1790743888,2026-09-30T13:51:28,Q7ForShareRejectDiagnostics.delaySensitivity,testcontainers-ryuk-27a03c6d-288c-472e-a9fc-30deeeb8dfa4,testcontainers/ryuk:0.14.0,0.00,"8.945MiB / 7.737GiB"
1790743888,2026-09-30T13:51:28,Q7ForShareRejectDiagnostics.delaySensitivity,external-clickhouse,clickhouse/clickhouse-server:latest,7.14,"1.354GiB / 7.737GiB"
1790743888,2026-09-30T13:51:28,Q7ForShareRejectDiagnostics.delaySensitivity,external-kafka,apache/kafka:latest,1.85,"1.07GiB / 7.737GiB"
1790743895,2026-09-30T13:51:35,Q7ForShareRejectDiagnostics.delaySensitivity,elegant_jepsen,postgres:16,17.10,"40.61MiB / 7.737GiB"
1790743895,2026-09-30T13:51:35,Q7ForShareRejectDiagnostics.delaySensitivity,testcontainers-ryuk-27a03c6d-288c-472e-a9fc-30deeeb8dfa4,testcontainers/ryuk:0.14.0,0.00,"8.945MiB / 7.737GiB"
1790743895,2026-09-30T13:51:35,Q7ForShareRejectDiagnostics.delaySensitivity,external-clickhouse,clickhouse/clickhouse-server:latest,8.96,"1.308GiB / 7.737GiB"
1790743895,2026-09-30T13:51:35,Q7ForShareRejectDiagnostics.delaySensitivity,external-kafka,apache/kafka:latest,138.05,"1.151GiB / 7.737GiB"
1790743903,2026-09-30T13:51:43,Q7ForShareRejectDiagnostics.delaySensitivity,elegant_jepsen,postgres:16,15.66,"41.88MiB / 7.737GiB"
1790743903,2026-09-30T13:51:43,Q7ForShareRejectDiagnostics.delaySensitivity,testcontainers-ryuk-27a03c6d-288c-472e-a9fc-30deeeb8dfa4,testcontainers/ryuk:0.14.0,0.00,"8.945MiB / 7.737GiB"
1790743903,2026-09-30T13:51:43,Q7ForShareRejectDiagnostics.delaySensitivity,external-clickhouse,clickhouse/clickhouse-server:latest,15.58,"1.268GiB / 7.737GiB"
1790743903,2026-09-30T13:51:43,Q7ForShareRejectDiagnostics.delaySensitivity,external-kafka,apache/kafka:latest,1.08,"1.07GiB / 7.737GiB"
1790743910,2026-09-30T13:51:50,Q7ForShareRejectDiagnostics.delaySensitivity,elegant_jepsen,postgres:16,11.15,"43.3MiB / 7.737GiB"
1790743910,2026-09-30T13:51:50,Q7ForShareRejectDiagnostics.delaySensitivity,testcontainers-ryuk-27a03c6d-288c-472e-a9fc-30deeeb8dfa4,testcontainers/ryuk:0.14.0,0.00,"8.945MiB / 7.737GiB"
1790743910,2026-09-30T13:51:50,Q7ForShareRejectDiagnostics.delaySensitivity,external-clickhouse,clickhouse/clickhouse-server:latest,9.83,"1.268GiB / 7.737GiB"
1790743910,2026-09-30T13:51:50,Q7ForShareRejectDiagnostics.delaySensitivity,external-kafka,apache/kafka:latest,1.33,"1.07GiB / 7.737GiB"
1790743917,2026-09-30T13:51:57,Q7ForShareRejectDiagnostics.delaySensitivity,elegant_jepsen,postgres:16,13.65,"44.61MiB / 7.737GiB"
1790743917,2026-09-30T13:51:57,Q7ForShareRejectDiagnostics.delaySensitivity,testcontainers-ryuk-27a03c6d-288c-472e-a9fc-30deeeb8dfa4,testcontainers/ryuk:0.14.0,0.00,"8.945MiB / 7.737GiB"
1790743917,2026-09-30T13:51:57,Q7ForShareRejectDiagnostics.delaySensitivity,external-clickhouse,clickhouse/clickhouse-server:latest,9.20,"1.271GiB / 7.737GiB"
1790743917,2026-09-30T13:51:57,Q7ForShareRejectDiagnostics.delaySensitivity,external-kafka,apache/kafka:latest,64.70,"1.116GiB / 7.737GiB"
1790743924,2026-09-30T13:52:04,Q7ForShareRejectDiagnostics.delaySensitivity,elegant_jepsen,postgres:16,44.00,"45.46MiB / 7.737GiB"
1790743924,2026-09-30T13:52:04,Q7ForShareRejectDiagnostics.delaySensitivity,testcontainers-ryuk-27a03c6d-288c-472e-a9fc-30deeeb8dfa4,testcontainers/ryuk:0.14.0,0.03,"8.945MiB / 7.737GiB"
1790743924,2026-09-30T13:52:04,Q7ForShareRejectDiagnostics.delaySensitivity,external-clickhouse,clickhouse/clickhouse-server:latest,12.73,"1.274GiB / 7.737GiB"
1790743924,2026-09-30T13:52:04,Q7ForShareRejectDiagnostics.delaySensitivity,external-kafka,apache/kafka:latest,0.92,"1.07GiB / 7.737GiB"
1790743932,2026-09-30T13:52:12,Q7ForShareRejectDiagnostics.delaySensitivity,elegant_jepsen,postgres:16,13.06,"46.68MiB / 7.737GiB"
1790743932,2026-09-30T13:52:12,Q7ForShareRejectDiagnostics.delaySensitivity,testcontainers-ryuk-27a03c6d-288c-472e-a9fc-30deeeb8dfa4,testcontainers/ryuk:0.14.0,0.00,"8.945MiB / 7.737GiB"
1790743932,2026-09-30T13:52:12,Q7ForShareRejectDiagnostics.delaySensitivity,external-clickhouse,clickhouse/clickhouse-server:latest,3.24,"1.299GiB / 7.737GiB"
1790743932,2026-09-30T13:52:12,Q7ForShareRejectDiagnostics.delaySensitivity,external-kafka,apache/kafka:latest,0.58,"1.07GiB / 7.737GiB"
1790743939,2026-09-30T13:52:19,Q7ForShareRejectDiagnostics.delaySensitivity,elegant_jepsen,postgres:16,13.51,"47.25MiB / 7.737GiB"
1790743939,2026-09-30T13:52:19,Q7ForShareRejectDiagnostics.delaySensitivity,testcontainers-ryuk-27a03c6d-288c-472e-a9fc-30deeeb8dfa4,testcontainers/ryuk:0.14.0,0.00,"8.945MiB / 7.737GiB"
1790743939,2026-09-30T13:52:19,Q7ForShareRejectDiagnostics.delaySensitivity,external-clickhouse,clickhouse/clickhouse-server:latest,3.81,"1.279GiB / 7.737GiB"
1790743939,2026-09-30T13:52:19,Q7ForShareRejectDiagnostics.delaySensitivity,external-kafka,apache/kafka:latest,1.79,"1.07GiB / 7.737GiB"
1790743946,2026-09-30T13:52:26,Q7ForShareRejectDiagnostics.delaySensitivity,elegant_jepsen,postgres:16,10.27,"48.42MiB / 7.737GiB"
1790743946,2026-09-30T13:52:26,Q7ForShareRejectDiagnostics.delaySensitivity,testcontainers-ryuk-27a03c6d-288c-472e-a9fc-30deeeb8dfa4,testcontainers/ryuk:0.14.0,0.00,"8.945MiB / 7.737GiB"
1790743946,2026-09-30T13:52:26,Q7ForShareRejectDiagnostics.delaySensitivity,external-clickhouse,clickhouse/clickhouse-server:latest,4.78,"1.274GiB / 7.737GiB"
1790743946,2026-09-30T13:52:26,Q7ForShareRejectDiagnostics.delaySensitivity,external-kafka,apache/kafka:latest,1.40,"1.07GiB / 7.737GiB"
1790743954,2026-09-30T13:52:34,Q7ForShareRejectDiagnostics.delaySensitivity,elegant_jepsen,postgres:16,16.88,"48.9MiB / 7.737GiB"
1790743954,2026-09-30T13:52:34,Q7ForShareRejectDiagnostics.delaySensitivity,testcontainers-ryuk-27a03c6d-288c-472e-a9fc-30deeeb8dfa4,testcontainers/ryuk:0.14.0,0.00,"8.945MiB / 7.737GiB"
1790743954,2026-09-30T13:52:34,Q7ForShareRejectDiagnostics.delaySensitivity,external-clickhouse,clickhouse/clickhouse-server:latest,3.25,"1.273GiB / 7.737GiB"
1790743954,2026-09-30T13:52:34,Q7ForShareRejectDiagnostics.delaySensitivity,external-kafka,apache/kafka:latest,1.57,"1.07GiB / 7.737GiB"
1790743961,2026-09-30T13:52:41,Q7ForShareRejectDiagnostics.delaySensitivity,elegant_jepsen,postgres:16,17.20,"49.62MiB / 7.737GiB"
1790743961,2026-09-30T13:52:41,Q7ForShareRejectDiagnostics.delaySensitivity,testcontainers-ryuk-27a03c6d-288c-472e-a9fc-30deeeb8dfa4,testcontainers/ryuk:0.14.0,0.00,"8.945MiB / 7.737GiB"
1790743961,2026-09-30T13:52:41,Q7ForShareRejectDiagnostics.delaySensitivity,external-clickhouse,clickhouse/clickhouse-server:latest,2.93,"1.265GiB / 7.737GiB"
1790743961,2026-09-30T13:52:41,Q7ForShareRejectDiagnostics.delaySensitivity,external-kafka,apache/kafka:latest,1.25,"1.07GiB / 7.737GiB"
1790743968,2026-09-30T13:52:48,Q7ForShareRejectDiagnostics.delaySensitivity,elegant_jepsen,postgres:16,18.39,"50.65MiB / 7.737GiB"
1790743968,2026-09-30T13:52:48,Q7ForShareRejectDiagnostics.delaySensitivity,testcontainers-ryuk-27a03c6d-288c-472e-a9fc-30deeeb8dfa4,testcontainers/ryuk:0.14.0,0.00,"8.945MiB / 7.737GiB"
1790743968,2026-09-30T13:52:48,Q7ForShareRejectDiagnostics.delaySensitivity,external-clickhouse,clickhouse/clickhouse-server:latest,3.25,"1.276GiB / 7.737GiB"
1790743968,2026-09-30T13:52:48,Q7ForShareRejectDiagnostics.delaySensitivity,external-kafka,apache/kafka:latest,3.35,"1.07GiB / 7.737GiB"
1790743976,2026-09-30T13:52:56,Q7ForShareRejectDiagnostics.delaySensitivity,elegant_jepsen,postgres:16,19.06,"51.5MiB / 7.737GiB"
1790743976,2026-09-30T13:52:56,Q7ForShareRejectDiagnostics.delaySensitivity,testcontainers-ryuk-27a03c6d-288c-472e-a9fc-30deeeb8dfa4,testcontainers/ryuk:0.14.0,0.00,"8.945MiB / 7.737GiB"
1790743976,2026-09-30T13:52:56,Q7ForShareRejectDiagnostics.delaySensitivity,external-clickhouse,clickhouse/clickhouse-server:latest,2.74,"1.278GiB / 7.737GiB"
1790743976,2026-09-30T13:52:56,Q7ForShareRejectDiagnostics.delaySensitivity,external-kafka,apache/kafka:latest,0.77,"1.07GiB / 7.737GiB"
1790743983,2026-09-30T13:53:03,Q7ForShareRejectDiagnostics.delaySensitivity,elegant_jepsen,postgres:16,21.50,"53.14MiB / 7.737GiB"
1790743983,2026-09-30T13:53:03,Q7ForShareRejectDiagnostics.delaySensitivity,testcontainers-ryuk-27a03c6d-288c-472e-a9fc-30deeeb8dfa4,testcontainers/ryuk:0.14.0,0.00,"8.945MiB / 7.737GiB"
1790743983,2026-09-30T13:53:03,Q7ForShareRejectDiagnostics.delaySensitivity,external-clickhouse,clickhouse/clickhouse-server:latest,2.58,"1.279GiB / 7.737GiB"
1790743983,2026-09-30T13:53:03,Q7ForShareRejectDiagnostics.delaySensitivity,external-kafka,apache/kafka:latest,0.70,"1.07GiB / 7.737GiB"
1790743990,2026-09-30T13:53:10,Q7ForShareRejectDiagnostics.delaySensitivity,elegant_jepsen,postgres:16,22.62,"54.47MiB / 7.737GiB"
1790743990,2026-09-30T13:53:10,Q7ForShareRejectDiagnostics.delaySensitivity,testcontainers-ryuk-27a03c6d-288c-472e-a9fc-30deeeb8dfa4,testcontainers/ryuk:0.14.0,0.00,"8.945MiB / 7.737GiB"
1790743990,2026-09-30T13:53:10,Q7ForShareRejectDiagnostics.delaySensitivity,external-clickhouse,clickhouse/clickhouse-server:latest,3.01,"1.279GiB / 7.737GiB"
1790743990,2026-09-30T13:53:10,Q7ForShareRejectDiagnostics.delaySensitivity,external-kafka,apache/kafka:latest,0.86,"1.07GiB / 7.737GiB"
1790743997,2026-09-30T13:53:17,Q7ForShareRejectDiagnostics.delaySensitivity,elegant_jepsen,postgres:16,9.37,"55.58MiB / 7.737GiB"
1790743997,2026-09-30T13:53:17,Q7ForShareRejectDiagnostics.delaySensitivity,testcontainers-ryuk-27a03c6d-288c-472e-a9fc-30deeeb8dfa4,testcontainers/ryuk:0.14.0,0.00,"8.945MiB / 7.737GiB"
1790743997,2026-09-30T13:53:17,Q7ForShareRejectDiagnostics.delaySensitivity,external-clickhouse,clickhouse/clickhouse-server:latest,3.57,"1.273GiB / 7.737GiB"
1790743997,2026-09-30T13:53:17,Q7ForShareRejectDiagnostics.delaySensitivity,external-kafka,apache/kafka:latest,19.15,"1.072GiB / 7.737GiB"
1790744004,2026-09-30T13:53:24,Q7ForShareRejectDiagnostics.delaySensitivity,testcontainers-ryuk-27a03c6d-288c-472e-a9fc-30deeeb8dfa4,testcontainers/ryuk:0.14.0,0.00,"8.941MiB / 7.737GiB"
1790744004,2026-09-30T13:53:24,Q7ForShareRejectDiagnostics.delaySensitivity,external-clickhouse,clickhouse/clickhouse-server:latest,7.29,"1.297GiB / 7.737GiB"
1790744004,2026-09-30T13:53:24,Q7ForShareRejectDiagnostics.delaySensitivity,external-kafka,apache/kafka:latest,1.84,"1.07GiB / 7.737GiB"
1790744012,2026-09-30T13:53:32,Q7AcceptLatencyBenchmark.sideBySide*,crazy_lumiere,apache/kafka:4.3.1,75.16,"307.6MiB / 7.737GiB"
1790744012,2026-09-30T13:53:32,Q7AcceptLatencyBenchmark.sideBySide*,testcontainers-ryuk-8cab5cbe-7569-490e-b279-54d8e91add01,testcontainers/ryuk:0.14.0,0.00,"8.664MiB / 7.737GiB"
1790744012,2026-09-30T13:53:32,Q7AcceptLatencyBenchmark.sideBySide*,testcontainers-ryuk-27a03c6d-288c-472e-a9fc-30deeeb8dfa4,testcontainers/ryuk:0.14.0,0.00,"8.941MiB / 7.737GiB"
1790744012,2026-09-30T13:53:32,Q7AcceptLatencyBenchmark.sideBySide*,external-clickhouse,clickhouse/clickhouse-server:latest,2.72,"1.291GiB / 7.737GiB"
1790744012,2026-09-30T13:53:32,Q7AcceptLatencyBenchmark.sideBySide*,external-kafka,apache/kafka:latest,0.94,"1.07GiB / 7.737GiB"
1790744012,2026-09-30T13:53:32,Q7AcceptLatencyBenchmark.sideBySide*,jolly_noether,postgres:16,6.27,"29.68MiB / 7.737GiB"
1790744019,2026-09-30T13:53:39,Q7AcceptLatencyBenchmark.sideBySide*,jolly_noether,postgres:16,16.48,"30.43MiB / 7.737GiB"
1790744019,2026-09-30T13:53:39,Q7AcceptLatencyBenchmark.sideBySide*,crazy_lumiere,apache/kafka:4.3.1,67.52,"334.9MiB / 7.737GiB"
1790744019,2026-09-30T13:53:39,Q7AcceptLatencyBenchmark.sideBySide*,testcontainers-ryuk-8cab5cbe-7569-490e-b279-54d8e91add01,testcontainers/ryuk:0.14.0,0.00,"8.664MiB / 7.737GiB"
1790744019,2026-09-30T13:53:39,Q7AcceptLatencyBenchmark.sideBySide*,external-clickhouse,clickhouse/clickhouse-server:latest,3.79,"1.282GiB / 7.737GiB"
1790744019,2026-09-30T13:53:39,Q7AcceptLatencyBenchmark.sideBySide*,external-kafka,apache/kafka:latest,1.66,"1.07GiB / 7.737GiB"
1790744026,2026-09-30T13:53:46,Q7AcceptLatencyBenchmark.sideBySide*,jolly_noether,postgres:16,8.25,"31.85MiB / 7.737GiB"
1790744026,2026-09-30T13:53:46,Q7AcceptLatencyBenchmark.sideBySide*,crazy_lumiere,apache/kafka:4.3.1,156.91,"389.1MiB / 7.737GiB"
1790744026,2026-09-30T13:53:46,Q7AcceptLatencyBenchmark.sideBySide*,testcontainers-ryuk-8cab5cbe-7569-490e-b279-54d8e91add01,testcontainers/ryuk:0.14.0,0.00,"8.664MiB / 7.737GiB"
1790744026,2026-09-30T13:53:46,Q7AcceptLatencyBenchmark.sideBySide*,external-clickhouse,clickhouse/clickhouse-server:latest,4.71,"1.274GiB / 7.737GiB"
1790744026,2026-09-30T13:53:46,Q7AcceptLatencyBenchmark.sideBySide*,external-kafka,apache/kafka:latest,1.22,"1.07GiB / 7.737GiB"
1790744033,2026-09-30T13:53:53,Q7AcceptLatencyBenchmark.sideBySide*,jolly_noether,postgres:16,0.03,"31.87MiB / 7.737GiB"
1790744033,2026-09-30T13:53:53,Q7AcceptLatencyBenchmark.sideBySide*,crazy_lumiere,apache/kafka:4.3.1,46.01,"451.1MiB / 7.737GiB"
1790744033,2026-09-30T13:53:53,Q7AcceptLatencyBenchmark.sideBySide*,testcontainers-ryuk-8cab5cbe-7569-490e-b279-54d8e91add01,testcontainers/ryuk:0.14.0,0.00,"8.664MiB / 7.737GiB"
1790744033,2026-09-30T13:53:53,Q7AcceptLatencyBenchmark.sideBySide*,external-clickhouse,clickhouse/clickhouse-server:latest,3.73,"1.283GiB / 7.737GiB"
1790744033,2026-09-30T13:53:53,Q7AcceptLatencyBenchmark.sideBySide*,external-kafka,apache/kafka:latest,181.17,"1.146GiB / 7.737GiB"
1790744041,2026-09-30T13:54:01,Q7AcceptLatencyBenchmark.sideBySide*,jolly_noether,postgres:16,1.93,"31.88MiB / 7.737GiB"
1790744041,2026-09-30T13:54:01,Q7AcceptLatencyBenchmark.sideBySide*,crazy_lumiere,apache/kafka:4.3.1,12.87,"509.1MiB / 7.737GiB"
1790744041,2026-09-30T13:54:01,Q7AcceptLatencyBenchmark.sideBySide*,testcontainers-ryuk-8cab5cbe-7569-490e-b279-54d8e91add01,testcontainers/ryuk:0.14.0,0.00,"8.664MiB / 7.737GiB"
1790744041,2026-09-30T13:54:01,Q7AcceptLatencyBenchmark.sideBySide*,external-clickhouse,clickhouse/clickhouse-server:latest,4.20,"1.357GiB / 7.737GiB"
1790744041,2026-09-30T13:54:01,Q7AcceptLatencyBenchmark.sideBySide*,external-kafka,apache/kafka:latest,1.23,"1.07GiB / 7.737GiB"
1790744048,2026-09-30T13:54:08,Q7AcceptLatencyBenchmark.sideBySide*,jolly_noether,postgres:16,17.03,"32.43MiB / 7.737GiB"
1790744048,2026-09-30T13:54:08,Q7AcceptLatencyBenchmark.sideBySide*,crazy_lumiere,apache/kafka:4.3.1,28.23,"633.3MiB / 7.737GiB"
1790744048,2026-09-30T13:54:08,Q7AcceptLatencyBenchmark.sideBySide*,testcontainers-ryuk-8cab5cbe-7569-490e-b279-54d8e91add01,testcontainers/ryuk:0.14.0,0.00,"8.664MiB / 7.737GiB"
1790744048,2026-09-30T13:54:08,Q7AcceptLatencyBenchmark.sideBySide*,external-clickhouse,clickhouse/clickhouse-server:latest,6.47,"1.31GiB / 7.737GiB"
1790744048,2026-09-30T13:54:08,Q7AcceptLatencyBenchmark.sideBySide*,external-kafka,apache/kafka:latest,1.39,"1.07GiB / 7.737GiB"
1790744055,2026-09-30T13:54:15,Q7AcceptLatencyBenchmark.sideBySide*,jolly_noether,postgres:16,2.32,"32.46MiB / 7.737GiB"
1790744055,2026-09-30T13:54:15,Q7AcceptLatencyBenchmark.sideBySide*,crazy_lumiere,apache/kafka:4.3.1,13.43,"740.8MiB / 7.737GiB"
1790744055,2026-09-30T13:54:15,Q7AcceptLatencyBenchmark.sideBySide*,testcontainers-ryuk-8cab5cbe-7569-490e-b279-54d8e91add01,testcontainers/ryuk:0.14.0,0.00,"8.664MiB / 7.737GiB"
1790744055,2026-09-30T13:54:15,Q7AcceptLatencyBenchmark.sideBySide*,external-clickhouse,clickhouse/clickhouse-server:latest,6.45,"1.29GiB / 7.737GiB"
1790744055,2026-09-30T13:54:15,Q7AcceptLatencyBenchmark.sideBySide*,external-kafka,apache/kafka:latest,0.77,"1.07GiB / 7.737GiB"
1790744063,2026-09-30T13:54:23,Q7AcceptLatencyBenchmark.sideBySide*,jolly_noether,postgres:16,10.39,"33.41MiB / 7.737GiB"
1790744063,2026-09-30T13:54:23,Q7AcceptLatencyBenchmark.sideBySide*,crazy_lumiere,apache/kafka:4.3.1,25.17,"785MiB / 7.737GiB"
1790744063,2026-09-30T13:54:23,Q7AcceptLatencyBenchmark.sideBySide*,testcontainers-ryuk-8cab5cbe-7569-490e-b279-54d8e91add01,testcontainers/ryuk:0.14.0,0.00,"8.664MiB / 7.737GiB"
1790744063,2026-09-30T13:54:23,Q7AcceptLatencyBenchmark.sideBySide*,external-clickhouse,clickhouse/clickhouse-server:latest,4.33,"1.295GiB / 7.737GiB"
1790744063,2026-09-30T13:54:23,Q7AcceptLatencyBenchmark.sideBySide*,external-kafka,apache/kafka:latest,1.06,"1.07GiB / 7.737GiB"
1790744070,2026-09-30T13:54:30,Q7AcceptLatencyBenchmark.sideBySide*,jolly_noether,postgres:16,0.05,"34.45MiB / 7.737GiB"
1790744070,2026-09-30T13:54:30,Q7AcceptLatencyBenchmark.sideBySide*,crazy_lumiere,apache/kafka:4.3.1,40.75,"777.8MiB / 7.737GiB"
1790744070,2026-09-30T13:54:30,Q7AcceptLatencyBenchmark.sideBySide*,testcontainers-ryuk-8cab5cbe-7569-490e-b279-54d8e91add01,testcontainers/ryuk:0.14.0,0.00,"8.664MiB / 7.737GiB"
1790744070,2026-09-30T13:54:30,Q7AcceptLatencyBenchmark.sideBySide*,external-clickhouse,clickhouse/clickhouse-server:latest,4.80,"1.287GiB / 7.737GiB"
1790744070,2026-09-30T13:54:30,Q7AcceptLatencyBenchmark.sideBySide*,external-kafka,apache/kafka:latest,2.91,"1.07GiB / 7.737GiB"
1790744078,2026-09-30T13:54:38,Q7AcceptLatencyBenchmark.sideBySide*,jolly_noether,postgres:16,0.04,"34.45MiB / 7.737GiB"
1790744078,2026-09-30T13:54:38,Q7AcceptLatencyBenchmark.sideBySide*,crazy_lumiere,apache/kafka:4.3.1,28.07,"779.2MiB / 7.737GiB"
1790744078,2026-09-30T13:54:38,Q7AcceptLatencyBenchmark.sideBySide*,testcontainers-ryuk-8cab5cbe-7569-490e-b279-54d8e91add01,testcontainers/ryuk:0.14.0,0.00,"8.664MiB / 7.737GiB"
1790744078,2026-09-30T13:54:38,Q7AcceptLatencyBenchmark.sideBySide*,external-clickhouse,clickhouse/clickhouse-server:latest,7.91,"1.356GiB / 7.737GiB"
1790744078,2026-09-30T13:54:38,Q7AcceptLatencyBenchmark.sideBySide*,external-kafka,apache/kafka:latest,2.91,"1.07GiB / 7.737GiB"
1790744085,2026-09-30T13:54:45,Q7AcceptLatencyBenchmark.sideBySide*,jolly_noether,postgres:16,0.02,"35.01MiB / 7.737GiB"
1790744085,2026-09-30T13:54:45,Q7AcceptLatencyBenchmark.sideBySide*,crazy_lumiere,apache/kafka:4.3.1,3.45,"792.2MiB / 7.737GiB"
1790744085,2026-09-30T13:54:45,Q7AcceptLatencyBenchmark.sideBySide*,testcontainers-ryuk-8cab5cbe-7569-490e-b279-54d8e91add01,testcontainers/ryuk:0.14.0,0.00,"8.664MiB / 7.737GiB"
1790744085,2026-09-30T13:54:45,Q7AcceptLatencyBenchmark.sideBySide*,external-clickhouse,clickhouse/clickhouse-server:latest,8.82,"1.301GiB / 7.737GiB"
1790744085,2026-09-30T13:54:45,Q7AcceptLatencyBenchmark.sideBySide*,external-kafka,apache/kafka:latest,1.58,"1.07GiB / 7.737GiB"
1790744092,2026-09-30T13:54:52,Q7AcceptLatencyBenchmark.sideBySide*,jolly_noether,postgres:16,0.01,"35.01MiB / 7.737GiB"
1790744092,2026-09-30T13:54:52,Q7AcceptLatencyBenchmark.sideBySide*,crazy_lumiere,apache/kafka:4.3.1,20.62,"779.7MiB / 7.737GiB"
1790744092,2026-09-30T13:54:52,Q7AcceptLatencyBenchmark.sideBySide*,testcontainers-ryuk-8cab5cbe-7569-490e-b279-54d8e91add01,testcontainers/ryuk:0.14.0,0.00,"8.664MiB / 7.737GiB"
1790744092,2026-09-30T13:54:52,Q7AcceptLatencyBenchmark.sideBySide*,external-clickhouse,clickhouse/clickhouse-server:latest,5.69,"1.29GiB / 7.737GiB"
1790744092,2026-09-30T13:54:52,Q7AcceptLatencyBenchmark.sideBySide*,external-kafka,apache/kafka:latest,0.88,"1.07GiB / 7.737GiB"
1790744100,2026-09-30T13:55:00,Q7AcceptLatencyBenchmark.sideBySide*,jolly_noether,postgres:16,0.03,"35.01MiB / 7.737GiB"
1790744100,2026-09-30T13:55:00,Q7AcceptLatencyBenchmark.sideBySide*,crazy_lumiere,apache/kafka:4.3.1,2.23,"777.4MiB / 7.737GiB"
1790744100,2026-09-30T13:55:00,Q7AcceptLatencyBenchmark.sideBySide*,testcontainers-ryuk-8cab5cbe-7569-490e-b279-54d8e91add01,testcontainers/ryuk:0.14.0,0.00,"8.664MiB / 7.737GiB"
1790744100,2026-09-30T13:55:00,Q7AcceptLatencyBenchmark.sideBySide*,external-clickhouse,clickhouse/clickhouse-server:latest,12.59,"1.296GiB / 7.737GiB"
1790744100,2026-09-30T13:55:00,Q7AcceptLatencyBenchmark.sideBySide*,external-kafka,apache/kafka:latest,1.22,"1.07GiB / 7.737GiB"
1790744107,2026-09-30T13:55:07,Q7AcceptLatencyBenchmark.sideBySide*,jolly_noether,postgres:16,9.43,"35.04MiB / 7.737GiB"
1790744107,2026-09-30T13:55:07,Q7AcceptLatencyBenchmark.sideBySide*,crazy_lumiere,apache/kafka:4.3.1,18.84,"778.2MiB / 7.737GiB"
1790744107,2026-09-30T13:55:07,Q7AcceptLatencyBenchmark.sideBySide*,testcontainers-ryuk-8cab5cbe-7569-490e-b279-54d8e91add01,testcontainers/ryuk:0.14.0,0.00,"8.664MiB / 7.737GiB"
1790744107,2026-09-30T13:55:07,Q7AcceptLatencyBenchmark.sideBySide*,external-clickhouse,clickhouse/clickhouse-server:latest,9.53,"1.282GiB / 7.737GiB"
1790744107,2026-09-30T13:55:07,Q7AcceptLatencyBenchmark.sideBySide*,external-kafka,apache/kafka:latest,1.02,"1.07GiB / 7.737GiB"
1790744114,2026-09-30T13:55:14,Q7AcceptLatencyBenchmark.sideBySide*,jolly_noether,postgres:16,12.92,"35.57MiB / 7.737GiB"
1790744114,2026-09-30T13:55:14,Q7AcceptLatencyBenchmark.sideBySide*,crazy_lumiere,apache/kafka:4.3.1,11.59,"780.7MiB / 7.737GiB"
1790744114,2026-09-30T13:55:14,Q7AcceptLatencyBenchmark.sideBySide*,testcontainers-ryuk-8cab5cbe-7569-490e-b279-54d8e91add01,testcontainers/ryuk:0.14.0,0.00,"8.664MiB / 7.737GiB"
1790744114,2026-09-30T13:55:14,Q7AcceptLatencyBenchmark.sideBySide*,external-clickhouse,clickhouse/clickhouse-server:latest,4.56,"1.28GiB / 7.737GiB"
1790744114,2026-09-30T13:55:14,Q7AcceptLatencyBenchmark.sideBySide*,external-kafka,apache/kafka:latest,0.91,"1.07GiB / 7.737GiB"
1790744121,2026-09-30T13:55:21,Q7AcceptLatencyBenchmark.sideBySide*,jolly_noether,postgres:16,10.19,"35.58MiB / 7.737GiB"
1790744121,2026-09-30T13:55:21,Q7AcceptLatencyBenchmark.sideBySide*,crazy_lumiere,apache/kafka:4.3.1,23.43,"778.7MiB / 7.737GiB"
1790744121,2026-09-30T13:55:21,Q7AcceptLatencyBenchmark.sideBySide*,testcontainers-ryuk-8cab5cbe-7569-490e-b279-54d8e91add01,testcontainers/ryuk:0.14.0,0.00,"8.664MiB / 7.737GiB"
1790744121,2026-09-30T13:55:21,Q7AcceptLatencyBenchmark.sideBySide*,external-clickhouse,clickhouse/clickhouse-server:latest,3.56,"1.319GiB / 7.737GiB"
1790744121,2026-09-30T13:55:21,Q7AcceptLatencyBenchmark.sideBySide*,external-kafka,apache/kafka:latest,1.02,"1.07GiB / 7.737GiB"
1790744129,2026-09-30T13:55:29,Q7AcceptLatencyBenchmark.sideBySide*,jolly_noether,postgres:16,11.34,"35.62MiB / 7.737GiB"
1790744129,2026-09-30T13:55:29,Q7AcceptLatencyBenchmark.sideBySide*,crazy_lumiere,apache/kafka:4.3.1,19.62,"823.9MiB / 7.737GiB"
1790744129,2026-09-30T13:55:29,Q7AcceptLatencyBenchmark.sideBySide*,testcontainers-ryuk-8cab5cbe-7569-490e-b279-54d8e91add01,testcontainers/ryuk:0.14.0,0.00,"8.664MiB / 7.737GiB"
1790744129,2026-09-30T13:55:29,Q7AcceptLatencyBenchmark.sideBySide*,external-clickhouse,clickhouse/clickhouse-server:latest,3.33,"1.291GiB / 7.737GiB"
1790744129,2026-09-30T13:55:29,Q7AcceptLatencyBenchmark.sideBySide*,external-kafka,apache/kafka:latest,1.12,"1.07GiB / 7.737GiB"
1790744136,2026-09-30T13:55:36,Q7AcceptLatencyBenchmark.sideBySide*,jolly_noether,postgres:16,0.01,"35.62MiB / 7.737GiB"
1790744136,2026-09-30T13:55:36,Q7AcceptLatencyBenchmark.sideBySide*,crazy_lumiere,apache/kafka:4.3.1,42.68,"922.2MiB / 7.737GiB"
1790744136,2026-09-30T13:55:36,Q7AcceptLatencyBenchmark.sideBySide*,testcontainers-ryuk-8cab5cbe-7569-490e-b279-54d8e91add01,testcontainers/ryuk:0.14.0,0.00,"8.664MiB / 7.737GiB"
1790744136,2026-09-30T13:55:36,Q7AcceptLatencyBenchmark.sideBySide*,external-clickhouse,clickhouse/clickhouse-server:latest,7.76,"1.291GiB / 7.737GiB"
1790744136,2026-09-30T13:55:36,Q7AcceptLatencyBenchmark.sideBySide*,external-kafka,apache/kafka:latest,21.95,"1.07GiB / 7.737GiB"
1790744143,2026-09-30T13:55:43,Q7AcceptLatencyBenchmark.sideBySide*,jolly_noether,postgres:16,0.01,"35.63MiB / 7.737GiB"
1790744143,2026-09-30T13:55:43,Q7AcceptLatencyBenchmark.sideBySide*,crazy_lumiere,apache/kafka:4.3.1,23.07,"930.8MiB / 7.737GiB"
1790744143,2026-09-30T13:55:43,Q7AcceptLatencyBenchmark.sideBySide*,testcontainers-ryuk-8cab5cbe-7569-490e-b279-54d8e91add01,testcontainers/ryuk:0.14.0,0.00,"8.664MiB / 7.737GiB"
1790744143,2026-09-30T13:55:43,Q7AcceptLatencyBenchmark.sideBySide*,external-clickhouse,clickhouse/clickhouse-server:latest,4.64,"1.283GiB / 7.737GiB"
1790744143,2026-09-30T13:55:43,Q7AcceptLatencyBenchmark.sideBySide*,external-kafka,apache/kafka:latest,0.95,"1.07GiB / 7.737GiB"
1790744150,2026-09-30T13:55:50,Q7AcceptLatencyBenchmark.sideBySide*,jolly_noether,postgres:16,0.00,"35.63MiB / 7.737GiB"
1790744150,2026-09-30T13:55:50,Q7AcceptLatencyBenchmark.sideBySide*,crazy_lumiere,apache/kafka:4.3.1,17.73,"918.7MiB / 7.737GiB"
1790744150,2026-09-30T13:55:50,Q7AcceptLatencyBenchmark.sideBySide*,testcontainers-ryuk-8cab5cbe-7569-490e-b279-54d8e91add01,testcontainers/ryuk:0.14.0,0.00,"8.664MiB / 7.737GiB"
1790744150,2026-09-30T13:55:50,Q7AcceptLatencyBenchmark.sideBySide*,external-clickhouse,clickhouse/clickhouse-server:latest,4.78,"1.28GiB / 7.737GiB"
1790744150,2026-09-30T13:55:50,Q7AcceptLatencyBenchmark.sideBySide*,external-kafka,apache/kafka:latest,0.77,"1.07GiB / 7.737GiB"
1790744158,2026-09-30T13:55:58,Q7AcceptLatencyBenchmark.sideBySide*,jolly_noether,postgres:16,0.00,"35.63MiB / 7.737GiB"
1790744158,2026-09-30T13:55:58,Q7AcceptLatencyBenchmark.sideBySide*,crazy_lumiere,apache/kafka:4.3.1,20.60,"919.3MiB / 7.737GiB"
1790744158,2026-09-30T13:55:58,Q7AcceptLatencyBenchmark.sideBySide*,testcontainers-ryuk-8cab5cbe-7569-490e-b279-54d8e91add01,testcontainers/ryuk:0.14.0,0.00,"8.664MiB / 7.737GiB"
1790744158,2026-09-30T13:55:58,Q7AcceptLatencyBenchmark.sideBySide*,external-clickhouse,clickhouse/clickhouse-server:latest,14.01,"1.309GiB / 7.737GiB"
1790744158,2026-09-30T13:55:58,Q7AcceptLatencyBenchmark.sideBySide*,external-kafka,apache/kafka:latest,12.57,"1.07GiB / 7.737GiB"
1790744165,2026-09-30T13:56:05,Q7AcceptLatencyBenchmark.sideBySide*,jolly_noether,postgres:16,8.79,"35.62MiB / 7.737GiB"
1790744165,2026-09-30T13:56:05,Q7AcceptLatencyBenchmark.sideBySide*,crazy_lumiere,apache/kafka:4.3.1,32.39,"918.7MiB / 7.737GiB"
1790744165,2026-09-30T13:56:05,Q7AcceptLatencyBenchmark.sideBySide*,testcontainers-ryuk-8cab5cbe-7569-490e-b279-54d8e91add01,testcontainers/ryuk:0.14.0,0.00,"8.664MiB / 7.737GiB"
1790744165,2026-09-30T13:56:05,Q7AcceptLatencyBenchmark.sideBySide*,external-clickhouse,clickhouse/clickhouse-server:latest,5.47,"1.286GiB / 7.737GiB"
1790744165,2026-09-30T13:56:05,Q7AcceptLatencyBenchmark.sideBySide*,external-kafka,apache/kafka:latest,1.00,"1.07GiB / 7.737GiB"
1790744172,2026-09-30T13:56:12,Q7AcceptLatencyBenchmark.sideBySide*,jolly_noether,postgres:16,2.98,"35.67MiB / 7.737GiB"
1790744172,2026-09-30T13:56:12,Q7AcceptLatencyBenchmark.sideBySide*,crazy_lumiere,apache/kafka:4.3.1,11.18,"919.9MiB / 7.737GiB"
1790744172,2026-09-30T13:56:12,Q7AcceptLatencyBenchmark.sideBySide*,testcontainers-ryuk-8cab5cbe-7569-490e-b279-54d8e91add01,testcontainers/ryuk:0.14.0,0.00,"8.664MiB / 7.737GiB"
1790744172,2026-09-30T13:56:12,Q7AcceptLatencyBenchmark.sideBySide*,external-clickhouse,clickhouse/clickhouse-server:latest,3.63,"1.283GiB / 7.737GiB"
1790744172,2026-09-30T13:56:12,Q7AcceptLatencyBenchmark.sideBySide*,external-kafka,apache/kafka:latest,1.39,"1.07GiB / 7.737GiB"
1790744179,2026-09-30T13:56:19,Q7AcceptLatencyBenchmark.sideBySide*,jolly_noether,postgres:16,11.84,"35.71MiB / 7.737GiB"
1790744179,2026-09-30T13:56:19,Q7AcceptLatencyBenchmark.sideBySide*,crazy_lumiere,apache/kafka:4.3.1,27.77,"924.8MiB / 7.737GiB"
1790744179,2026-09-30T13:56:19,Q7AcceptLatencyBenchmark.sideBySide*,testcontainers-ryuk-8cab5cbe-7569-490e-b279-54d8e91add01,testcontainers/ryuk:0.14.0,0.00,"8.664MiB / 7.737GiB"
1790744179,2026-09-30T13:56:19,Q7AcceptLatencyBenchmark.sideBySide*,external-clickhouse,clickhouse/clickhouse-server:latest,3.48,"1.278GiB / 7.737GiB"
1790744179,2026-09-30T13:56:19,Q7AcceptLatencyBenchmark.sideBySide*,external-kafka,apache/kafka:latest,18.19,"1.083GiB / 7.737GiB"
1790744187,2026-09-30T13:56:27,Q7AcceptLatencyBenchmark.sideBySide*,jolly_noether,postgres:16,7.62,"36.25MiB / 7.737GiB"
1790744187,2026-09-30T13:56:27,Q7AcceptLatencyBenchmark.sideBySide*,crazy_lumiere,apache/kafka:4.3.1,18.72,"923.9MiB / 7.737GiB"
1790744187,2026-09-30T13:56:27,Q7AcceptLatencyBenchmark.sideBySide*,testcontainers-ryuk-8cab5cbe-7569-490e-b279-54d8e91add01,testcontainers/ryuk:0.14.0,0.00,"8.664MiB / 7.737GiB"
1790744187,2026-09-30T13:56:27,Q7AcceptLatencyBenchmark.sideBySide*,external-clickhouse,clickhouse/clickhouse-server:latest,3.19,"1.285GiB / 7.737GiB"
1790744187,2026-09-30T13:56:27,Q7AcceptLatencyBenchmark.sideBySide*,external-kafka,apache/kafka:latest,0.77,"1.07GiB / 7.737GiB"
1790744195,2026-09-30T13:56:35,Q7AcceptLatencyBenchmark.sideBySide*,jolly_noether,postgres:16,0.01,"36.39MiB / 7.737GiB"
1790744195,2026-09-30T13:56:35,Q7AcceptLatencyBenchmark.sideBySide*,crazy_lumiere,apache/kafka:4.3.1,32.99,"932.6MiB / 7.737GiB"
1790744195,2026-09-30T13:56:35,Q7AcceptLatencyBenchmark.sideBySide*,testcontainers-ryuk-8cab5cbe-7569-490e-b279-54d8e91add01,testcontainers/ryuk:0.14.0,0.00,"8.664MiB / 7.737GiB"
1790744195,2026-09-30T13:56:35,Q7AcceptLatencyBenchmark.sideBySide*,external-clickhouse,clickhouse/clickhouse-server:latest,3.30,"1.298GiB / 7.737GiB"
1790744195,2026-09-30T13:56:35,Q7AcceptLatencyBenchmark.sideBySide*,external-kafka,apache/kafka:latest,1.10,"1.07GiB / 7.737GiB"
1790744202,2026-09-30T13:56:42,Q7AcceptLatencyBenchmark.sideBySide*,jolly_noether,postgres:16,0.01,"36.39MiB / 7.737GiB"
1790744202,2026-09-30T13:56:42,Q7AcceptLatencyBenchmark.sideBySide*,crazy_lumiere,apache/kafka:4.3.1,28.38,"926.2MiB / 7.737GiB"
1790744202,2026-09-30T13:56:42,Q7AcceptLatencyBenchmark.sideBySide*,testcontainers-ryuk-8cab5cbe-7569-490e-b279-54d8e91add01,testcontainers/ryuk:0.14.0,0.00,"8.664MiB / 7.737GiB"
1790744202,2026-09-30T13:56:42,Q7AcceptLatencyBenchmark.sideBySide*,external-clickhouse,clickhouse/clickhouse-server:latest,5.17,"1.292GiB / 7.737GiB"
1790744202,2026-09-30T13:56:42,Q7AcceptLatencyBenchmark.sideBySide*,external-kafka,apache/kafka:latest,116.87,"1.123GiB / 7.737GiB"
1790744210,2026-09-30T13:56:50,Q7AcceptLatencyBenchmark.sideBySide*,jolly_noether,postgres:16,0.00,"36.39MiB / 7.737GiB"
1790744210,2026-09-30T13:56:50,Q7AcceptLatencyBenchmark.sideBySide*,crazy_lumiere,apache/kafka:4.3.1,23.53,"926.3MiB / 7.737GiB"
1790744210,2026-09-30T13:56:50,Q7AcceptLatencyBenchmark.sideBySide*,testcontainers-ryuk-8cab5cbe-7569-490e-b279-54d8e91add01,testcontainers/ryuk:0.14.0,0.00,"8.664MiB / 7.737GiB"
1790744210,2026-09-30T13:56:50,Q7AcceptLatencyBenchmark.sideBySide*,external-clickhouse,clickhouse/clickhouse-server:latest,6.56,"1.277GiB / 7.737GiB"
1790744210,2026-09-30T13:56:50,Q7AcceptLatencyBenchmark.sideBySide*,external-kafka,apache/kafka:latest,1.23,"1.07GiB / 7.737GiB"
1790744218,2026-09-30T13:56:58,Q7AcceptLatencyBenchmark.sideBySide*,jolly_noether,postgres:16,0.00,"36.39MiB / 7.737GiB"
1790744218,2026-09-30T13:56:58,Q7AcceptLatencyBenchmark.sideBySide*,crazy_lumiere,apache/kafka:4.3.1,11.21,"930.4MiB / 7.737GiB"
1790744218,2026-09-30T13:56:58,Q7AcceptLatencyBenchmark.sideBySide*,testcontainers-ryuk-8cab5cbe-7569-490e-b279-54d8e91add01,testcontainers/ryuk:0.14.0,0.00,"8.664MiB / 7.737GiB"
1790744218,2026-09-30T13:56:58,Q7AcceptLatencyBenchmark.sideBySide*,external-clickhouse,clickhouse/clickhouse-server:latest,3.66,"1.276GiB / 7.737GiB"
1790744218,2026-09-30T13:56:58,Q7AcceptLatencyBenchmark.sideBySide*,external-kafka,apache/kafka:latest,4.44,"1.07GiB / 7.737GiB"
1790744226,2026-09-30T13:57:06,Q7AcceptLatencyBenchmark.sideBySide*,infallible_jang,postgres:16,9.24,"30.31MiB / 7.737GiB"
1790744226,2026-09-30T13:57:06,Q7AcceptLatencyBenchmark.sideBySide*,crazy_lumiere,apache/kafka:4.3.1,36.39,"930.7MiB / 7.737GiB"
1790744226,2026-09-30T13:57:06,Q7AcceptLatencyBenchmark.sideBySide*,testcontainers-ryuk-8cab5cbe-7569-490e-b279-54d8e91add01,testcontainers/ryuk:0.14.0,0.00,"8.664MiB / 7.737GiB"
1790744226,2026-09-30T13:57:06,Q7AcceptLatencyBenchmark.sideBySide*,external-clickhouse,clickhouse/clickhouse-server:latest,4.63,"1.267GiB / 7.737GiB"
1790744226,2026-09-30T13:57:06,Q7AcceptLatencyBenchmark.sideBySide*,external-kafka,apache/kafka:latest,83.61,"1.07GiB / 7.737GiB"
1790744233,2026-09-30T13:57:13,Q7AcceptLatencyBenchmark.sideBySide*,infallible_jang,postgres:16,7.25,"31.21MiB / 7.737GiB"
1790744233,2026-09-30T13:57:13,Q7AcceptLatencyBenchmark.sideBySide*,crazy_lumiere,apache/kafka:4.3.1,21.97,"928.8MiB / 7.737GiB"
1790744233,2026-09-30T13:57:13,Q7AcceptLatencyBenchmark.sideBySide*,testcontainers-ryuk-8cab5cbe-7569-490e-b279-54d8e91add01,testcontainers/ryuk:0.14.0,0.00,"8.664MiB / 7.737GiB"
1790744233,2026-09-30T13:57:13,Q7AcceptLatencyBenchmark.sideBySide*,external-clickhouse,clickhouse/clickhouse-server:latest,6.59,"1.331GiB / 7.737GiB"
1790744233,2026-09-30T13:57:13,Q7AcceptLatencyBenchmark.sideBySide*,external-kafka,apache/kafka:latest,0.68,"1.07GiB / 7.737GiB"
1790744240,2026-09-30T13:57:20,Q7AcceptLatencyBenchmark.sideBySide*,infallible_jang,postgres:16,0.03,"31.84MiB / 7.737GiB"
1790744240,2026-09-30T13:57:20,Q7AcceptLatencyBenchmark.sideBySide*,crazy_lumiere,apache/kafka:4.3.1,20.21,"929.4MiB / 7.737GiB"
1790744240,2026-09-30T13:57:20,Q7AcceptLatencyBenchmark.sideBySide*,testcontainers-ryuk-8cab5cbe-7569-490e-b279-54d8e91add01,testcontainers/ryuk:0.14.0,0.00,"8.664MiB / 7.737GiB"
1790744240,2026-09-30T13:57:20,Q7AcceptLatencyBenchmark.sideBySide*,external-clickhouse,clickhouse/clickhouse-server:latest,3.39,"1.283GiB / 7.737GiB"
1790744240,2026-09-30T13:57:20,Q7AcceptLatencyBenchmark.sideBySide*,external-kafka,apache/kafka:latest,0.61,"1.07GiB / 7.737GiB"
1790744247,2026-09-30T13:57:27,Q7AcceptLatencyBenchmark.sideBySide*,infallible_jang,postgres:16,0.11,"31.84MiB / 7.737GiB"
1790744247,2026-09-30T13:57:27,Q7AcceptLatencyBenchmark.sideBySide*,crazy_lumiere,apache/kafka:4.3.1,11.34,"929.4MiB / 7.737GiB"
1790744247,2026-09-30T13:57:27,Q7AcceptLatencyBenchmark.sideBySide*,testcontainers-ryuk-8cab5cbe-7569-490e-b279-54d8e91add01,testcontainers/ryuk:0.14.0,0.00,"8.664MiB / 7.737GiB"
1790744247,2026-09-30T13:57:27,Q7AcceptLatencyBenchmark.sideBySide*,external-clickhouse,clickhouse/clickhouse-server:latest,2.56,"1.279GiB / 7.737GiB"
1790744247,2026-09-30T13:57:27,Q7AcceptLatencyBenchmark.sideBySide*,external-kafka,apache/kafka:latest,0.70,"1.07GiB / 7.737GiB"
1790744254,2026-09-30T13:57:34,Q7AcceptLatencyBenchmark.sideBySide*,infallible_jang,postgres:16,7.06,"32.41MiB / 7.737GiB"
1790744254,2026-09-30T13:57:34,Q7AcceptLatencyBenchmark.sideBySide*,crazy_lumiere,apache/kafka:4.3.1,23.79,"930.7MiB / 7.737GiB"
1790744254,2026-09-30T13:57:34,Q7AcceptLatencyBenchmark.sideBySide*,testcontainers-ryuk-8cab5cbe-7569-490e-b279-54d8e91add01,testcontainers/ryuk:0.14.0,0.00,"8.664MiB / 7.737GiB"
1790744254,2026-09-30T13:57:34,Q7AcceptLatencyBenchmark.sideBySide*,external-clickhouse,clickhouse/clickhouse-server:latest,3.12,"1.284GiB / 7.737GiB"
1790744254,2026-09-30T13:57:34,Q7AcceptLatencyBenchmark.sideBySide*,external-kafka,apache/kafka:latest,0.84,"1.07GiB / 7.737GiB"
1790744262,2026-09-30T13:57:42,Q7AcceptLatencyBenchmark.sideBySide*,infallible_jang,postgres:16,9.53,"32.46MiB / 7.737GiB"
1790744262,2026-09-30T13:57:42,Q7AcceptLatencyBenchmark.sideBySide*,crazy_lumiere,apache/kafka:4.3.1,30.34,"932.2MiB / 7.737GiB"
1790744262,2026-09-30T13:57:42,Q7AcceptLatencyBenchmark.sideBySide*,testcontainers-ryuk-8cab5cbe-7569-490e-b279-54d8e91add01,testcontainers/ryuk:0.14.0,0.00,"8.664MiB / 7.737GiB"
1790744262,2026-09-30T13:57:42,Q7AcceptLatencyBenchmark.sideBySide*,external-clickhouse,clickhouse/clickhouse-server:latest,3.01,"1.277GiB / 7.737GiB"
1790744262,2026-09-30T13:57:42,Q7AcceptLatencyBenchmark.sideBySide*,external-kafka,apache/kafka:latest,0.65,"1.07GiB / 7.737GiB"
1790744269,2026-09-30T13:57:49,Q7AcceptLatencyBenchmark.sideBySide*,infallible_jang,postgres:16,9.36,"32.5MiB / 7.737GiB"
1790744269,2026-09-30T13:57:49,Q7AcceptLatencyBenchmark.sideBySide*,crazy_lumiere,apache/kafka:4.3.1,20.24,"934.7MiB / 7.737GiB"
1790744269,2026-09-30T13:57:49,Q7AcceptLatencyBenchmark.sideBySide*,testcontainers-ryuk-8cab5cbe-7569-490e-b279-54d8e91add01,testcontainers/ryuk:0.14.0,0.00,"8.664MiB / 7.737GiB"
1790744269,2026-09-30T13:57:49,Q7AcceptLatencyBenchmark.sideBySide*,external-clickhouse,clickhouse/clickhouse-server:latest,3.08,"1.336GiB / 7.737GiB"
1790744269,2026-09-30T13:57:49,Q7AcceptLatencyBenchmark.sideBySide*,external-kafka,apache/kafka:latest,1.03,"1.07GiB / 7.737GiB"
1790744276,2026-09-30T13:57:56,Q7AcceptLatencyBenchmark.sideBySide*,infallible_jang,postgres:16,8.75,"33.66MiB / 7.737GiB"
1790744276,2026-09-30T13:57:56,Q7AcceptLatencyBenchmark.sideBySide*,crazy_lumiere,apache/kafka:4.3.1,19.45,"933.9MiB / 7.737GiB"
1790744276,2026-09-30T13:57:56,Q7AcceptLatencyBenchmark.sideBySide*,testcontainers-ryuk-8cab5cbe-7569-490e-b279-54d8e91add01,testcontainers/ryuk:0.14.0,0.00,"8.664MiB / 7.737GiB"
1790744276,2026-09-30T13:57:56,Q7AcceptLatencyBenchmark.sideBySide*,external-clickhouse,clickhouse/clickhouse-server:latest,2.49,"1.288GiB / 7.737GiB"
1790744276,2026-09-30T13:57:56,Q7AcceptLatencyBenchmark.sideBySide*,external-kafka,apache/kafka:latest,0.63,"1.07GiB / 7.737GiB"
1790744283,2026-09-30T13:58:03,Q7AcceptLatencyBenchmark.sideBySide*,infallible_jang,postgres:16,0.02,"34.44MiB / 7.737GiB"
1790744283,2026-09-30T13:58:03,Q7AcceptLatencyBenchmark.sideBySide*,crazy_lumiere,apache/kafka:4.3.1,22.52,"935.5MiB / 7.737GiB"
1790744283,2026-09-30T13:58:03,Q7AcceptLatencyBenchmark.sideBySide*,testcontainers-ryuk-8cab5cbe-7569-490e-b279-54d8e91add01,testcontainers/ryuk:0.14.0,0.00,"8.664MiB / 7.737GiB"
1790744283,2026-09-30T13:58:03,Q7AcceptLatencyBenchmark.sideBySide*,external-clickhouse,clickhouse/clickhouse-server:latest,3.02,"1.282GiB / 7.737GiB"
1790744283,2026-09-30T13:58:03,Q7AcceptLatencyBenchmark.sideBySide*,external-kafka,apache/kafka:latest,1.20,"1.07GiB / 7.737GiB"
1790744290,2026-09-30T13:58:10,Q7AcceptLatencyBenchmark.sideBySide*,infallible_jang,postgres:16,0.02,"34.44MiB / 7.737GiB"
1790744290,2026-09-30T13:58:10,Q7AcceptLatencyBenchmark.sideBySide*,crazy_lumiere,apache/kafka:4.3.1,27.01,"935.1MiB / 7.737GiB"
1790744290,2026-09-30T13:58:10,Q7AcceptLatencyBenchmark.sideBySide*,testcontainers-ryuk-8cab5cbe-7569-490e-b279-54d8e91add01,testcontainers/ryuk:0.14.0,0.00,"8.664MiB / 7.737GiB"
1790744290,2026-09-30T13:58:10,Q7AcceptLatencyBenchmark.sideBySide*,external-clickhouse,clickhouse/clickhouse-server:latest,2.30,"1.29GiB / 7.737GiB"
1790744290,2026-09-30T13:58:10,Q7AcceptLatencyBenchmark.sideBySide*,external-kafka,apache/kafka:latest,0.67,"1.07GiB / 7.737GiB"
1790744298,2026-09-30T13:58:18,Q7AcceptLatencyBenchmark.sideBySide*,infallible_jang,postgres:16,0.02,"35.01MiB / 7.737GiB"
1790744298,2026-09-30T13:58:18,Q7AcceptLatencyBenchmark.sideBySide*,crazy_lumiere,apache/kafka:4.3.1,17.67,"936.8MiB / 7.737GiB"
1790744298,2026-09-30T13:58:18,Q7AcceptLatencyBenchmark.sideBySide*,testcontainers-ryuk-8cab5cbe-7569-490e-b279-54d8e91add01,testcontainers/ryuk:0.14.0,0.00,"8.664MiB / 7.737GiB"
1790744298,2026-09-30T13:58:18,Q7AcceptLatencyBenchmark.sideBySide*,external-clickhouse,clickhouse/clickhouse-server:latest,2.25,"1.283GiB / 7.737GiB"
1790744298,2026-09-30T13:58:18,Q7AcceptLatencyBenchmark.sideBySide*,external-kafka,apache/kafka:latest,0.72,"1.07GiB / 7.737GiB"
1790744305,2026-09-30T13:58:25,Q7AcceptLatencyBenchmark.sideBySide*,infallible_jang,postgres:16,0.02,"35.01MiB / 7.737GiB"
1790744305,2026-09-30T13:58:25,Q7AcceptLatencyBenchmark.sideBySide*,crazy_lumiere,apache/kafka:4.3.1,16.97,"935.6MiB / 7.737GiB"
1790744305,2026-09-30T13:58:25,Q7AcceptLatencyBenchmark.sideBySide*,testcontainers-ryuk-8cab5cbe-7569-490e-b279-54d8e91add01,testcontainers/ryuk:0.14.0,0.00,"8.664MiB / 7.737GiB"
1790744305,2026-09-30T13:58:25,Q7AcceptLatencyBenchmark.sideBySide*,external-clickhouse,clickhouse/clickhouse-server:latest,6.98,"1.357GiB / 7.737GiB"
1790744305,2026-09-30T13:58:25,Q7AcceptLatencyBenchmark.sideBySide*,external-kafka,apache/kafka:latest,79.95,"1.07GiB / 7.737GiB"
1790744312,2026-09-30T13:58:32,Q7AcceptLatencyBenchmark.sideBySide*,infallible_jang,postgres:16,7.23,"34.97MiB / 7.737GiB"
1790744312,2026-09-30T13:58:32,Q7AcceptLatencyBenchmark.sideBySide*,crazy_lumiere,apache/kafka:4.3.1,22.62,"936.9MiB / 7.737GiB"
1790744312,2026-09-30T13:58:32,Q7AcceptLatencyBenchmark.sideBySide*,testcontainers-ryuk-8cab5cbe-7569-490e-b279-54d8e91add01,testcontainers/ryuk:0.14.0,0.00,"8.664MiB / 7.737GiB"
1790744312,2026-09-30T13:58:32,Q7AcceptLatencyBenchmark.sideBySide*,external-clickhouse,clickhouse/clickhouse-server:latest,1.99,"1.283GiB / 7.737GiB"
1790744312,2026-09-30T13:58:32,Q7AcceptLatencyBenchmark.sideBySide*,external-kafka,apache/kafka:latest,1.44,"1.07GiB / 7.737GiB"
1790744319,2026-09-30T13:58:39,Q7AcceptLatencyBenchmark.sideBySide*,infallible_jang,postgres:16,7.36,"35.04MiB / 7.737GiB"
1790744319,2026-09-30T13:58:39,Q7AcceptLatencyBenchmark.sideBySide*,crazy_lumiere,apache/kafka:4.3.1,26.01,"936.8MiB / 7.737GiB"
1790744319,2026-09-30T13:58:39,Q7AcceptLatencyBenchmark.sideBySide*,testcontainers-ryuk-8cab5cbe-7569-490e-b279-54d8e91add01,testcontainers/ryuk:0.14.0,0.00,"8.664MiB / 7.737GiB"
1790744319,2026-09-30T13:58:39,Q7AcceptLatencyBenchmark.sideBySide*,external-clickhouse,clickhouse/clickhouse-server:latest,2.31,"1.282GiB / 7.737GiB"
1790744319,2026-09-30T13:58:39,Q7AcceptLatencyBenchmark.sideBySide*,external-kafka,apache/kafka:latest,0.72,"1.07GiB / 7.737GiB"
1790744327,2026-09-30T13:58:47,Q7AcceptLatencyBenchmark.sideBySide*,infallible_jang,postgres:16,6.26,"35.52MiB / 7.737GiB"
1790744327,2026-09-30T13:58:47,Q7AcceptLatencyBenchmark.sideBySide*,crazy_lumiere,apache/kafka:4.3.1,17.42,"937.3MiB / 7.737GiB"
1790744327,2026-09-30T13:58:47,Q7AcceptLatencyBenchmark.sideBySide*,testcontainers-ryuk-8cab5cbe-7569-490e-b279-54d8e91add01,testcontainers/ryuk:0.14.0,0.00,"8.664MiB / 7.737GiB"
1790744327,2026-09-30T13:58:47,Q7AcceptLatencyBenchmark.sideBySide*,external-clickhouse,clickhouse/clickhouse-server:latest,15.41,"1.29GiB / 7.737GiB"
1790744327,2026-09-30T13:58:47,Q7AcceptLatencyBenchmark.sideBySide*,external-kafka,apache/kafka:latest,133.36,"1.117GiB / 7.737GiB"
1790744334,2026-09-30T13:58:54,Q7AcceptLatencyBenchmark.sideBySide*,infallible_jang,postgres:16,13.13,"35.63MiB / 7.737GiB"
1790744334,2026-09-30T13:58:54,Q7AcceptLatencyBenchmark.sideBySide*,crazy_lumiere,apache/kafka:4.3.1,18.42,"937.2MiB / 7.737GiB"
1790744334,2026-09-30T13:58:54,Q7AcceptLatencyBenchmark.sideBySide*,testcontainers-ryuk-8cab5cbe-7569-490e-b279-54d8e91add01,testcontainers/ryuk:0.14.0,0.00,"8.664MiB / 7.737GiB"
1790744334,2026-09-30T13:58:54,Q7AcceptLatencyBenchmark.sideBySide*,external-clickhouse,clickhouse/clickhouse-server:latest,11.33,"1.29GiB / 7.737GiB"
1790744334,2026-09-30T13:58:54,Q7AcceptLatencyBenchmark.sideBySide*,external-kafka,apache/kafka:latest,1.24,"1.07GiB / 7.737GiB"
1790744342,2026-09-30T13:59:02,Q7AcceptLatencyBenchmark.sideBySide*,infallible_jang,postgres:16,2.43,"35.62MiB / 7.737GiB"
1790744342,2026-09-30T13:59:02,Q7AcceptLatencyBenchmark.sideBySide*,crazy_lumiere,apache/kafka:4.3.1,2.00,"936.8MiB / 7.737GiB"
1790744342,2026-09-30T13:59:02,Q7AcceptLatencyBenchmark.sideBySide*,testcontainers-ryuk-8cab5cbe-7569-490e-b279-54d8e91add01,testcontainers/ryuk:0.14.0,0.00,"8.664MiB / 7.737GiB"
1790744342,2026-09-30T13:59:02,Q7AcceptLatencyBenchmark.sideBySide*,external-clickhouse,clickhouse/clickhouse-server:latest,44.67,"1.359GiB / 7.737GiB"
1790744342,2026-09-30T13:59:02,Q7AcceptLatencyBenchmark.sideBySide*,external-kafka,apache/kafka:latest,1.69,"1.07GiB / 7.737GiB"
1790744349,2026-09-30T13:59:09,Q7AcceptLatencyBenchmark.sideBySide*,infallible_jang,postgres:16,0.03,"36.06MiB / 7.737GiB"
1790744349,2026-09-30T13:59:09,Q7AcceptLatencyBenchmark.sideBySide*,crazy_lumiere,apache/kafka:4.3.1,25.20,"940.6MiB / 7.737GiB"
1790744349,2026-09-30T13:59:09,Q7AcceptLatencyBenchmark.sideBySide*,testcontainers-ryuk-8cab5cbe-7569-490e-b279-54d8e91add01,testcontainers/ryuk:0.14.0,0.00,"8.664MiB / 7.737GiB"
1790744349,2026-09-30T13:59:09,Q7AcceptLatencyBenchmark.sideBySide*,external-clickhouse,clickhouse/clickhouse-server:latest,16.04,"1.307GiB / 7.737GiB"
1790744349,2026-09-30T13:59:09,Q7AcceptLatencyBenchmark.sideBySide*,external-kafka,apache/kafka:latest,66.79,"1.104GiB / 7.737GiB"
1790744357,2026-09-30T13:59:17,Q7AcceptLatencyBenchmark.sideBySide*,infallible_jang,postgres:16,0.01,"36.06MiB / 7.737GiB"
1790744357,2026-09-30T13:59:17,Q7AcceptLatencyBenchmark.sideBySide*,crazy_lumiere,apache/kafka:4.3.1,45.57,"937.7MiB / 7.737GiB"
1790744357,2026-09-30T13:59:17,Q7AcceptLatencyBenchmark.sideBySide*,testcontainers-ryuk-8cab5cbe-7569-490e-b279-54d8e91add01,testcontainers/ryuk:0.14.0,0.00,"8.664MiB / 7.737GiB"
1790744357,2026-09-30T13:59:17,Q7AcceptLatencyBenchmark.sideBySide*,external-clickhouse,clickhouse/clickhouse-server:latest,23.21,"1.284GiB / 7.737GiB"
1790744357,2026-09-30T13:59:17,Q7AcceptLatencyBenchmark.sideBySide*,external-kafka,apache/kafka:latest,0.92,"1.07GiB / 7.737GiB"
1790744364,2026-09-30T13:59:24,Q7AcceptLatencyBenchmark.sideBySide*,infallible_jang,postgres:16,0.01,"36.06MiB / 7.737GiB"
1790744364,2026-09-30T13:59:24,Q7AcceptLatencyBenchmark.sideBySide*,crazy_lumiere,apache/kafka:4.3.1,23.84,"940.1MiB / 7.737GiB"
1790744364,2026-09-30T13:59:24,Q7AcceptLatencyBenchmark.sideBySide*,testcontainers-ryuk-8cab5cbe-7569-490e-b279-54d8e91add01,testcontainers/ryuk:0.14.0,0.00,"8.664MiB / 7.737GiB"
1790744364,2026-09-30T13:59:24,Q7AcceptLatencyBenchmark.sideBySide*,external-clickhouse,clickhouse/clickhouse-server:latest,11.09,"1.285GiB / 7.737GiB"
1790744364,2026-09-30T13:59:24,Q7AcceptLatencyBenchmark.sideBySide*,external-kafka,apache/kafka:latest,32.51,"1.07GiB / 7.737GiB"
1790744372,2026-09-30T13:59:32,Q7AcceptLatencyBenchmark.sideBySide*,infallible_jang,postgres:16,6.97,"36.07MiB / 7.737GiB"
1790744372,2026-09-30T13:59:32,Q7AcceptLatencyBenchmark.sideBySide*,crazy_lumiere,apache/kafka:4.3.1,31.15,"941.4MiB / 7.737GiB"
1790744372,2026-09-30T13:59:32,Q7AcceptLatencyBenchmark.sideBySide*,testcontainers-ryuk-8cab5cbe-7569-490e-b279-54d8e91add01,testcontainers/ryuk:0.14.0,0.00,"8.664MiB / 7.737GiB"
1790744372,2026-09-30T13:59:32,Q7AcceptLatencyBenchmark.sideBySide*,external-clickhouse,clickhouse/clickhouse-server:latest,16.48,"1.282GiB / 7.737GiB"
1790744372,2026-09-30T13:59:32,Q7AcceptLatencyBenchmark.sideBySide*,external-kafka,apache/kafka:latest,0.95,"1.07GiB / 7.737GiB"
1790744379,2026-09-30T13:59:39,Q7AcceptLatencyBenchmark.sideBySide*,infallible_jang,postgres:16,0.02,"36.07MiB / 7.737GiB"
1790744379,2026-09-30T13:59:39,Q7AcceptLatencyBenchmark.sideBySide*,crazy_lumiere,apache/kafka:4.3.1,24.65,"942.6MiB / 7.737GiB"
1790744379,2026-09-30T13:59:39,Q7AcceptLatencyBenchmark.sideBySide*,testcontainers-ryuk-8cab5cbe-7569-490e-b279-54d8e91add01,testcontainers/ryuk:0.14.0,0.00,"8.664MiB / 7.737GiB"
1790744379,2026-09-30T13:59:39,Q7AcceptLatencyBenchmark.sideBySide*,external-clickhouse,clickhouse/clickhouse-server:latest,12.47,"1.29GiB / 7.737GiB"
1790744379,2026-09-30T13:59:39,Q7AcceptLatencyBenchmark.sideBySide*,external-kafka,apache/kafka:latest,1.28,"1.07GiB / 7.737GiB"
1790744386,2026-09-30T13:59:46,Q7AcceptLatencyBenchmark.sideBySide*,infallible_jang,postgres:16,5.71,"36.07MiB / 7.737GiB"
1790744386,2026-09-30T13:59:46,Q7AcceptLatencyBenchmark.sideBySide*,crazy_lumiere,apache/kafka:4.3.1,22.77,"940.3MiB / 7.737GiB"
1790744386,2026-09-30T13:59:46,Q7AcceptLatencyBenchmark.sideBySide*,testcontainers-ryuk-8cab5cbe-7569-490e-b279-54d8e91add01,testcontainers/ryuk:0.14.0,0.00,"8.664MiB / 7.737GiB"
1790744386,2026-09-30T13:59:46,Q7AcceptLatencyBenchmark.sideBySide*,external-clickhouse,clickhouse/clickhouse-server:latest,6.09,"1.297GiB / 7.737GiB"
1790744386,2026-09-30T13:59:46,Q7AcceptLatencyBenchmark.sideBySide*,external-kafka,apache/kafka:latest,26.23,"1.084GiB / 7.737GiB"
1790744394,2026-09-30T13:59:54,Q7AcceptLatencyBenchmark.sideBySide*,infallible_jang,postgres:16,8.50,"36.13MiB / 7.737GiB"
1790744394,2026-09-30T13:59:54,Q7AcceptLatencyBenchmark.sideBySide*,crazy_lumiere,apache/kafka:4.3.1,11.18,"940.5MiB / 7.737GiB"
1790744394,2026-09-30T13:59:54,Q7AcceptLatencyBenchmark.sideBySide*,testcontainers-ryuk-8cab5cbe-7569-490e-b279-54d8e91add01,testcontainers/ryuk:0.14.0,0.00,"8.664MiB / 7.737GiB"
1790744394,2026-09-30T13:59:54,Q7AcceptLatencyBenchmark.sideBySide*,external-clickhouse,clickhouse/clickhouse-server:latest,2.48,"1.284GiB / 7.737GiB"
1790744394,2026-09-30T13:59:54,Q7AcceptLatencyBenchmark.sideBySide*,external-kafka,apache/kafka:latest,1.00,"1.07GiB / 7.737GiB"
1790744401,2026-09-30T14:00:01,Q7AcceptLatencyBenchmark.sideBySide*,infallible_jang,postgres:16,6.42,"36.67MiB / 7.737GiB"
1790744401,2026-09-30T14:00:01,Q7AcceptLatencyBenchmark.sideBySide*,crazy_lumiere,apache/kafka:4.3.1,24.37,"940.7MiB / 7.737GiB"
1790744401,2026-09-30T14:00:01,Q7AcceptLatencyBenchmark.sideBySide*,testcontainers-ryuk-8cab5cbe-7569-490e-b279-54d8e91add01,testcontainers/ryuk:0.14.0,0.00,"8.664MiB / 7.737GiB"
1790744401,2026-09-30T14:00:01,Q7AcceptLatencyBenchmark.sideBySide*,external-clickhouse,clickhouse/clickhouse-server:latest,4.09,"1.296GiB / 7.737GiB"
1790744401,2026-09-30T14:00:01,Q7AcceptLatencyBenchmark.sideBySide*,external-kafka,apache/kafka:latest,0.81,"1.07GiB / 7.737GiB"
1790744408,2026-09-30T14:00:08,Q7AcceptLatencyBenchmark.sideBySide*,infallible_jang,postgres:16,2.56,"36.67MiB / 7.737GiB"
1790744408,2026-09-30T14:00:08,Q7AcceptLatencyBenchmark.sideBySide*,crazy_lumiere,apache/kafka:4.3.1,1.39,"940.7MiB / 7.737GiB"
1790744408,2026-09-30T14:00:08,Q7AcceptLatencyBenchmark.sideBySide*,testcontainers-ryuk-8cab5cbe-7569-490e-b279-54d8e91add01,testcontainers/ryuk:0.14.0,0.00,"8.664MiB / 7.737GiB"
1790744408,2026-09-30T14:00:08,Q7AcceptLatencyBenchmark.sideBySide*,external-clickhouse,clickhouse/clickhouse-server:latest,6.46,"1.291GiB / 7.737GiB"
1790744408,2026-09-30T14:00:08,Q7AcceptLatencyBenchmark.sideBySide*,external-kafka,apache/kafka:latest,28.15,"1.091GiB / 7.737GiB"
1790744416,2026-09-30T14:00:16,Q7AcceptLatencyBenchmark.sideBySide*,infallible_jang,postgres:16,0.02,"36.69MiB / 7.737GiB"
1790744416,2026-09-30T14:00:16,Q7AcceptLatencyBenchmark.sideBySide*,crazy_lumiere,apache/kafka:4.3.1,31.23,"941.4MiB / 7.737GiB"
1790744416,2026-09-30T14:00:16,Q7AcceptLatencyBenchmark.sideBySide*,testcontainers-ryuk-8cab5cbe-7569-490e-b279-54d8e91add01,testcontainers/ryuk:0.14.0,0.00,"8.664MiB / 7.737GiB"
1790744416,2026-09-30T14:00:16,Q7AcceptLatencyBenchmark.sideBySide*,external-clickhouse,clickhouse/clickhouse-server:latest,9.07,"1.289GiB / 7.737GiB"
1790744416,2026-09-30T14:00:16,Q7AcceptLatencyBenchmark.sideBySide*,external-kafka,apache/kafka:latest,0.74,"1.07GiB / 7.737GiB"
1790744424,2026-09-30T14:00:24,Q7AcceptLatencyBenchmark.sideBySide*,infallible_jang,postgres:16,0.02,"36.69MiB / 7.737GiB"
1790744424,2026-09-30T14:00:24,Q7AcceptLatencyBenchmark.sideBySide*,crazy_lumiere,apache/kafka:4.3.1,27.23,"958.5MiB / 7.737GiB"
1790744424,2026-09-30T14:00:24,Q7AcceptLatencyBenchmark.sideBySide*,testcontainers-ryuk-8cab5cbe-7569-490e-b279-54d8e91add01,testcontainers/ryuk:0.14.0,0.00,"8.664MiB / 7.737GiB"
1790744424,2026-09-30T14:00:24,Q7AcceptLatencyBenchmark.sideBySide*,external-clickhouse,clickhouse/clickhouse-server:latest,4.49,"1.352GiB / 7.737GiB"
1790744424,2026-09-30T14:00:24,Q7AcceptLatencyBenchmark.sideBySide*,external-kafka,apache/kafka:latest,2.35,"1.07GiB / 7.737GiB"
1790744431,2026-09-30T14:00:31,Q7AcceptLatencyBenchmark.sideBySide*,infallible_jang,postgres:16,0.00,"36.69MiB / 7.737GiB"
1790744431,2026-09-30T14:00:31,Q7AcceptLatencyBenchmark.sideBySide*,crazy_lumiere,apache/kafka:4.3.1,18.13,"944.8MiB / 7.737GiB"
1790744431,2026-09-30T14:00:31,Q7AcceptLatencyBenchmark.sideBySide*,testcontainers-ryuk-8cab5cbe-7569-490e-b279-54d8e91add01,testcontainers/ryuk:0.14.0,0.00,"8.664MiB / 7.737GiB"
1790744431,2026-09-30T14:00:31,Q7AcceptLatencyBenchmark.sideBySide*,external-clickhouse,clickhouse/clickhouse-server:latest,3.98,"1.282GiB / 7.737GiB"
1790744431,2026-09-30T14:00:31,Q7AcceptLatencyBenchmark.sideBySide*,external-kafka,apache/kafka:latest,1.22,"1.07GiB / 7.737GiB"
1790744438,2026-09-30T14:00:38,Q7AcceptLatencyBenchmark.sideBySide*,infallible_jang,postgres:16,0.01,"36.68MiB / 7.737GiB"
1790744438,2026-09-30T14:00:38,Q7AcceptLatencyBenchmark.sideBySide*,crazy_lumiere,apache/kafka:4.3.1,15.00,"948.5MiB / 7.737GiB"
1790744438,2026-09-30T14:00:38,Q7AcceptLatencyBenchmark.sideBySide*,testcontainers-ryuk-8cab5cbe-7569-490e-b279-54d8e91add01,testcontainers/ryuk:0.14.0,0.00,"8.664MiB / 7.737GiB"
1790744438,2026-09-30T14:00:38,Q7AcceptLatencyBenchmark.sideBySide*,external-clickhouse,clickhouse/clickhouse-server:latest,5.84,"1.303GiB / 7.737GiB"
1790744438,2026-09-30T14:00:38,Q7AcceptLatencyBenchmark.sideBySide*,external-kafka,apache/kafka:latest,1.03,"1.07GiB / 7.737GiB"
1790744445,2026-09-30T14:00:45,Q7AcceptLatencyBenchmark.sideBySide*,testcontainers-ryuk-8cab5cbe-7569-490e-b279-54d8e91add01,testcontainers/ryuk:0.14.0,0.00,"8.699MiB / 7.737GiB"
1790744445,2026-09-30T14:00:45,Q7AcceptLatencyBenchmark.sideBySide*,external-clickhouse,clickhouse/clickhouse-server:latest,10.66,"1.292GiB / 7.737GiB"
1790744445,2026-09-30T14:00:45,Q7AcceptLatencyBenchmark.sideBySide*,external-kafka,apache/kafka:latest,1.73,"1.07GiB / 7.737GiB"
1790744453,2026-09-30T14:00:53,idle,testcontainers-ryuk-8cab5cbe-7569-490e-b279-54d8e91add01,testcontainers/ryuk:0.14.0,0.00,"8.699MiB / 7.737GiB"
1790744453,2026-09-30T14:00:53,idle,external-clickhouse,clickhouse/clickhouse-server:latest,9.28,"1.282GiB / 7.737GiB"
1790744453,2026-09-30T14:00:53,idle,external-kafka,apache/kafka:latest,2.13,"1.07GiB / 7.737GiB"
1790744460,2026-09-30T14:01:00,idle,external-clickhouse,clickhouse/clickhouse-server:latest,4.06,"1.339GiB / 7.737GiB"
1790744460,2026-09-30T14:01:00,idle,external-kafka,apache/kafka:latest,1.64,"1.07GiB / 7.737GiB"
1790744467,2026-09-30T14:01:07,idle,external-clickhouse,clickhouse/clickhouse-server:latest,4.38,"1.292GiB / 7.737GiB"
1790744467,2026-09-30T14:01:07,idle,external-kafka,apache/kafka:latest,20.75,"1.078GiB / 7.737GiB"
1790744474,2026-09-30T14:01:14,idle,external-clickhouse,clickhouse/clickhouse-server:latest,8.71,"1.282GiB / 7.737GiB"
1790744474,2026-09-30T14:01:14,idle,external-kafka,apache/kafka:latest,2.05,"1.07GiB / 7.737GiB"
1790744481,2026-09-30T14:01:21,idle,external-clickhouse,clickhouse/clickhouse-server:latest,8.91,"1.286GiB / 7.737GiB"
1790744481,2026-09-30T14:01:21,idle,external-kafka,apache/kafka:latest,1.76,"1.07GiB / 7.737GiB"
1790744488,2026-09-30T14:01:28,idle,external-clickhouse,clickhouse/clickhouse-server:latest,12.99,"1.273GiB / 7.737GiB"
1790744488,2026-09-30T14:01:28,idle,external-kafka,apache/kafka:latest,1.89,"1.07GiB / 7.737GiB"
1790744496,2026-09-30T14:01:36,idle,external-clickhouse,clickhouse/clickhouse-server:latest,12.98,"1.381GiB / 7.737GiB"
1790744496,2026-09-30T14:01:36,idle,external-kafka,apache/kafka:latest,1.87,"1.07GiB / 7.737GiB"
1790744503,2026-09-30T14:01:43,idle,external-clickhouse,clickhouse/clickhouse-server:latest,5.81,"1.292GiB / 7.737GiB"
1790744503,2026-09-30T14:01:43,idle,external-kafka,apache/kafka:latest,84.81,"1.106GiB / 7.737GiB"
1790744510,2026-09-30T14:01:50,idle,external-clickhouse,clickhouse/clickhouse-server:latest,7.15,"1.282GiB / 7.737GiB"
1790744510,2026-09-30T14:01:50,idle,external-kafka,apache/kafka:latest,1.91,"1.07GiB / 7.737GiB"
1790744518,2026-09-30T14:01:58,idle,external-clickhouse,clickhouse/clickhouse-server:latest,10.16,"1.288GiB / 7.737GiB"
1790744518,2026-09-30T14:01:58,idle,external-kafka,apache/kafka:latest,2.60,"1.07GiB / 7.737GiB"
1790744525,2026-09-30T14:02:05,idle,external-clickhouse,clickhouse/clickhouse-server:latest,6.48,"1.281GiB / 7.737GiB"
1790744525,2026-09-30T14:02:05,idle,external-kafka,apache/kafka:latest,203.31,"1.13GiB / 7.737GiB"
1790744533,2026-09-30T14:02:13,idle,external-clickhouse,clickhouse/clickhouse-server:latest,7.27,"1.354GiB / 7.737GiB"
1790744533,2026-09-30T14:02:13,idle,external-kafka,apache/kafka:latest,1.75,"1.07GiB / 7.737GiB"
1790744540,2026-09-30T14:02:20,idle,external-clickhouse,clickhouse/clickhouse-server:latest,5.22,"1.287GiB / 7.737GiB"
1790744540,2026-09-30T14:02:20,idle,external-kafka,apache/kafka:latest,2.53,"1.07GiB / 7.737GiB"
1790744547,2026-09-30T14:02:27,idle,external-clickhouse,clickhouse/clickhouse-server:latest,4.73,"1.276GiB / 7.737GiB"
1790744547,2026-09-30T14:02:27,idle,external-kafka,apache/kafka:latest,1.67,"1.07GiB / 7.737GiB"
1790744554,2026-09-30T14:02:34,idle,external-clickhouse,clickhouse/clickhouse-server:latest,5.46,"1.277GiB / 7.737GiB"
1790744554,2026-09-30T14:02:34,idle,external-kafka,apache/kafka:latest,2.19,"1.07GiB / 7.737GiB"
1790744562,2026-09-30T14:02:42,idle,external-clickhouse,clickhouse/clickhouse-server:latest,15.53,"1.274GiB / 7.737GiB"
1790744562,2026-09-30T14:02:42,idle,external-kafka,apache/kafka:latest,77.00,"1.113GiB / 7.737GiB"
1790744569,2026-09-30T14:02:49,idle,external-clickhouse,clickhouse/clickhouse-server:latest,35.85,"1.349GiB / 7.737GiB"
1790744569,2026-09-30T14:02:49,idle,external-kafka,apache/kafka:latest,1.82,"1.07GiB / 7.737GiB"
1790744576,2026-09-30T14:02:56,idle,external-clickhouse,clickhouse/clickhouse-server:latest,16.54,"1.3GiB / 7.737GiB"
1790744576,2026-09-30T14:02:56,idle,external-kafka,apache/kafka:latest,2.06,"1.07GiB / 7.737GiB"
1790744583,2026-09-30T14:03:03,idle,external-clickhouse,clickhouse/clickhouse-server:latest,7.63,"1.281GiB / 7.737GiB"
1790744583,2026-09-30T14:03:03,idle,external-kafka,apache/kafka:latest,3.64,"1.07GiB / 7.737GiB"
1790744591,2026-09-30T14:03:11,idle,external-clickhouse,clickhouse/clickhouse-server:latest,4.86,"1.284GiB / 7.737GiB"
1790744591,2026-09-30T14:03:11,idle,external-kafka,apache/kafka:latest,1.76,"1.07GiB / 7.737GiB"
1790744598,2026-09-30T14:03:18,idle,external-clickhouse,clickhouse/clickhouse-server:latest,6.71,"1.288GiB / 7.737GiB"
1790744598,2026-09-30T14:03:18,idle,external-kafka,apache/kafka:latest,25.82,"1.07GiB / 7.737GiB"
1790744606,2026-09-30T14:03:26,idle,external-clickhouse,clickhouse/clickhouse-server:latest,7.26,"1.29GiB / 7.737GiB"
1790744606,2026-09-30T14:03:26,idle,external-kafka,apache/kafka:latest,1.91,"1.07GiB / 7.737GiB"
1790744613,2026-09-30T14:03:33,idle,external-clickhouse,clickhouse/clickhouse-server:latest,5.05,"1.308GiB / 7.737GiB"
1790744613,2026-09-30T14:03:33,idle,external-kafka,apache/kafka:latest,1.58,"1.07GiB / 7.737GiB"
1790744620,2026-09-30T14:03:40,idle,external-clickhouse,clickhouse/clickhouse-server:latest,3.10,"1.29GiB / 7.737GiB"
1790744620,2026-09-30T14:03:40,idle,external-kafka,apache/kafka:latest,1.96,"1.07GiB / 7.737GiB"
1790744627,2026-09-30T14:03:47,idle,external-clickhouse,clickhouse/clickhouse-server:latest,4.11,"1.292GiB / 7.737GiB"
1790744627,2026-09-30T14:03:47,idle,external-kafka,apache/kafka:latest,2.16,"1.07GiB / 7.737GiB"
1790744634,2026-09-30T14:03:54,idle,external-clickhouse,clickhouse/clickhouse-server:latest,8.01,"1.294GiB / 7.737GiB"
1790744634,2026-09-30T14:03:54,idle,external-kafka,apache/kafka:latest,1.80,"1.07GiB / 7.737GiB"
1790744642,2026-09-30T14:04:02,idle,external-clickhouse,clickhouse/clickhouse-server:latest,3.97,"1.28GiB / 7.737GiB"
1790744642,2026-09-30T14:04:02,idle,external-kafka,apache/kafka:latest,1.77,"1.07GiB / 7.737GiB"
1790744649,2026-09-30T14:04:09,idle,external-clickhouse,clickhouse/clickhouse-server:latest,11.44,"1.354GiB / 7.737GiB"
1790744649,2026-09-30T14:04:09,idle,external-kafka,apache/kafka:latest,2.57,"1.07GiB / 7.737GiB"
1790744655,2026-09-30T14:04:15,idle,external-clickhouse,clickhouse/clickhouse-server:latest,6.56,"1.287GiB / 7.737GiB"
1790744655,2026-09-30T14:04:15,idle,external-kafka,apache/kafka:latest,142.43,"1.152GiB / 7.737GiB"
1790744662,2026-09-30T14:04:22,idle,external-clickhouse,clickhouse/clickhouse-server:latest,5.86,"1.289GiB / 7.737GiB"
1790744662,2026-09-30T14:04:22,idle,external-kafka,apache/kafka:latest,1.64,"1.07GiB / 7.737GiB"
1790744670,2026-09-30T14:04:30,idle,external-clickhouse,clickhouse/clickhouse-server:latest,6.31,"1.288GiB / 7.737GiB"
1790744670,2026-09-30T14:04:30,idle,external-kafka,apache/kafka:latest,1.54,"1.07GiB / 7.737GiB"
1790744677,2026-09-30T14:04:37,idle,external-clickhouse,clickhouse/clickhouse-server:latest,5.76,"1.295GiB / 7.737GiB"
1790744677,2026-09-30T14:04:37,idle,external-kafka,apache/kafka:latest,14.81,"1.078GiB / 7.737GiB"
1790744684,2026-09-30T14:04:44,idle,external-clickhouse,clickhouse/clickhouse-server:latest,15.49,"1.375GiB / 7.737GiB"
1790744684,2026-09-30T14:04:44,idle,external-kafka,apache/kafka:latest,3.42,"1.07GiB / 7.737GiB"
1790744691,2026-09-30T14:04:51,idle,external-clickhouse,clickhouse/clickhouse-server:latest,6.79,"1.277GiB / 7.737GiB"
1790744691,2026-09-30T14:04:51,idle,external-kafka,apache/kafka:latest,1.93,"1.07GiB / 7.737GiB"
1790744699,2026-09-30T14:04:59,idle,external-clickhouse,clickhouse/clickhouse-server:latest,11.76,"1.295GiB / 7.737GiB"
1790744699,2026-09-30T14:04:59,idle,external-kafka,apache/kafka:latest,1.66,"1.07GiB / 7.737GiB"
1790744706,2026-09-30T14:05:06,idle,external-clickhouse,clickhouse/clickhouse-server:latest,8.97,"1.286GiB / 7.737GiB"
1790744706,2026-09-30T14:05:06,idle,external-kafka,apache/kafka:latest,1.77,"1.07GiB / 7.737GiB"
1790744714,2026-09-30T14:05:14,idle,external-clickhouse,clickhouse/clickhouse-server:latest,13.21,"1.294GiB / 7.737GiB"
1790744714,2026-09-30T14:05:14,idle,external-kafka,apache/kafka:latest,1.68,"1.07GiB / 7.737GiB"
1790744721,2026-09-30T14:05:21,idle,external-clickhouse,clickhouse/clickhouse-server:latest,8.59,"1.291GiB / 7.737GiB"
1790744721,2026-09-30T14:05:21,idle,external-kafka,apache/kafka:latest,1.12,"1.07GiB / 7.737GiB"
1790744728,2026-09-30T14:05:28,idle,external-clickhouse,clickhouse/clickhouse-server:latest,5.74,"1.3GiB / 7.737GiB"
1790744728,2026-09-30T14:05:28,idle,external-kafka,apache/kafka:latest,6.69,"1.07GiB / 7.737GiB"
1790744735,2026-09-30T14:05:35,idle,external-clickhouse,clickhouse/clickhouse-server:latest,10.32,"1.282GiB / 7.737GiB"
1790744735,2026-09-30T14:05:35,idle,external-kafka,apache/kafka:latest,163.74,"1.145GiB / 7.737GiB"
1790744743,2026-09-30T14:05:43,idle,external-clickhouse,clickhouse/clickhouse-server:latest,3.98,"1.287GiB / 7.737GiB"
1790744743,2026-09-30T14:05:43,idle,external-kafka,apache/kafka:latest,2.48,"1.07GiB / 7.737GiB"
1790744750,2026-09-30T14:05:50,idle,external-clickhouse,clickhouse/clickhouse-server:latest,7.23,"1.285GiB / 7.737GiB"
1790744750,2026-09-30T14:05:50,idle,external-kafka,apache/kafka:latest,1.74,"1.07GiB / 7.737GiB"
1790744757,2026-09-30T14:05:57,idle,external-clickhouse,clickhouse/clickhouse-server:latest,5.01,"1.285GiB / 7.737GiB"
1790744757,2026-09-30T14:05:57,idle,external-kafka,apache/kafka:latest,2.35,"1.07GiB / 7.737GiB"
1790744764,2026-09-30T14:06:04,idle,external-clickhouse,clickhouse/clickhouse-server:latest,4.94,"1.327GiB / 7.737GiB"
1790744764,2026-09-30T14:06:04,idle,external-kafka,apache/kafka:latest,3.00,"1.07GiB / 7.737GiB"
1790744771,2026-09-30T14:06:11,idle,external-clickhouse,clickhouse/clickhouse-server:latest,6.36,"1.289GiB / 7.737GiB"
1790744771,2026-09-30T14:06:11,idle,external-kafka,apache/kafka:latest,1.59,"1.07GiB / 7.737GiB"
1790744778,2026-09-30T14:06:18,idle,external-clickhouse,clickhouse/clickhouse-server:latest,6.01,"1.301GiB / 7.737GiB"
1790744778,2026-09-30T14:06:18,idle,external-kafka,apache/kafka:latest,2.43,"1.07GiB / 7.737GiB"
1790744786,2026-09-30T14:06:26,idle,external-clickhouse,clickhouse/clickhouse-server:latest,6.15,"1.294GiB / 7.737GiB"
1790744786,2026-09-30T14:06:26,idle,external-kafka,apache/kafka:latest,1.75,"1.07GiB / 7.737GiB"
1790744793,2026-09-30T14:06:33,idle,external-clickhouse,clickhouse/clickhouse-server:latest,3.53,"1.29GiB / 7.737GiB"
1790744793,2026-09-30T14:06:33,idle,external-kafka,apache/kafka:latest,5.00,"1.07GiB / 7.737GiB"
1790744800,2026-09-30T14:06:40,idle,external-clickhouse,clickhouse/clickhouse-server:latest,6.41,"1.353GiB / 7.737GiB"
1790744800,2026-09-30T14:06:40,idle,external-kafka,apache/kafka:latest,2.02,"1.07GiB / 7.737GiB"
1790744807,2026-09-30T14:06:47,idle,external-clickhouse,clickhouse/clickhouse-server:latest,5.48,"1.29GiB / 7.737GiB"
1790744807,2026-09-30T14:06:47,idle,external-kafka,apache/kafka:latest,1.52,"1.07GiB / 7.737GiB"
1790744814,2026-09-30T14:06:54,idle,external-clickhouse,clickhouse/clickhouse-server:latest,5.78,"1.287GiB / 7.737GiB"
1790744814,2026-09-30T14:06:54,idle,external-kafka,apache/kafka:latest,102.46,"1.142GiB / 7.737GiB"
1790744821,2026-09-30T14:07:01,idle,external-clickhouse,clickhouse/clickhouse-server:latest,7.70,"1.284GiB / 7.737GiB"
1790744821,2026-09-30T14:07:01,idle,external-kafka,apache/kafka:latest,1.59,"1.07GiB / 7.737GiB"
1790744829,2026-09-30T14:07:09,idle,external-clickhouse,clickhouse/clickhouse-server:latest,4.93,"1.278GiB / 7.737GiB"
1790744829,2026-09-30T14:07:09,idle,external-kafka,apache/kafka:latest,1.61,"1.07GiB / 7.737GiB"
1790744836,2026-09-30T14:07:16,idle,external-clickhouse,clickhouse/clickhouse-server:latest,11.20,"1.353GiB / 7.737GiB"
1790744836,2026-09-30T14:07:16,idle,external-kafka,apache/kafka:latest,1.40,"1.07GiB / 7.737GiB"
1790744843,2026-09-30T14:07:23,idle,external-clickhouse,clickhouse/clickhouse-server:latest,13.18,"1.276GiB / 7.737GiB"
1790744843,2026-09-30T14:07:23,idle,external-kafka,apache/kafka:latest,2.58,"1.07GiB / 7.737GiB"
1790744850,2026-09-30T14:07:30,idle,external-clickhouse,clickhouse/clickhouse-server:latest,11.69,"1.284GiB / 7.737GiB"
1790744850,2026-09-30T14:07:30,idle,external-kafka,apache/kafka:latest,1.78,"1.07GiB / 7.737GiB"
1790744857,2026-09-30T14:07:37,idle,external-clickhouse,clickhouse/clickhouse-server:latest,12.53,"1.273GiB / 7.737GiB"
1790744857,2026-09-30T14:07:37,idle,external-kafka,apache/kafka:latest,1.55,"1.07GiB / 7.737GiB"
1790744864,2026-09-30T14:07:44,idle,external-clickhouse,clickhouse/clickhouse-server:latest,14.87,"1.275GiB / 7.737GiB"
1790744864,2026-09-30T14:07:44,idle,external-kafka,apache/kafka:latest,2.03,"1.07GiB / 7.737GiB"
1790744872,2026-09-30T14:07:52,idle,external-clickhouse,clickhouse/clickhouse-server:latest,8.43,"1.269GiB / 7.737GiB"
1790744872,2026-09-30T14:07:52,idle,external-kafka,apache/kafka:latest,2.18,"1.07GiB / 7.737GiB"
1790744879,2026-09-30T14:07:59,idle,external-clickhouse,clickhouse/clickhouse-server:latest,10.52,"1.28GiB / 7.737GiB"
1790744879,2026-09-30T14:07:59,idle,external-kafka,apache/kafka:latest,1.87,"1.07GiB / 7.737GiB"
1790744886,2026-09-30T14:08:06,idle,external-clickhouse,clickhouse/clickhouse-server:latest,6.07,"1.278GiB / 7.737GiB"
1790744886,2026-09-30T14:08:06,idle,external-kafka,apache/kafka:latest,1.96,"1.07GiB / 7.737GiB"
1790744893,2026-09-30T14:08:13,idle,external-clickhouse,clickhouse/clickhouse-server:latest,4.91,"1.268GiB / 7.737GiB"
1790744893,2026-09-30T14:08:13,idle,external-kafka,apache/kafka:latest,28.83,"1.07GiB / 7.737GiB"
1790744900,2026-09-30T14:08:20,idle,external-clickhouse,clickhouse/clickhouse-server:latest,5.03,"1.275GiB / 7.737GiB"
1790744900,2026-09-30T14:08:20,idle,external-kafka,apache/kafka:latest,2.20,"1.07GiB / 7.737GiB"
1790744907,2026-09-30T14:08:27,idle,external-clickhouse,clickhouse/clickhouse-server:latest,5.12,"1.275GiB / 7.737GiB"
1790744907,2026-09-30T14:08:27,idle,external-kafka,apache/kafka:latest,2.14,"1.07GiB / 7.737GiB"
1790744915,2026-09-30T14:08:35,idle,external-clickhouse,clickhouse/clickhouse-server:latest,6.46,"1.277GiB / 7.737GiB"
1790744915,2026-09-30T14:08:35,idle,external-kafka,apache/kafka:latest,141.43,"1.152GiB / 7.737GiB"
1790744922,2026-09-30T14:08:42,idle,external-clickhouse,clickhouse/clickhouse-server:latest,6.97,"1.293GiB / 7.737GiB"
1790744922,2026-09-30T14:08:42,idle,external-kafka,apache/kafka:latest,1.66,"1.07GiB / 7.737GiB"
1790744929,2026-09-30T14:08:49,idle,external-clickhouse,clickhouse/clickhouse-server:latest,5.44,"1.28GiB / 7.737GiB"
1790744929,2026-09-30T14:08:49,idle,external-kafka,apache/kafka:latest,3.64,"1.07GiB / 7.737GiB"
1790744936,2026-09-30T14:08:56,idle,external-clickhouse,clickhouse/clickhouse-server:latest,3.33,"1.278GiB / 7.737GiB"
1790744936,2026-09-30T14:08:56,idle,external-kafka,apache/kafka:latest,1.68,"1.07GiB / 7.737GiB"
1790744943,2026-09-30T14:09:03,idle,external-clickhouse,clickhouse/clickhouse-server:latest,5.89,"1.284GiB / 7.737GiB"
1790744943,2026-09-30T14:09:03,idle,external-kafka,apache/kafka:latest,1.55,"1.07GiB / 7.737GiB"
1790744950,2026-09-30T14:09:10,idle,external-clickhouse,clickhouse/clickhouse-server:latest,4.66,"1.35GiB / 7.737GiB"
1790744950,2026-09-30T14:09:10,idle,external-kafka,apache/kafka:latest,1.92,"1.07GiB / 7.737GiB"
1790744958,2026-09-30T14:09:18,idle,external-clickhouse,clickhouse/clickhouse-server:latest,4.56,"1.274GiB / 7.737GiB"
1790744958,2026-09-30T14:09:18,idle,external-kafka,apache/kafka:latest,1.26,"1.07GiB / 7.737GiB"
1790744965,2026-09-30T14:09:25,idle,external-clickhouse,clickhouse/clickhouse-server:latest,5.98,"1.284GiB / 7.737GiB"
1790744965,2026-09-30T14:09:25,idle,external-kafka,apache/kafka:latest,1.05,"1.07GiB / 7.737GiB"
1790744972,2026-09-30T14:09:32,idle,external-clickhouse,clickhouse/clickhouse-server:latest,6.90,"1.284GiB / 7.737GiB"
1790744972,2026-09-30T14:09:32,idle,external-kafka,apache/kafka:latest,1.61,"1.07GiB / 7.737GiB"
1790744979,2026-09-30T14:09:39,idle,external-clickhouse,clickhouse/clickhouse-server:latest,8.68,"1.28GiB / 7.737GiB"
1790744979,2026-09-30T14:09:39,idle,external-kafka,apache/kafka:latest,1.73,"1.07GiB / 7.737GiB"
1790744986,2026-09-30T14:09:46,idle,external-clickhouse,clickhouse/clickhouse-server:latest,36.84,"1.361GiB / 7.737GiB"
1790744986,2026-09-30T14:09:46,idle,external-kafka,apache/kafka:latest,1.99,"1.07GiB / 7.737GiB"
1790744994,2026-09-30T14:09:54,Q7AcceptLatencyBenchmark.fsync*,angry_wing,postgres:16,6.44,"29.7MiB / 7.737GiB"
1790744994,2026-09-30T14:09:54,Q7AcceptLatencyBenchmark.fsync*,beautiful_goldberg,apache/kafka:4.3.1,20.57,"301.8MiB / 7.737GiB"
1790744994,2026-09-30T14:09:54,Q7AcceptLatencyBenchmark.fsync*,testcontainers-ryuk-7409d824-e42c-4e70-99f1-24442a1b266e,testcontainers/ryuk:0.14.0,0.00,"9MiB / 7.737GiB"
1790744994,2026-09-30T14:09:54,Q7AcceptLatencyBenchmark.fsync*,external-clickhouse,clickhouse/clickhouse-server:latest,14.74,"1.318GiB / 7.737GiB"
1790744994,2026-09-30T14:09:54,Q7AcceptLatencyBenchmark.fsync*,external-kafka,apache/kafka:latest,1.49,"1.07GiB / 7.737GiB"
1790745001,2026-09-30T14:10:01,Q7AcceptLatencyBenchmark.fsync*,angry_wing,postgres:16,12.51,"30.87MiB / 7.737GiB"
1790745001,2026-09-30T14:10:01,Q7AcceptLatencyBenchmark.fsync*,beautiful_goldberg,apache/kafka:4.3.1,60.14,"346MiB / 7.737GiB"
1790745001,2026-09-30T14:10:01,Q7AcceptLatencyBenchmark.fsync*,testcontainers-ryuk-7409d824-e42c-4e70-99f1-24442a1b266e,testcontainers/ryuk:0.14.0,0.00,"9MiB / 7.737GiB"
1790745001,2026-09-30T14:10:01,Q7AcceptLatencyBenchmark.fsync*,external-clickhouse,clickhouse/clickhouse-server:latest,8.42,"1.281GiB / 7.737GiB"
1790745001,2026-09-30T14:10:01,Q7AcceptLatencyBenchmark.fsync*,external-kafka,apache/kafka:latest,0.74,"1.07GiB / 7.737GiB"
1790745008,2026-09-30T14:10:08,Q7AcceptLatencyBenchmark.fsync*,angry_wing,postgres:16,7.01,"31.88MiB / 7.737GiB"
1790745008,2026-09-30T14:10:08,Q7AcceptLatencyBenchmark.fsync*,beautiful_goldberg,apache/kafka:4.3.1,51.40,"427.6MiB / 7.737GiB"
1790745008,2026-09-30T14:10:08,Q7AcceptLatencyBenchmark.fsync*,testcontainers-ryuk-7409d824-e42c-4e70-99f1-24442a1b266e,testcontainers/ryuk:0.14.0,0.00,"9MiB / 7.737GiB"
1790745008,2026-09-30T14:10:08,Q7AcceptLatencyBenchmark.fsync*,external-clickhouse,clickhouse/clickhouse-server:latest,5.02,"1.274GiB / 7.737GiB"
1790745008,2026-09-30T14:10:08,Q7AcceptLatencyBenchmark.fsync*,external-kafka,apache/kafka:latest,1.27,"1.07GiB / 7.737GiB"
1790745015,2026-09-30T14:10:15,Q7AcceptLatencyBenchmark.fsync*,angry_wing,postgres:16,7.85,"32.38MiB / 7.737GiB"
1790745015,2026-09-30T14:10:15,Q7AcceptLatencyBenchmark.fsync*,beautiful_goldberg,apache/kafka:4.3.1,33.24,"527.7MiB / 7.737GiB"
1790745015,2026-09-30T14:10:15,Q7AcceptLatencyBenchmark.fsync*,testcontainers-ryuk-7409d824-e42c-4e70-99f1-24442a1b266e,testcontainers/ryuk:0.14.0,0.00,"9MiB / 7.737GiB"
1790745015,2026-09-30T14:10:15,Q7AcceptLatencyBenchmark.fsync*,external-clickhouse,clickhouse/clickhouse-server:latest,2.94,"1.278GiB / 7.737GiB"
1790745015,2026-09-30T14:10:15,Q7AcceptLatencyBenchmark.fsync*,external-kafka,apache/kafka:latest,90.78,"1.123GiB / 7.737GiB"
1790745022,2026-09-30T14:10:22,Q7AcceptLatencyBenchmark.fsync*,angry_wing,postgres:16,13.19,"32.66MiB / 7.737GiB"
1790745022,2026-09-30T14:10:22,Q7AcceptLatencyBenchmark.fsync*,beautiful_goldberg,apache/kafka:4.3.1,40.79,"607.9MiB / 7.737GiB"
1790745022,2026-09-30T14:10:22,Q7AcceptLatencyBenchmark.fsync*,testcontainers-ryuk-7409d824-e42c-4e70-99f1-24442a1b266e,testcontainers/ryuk:0.14.0,0.00,"9MiB / 7.737GiB"
1790745022,2026-09-30T14:10:22,Q7AcceptLatencyBenchmark.fsync*,external-clickhouse,clickhouse/clickhouse-server:latest,4.90,"1.284GiB / 7.737GiB"
1790745022,2026-09-30T14:10:22,Q7AcceptLatencyBenchmark.fsync*,external-kafka,apache/kafka:latest,2.21,"1.07GiB / 7.737GiB"
1790745029,2026-09-30T14:10:29,Q7AcceptLatencyBenchmark.fsync*,angry_wing,postgres:16,16.97,"32.47MiB / 7.737GiB"
1790745029,2026-09-30T14:10:29,Q7AcceptLatencyBenchmark.fsync*,beautiful_goldberg,apache/kafka:4.3.1,30.93,"603.2MiB / 7.737GiB"
1790745029,2026-09-30T14:10:29,Q7AcceptLatencyBenchmark.fsync*,testcontainers-ryuk-7409d824-e42c-4e70-99f1-24442a1b266e,testcontainers/ryuk:0.14.0,0.00,"9MiB / 7.737GiB"
1790745029,2026-09-30T14:10:29,Q7AcceptLatencyBenchmark.fsync*,external-clickhouse,clickhouse/clickhouse-server:latest,9.58,"1.319GiB / 7.737GiB"
1790745029,2026-09-30T14:10:29,Q7AcceptLatencyBenchmark.fsync*,external-kafka,apache/kafka:latest,0.74,"1.07GiB / 7.737GiB"
1790745037,2026-09-30T14:10:37,Q7AcceptLatencyBenchmark.fsync*,angry_wing,postgres:16,4.41,"32.54MiB / 7.737GiB"
1790745037,2026-09-30T14:10:37,Q7AcceptLatencyBenchmark.fsync*,beautiful_goldberg,apache/kafka:4.3.1,18.06,"603.9MiB / 7.737GiB"
1790745037,2026-09-30T14:10:37,Q7AcceptLatencyBenchmark.fsync*,testcontainers-ryuk-7409d824-e42c-4e70-99f1-24442a1b266e,testcontainers/ryuk:0.14.0,0.00,"9MiB / 7.737GiB"
1790745037,2026-09-30T14:10:37,Q7AcceptLatencyBenchmark.fsync*,external-clickhouse,clickhouse/clickhouse-server:latest,7.86,"1.296GiB / 7.737GiB"
1790745037,2026-09-30T14:10:37,Q7AcceptLatencyBenchmark.fsync*,external-kafka,apache/kafka:latest,98.15,"1.124GiB / 7.737GiB"
1790745044,2026-09-30T14:10:44,Q7AcceptLatencyBenchmark.fsync*,angry_wing,postgres:16,2.85,"32.66MiB / 7.737GiB"
1790745044,2026-09-30T14:10:44,Q7AcceptLatencyBenchmark.fsync*,beautiful_goldberg,apache/kafka:4.3.1,12.65,"603.5MiB / 7.737GiB"
1790745044,2026-09-30T14:10:44,Q7AcceptLatencyBenchmark.fsync*,testcontainers-ryuk-7409d824-e42c-4e70-99f1-24442a1b266e,testcontainers/ryuk:0.14.0,0.00,"9MiB / 7.737GiB"
1790745044,2026-09-30T14:10:44,Q7AcceptLatencyBenchmark.fsync*,external-clickhouse,clickhouse/clickhouse-server:latest,4.79,"1.285GiB / 7.737GiB"
1790745044,2026-09-30T14:10:44,Q7AcceptLatencyBenchmark.fsync*,external-kafka,apache/kafka:latest,1.58,"1.07GiB / 7.737GiB"
1790745052,2026-09-30T14:10:52,Q7AcceptLatencyBenchmark.fsync*,angry_wing,postgres:16,15.90,"34.69MiB / 7.737GiB"
1790745052,2026-09-30T14:10:52,Q7AcceptLatencyBenchmark.fsync*,beautiful_goldberg,apache/kafka:4.3.1,3.14,"697.5MiB / 7.737GiB"
1790745052,2026-09-30T14:10:52,Q7AcceptLatencyBenchmark.fsync*,testcontainers-ryuk-7409d824-e42c-4e70-99f1-24442a1b266e,testcontainers/ryuk:0.14.0,0.00,"9MiB / 7.737GiB"
1790745052,2026-09-30T14:10:52,Q7AcceptLatencyBenchmark.fsync*,external-clickhouse,clickhouse/clickhouse-server:latest,3.39,"1.287GiB / 7.737GiB"
1790745052,2026-09-30T14:10:52,Q7AcceptLatencyBenchmark.fsync*,external-kafka,apache/kafka:latest,0.81,"1.07GiB / 7.737GiB"
1790745059,2026-09-30T14:10:59,Q7AcceptLatencyBenchmark.fsync*,angry_wing,postgres:16,6.09,"36.89MiB / 7.737GiB"
1790745059,2026-09-30T14:10:59,Q7AcceptLatencyBenchmark.fsync*,beautiful_goldberg,apache/kafka:4.3.1,4.82,"700.9MiB / 7.737GiB"
1790745059,2026-09-30T14:10:59,Q7AcceptLatencyBenchmark.fsync*,testcontainers-ryuk-7409d824-e42c-4e70-99f1-24442a1b266e,testcontainers/ryuk:0.14.0,0.00,"9MiB / 7.737GiB"
1790745059,2026-09-30T14:10:59,Q7AcceptLatencyBenchmark.fsync*,external-clickhouse,clickhouse/clickhouse-server:latest,7.56,"1.277GiB / 7.737GiB"
1790745059,2026-09-30T14:10:59,Q7AcceptLatencyBenchmark.fsync*,external-kafka,apache/kafka:latest,25.89,"1.096GiB / 7.737GiB"
1790745066,2026-09-30T14:11:06,Q7AcceptLatencyBenchmark.fsync*,angry_wing,postgres:16,19.07,"37MiB / 7.737GiB"
1790745066,2026-09-30T14:11:06,Q7AcceptLatencyBenchmark.fsync*,beautiful_goldberg,apache/kafka:4.3.1,41.45,"711.5MiB / 7.737GiB"
1790745066,2026-09-30T14:11:06,Q7AcceptLatencyBenchmark.fsync*,testcontainers-ryuk-7409d824-e42c-4e70-99f1-24442a1b266e,testcontainers/ryuk:0.14.0,0.00,"9MiB / 7.737GiB"
1790745066,2026-09-30T14:11:06,Q7AcceptLatencyBenchmark.fsync*,external-clickhouse,clickhouse/clickhouse-server:latest,6.34,"1.348GiB / 7.737GiB"
1790745066,2026-09-30T14:11:06,Q7AcceptLatencyBenchmark.fsync*,external-kafka,apache/kafka:latest,0.81,"1.07GiB / 7.737GiB"
1790745074,2026-09-30T14:11:14,Q7AcceptLatencyBenchmark.fsync*,angry_wing,postgres:16,18.38,"37.8MiB / 7.737GiB"
1790745074,2026-09-30T14:11:14,Q7AcceptLatencyBenchmark.fsync*,beautiful_goldberg,apache/kafka:4.3.1,0.96,"898.8MiB / 7.737GiB"
1790745074,2026-09-30T14:11:14,Q7AcceptLatencyBenchmark.fsync*,testcontainers-ryuk-7409d824-e42c-4e70-99f1-24442a1b266e,testcontainers/ryuk:0.14.0,0.00,"9MiB / 7.737GiB"
1790745074,2026-09-30T14:11:14,Q7AcceptLatencyBenchmark.fsync*,external-clickhouse,clickhouse/clickhouse-server:latest,2.34,"1.273GiB / 7.737GiB"
1790745074,2026-09-30T14:11:14,Q7AcceptLatencyBenchmark.fsync*,external-kafka,apache/kafka:latest,0.94,"1.07GiB / 7.737GiB"
1790745081,2026-09-30T14:11:21,Q7AcceptLatencyBenchmark.fsync*,angry_wing,postgres:16,16.75,"40.09MiB / 7.737GiB"
1790745081,2026-09-30T14:11:21,Q7AcceptLatencyBenchmark.fsync*,beautiful_goldberg,apache/kafka:4.3.1,1.53,"898.4MiB / 7.737GiB"
1790745081,2026-09-30T14:11:21,Q7AcceptLatencyBenchmark.fsync*,testcontainers-ryuk-7409d824-e42c-4e70-99f1-24442a1b266e,testcontainers/ryuk:0.14.0,0.00,"9MiB / 7.737GiB"
1790745081,2026-09-30T14:11:21,Q7AcceptLatencyBenchmark.fsync*,external-clickhouse,clickhouse/clickhouse-server:latest,2.54,"1.282GiB / 7.737GiB"
1790745081,2026-09-30T14:11:21,Q7AcceptLatencyBenchmark.fsync*,external-kafka,apache/kafka:latest,0.84,"1.07GiB / 7.737GiB"
1790745088,2026-09-30T14:11:28,Q7AcceptLatencyBenchmark.fsync*,angry_wing,postgres:16,9.71,"41.28MiB / 7.737GiB"
1790745088,2026-09-30T14:11:28,Q7AcceptLatencyBenchmark.fsync*,beautiful_goldberg,apache/kafka:4.3.1,1.59,"898.3MiB / 7.737GiB"
1790745088,2026-09-30T14:11:28,Q7AcceptLatencyBenchmark.fsync*,testcontainers-ryuk-7409d824-e42c-4e70-99f1-24442a1b266e,testcontainers/ryuk:0.14.0,0.00,"9MiB / 7.737GiB"
1790745088,2026-09-30T14:11:28,Q7AcceptLatencyBenchmark.fsync*,external-clickhouse,clickhouse/clickhouse-server:latest,3.69,"1.279GiB / 7.737GiB"
1790745088,2026-09-30T14:11:28,Q7AcceptLatencyBenchmark.fsync*,external-kafka,apache/kafka:latest,1.29,"1.07GiB / 7.737GiB"
1790745095,2026-09-30T14:11:35,Q7AcceptLatencyBenchmark.fsync*,angry_wing,postgres:16,5.23,"42.24MiB / 7.737GiB"
1790745095,2026-09-30T14:11:35,Q7AcceptLatencyBenchmark.fsync*,beautiful_goldberg,apache/kafka:4.3.1,17.62,"898.6MiB / 7.737GiB"
1790745095,2026-09-30T14:11:35,Q7AcceptLatencyBenchmark.fsync*,testcontainers-ryuk-7409d824-e42c-4e70-99f1-24442a1b266e,testcontainers/ryuk:0.14.0,0.00,"9MiB / 7.737GiB"
1790745095,2026-09-30T14:11:35,Q7AcceptLatencyBenchmark.fsync*,external-clickhouse,clickhouse/clickhouse-server:latest,7.73,"1.285GiB / 7.737GiB"
1790745095,2026-09-30T14:11:35,Q7AcceptLatencyBenchmark.fsync*,external-kafka,apache/kafka:latest,183.05,"1.138GiB / 7.737GiB"
1790745104,2026-09-30T14:11:44,Q7AcceptLatencyBenchmark.fsync*,angry_wing,postgres:16,5.56,"42.29MiB / 7.737GiB"
1790745104,2026-09-30T14:11:44,Q7AcceptLatencyBenchmark.fsync*,beautiful_goldberg,apache/kafka:4.3.1,11.70,"905.6MiB / 7.737GiB"
1790745104,2026-09-30T14:11:44,Q7AcceptLatencyBenchmark.fsync*,testcontainers-ryuk-7409d824-e42c-4e70-99f1-24442a1b266e,testcontainers/ryuk:0.14.0,0.00,"9MiB / 7.737GiB"
1790745104,2026-09-30T14:11:44,Q7AcceptLatencyBenchmark.fsync*,external-clickhouse,clickhouse/clickhouse-server:latest,3.28,"1.319GiB / 7.737GiB"
1790745104,2026-09-30T14:11:44,Q7AcceptLatencyBenchmark.fsync*,external-kafka,apache/kafka:latest,1.10,"1.07GiB / 7.737GiB"
1790745112,2026-09-30T14:11:52,Q7AcceptLatencyBenchmark.fsync*,angry_wing,postgres:16,11.33,"42.3MiB / 7.737GiB"
1790745112,2026-09-30T14:11:52,Q7AcceptLatencyBenchmark.fsync*,beautiful_goldberg,apache/kafka:4.3.1,23.12,"899.7MiB / 7.737GiB"
1790745112,2026-09-30T14:11:52,Q7AcceptLatencyBenchmark.fsync*,testcontainers-ryuk-7409d824-e42c-4e70-99f1-24442a1b266e,testcontainers/ryuk:0.14.0,0.00,"9MiB / 7.737GiB"
1790745112,2026-09-30T14:11:52,Q7AcceptLatencyBenchmark.fsync*,external-clickhouse,clickhouse/clickhouse-server:latest,2.82,"1.288GiB / 7.737GiB"
1790745112,2026-09-30T14:11:52,Q7AcceptLatencyBenchmark.fsync*,external-kafka,apache/kafka:latest,0.56,"1.07GiB / 7.737GiB"
1790745119,2026-09-30T14:11:59,Q7AcceptLatencyBenchmark.fsync*,angry_wing,postgres:16,10.76,"42.81MiB / 7.737GiB"
1790745119,2026-09-30T14:11:59,Q7AcceptLatencyBenchmark.fsync*,beautiful_goldberg,apache/kafka:4.3.1,22.68,"902.6MiB / 7.737GiB"
1790745119,2026-09-30T14:11:59,Q7AcceptLatencyBenchmark.fsync*,testcontainers-ryuk-7409d824-e42c-4e70-99f1-24442a1b266e,testcontainers/ryuk:0.14.0,0.00,"9MiB / 7.737GiB"
1790745119,2026-09-30T14:11:59,Q7AcceptLatencyBenchmark.fsync*,external-clickhouse,clickhouse/clickhouse-server:latest,2.07,"1.266GiB / 7.737GiB"
1790745119,2026-09-30T14:11:59,Q7AcceptLatencyBenchmark.fsync*,external-kafka,apache/kafka:latest,122.39,"1.151GiB / 7.737GiB"
1790745126,2026-09-30T14:12:06,Q7AcceptLatencyBenchmark.fsync*,angry_wing,postgres:16,18.96,"42.86MiB / 7.737GiB"
1790745126,2026-09-30T14:12:06,Q7AcceptLatencyBenchmark.fsync*,beautiful_goldberg,apache/kafka:4.3.1,10.84,"904.2MiB / 7.737GiB"
1790745126,2026-09-30T14:12:06,Q7AcceptLatencyBenchmark.fsync*,testcontainers-ryuk-7409d824-e42c-4e70-99f1-24442a1b266e,testcontainers/ryuk:0.14.0,0.00,"9MiB / 7.737GiB"
1790745126,2026-09-30T14:12:06,Q7AcceptLatencyBenchmark.fsync*,external-clickhouse,clickhouse/clickhouse-server:latest,2.12,"1.273GiB / 7.737GiB"
1790745126,2026-09-30T14:12:06,Q7AcceptLatencyBenchmark.fsync*,external-kafka,apache/kafka:latest,0.63,"1.07GiB / 7.737GiB"
1790745133,2026-09-30T14:12:13,Q7AcceptLatencyBenchmark.fsync*,angry_wing,postgres:16,4.54,"42.9MiB / 7.737GiB"
1790745133,2026-09-30T14:12:13,Q7AcceptLatencyBenchmark.fsync*,beautiful_goldberg,apache/kafka:4.3.1,15.83,"901.6MiB / 7.737GiB"
1790745133,2026-09-30T14:12:13,Q7AcceptLatencyBenchmark.fsync*,testcontainers-ryuk-7409d824-e42c-4e70-99f1-24442a1b266e,testcontainers/ryuk:0.14.0,0.00,"9MiB / 7.737GiB"
1790745133,2026-09-30T14:12:13,Q7AcceptLatencyBenchmark.fsync*,external-clickhouse,clickhouse/clickhouse-server:latest,3.96,"1.266GiB / 7.737GiB"
1790745133,2026-09-30T14:12:13,Q7AcceptLatencyBenchmark.fsync*,external-kafka,apache/kafka:latest,0.87,"1.07GiB / 7.737GiB"
1790745140,2026-09-30T14:12:20,Q7AcceptLatencyBenchmark.fsync*,angry_wing,postgres:16,9.51,"42.96MiB / 7.737GiB"
1790745140,2026-09-30T14:12:20,Q7AcceptLatencyBenchmark.fsync*,beautiful_goldberg,apache/kafka:4.3.1,1.38,"901.5MiB / 7.737GiB"
1790745140,2026-09-30T14:12:20,Q7AcceptLatencyBenchmark.fsync*,testcontainers-ryuk-7409d824-e42c-4e70-99f1-24442a1b266e,testcontainers/ryuk:0.14.0,0.00,"9MiB / 7.737GiB"
1790745140,2026-09-30T14:12:20,Q7AcceptLatencyBenchmark.fsync*,external-clickhouse,clickhouse/clickhouse-server:latest,2.27,"1.347GiB / 7.737GiB"
1790745140,2026-09-30T14:12:20,Q7AcceptLatencyBenchmark.fsync*,external-kafka,apache/kafka:latest,19.00,"1.093GiB / 7.737GiB"
1790745148,2026-09-30T14:12:28,Q7AcceptLatencyBenchmark.fsync*,angry_wing,postgres:16,12.04,"43.39MiB / 7.737GiB"
1790745148,2026-09-30T14:12:28,Q7AcceptLatencyBenchmark.fsync*,beautiful_goldberg,apache/kafka:4.3.1,43.55,"906.4MiB / 7.737GiB"
1790745148,2026-09-30T14:12:28,Q7AcceptLatencyBenchmark.fsync*,testcontainers-ryuk-7409d824-e42c-4e70-99f1-24442a1b266e,testcontainers/ryuk:0.14.0,0.00,"9MiB / 7.737GiB"
1790745148,2026-09-30T14:12:28,Q7AcceptLatencyBenchmark.fsync*,external-clickhouse,clickhouse/clickhouse-server:latest,3.29,"1.276GiB / 7.737GiB"
1790745148,2026-09-30T14:12:28,Q7AcceptLatencyBenchmark.fsync*,external-kafka,apache/kafka:latest,0.82,"1.07GiB / 7.737GiB"
1790745155,2026-09-30T14:12:35,Q7AcceptLatencyBenchmark.fsync*,angry_wing,postgres:16,17.68,"43.45MiB / 7.737GiB"
1790745155,2026-09-30T14:12:35,Q7AcceptLatencyBenchmark.fsync*,beautiful_goldberg,apache/kafka:4.3.1,25.59,"907.5MiB / 7.737GiB"
1790745155,2026-09-30T14:12:35,Q7AcceptLatencyBenchmark.fsync*,testcontainers-ryuk-7409d824-e42c-4e70-99f1-24442a1b266e,testcontainers/ryuk:0.14.0,0.00,"9MiB / 7.737GiB"
1790745155,2026-09-30T14:12:35,Q7AcceptLatencyBenchmark.fsync*,external-clickhouse,clickhouse/clickhouse-server:latest,3.09,"1.269GiB / 7.737GiB"
1790745155,2026-09-30T14:12:35,Q7AcceptLatencyBenchmark.fsync*,external-kafka,apache/kafka:latest,1.23,"1.07GiB / 7.737GiB"
1790745162,2026-09-30T14:12:42,Q7AcceptLatencyBenchmark.fsync*,angry_wing,postgres:16,6.38,"43.52MiB / 7.737GiB"
1790745162,2026-09-30T14:12:42,Q7AcceptLatencyBenchmark.fsync*,beautiful_goldberg,apache/kafka:4.3.1,2.33,"907.4MiB / 7.737GiB"
1790745162,2026-09-30T14:12:42,Q7AcceptLatencyBenchmark.fsync*,testcontainers-ryuk-7409d824-e42c-4e70-99f1-24442a1b266e,testcontainers/ryuk:0.14.0,0.00,"9MiB / 7.737GiB"
1790745162,2026-09-30T14:12:42,Q7AcceptLatencyBenchmark.fsync*,external-clickhouse,clickhouse/clickhouse-server:latest,2.78,"1.279GiB / 7.737GiB"
1790745162,2026-09-30T14:12:42,Q7AcceptLatencyBenchmark.fsync*,external-kafka,apache/kafka:latest,0.86,"1.07GiB / 7.737GiB"
1790745169,2026-09-30T14:12:49,Q7AcceptLatencyBenchmark.fsync*,angry_wing,postgres:16,8.09,"44.87MiB / 7.737GiB"
1790745169,2026-09-30T14:12:49,Q7AcceptLatencyBenchmark.fsync*,beautiful_goldberg,apache/kafka:4.3.1,1.31,"906.9MiB / 7.737GiB"
1790745169,2026-09-30T14:12:49,Q7AcceptLatencyBenchmark.fsync*,testcontainers-ryuk-7409d824-e42c-4e70-99f1-24442a1b266e,testcontainers/ryuk:0.14.0,0.00,"9MiB / 7.737GiB"
1790745169,2026-09-30T14:12:49,Q7AcceptLatencyBenchmark.fsync*,external-clickhouse,clickhouse/clickhouse-server:latest,6.51,"1.277GiB / 7.737GiB"
1790745169,2026-09-30T14:12:49,Q7AcceptLatencyBenchmark.fsync*,external-kafka,apache/kafka:latest,0.92,"1.07GiB / 7.737GiB"
1790745177,2026-09-30T14:12:57,Q7AcceptLatencyBenchmark.fsync*,angry_wing,postgres:16,5.93,"46.36MiB / 7.737GiB"
1790745177,2026-09-30T14:12:57,Q7AcceptLatencyBenchmark.fsync*,beautiful_goldberg,apache/kafka:4.3.1,16.87,"907.4MiB / 7.737GiB"
1790745177,2026-09-30T14:12:57,Q7AcceptLatencyBenchmark.fsync*,testcontainers-ryuk-7409d824-e42c-4e70-99f1-24442a1b266e,testcontainers/ryuk:0.14.0,0.00,"9MiB / 7.737GiB"
1790745177,2026-09-30T14:12:57,Q7AcceptLatencyBenchmark.fsync*,external-clickhouse,clickhouse/clickhouse-server:latest,3.14,"1.356GiB / 7.737GiB"
1790745177,2026-09-30T14:12:57,Q7AcceptLatencyBenchmark.fsync*,external-kafka,apache/kafka:latest,48.90,"1.07GiB / 7.737GiB"
1790745184,2026-09-30T14:13:04,Q7AcceptLatencyBenchmark.fsync*,angry_wing,postgres:16,9.71,"46.38MiB / 7.737GiB"
1790745184,2026-09-30T14:13:04,Q7AcceptLatencyBenchmark.fsync*,beautiful_goldberg,apache/kafka:4.3.1,17.12,"907.5MiB / 7.737GiB"
1790745184,2026-09-30T14:13:04,Q7AcceptLatencyBenchmark.fsync*,testcontainers-ryuk-7409d824-e42c-4e70-99f1-24442a1b266e,testcontainers/ryuk:0.14.0,0.00,"9MiB / 7.737GiB"
1790745184,2026-09-30T14:13:04,Q7AcceptLatencyBenchmark.fsync*,external-clickhouse,clickhouse/clickhouse-server:latest,5.35,"1.279GiB / 7.737GiB"
1790745184,2026-09-30T14:13:04,Q7AcceptLatencyBenchmark.fsync*,external-kafka,apache/kafka:latest,1.19,"1.07GiB / 7.737GiB"
1790745191,2026-09-30T14:13:11,Q7AcceptLatencyBenchmark.fsync*,angry_wing,postgres:16,14.08,"46.4MiB / 7.737GiB"
1790745191,2026-09-30T14:13:11,Q7AcceptLatencyBenchmark.fsync*,beautiful_goldberg,apache/kafka:4.3.1,27.53,"912.1MiB / 7.737GiB"
1790745191,2026-09-30T14:13:11,Q7AcceptLatencyBenchmark.fsync*,testcontainers-ryuk-7409d824-e42c-4e70-99f1-24442a1b266e,testcontainers/ryuk:0.14.0,0.00,"9MiB / 7.737GiB"
1790745191,2026-09-30T14:13:11,Q7AcceptLatencyBenchmark.fsync*,external-clickhouse,clickhouse/clickhouse-server:latest,2.05,"1.277GiB / 7.737GiB"
1790745191,2026-09-30T14:13:11,Q7AcceptLatencyBenchmark.fsync*,external-kafka,apache/kafka:latest,0.57,"1.07GiB / 7.737GiB"
1790745199,2026-09-30T14:13:19,Q7AcceptLatencyBenchmark.fsync*,angry_wing,postgres:16,10.53,"46.43MiB / 7.737GiB"
1790745199,2026-09-30T14:13:19,Q7AcceptLatencyBenchmark.fsync*,beautiful_goldberg,apache/kafka:4.3.1,19.29,"909.3MiB / 7.737GiB"
1790745199,2026-09-30T14:13:19,Q7AcceptLatencyBenchmark.fsync*,testcontainers-ryuk-7409d824-e42c-4e70-99f1-24442a1b266e,testcontainers/ryuk:0.14.0,0.00,"9MiB / 7.737GiB"
1790745199,2026-09-30T14:13:19,Q7AcceptLatencyBenchmark.fsync*,external-clickhouse,clickhouse/clickhouse-server:latest,4.46,"1.277GiB / 7.737GiB"
1790745199,2026-09-30T14:13:19,Q7AcceptLatencyBenchmark.fsync*,external-kafka,apache/kafka:latest,87.57,"1.108GiB / 7.737GiB"
1790745206,2026-09-30T14:13:26,Q7AcceptLatencyBenchmark.fsync*,angry_wing,postgres:16,14.77,"46.93MiB / 7.737GiB"
1790745206,2026-09-30T14:13:26,Q7AcceptLatencyBenchmark.fsync*,beautiful_goldberg,apache/kafka:4.3.1,35.56,"910.6MiB / 7.737GiB"
1790745206,2026-09-30T14:13:26,Q7AcceptLatencyBenchmark.fsync*,testcontainers-ryuk-7409d824-e42c-4e70-99f1-24442a1b266e,testcontainers/ryuk:0.14.0,0.00,"9MiB / 7.737GiB"
1790745206,2026-09-30T14:13:26,Q7AcceptLatencyBenchmark.fsync*,external-clickhouse,clickhouse/clickhouse-server:latest,10.76,"1.281GiB / 7.737GiB"
1790745206,2026-09-30T14:13:26,Q7AcceptLatencyBenchmark.fsync*,external-kafka,apache/kafka:latest,1.37,"1.07GiB / 7.737GiB"
1790745213,2026-09-30T14:13:33,Q7AcceptLatencyBenchmark.fsync*,angry_wing,postgres:16,8.37,"46.95MiB / 7.737GiB"
1790745213,2026-09-30T14:13:33,Q7AcceptLatencyBenchmark.fsync*,beautiful_goldberg,apache/kafka:4.3.1,31.63,"909.9MiB / 7.737GiB"
1790745213,2026-09-30T14:13:33,Q7AcceptLatencyBenchmark.fsync*,testcontainers-ryuk-7409d824-e42c-4e70-99f1-24442a1b266e,testcontainers/ryuk:0.14.0,0.00,"9MiB / 7.737GiB"
1790745213,2026-09-30T14:13:33,Q7AcceptLatencyBenchmark.fsync*,external-clickhouse,clickhouse/clickhouse-server:latest,48.87,"1.36GiB / 7.737GiB"
1790745213,2026-09-30T14:13:33,Q7AcceptLatencyBenchmark.fsync*,external-kafka,apache/kafka:latest,1.71,"1.07GiB / 7.737GiB"
1790745220,2026-09-30T14:13:40,Q7AcceptLatencyBenchmark.fsync*,angry_wing,postgres:16,14.11,"46.96MiB / 7.737GiB"
1790745220,2026-09-30T14:13:40,Q7AcceptLatencyBenchmark.fsync*,beautiful_goldberg,apache/kafka:4.3.1,1.91,"909.8MiB / 7.737GiB"
1790745220,2026-09-30T14:13:40,Q7AcceptLatencyBenchmark.fsync*,testcontainers-ryuk-7409d824-e42c-4e70-99f1-24442a1b266e,testcontainers/ryuk:0.14.0,0.00,"9MiB / 7.737GiB"
1790745220,2026-09-30T14:13:40,Q7AcceptLatencyBenchmark.fsync*,external-clickhouse,clickhouse/clickhouse-server:latest,9.41,"1.312GiB / 7.737GiB"
1790745220,2026-09-30T14:13:40,Q7AcceptLatencyBenchmark.fsync*,external-kafka,apache/kafka:latest,41.93,"1.106GiB / 7.737GiB"
1790745228,2026-09-30T14:13:48,Q7AcceptLatencyBenchmark.fsync*,angry_wing,postgres:16,5.87,"46.99MiB / 7.737GiB"
1790745228,2026-09-30T14:13:48,Q7AcceptLatencyBenchmark.fsync*,beautiful_goldberg,apache/kafka:4.3.1,1.91,"909.7MiB / 7.737GiB"
1790745228,2026-09-30T14:13:48,Q7AcceptLatencyBenchmark.fsync*,testcontainers-ryuk-7409d824-e42c-4e70-99f1-24442a1b266e,testcontainers/ryuk:0.14.0,0.00,"9MiB / 7.737GiB"
1790745228,2026-09-30T14:13:48,Q7AcceptLatencyBenchmark.fsync*,external-clickhouse,clickhouse/clickhouse-server:latest,17.14,"1.284GiB / 7.737GiB"
1790745228,2026-09-30T14:13:48,Q7AcceptLatencyBenchmark.fsync*,external-kafka,apache/kafka:latest,2.05,"1.07GiB / 7.737GiB"
1790745235,2026-09-30T14:13:55,Q7AcceptLatencyBenchmark.fsync*,angry_wing,postgres:16,10.61,"47.02MiB / 7.737GiB"
1790745235,2026-09-30T14:13:55,Q7AcceptLatencyBenchmark.fsync*,beautiful_goldberg,apache/kafka:4.3.1,1.69,"910.6MiB / 7.737GiB"
1790745235,2026-09-30T14:13:55,Q7AcceptLatencyBenchmark.fsync*,testcontainers-ryuk-7409d824-e42c-4e70-99f1-24442a1b266e,testcontainers/ryuk:0.14.0,0.00,"9MiB / 7.737GiB"
1790745235,2026-09-30T14:13:55,Q7AcceptLatencyBenchmark.fsync*,external-clickhouse,clickhouse/clickhouse-server:latest,10.82,"1.29GiB / 7.737GiB"
1790745235,2026-09-30T14:13:55,Q7AcceptLatencyBenchmark.fsync*,external-kafka,apache/kafka:latest,2.06,"1.07GiB / 7.737GiB"
1790745243,2026-09-30T14:14:03,Q7AcceptLatencyBenchmark.fsync*,angry_wing,postgres:16,11.45,"46.97MiB / 7.737GiB"
1790745243,2026-09-30T14:14:03,Q7AcceptLatencyBenchmark.fsync*,beautiful_goldberg,apache/kafka:4.3.1,36.30,"910.5MiB / 7.737GiB"
1790745243,2026-09-30T14:14:03,Q7AcceptLatencyBenchmark.fsync*,testcontainers-ryuk-7409d824-e42c-4e70-99f1-24442a1b266e,testcontainers/ryuk:0.14.0,0.00,"9MiB / 7.737GiB"
1790745243,2026-09-30T14:14:03,Q7AcceptLatencyBenchmark.fsync*,external-clickhouse,clickhouse/clickhouse-server:latest,3.00,"1.273GiB / 7.737GiB"
1790745243,2026-09-30T14:14:03,Q7AcceptLatencyBenchmark.fsync*,external-kafka,apache/kafka:latest,1.09,"1.07GiB / 7.737GiB"
1790745250,2026-09-30T14:14:10,Q7AcceptLatencyBenchmark.fsync*,angry_wing,postgres:16,8.81,"47.48MiB / 7.737GiB"
1790745250,2026-09-30T14:14:10,Q7AcceptLatencyBenchmark.fsync*,beautiful_goldberg,apache/kafka:4.3.1,37.77,"912.5MiB / 7.737GiB"
1790745250,2026-09-30T14:14:10,Q7AcceptLatencyBenchmark.fsync*,testcontainers-ryuk-7409d824-e42c-4e70-99f1-24442a1b266e,testcontainers/ryuk:0.14.0,0.00,"9MiB / 7.737GiB"
1790745250,2026-09-30T14:14:10,Q7AcceptLatencyBenchmark.fsync*,external-clickhouse,clickhouse/clickhouse-server:latest,4.09,"1.279GiB / 7.737GiB"
1790745250,2026-09-30T14:14:10,Q7AcceptLatencyBenchmark.fsync*,external-kafka,apache/kafka:latest,1.02,"1.07GiB / 7.737GiB"
1790745257,2026-09-30T14:14:17,Q7AcceptLatencyBenchmark.fsync*,angry_wing,postgres:16,6.19,"47.5MiB / 7.737GiB"
1790745257,2026-09-30T14:14:17,Q7AcceptLatencyBenchmark.fsync*,beautiful_goldberg,apache/kafka:4.3.1,1.60,"911.5MiB / 7.737GiB"
1790745257,2026-09-30T14:14:17,Q7AcceptLatencyBenchmark.fsync*,testcontainers-ryuk-7409d824-e42c-4e70-99f1-24442a1b266e,testcontainers/ryuk:0.14.0,0.00,"9MiB / 7.737GiB"
1790745257,2026-09-30T14:14:17,Q7AcceptLatencyBenchmark.fsync*,external-clickhouse,clickhouse/clickhouse-server:latest,3.11,"1.289GiB / 7.737GiB"
1790745257,2026-09-30T14:14:17,Q7AcceptLatencyBenchmark.fsync*,external-kafka,apache/kafka:latest,41.12,"1.07GiB / 7.737GiB"
1790745265,2026-09-30T14:14:25,Q7AcceptLatencyBenchmark.fsync*,angry_wing,postgres:16,16.20,"47.54MiB / 7.737GiB"
1790745265,2026-09-30T14:14:25,Q7AcceptLatencyBenchmark.fsync*,beautiful_goldberg,apache/kafka:4.3.1,1.79,"912.1MiB / 7.737GiB"
1790745265,2026-09-30T14:14:25,Q7AcceptLatencyBenchmark.fsync*,testcontainers-ryuk-7409d824-e42c-4e70-99f1-24442a1b266e,testcontainers/ryuk:0.14.0,0.00,"9MiB / 7.737GiB"
1790745265,2026-09-30T14:14:25,Q7AcceptLatencyBenchmark.fsync*,external-clickhouse,clickhouse/clickhouse-server:latest,2.32,"1.284GiB / 7.737GiB"
1790745265,2026-09-30T14:14:25,Q7AcceptLatencyBenchmark.fsync*,external-kafka,apache/kafka:latest,0.74,"1.07GiB / 7.737GiB"
1790745272,2026-09-30T14:14:32,Q7AcceptLatencyBenchmark.fsync*,angry_wing,postgres:16,17.13,"47.57MiB / 7.737GiB"
1790745272,2026-09-30T14:14:32,Q7AcceptLatencyBenchmark.fsync*,beautiful_goldberg,apache/kafka:4.3.1,1.10,"911.5MiB / 7.737GiB"
1790745272,2026-09-30T14:14:32,Q7AcceptLatencyBenchmark.fsync*,testcontainers-ryuk-7409d824-e42c-4e70-99f1-24442a1b266e,testcontainers/ryuk:0.14.0,0.00,"9MiB / 7.737GiB"
1790745272,2026-09-30T14:14:32,Q7AcceptLatencyBenchmark.fsync*,external-clickhouse,clickhouse/clickhouse-server:latest,1.80,"1.288GiB / 7.737GiB"
1790745272,2026-09-30T14:14:32,Q7AcceptLatencyBenchmark.fsync*,external-kafka,apache/kafka:latest,1.06,"1.07GiB / 7.737GiB"
1790745279,2026-09-30T14:14:39,Q7AcceptLatencyBenchmark.fsync*,angry_wing,postgres:16,9.13,"47.64MiB / 7.737GiB"
1790745279,2026-09-30T14:14:39,Q7AcceptLatencyBenchmark.fsync*,beautiful_goldberg,apache/kafka:4.3.1,2.53,"912.5MiB / 7.737GiB"
1790745279,2026-09-30T14:14:39,Q7AcceptLatencyBenchmark.fsync*,testcontainers-ryuk-7409d824-e42c-4e70-99f1-24442a1b266e,testcontainers/ryuk:0.14.0,0.00,"9MiB / 7.737GiB"
1790745279,2026-09-30T14:14:39,Q7AcceptLatencyBenchmark.fsync*,external-clickhouse,clickhouse/clickhouse-server:latest,11.39,"1.286GiB / 7.737GiB"
1790745279,2026-09-30T14:14:39,Q7AcceptLatencyBenchmark.fsync*,external-kafka,apache/kafka:latest,84.47,"1.107GiB / 7.737GiB"
1790745287,2026-09-30T14:14:47,Q7AcceptLatencyBenchmark.fsync*,angry_wing,postgres:16,8.74,"48.18MiB / 7.737GiB"
1790745287,2026-09-30T14:14:47,Q7AcceptLatencyBenchmark.fsync*,beautiful_goldberg,apache/kafka:4.3.1,1.77,"913.9MiB / 7.737GiB"
1790745287,2026-09-30T14:14:47,Q7AcceptLatencyBenchmark.fsync*,testcontainers-ryuk-7409d824-e42c-4e70-99f1-24442a1b266e,testcontainers/ryuk:0.14.0,0.00,"9MiB / 7.737GiB"
1790745287,2026-09-30T14:14:47,Q7AcceptLatencyBenchmark.fsync*,external-clickhouse,clickhouse/clickhouse-server:latest,6.12,"1.287GiB / 7.737GiB"
1790745287,2026-09-30T14:14:47,Q7AcceptLatencyBenchmark.fsync*,external-kafka,apache/kafka:latest,1.08,"1.07GiB / 7.737GiB"
1790745294,2026-09-30T14:14:54,Q7AcceptLatencyBenchmark.fsync*,angry_wing,postgres:16,9.36,"48.06MiB / 7.737GiB"
1790745294,2026-09-30T14:14:54,Q7AcceptLatencyBenchmark.fsync*,beautiful_goldberg,apache/kafka:4.3.1,20.75,"914.3MiB / 7.737GiB"
1790745294,2026-09-30T14:14:54,Q7AcceptLatencyBenchmark.fsync*,testcontainers-ryuk-7409d824-e42c-4e70-99f1-24442a1b266e,testcontainers/ryuk:0.14.0,0.00,"9MiB / 7.737GiB"
1790745294,2026-09-30T14:14:54,Q7AcceptLatencyBenchmark.fsync*,external-clickhouse,clickhouse/clickhouse-server:latest,6.96,"1.305GiB / 7.737GiB"
1790745294,2026-09-30T14:14:54,Q7AcceptLatencyBenchmark.fsync*,external-kafka,apache/kafka:latest,2.53,"1.07GiB / 7.737GiB"
1790745301,2026-09-30T14:15:01,Q7AcceptLatencyBenchmark.fsync*,angry_wing,postgres:16,5.75,"48.11MiB / 7.737GiB"
1790745301,2026-09-30T14:15:01,Q7AcceptLatencyBenchmark.fsync*,beautiful_goldberg,apache/kafka:4.3.1,19.87,"912.4MiB / 7.737GiB"
1790745301,2026-09-30T14:15:01,Q7AcceptLatencyBenchmark.fsync*,testcontainers-ryuk-7409d824-e42c-4e70-99f1-24442a1b266e,testcontainers/ryuk:0.14.0,0.00,"9MiB / 7.737GiB"
1790745301,2026-09-30T14:15:01,Q7AcceptLatencyBenchmark.fsync*,external-clickhouse,clickhouse/clickhouse-server:latest,7.38,"1.291GiB / 7.737GiB"
1790745301,2026-09-30T14:15:01,Q7AcceptLatencyBenchmark.fsync*,external-kafka,apache/kafka:latest,1.02,"1.07GiB / 7.737GiB"
1790745309,2026-09-30T14:15:09,Q7AcceptLatencyBenchmark.fsync*,angry_wing,postgres:16,6.05,"47.97MiB / 7.737GiB"
1790745309,2026-09-30T14:15:09,Q7AcceptLatencyBenchmark.fsync*,beautiful_goldberg,apache/kafka:4.3.1,1.71,"912.4MiB / 7.737GiB"
1790745309,2026-09-30T14:15:09,Q7AcceptLatencyBenchmark.fsync*,testcontainers-ryuk-7409d824-e42c-4e70-99f1-24442a1b266e,testcontainers/ryuk:0.14.0,0.00,"9MiB / 7.737GiB"
1790745309,2026-09-30T14:15:09,Q7AcceptLatencyBenchmark.fsync*,external-clickhouse,clickhouse/clickhouse-server:latest,7.60,"1.288GiB / 7.737GiB"
1790745309,2026-09-30T14:15:09,Q7AcceptLatencyBenchmark.fsync*,external-kafka,apache/kafka:latest,2.12,"1.07GiB / 7.737GiB"
1790745316,2026-09-30T14:15:16,Q7AcceptLatencyBenchmark.fsync*,angry_wing,postgres:16,16.04,"47.98MiB / 7.737GiB"
1790745316,2026-09-30T14:15:16,Q7AcceptLatencyBenchmark.fsync*,beautiful_goldberg,apache/kafka:4.3.1,36.17,"913.8MiB / 7.737GiB"
1790745316,2026-09-30T14:15:16,Q7AcceptLatencyBenchmark.fsync*,testcontainers-ryuk-7409d824-e42c-4e70-99f1-24442a1b266e,testcontainers/ryuk:0.14.0,0.00,"9MiB / 7.737GiB"
1790745316,2026-09-30T14:15:16,Q7AcceptLatencyBenchmark.fsync*,external-clickhouse,clickhouse/clickhouse-server:latest,7.17,"1.292GiB / 7.737GiB"
1790745316,2026-09-30T14:15:16,Q7AcceptLatencyBenchmark.fsync*,external-kafka,apache/kafka:latest,0.87,"1.07GiB / 7.737GiB"
1790745323,2026-09-30T14:15:23,Q7AcceptLatencyBenchmark.fsync*,angry_wing,postgres:16,7.64,"48.03MiB / 7.737GiB"
1790745323,2026-09-30T14:15:23,Q7AcceptLatencyBenchmark.fsync*,beautiful_goldberg,apache/kafka:4.3.1,14.79,"913.2MiB / 7.737GiB"
1790745323,2026-09-30T14:15:23,Q7AcceptLatencyBenchmark.fsync*,testcontainers-ryuk-7409d824-e42c-4e70-99f1-24442a1b266e,testcontainers/ryuk:0.14.0,0.00,"9MiB / 7.737GiB"
1790745323,2026-09-30T14:15:23,Q7AcceptLatencyBenchmark.fsync*,external-clickhouse,clickhouse/clickhouse-server:latest,3.61,"1.276GiB / 7.737GiB"
1790745323,2026-09-30T14:15:23,Q7AcceptLatencyBenchmark.fsync*,external-kafka,apache/kafka:latest,1.01,"1.07GiB / 7.737GiB"
1790745331,2026-09-30T14:15:31,Q7AcceptLatencyBenchmark.fsync*,angry_wing,postgres:16,17.79,"48.11MiB / 7.737GiB"
1790745331,2026-09-30T14:15:31,Q7AcceptLatencyBenchmark.fsync*,beautiful_goldberg,apache/kafka:4.3.1,35.64,"925.3MiB / 7.737GiB"
1790745331,2026-09-30T14:15:31,Q7AcceptLatencyBenchmark.fsync*,testcontainers-ryuk-7409d824-e42c-4e70-99f1-24442a1b266e,testcontainers/ryuk:0.14.0,0.00,"9MiB / 7.737GiB"
1790745331,2026-09-30T14:15:31,Q7AcceptLatencyBenchmark.fsync*,external-clickhouse,clickhouse/clickhouse-server:latest,2.85,"1.345GiB / 7.737GiB"
1790745331,2026-09-30T14:15:31,Q7AcceptLatencyBenchmark.fsync*,external-kafka,apache/kafka:latest,0.94,"1.07GiB / 7.737GiB"
1790745338,2026-09-30T14:15:38,Q7AcceptLatencyBenchmark.fsync*,angry_wing,postgres:16,6.37,"48.01MiB / 7.737GiB"
1790745338,2026-09-30T14:15:38,Q7AcceptLatencyBenchmark.fsync*,beautiful_goldberg,apache/kafka:4.3.1,11.47,"925.4MiB / 7.737GiB"
1790745338,2026-09-30T14:15:38,Q7AcceptLatencyBenchmark.fsync*,testcontainers-ryuk-7409d824-e42c-4e70-99f1-24442a1b266e,testcontainers/ryuk:0.14.0,0.00,"9MiB / 7.737GiB"
1790745338,2026-09-30T14:15:38,Q7AcceptLatencyBenchmark.fsync*,external-clickhouse,clickhouse/clickhouse-server:latest,3.57,"1.284GiB / 7.737GiB"
1790745338,2026-09-30T14:15:38,Q7AcceptLatencyBenchmark.fsync*,external-kafka,apache/kafka:latest,0.84,"1.07GiB / 7.737GiB"
1790745345,2026-09-30T14:15:45,Q7AcceptLatencyBenchmark.fsync*,angry_wing,postgres:16,22.41,"48.12MiB / 7.737GiB"
1790745345,2026-09-30T14:15:45,Q7AcceptLatencyBenchmark.fsync*,beautiful_goldberg,apache/kafka:4.3.1,43.88,"925.9MiB / 7.737GiB"
1790745345,2026-09-30T14:15:45,Q7AcceptLatencyBenchmark.fsync*,testcontainers-ryuk-7409d824-e42c-4e70-99f1-24442a1b266e,testcontainers/ryuk:0.14.0,0.00,"9MiB / 7.737GiB"
1790745345,2026-09-30T14:15:45,Q7AcceptLatencyBenchmark.fsync*,external-clickhouse,clickhouse/clickhouse-server:latest,5.99,"1.289GiB / 7.737GiB"
1790745345,2026-09-30T14:15:45,Q7AcceptLatencyBenchmark.fsync*,external-kafka,apache/kafka:latest,0.90,"1.07GiB / 7.737GiB"
1790745353,2026-09-30T14:15:53,Q7AcceptLatencyBenchmark.fsync*,angry_wing,postgres:16,17.93,"48.31MiB / 7.737GiB"
1790745353,2026-09-30T14:15:53,Q7AcceptLatencyBenchmark.fsync*,beautiful_goldberg,apache/kafka:4.3.1,0.90,"928.1MiB / 7.737GiB"
1790745353,2026-09-30T14:15:53,Q7AcceptLatencyBenchmark.fsync*,testcontainers-ryuk-7409d824-e42c-4e70-99f1-24442a1b266e,testcontainers/ryuk:0.14.0,0.00,"9MiB / 7.737GiB"
1790745353,2026-09-30T14:15:53,Q7AcceptLatencyBenchmark.fsync*,external-clickhouse,clickhouse/clickhouse-server:latest,4.23,"1.293GiB / 7.737GiB"
1790745353,2026-09-30T14:15:53,Q7AcceptLatencyBenchmark.fsync*,external-kafka,apache/kafka:latest,40.28,"1.07GiB / 7.737GiB"
1790745360,2026-09-30T14:16:00,Q7AcceptLatencyBenchmark.fsync*,angry_wing,postgres:16,5.81,"48.05MiB / 7.737GiB"
1790745360,2026-09-30T14:16:00,Q7AcceptLatencyBenchmark.fsync*,beautiful_goldberg,apache/kafka:4.3.1,14.62,"938.2MiB / 7.737GiB"
1790745360,2026-09-30T14:16:00,Q7AcceptLatencyBenchmark.fsync*,testcontainers-ryuk-7409d824-e42c-4e70-99f1-24442a1b266e,testcontainers/ryuk:0.14.0,0.00,"9MiB / 7.737GiB"
1790745360,2026-09-30T14:16:00,Q7AcceptLatencyBenchmark.fsync*,external-clickhouse,clickhouse/clickhouse-server:latest,9.39,"1.288GiB / 7.737GiB"
1790745360,2026-09-30T14:16:00,Q7AcceptLatencyBenchmark.fsync*,external-kafka,apache/kafka:latest,0.57,"1.07GiB / 7.737GiB"
1790745367,2026-09-30T14:16:07,Q7AcceptLatencyBenchmark.fsync*,angry_wing,postgres:16,5.38,"48.33MiB / 7.737GiB"
1790745367,2026-09-30T14:16:07,Q7AcceptLatencyBenchmark.fsync*,beautiful_goldberg,apache/kafka:4.3.1,14.54,"929.4MiB / 7.737GiB"
1790745367,2026-09-30T14:16:07,Q7AcceptLatencyBenchmark.fsync*,testcontainers-ryuk-7409d824-e42c-4e70-99f1-24442a1b266e,testcontainers/ryuk:0.14.0,0.00,"9MiB / 7.737GiB"
1790745367,2026-09-30T14:16:07,Q7AcceptLatencyBenchmark.fsync*,external-clickhouse,clickhouse/clickhouse-server:latest,8.53,"1.352GiB / 7.737GiB"
1790745367,2026-09-30T14:16:07,Q7AcceptLatencyBenchmark.fsync*,external-kafka,apache/kafka:latest,0.62,"1.07GiB / 7.737GiB"
1790745374,2026-09-30T14:16:14,Q7AcceptLatencyBenchmark.fsync*,angry_wing,postgres:16,6.52,"48.1MiB / 7.737GiB"
1790745374,2026-09-30T14:16:14,Q7AcceptLatencyBenchmark.fsync*,beautiful_goldberg,apache/kafka:4.3.1,16.13,"929.2MiB / 7.737GiB"
1790745374,2026-09-30T14:16:14,Q7AcceptLatencyBenchmark.fsync*,testcontainers-ryuk-7409d824-e42c-4e70-99f1-24442a1b266e,testcontainers/ryuk:0.14.0,0.00,"9MiB / 7.737GiB"
1790745374,2026-09-30T14:16:14,Q7AcceptLatencyBenchmark.fsync*,external-clickhouse,clickhouse/clickhouse-server:latest,5.64,"1.292GiB / 7.737GiB"
1790745374,2026-09-30T14:16:14,Q7AcceptLatencyBenchmark.fsync*,external-kafka,apache/kafka:latest,100.40,"1.152GiB / 7.737GiB"
1790745381,2026-09-30T14:16:21,Q7AcceptLatencyBenchmark.fsync*,angry_wing,postgres:16,11.36,"48.13MiB / 7.737GiB"
1790745381,2026-09-30T14:16:21,Q7AcceptLatencyBenchmark.fsync*,beautiful_goldberg,apache/kafka:4.3.1,30.42,"930.8MiB / 7.737GiB"
1790745381,2026-09-30T14:16:21,Q7AcceptLatencyBenchmark.fsync*,testcontainers-ryuk-7409d824-e42c-4e70-99f1-24442a1b266e,testcontainers/ryuk:0.14.0,0.00,"9MiB / 7.737GiB"
1790745381,2026-09-30T14:16:21,Q7AcceptLatencyBenchmark.fsync*,external-clickhouse,clickhouse/clickhouse-server:latest,12.67,"1.277GiB / 7.737GiB"
1790745381,2026-09-30T14:16:21,Q7AcceptLatencyBenchmark.fsync*,external-kafka,apache/kafka:latest,0.99,"1.07GiB / 7.737GiB"
1790745388,2026-09-30T14:16:28,Q7AcceptLatencyBenchmark.fsync*,angry_wing,postgres:16,20.73,"48.14MiB / 7.737GiB"
1790745388,2026-09-30T14:16:28,Q7AcceptLatencyBenchmark.fsync*,beautiful_goldberg,apache/kafka:4.3.1,21.46,"931MiB / 7.737GiB"
1790745388,2026-09-30T14:16:28,Q7AcceptLatencyBenchmark.fsync*,testcontainers-ryuk-7409d824-e42c-4e70-99f1-24442a1b266e,testcontainers/ryuk:0.14.0,0.00,"9MiB / 7.737GiB"
1790745388,2026-09-30T14:16:28,Q7AcceptLatencyBenchmark.fsync*,external-clickhouse,clickhouse/clickhouse-server:latest,5.27,"1.276GiB / 7.737GiB"
1790745388,2026-09-30T14:16:28,Q7AcceptLatencyBenchmark.fsync*,external-kafka,apache/kafka:latest,0.98,"1.07GiB / 7.737GiB"
1790745396,2026-09-30T14:16:36,Q7AcceptLatencyBenchmark.fsync*,angry_wing,postgres:16,19.66,"48.22MiB / 7.737GiB"
1790745396,2026-09-30T14:16:36,Q7AcceptLatencyBenchmark.fsync*,beautiful_goldberg,apache/kafka:4.3.1,22.66,"931.3MiB / 7.737GiB"
1790745396,2026-09-30T14:16:36,Q7AcceptLatencyBenchmark.fsync*,testcontainers-ryuk-7409d824-e42c-4e70-99f1-24442a1b266e,testcontainers/ryuk:0.14.0,0.00,"9MiB / 7.737GiB"
1790745396,2026-09-30T14:16:36,Q7AcceptLatencyBenchmark.fsync*,external-clickhouse,clickhouse/clickhouse-server:latest,2.12,"1.28GiB / 7.737GiB"
1790745396,2026-09-30T14:16:36,Q7AcceptLatencyBenchmark.fsync*,external-kafka,apache/kafka:latest,13.60,"1.072GiB / 7.737GiB"
1790745403,2026-09-30T14:16:43,Q7AcceptLatencyBenchmark.fsync*,angry_wing,postgres:16,19.58,"48.19MiB / 7.737GiB"
1790745403,2026-09-30T14:16:43,Q7AcceptLatencyBenchmark.fsync*,beautiful_goldberg,apache/kafka:4.3.1,30.67,"934.1MiB / 7.737GiB"
1790745403,2026-09-30T14:16:43,Q7AcceptLatencyBenchmark.fsync*,testcontainers-ryuk-7409d824-e42c-4e70-99f1-24442a1b266e,testcontainers/ryuk:0.14.0,0.00,"9MiB / 7.737GiB"
1790745403,2026-09-30T14:16:43,Q7AcceptLatencyBenchmark.fsync*,external-clickhouse,clickhouse/clickhouse-server:latest,2.21,"1.282GiB / 7.737GiB"
1790745403,2026-09-30T14:16:43,Q7AcceptLatencyBenchmark.fsync*,external-kafka,apache/kafka:latest,0.83,"1.07GiB / 7.737GiB"
1790745410,2026-09-30T14:16:50,Q7AcceptLatencyBenchmark.fsync*,angry_wing,postgres:16,19.18,"48.28MiB / 7.737GiB"
1790745410,2026-09-30T14:16:50,Q7AcceptLatencyBenchmark.fsync*,beautiful_goldberg,apache/kafka:4.3.1,31.88,"934.5MiB / 7.737GiB"
1790745410,2026-09-30T14:16:50,Q7AcceptLatencyBenchmark.fsync*,testcontainers-ryuk-7409d824-e42c-4e70-99f1-24442a1b266e,testcontainers/ryuk:0.14.0,0.00,"9MiB / 7.737GiB"
1790745410,2026-09-30T14:16:50,Q7AcceptLatencyBenchmark.fsync*,external-clickhouse,clickhouse/clickhouse-server:latest,2.72,"1.344GiB / 7.737GiB"
1790745410,2026-09-30T14:16:50,Q7AcceptLatencyBenchmark.fsync*,external-kafka,apache/kafka:latest,1.09,"1.07GiB / 7.737GiB"
1790745417,2026-09-30T14:16:57,Q7AcceptLatencyBenchmark.fsync*,angry_wing,postgres:16,15.37,"48.36MiB / 7.737GiB"
1790745417,2026-09-30T14:16:57,Q7AcceptLatencyBenchmark.fsync*,beautiful_goldberg,apache/kafka:4.3.1,0.88,"934.8MiB / 7.737GiB"
1790745417,2026-09-30T14:16:57,Q7AcceptLatencyBenchmark.fsync*,testcontainers-ryuk-7409d824-e42c-4e70-99f1-24442a1b266e,testcontainers/ryuk:0.14.0,0.00,"9MiB / 7.737GiB"
1790745417,2026-09-30T14:16:57,Q7AcceptLatencyBenchmark.fsync*,external-clickhouse,clickhouse/clickhouse-server:latest,17.97,"1.287GiB / 7.737GiB"
1790745417,2026-09-30T14:16:57,Q7AcceptLatencyBenchmark.fsync*,external-kafka,apache/kafka:latest,11.77,"1.073GiB / 7.737GiB"
1790745424,2026-09-30T14:17:04,Q7AcceptLatencyBenchmark.fsync*,angry_wing,postgres:16,6.64,"48.2MiB / 7.737GiB"
1790745424,2026-09-30T14:17:04,Q7AcceptLatencyBenchmark.fsync*,beautiful_goldberg,apache/kafka:4.3.1,16.93,"936.9MiB / 7.737GiB"
1790745424,2026-09-30T14:17:04,Q7AcceptLatencyBenchmark.fsync*,testcontainers-ryuk-7409d824-e42c-4e70-99f1-24442a1b266e,testcontainers/ryuk:0.14.0,0.00,"9MiB / 7.737GiB"
1790745424,2026-09-30T14:17:04,Q7AcceptLatencyBenchmark.fsync*,external-clickhouse,clickhouse/clickhouse-server:latest,4.54,"1.283GiB / 7.737GiB"
1790745424,2026-09-30T14:17:04,Q7AcceptLatencyBenchmark.fsync*,external-kafka,apache/kafka:latest,1.43,"1.07GiB / 7.737GiB"
1790745431,2026-09-30T14:17:11,Q7AcceptLatencyBenchmark.fsync*,angry_wing,postgres:16,8.52,"48.23MiB / 7.737GiB"
1790745431,2026-09-30T14:17:11,Q7AcceptLatencyBenchmark.fsync*,beautiful_goldberg,apache/kafka:4.3.1,15.33,"935.4MiB / 7.737GiB"
1790745431,2026-09-30T14:17:11,Q7AcceptLatencyBenchmark.fsync*,testcontainers-ryuk-7409d824-e42c-4e70-99f1-24442a1b266e,testcontainers/ryuk:0.14.0,0.00,"9MiB / 7.737GiB"
1790745431,2026-09-30T14:17:11,Q7AcceptLatencyBenchmark.fsync*,external-clickhouse,clickhouse/clickhouse-server:latest,2.87,"1.271GiB / 7.737GiB"
1790745431,2026-09-30T14:17:11,Q7AcceptLatencyBenchmark.fsync*,external-kafka,apache/kafka:latest,1.32,"1.07GiB / 7.737GiB"
1790745439,2026-09-30T14:17:19,Q7AcceptLatencyBenchmark.fsync*,angry_wing,postgres:16,7.49,"48.24MiB / 7.737GiB"
1790745439,2026-09-30T14:17:19,Q7AcceptLatencyBenchmark.fsync*,beautiful_goldberg,apache/kafka:4.3.1,23.07,"937.2MiB / 7.737GiB"
1790745439,2026-09-30T14:17:19,Q7AcceptLatencyBenchmark.fsync*,testcontainers-ryuk-7409d824-e42c-4e70-99f1-24442a1b266e,testcontainers/ryuk:0.14.0,0.00,"9MiB / 7.737GiB"
1790745439,2026-09-30T14:17:19,Q7AcceptLatencyBenchmark.fsync*,external-clickhouse,clickhouse/clickhouse-server:latest,4.62,"1.279GiB / 7.737GiB"
1790745439,2026-09-30T14:17:19,Q7AcceptLatencyBenchmark.fsync*,external-kafka,apache/kafka:latest,1.25,"1.07GiB / 7.737GiB"
1790745446,2026-09-30T14:17:26,Q7AcceptLatencyBenchmark.fsync*,angry_wing,postgres:16,11.71,"48.28MiB / 7.737GiB"
1790745446,2026-09-30T14:17:26,Q7AcceptLatencyBenchmark.fsync*,beautiful_goldberg,apache/kafka:4.3.1,22.95,"945.8MiB / 7.737GiB"
1790745446,2026-09-30T14:17:26,Q7AcceptLatencyBenchmark.fsync*,testcontainers-ryuk-7409d824-e42c-4e70-99f1-24442a1b266e,testcontainers/ryuk:0.14.0,0.00,"9MiB / 7.737GiB"
1790745446,2026-09-30T14:17:26,Q7AcceptLatencyBenchmark.fsync*,external-clickhouse,clickhouse/clickhouse-server:latest,2.56,"1.349GiB / 7.737GiB"
1790745446,2026-09-30T14:17:26,Q7AcceptLatencyBenchmark.fsync*,external-kafka,apache/kafka:latest,0.62,"1.07GiB / 7.737GiB"
1790745453,2026-09-30T14:17:33,Q7AcceptLatencyBenchmark.fsync*,angry_wing,postgres:16,12.05,"48.29MiB / 7.737GiB"
1790745453,2026-09-30T14:17:33,Q7AcceptLatencyBenchmark.fsync*,beautiful_goldberg,apache/kafka:4.3.1,15.14,"939.2MiB / 7.737GiB"
1790745453,2026-09-30T14:17:33,Q7AcceptLatencyBenchmark.fsync*,testcontainers-ryuk-7409d824-e42c-4e70-99f1-24442a1b266e,testcontainers/ryuk:0.14.0,0.00,"9MiB / 7.737GiB"
1790745453,2026-09-30T14:17:33,Q7AcceptLatencyBenchmark.fsync*,external-clickhouse,clickhouse/clickhouse-server:latest,2.56,"1.269GiB / 7.737GiB"
1790745453,2026-09-30T14:17:33,Q7AcceptLatencyBenchmark.fsync*,external-kafka,apache/kafka:latest,1.16,"1.07GiB / 7.737GiB"
1790745460,2026-09-30T14:17:40,Q7AcceptLatencyBenchmark.fsync*,angry_wing,postgres:16,15.85,"48.37MiB / 7.737GiB"
1790745460,2026-09-30T14:17:40,Q7AcceptLatencyBenchmark.fsync*,beautiful_goldberg,apache/kafka:4.3.1,27.92,"937MiB / 7.737GiB"
1790745460,2026-09-30T14:17:40,Q7AcceptLatencyBenchmark.fsync*,testcontainers-ryuk-7409d824-e42c-4e70-99f1-24442a1b266e,testcontainers/ryuk:0.14.0,0.00,"9MiB / 7.737GiB"
1790745460,2026-09-30T14:17:40,Q7AcceptLatencyBenchmark.fsync*,external-clickhouse,clickhouse/clickhouse-server:latest,6.50,"1.282GiB / 7.737GiB"
1790745460,2026-09-30T14:17:40,Q7AcceptLatencyBenchmark.fsync*,external-kafka,apache/kafka:latest,0.91,"1.07GiB / 7.737GiB"
1790745467,2026-09-30T14:17:47,Q7AcceptLatencyBenchmark.fsync*,angry_wing,postgres:16,10.60,"48.32MiB / 7.737GiB"
1790745467,2026-09-30T14:17:47,Q7AcceptLatencyBenchmark.fsync*,beautiful_goldberg,apache/kafka:4.3.1,31.61,"938MiB / 7.737GiB"
1790745467,2026-09-30T14:17:47,Q7AcceptLatencyBenchmark.fsync*,testcontainers-ryuk-7409d824-e42c-4e70-99f1-24442a1b266e,testcontainers/ryuk:0.14.0,0.00,"9MiB / 7.737GiB"
1790745467,2026-09-30T14:17:47,Q7AcceptLatencyBenchmark.fsync*,external-clickhouse,clickhouse/clickhouse-server:latest,6.97,"1.272GiB / 7.737GiB"
1790745467,2026-09-30T14:17:47,Q7AcceptLatencyBenchmark.fsync*,external-kafka,apache/kafka:latest,0.94,"1.07GiB / 7.737GiB"
1790745474,2026-09-30T14:17:54,Q7AcceptLatencyBenchmark.fsync*,angry_wing,postgres:16,17.25,"48.47MiB / 7.737GiB"
1790745474,2026-09-30T14:17:54,Q7AcceptLatencyBenchmark.fsync*,beautiful_goldberg,apache/kafka:4.3.1,33.03,"938.8MiB / 7.737GiB"
1790745474,2026-09-30T14:17:54,Q7AcceptLatencyBenchmark.fsync*,testcontainers-ryuk-7409d824-e42c-4e70-99f1-24442a1b266e,testcontainers/ryuk:0.14.0,0.00,"9MiB / 7.737GiB"
1790745474,2026-09-30T14:17:54,Q7AcceptLatencyBenchmark.fsync*,external-clickhouse,clickhouse/clickhouse-server:latest,5.37,"1.278GiB / 7.737GiB"
1790745474,2026-09-30T14:17:54,Q7AcceptLatencyBenchmark.fsync*,external-kafka,apache/kafka:latest,84.96,"1.07GiB / 7.737GiB"
1790745481,2026-09-30T14:18:01,Q7AcceptLatencyBenchmark.fsync*,angry_wing,postgres:16,14.79,"48.59MiB / 7.737GiB"
1790745481,2026-09-30T14:18:01,Q7AcceptLatencyBenchmark.fsync*,beautiful_goldberg,apache/kafka:4.3.1,1.30,"939.9MiB / 7.737GiB"
1790745481,2026-09-30T14:18:01,Q7AcceptLatencyBenchmark.fsync*,testcontainers-ryuk-7409d824-e42c-4e70-99f1-24442a1b266e,testcontainers/ryuk:0.14.0,0.00,"9MiB / 7.737GiB"
1790745481,2026-09-30T14:18:01,Q7AcceptLatencyBenchmark.fsync*,external-clickhouse,clickhouse/clickhouse-server:latest,4.20,"1.321GiB / 7.737GiB"
1790745481,2026-09-30T14:18:01,Q7AcceptLatencyBenchmark.fsync*,external-kafka,apache/kafka:latest,0.63,"1.07GiB / 7.737GiB"
1790745489,2026-09-30T14:18:09,Q7AcceptLatencyBenchmark.fsync*,beautiful_goldberg,apache/kafka:4.3.1,16.24,"940.2MiB / 7.737GiB"
1790745489,2026-09-30T14:18:09,Q7AcceptLatencyBenchmark.fsync*,testcontainers-ryuk-7409d824-e42c-4e70-99f1-24442a1b266e,testcontainers/ryuk:0.14.0,0.00,"9MiB / 7.737GiB"
1790745489,2026-09-30T14:18:09,Q7AcceptLatencyBenchmark.fsync*,external-clickhouse,clickhouse/clickhouse-server:latest,12.18,"1.271GiB / 7.737GiB"
1790745489,2026-09-30T14:18:09,Q7AcceptLatencyBenchmark.fsync*,external-kafka,apache/kafka:latest,1.05,"1.07GiB / 7.737GiB"
1790745489,2026-09-30T14:18:09,Q7AcceptLatencyBenchmark.fsync*,xenodochial_driscoll,postgres:16,21.85,"29.7MiB / 7.737GiB"
1790745496,2026-09-30T14:18:16,Q7AcceptLatencyBenchmark.fsync*,xenodochial_driscoll,postgres:16,9.50,"30.82MiB / 7.737GiB"
1790745496,2026-09-30T14:18:16,Q7AcceptLatencyBenchmark.fsync*,beautiful_goldberg,apache/kafka:4.3.1,24.56,"940.3MiB / 7.737GiB"
1790745496,2026-09-30T14:18:16,Q7AcceptLatencyBenchmark.fsync*,testcontainers-ryuk-7409d824-e42c-4e70-99f1-24442a1b266e,testcontainers/ryuk:0.14.0,0.00,"9MiB / 7.737GiB"
1790745496,2026-09-30T14:18:16,Q7AcceptLatencyBenchmark.fsync*,external-clickhouse,clickhouse/clickhouse-server:latest,6.48,"1.277GiB / 7.737GiB"
1790745496,2026-09-30T14:18:16,Q7AcceptLatencyBenchmark.fsync*,external-kafka,apache/kafka:latest,0.76,"1.07GiB / 7.737GiB"
1790745503,2026-09-30T14:18:23,Q7AcceptLatencyBenchmark.fsync*,xenodochial_driscoll,postgres:16,4.54,"31.88MiB / 7.737GiB"
1790745503,2026-09-30T14:18:23,Q7AcceptLatencyBenchmark.fsync*,beautiful_goldberg,apache/kafka:4.3.1,17.61,"940.7MiB / 7.737GiB"
1790745503,2026-09-30T14:18:23,Q7AcceptLatencyBenchmark.fsync*,testcontainers-ryuk-7409d824-e42c-4e70-99f1-24442a1b266e,testcontainers/ryuk:0.14.0,0.00,"9MiB / 7.737GiB"
1790745503,2026-09-30T14:18:23,Q7AcceptLatencyBenchmark.fsync*,external-clickhouse,clickhouse/clickhouse-server:latest,3.09,"1.27GiB / 7.737GiB"
1790745503,2026-09-30T14:18:23,Q7AcceptLatencyBenchmark.fsync*,external-kafka,apache/kafka:latest,1.37,"1.07GiB / 7.737GiB"
1790745510,2026-09-30T14:18:30,Q7AcceptLatencyBenchmark.fsync*,xenodochial_driscoll,postgres:16,4.93,"32.38MiB / 7.737GiB"
1790745510,2026-09-30T14:18:30,Q7AcceptLatencyBenchmark.fsync*,beautiful_goldberg,apache/kafka:4.3.1,16.13,"940.9MiB / 7.737GiB"
1790745510,2026-09-30T14:18:30,Q7AcceptLatencyBenchmark.fsync*,testcontainers-ryuk-7409d824-e42c-4e70-99f1-24442a1b266e,testcontainers/ryuk:0.14.0,0.00,"9MiB / 7.737GiB"
1790745510,2026-09-30T14:18:30,Q7AcceptLatencyBenchmark.fsync*,external-clickhouse,clickhouse/clickhouse-server:latest,36.19,"1.339GiB / 7.737GiB"
1790745510,2026-09-30T14:18:30,Q7AcceptLatencyBenchmark.fsync*,external-kafka,apache/kafka:latest,0.71,"1.07GiB / 7.737GiB"
1790745517,2026-09-30T14:18:37,Q7AcceptLatencyBenchmark.fsync*,xenodochial_driscoll,postgres:16,5.44,"32.42MiB / 7.737GiB"
1790745517,2026-09-30T14:18:37,Q7AcceptLatencyBenchmark.fsync*,beautiful_goldberg,apache/kafka:4.3.1,16.27,"941.7MiB / 7.737GiB"
1790745517,2026-09-30T14:18:37,Q7AcceptLatencyBenchmark.fsync*,testcontainers-ryuk-7409d824-e42c-4e70-99f1-24442a1b266e,testcontainers/ryuk:0.14.0,0.00,"9MiB / 7.737GiB"
1790745517,2026-09-30T14:18:37,Q7AcceptLatencyBenchmark.fsync*,external-clickhouse,clickhouse/clickhouse-server:latest,11.86,"1.274GiB / 7.737GiB"
1790745517,2026-09-30T14:18:37,Q7AcceptLatencyBenchmark.fsync*,external-kafka,apache/kafka:latest,1.54,"1.07GiB / 7.737GiB"
1790745524,2026-09-30T14:18:44,Q7AcceptLatencyBenchmark.fsync*,xenodochial_driscoll,postgres:16,6.96,"32.48MiB / 7.737GiB"
1790745524,2026-09-30T14:18:44,Q7AcceptLatencyBenchmark.fsync*,beautiful_goldberg,apache/kafka:4.3.1,23.92,"941MiB / 7.737GiB"
1790745524,2026-09-30T14:18:44,Q7AcceptLatencyBenchmark.fsync*,testcontainers-ryuk-7409d824-e42c-4e70-99f1-24442a1b266e,testcontainers/ryuk:0.14.0,0.00,"9MiB / 7.737GiB"
1790745524,2026-09-30T14:18:44,Q7AcceptLatencyBenchmark.fsync*,external-clickhouse,clickhouse/clickhouse-server:latest,2.95,"1.277GiB / 7.737GiB"
1790745524,2026-09-30T14:18:44,Q7AcceptLatencyBenchmark.fsync*,external-kafka,apache/kafka:latest,0.64,"1.07GiB / 7.737GiB"
1790745532,2026-09-30T14:18:52,Q7AcceptLatencyBenchmark.fsync*,xenodochial_driscoll,postgres:16,13.79,"32.59MiB / 7.737GiB"
1790745532,2026-09-30T14:18:52,Q7AcceptLatencyBenchmark.fsync*,beautiful_goldberg,apache/kafka:4.3.1,8.81,"943.5MiB / 7.737GiB"
1790745532,2026-09-30T14:18:52,Q7AcceptLatencyBenchmark.fsync*,testcontainers-ryuk-7409d824-e42c-4e70-99f1-24442a1b266e,testcontainers/ryuk:0.14.0,0.00,"9MiB / 7.737GiB"
1790745532,2026-09-30T14:18:52,Q7AcceptLatencyBenchmark.fsync*,external-clickhouse,clickhouse/clickhouse-server:latest,3.23,"1.265GiB / 7.737GiB"
1790745532,2026-09-30T14:18:52,Q7AcceptLatencyBenchmark.fsync*,external-kafka,apache/kafka:latest,1.86,"1.07GiB / 7.737GiB"
1790745539,2026-09-30T14:18:59,Q7AcceptLatencyBenchmark.fsync*,xenodochial_driscoll,postgres:16,17.46,"34.66MiB / 7.737GiB"
1790745539,2026-09-30T14:18:59,Q7AcceptLatencyBenchmark.fsync*,beautiful_goldberg,apache/kafka:4.3.1,27.16,"943.3MiB / 7.737GiB"
1790745539,2026-09-30T14:18:59,Q7AcceptLatencyBenchmark.fsync*,testcontainers-ryuk-7409d824-e42c-4e70-99f1-24442a1b266e,testcontainers/ryuk:0.14.0,0.00,"9MiB / 7.737GiB"
1790745539,2026-09-30T14:18:59,Q7AcceptLatencyBenchmark.fsync*,external-clickhouse,clickhouse/clickhouse-server:latest,2.37,"1.264GiB / 7.737GiB"
1790745539,2026-09-30T14:18:59,Q7AcceptLatencyBenchmark.fsync*,external-kafka,apache/kafka:latest,0.63,"1.07GiB / 7.737GiB"
1790745546,2026-09-30T14:19:06,Q7AcceptLatencyBenchmark.fsync*,xenodochial_driscoll,postgres:16,4.35,"36.96MiB / 7.737GiB"
1790745546,2026-09-30T14:19:06,Q7AcceptLatencyBenchmark.fsync*,beautiful_goldberg,apache/kafka:4.3.1,53.82,"948.9MiB / 7.737GiB"
1790745546,2026-09-30T14:19:06,Q7AcceptLatencyBenchmark.fsync*,testcontainers-ryuk-7409d824-e42c-4e70-99f1-24442a1b266e,testcontainers/ryuk:0.14.0,0.00,"9MiB / 7.737GiB"
1790745546,2026-09-30T14:19:06,Q7AcceptLatencyBenchmark.fsync*,external-clickhouse,clickhouse/clickhouse-server:latest,4.25,"1.273GiB / 7.737GiB"
1790745546,2026-09-30T14:19:06,Q7AcceptLatencyBenchmark.fsync*,external-kafka,apache/kafka:latest,0.77,"1.07GiB / 7.737GiB"
1790745553,2026-09-30T14:19:13,Q7AcceptLatencyBenchmark.fsync*,xenodochial_driscoll,postgres:16,18.01,"37.04MiB / 7.737GiB"
1790745553,2026-09-30T14:19:13,Q7AcceptLatencyBenchmark.fsync*,beautiful_goldberg,apache/kafka:4.3.1,34.31,"948.1MiB / 7.737GiB"
1790745553,2026-09-30T14:19:13,Q7AcceptLatencyBenchmark.fsync*,testcontainers-ryuk-7409d824-e42c-4e70-99f1-24442a1b266e,testcontainers/ryuk:0.14.0,0.00,"9MiB / 7.737GiB"
1790745553,2026-09-30T14:19:13,Q7AcceptLatencyBenchmark.fsync*,external-clickhouse,clickhouse/clickhouse-server:latest,1.92,"1.275GiB / 7.737GiB"
1790745553,2026-09-30T14:19:13,Q7AcceptLatencyBenchmark.fsync*,external-kafka,apache/kafka:latest,24.51,"1.098GiB / 7.737GiB"
1790745560,2026-09-30T14:19:20,Q7AcceptLatencyBenchmark.fsync*,xenodochial_driscoll,postgres:16,17.86,"40.75MiB / 7.737GiB"
1790745560,2026-09-30T14:19:20,Q7AcceptLatencyBenchmark.fsync*,beautiful_goldberg,apache/kafka:4.3.1,1.07,"949.8MiB / 7.737GiB"
1790745560,2026-09-30T14:19:20,Q7AcceptLatencyBenchmark.fsync*,testcontainers-ryuk-7409d824-e42c-4e70-99f1-24442a1b266e,testcontainers/ryuk:0.14.0,0.00,"9MiB / 7.737GiB"
1790745560,2026-09-30T14:19:20,Q7AcceptLatencyBenchmark.fsync*,external-clickhouse,clickhouse/clickhouse-server:latest,2.59,"1.282GiB / 7.737GiB"
1790745560,2026-09-30T14:19:20,Q7AcceptLatencyBenchmark.fsync*,external-kafka,apache/kafka:latest,0.75,"1.07GiB / 7.737GiB"
1790745567,2026-09-30T14:19:27,Q7AcceptLatencyBenchmark.fsync*,xenodochial_driscoll,postgres:16,5.38,"42.24MiB / 7.737GiB"
1790745567,2026-09-30T14:19:27,Q7AcceptLatencyBenchmark.fsync*,beautiful_goldberg,apache/kafka:4.3.1,16.43,"950.9MiB / 7.737GiB"
1790745567,2026-09-30T14:19:27,Q7AcceptLatencyBenchmark.fsync*,testcontainers-ryuk-7409d824-e42c-4e70-99f1-24442a1b266e,testcontainers/ryuk:0.14.0,0.00,"9MiB / 7.737GiB"
1790745567,2026-09-30T14:19:27,Q7AcceptLatencyBenchmark.fsync*,external-clickhouse,clickhouse/clickhouse-server:latest,2.14,"1.273GiB / 7.737GiB"
1790745567,2026-09-30T14:19:27,Q7AcceptLatencyBenchmark.fsync*,external-kafka,apache/kafka:latest,0.76,"1.07GiB / 7.737GiB"
1790745575,2026-09-30T14:19:35,Q7AcceptLatencyBenchmark.fsync*,xenodochial_driscoll,postgres:16,6.87,"42.26MiB / 7.737GiB"
1790745575,2026-09-30T14:19:35,Q7AcceptLatencyBenchmark.fsync*,beautiful_goldberg,apache/kafka:4.3.1,15.63,"950.4MiB / 7.737GiB"
1790745575,2026-09-30T14:19:35,Q7AcceptLatencyBenchmark.fsync*,testcontainers-ryuk-7409d824-e42c-4e70-99f1-24442a1b266e,testcontainers/ryuk:0.14.0,0.00,"9MiB / 7.737GiB"
1790745575,2026-09-30T14:19:35,Q7AcceptLatencyBenchmark.fsync*,external-clickhouse,clickhouse/clickhouse-server:latest,2.41,"1.282GiB / 7.737GiB"
1790745575,2026-09-30T14:19:35,Q7AcceptLatencyBenchmark.fsync*,external-kafka,apache/kafka:latest,0.78,"1.07GiB / 7.737GiB"
1790745582,2026-09-30T14:19:42,Q7AcceptLatencyBenchmark.fsync*,xenodochial_driscoll,postgres:16,11.00,"42.29MiB / 7.737GiB"
1790745582,2026-09-30T14:19:42,Q7AcceptLatencyBenchmark.fsync*,beautiful_goldberg,apache/kafka:4.3.1,26.18,"954.3MiB / 7.737GiB"
1790745582,2026-09-30T14:19:42,Q7AcceptLatencyBenchmark.fsync*,testcontainers-ryuk-7409d824-e42c-4e70-99f1-24442a1b266e,testcontainers/ryuk:0.14.0,0.00,"9MiB / 7.737GiB"
1790745582,2026-09-30T14:19:42,Q7AcceptLatencyBenchmark.fsync*,external-clickhouse,clickhouse/clickhouse-server:latest,1.96,"1.33GiB / 7.737GiB"
1790745582,2026-09-30T14:19:42,Q7AcceptLatencyBenchmark.fsync*,external-kafka,apache/kafka:latest,0.53,"1.07GiB / 7.737GiB"
1790745589,2026-09-30T14:19:49,Q7AcceptLatencyBenchmark.fsync*,xenodochial_driscoll,postgres:16,11.07,"42.8MiB / 7.737GiB"
1790745589,2026-09-30T14:19:49,Q7AcceptLatencyBenchmark.fsync*,beautiful_goldberg,apache/kafka:4.3.1,40.05,"962MiB / 7.737GiB"
1790745589,2026-09-30T14:19:49,Q7AcceptLatencyBenchmark.fsync*,testcontainers-ryuk-7409d824-e42c-4e70-99f1-24442a1b266e,testcontainers/ryuk:0.14.0,0.00,"9MiB / 7.737GiB"
1790745589,2026-09-30T14:19:49,Q7AcceptLatencyBenchmark.fsync*,external-clickhouse,clickhouse/clickhouse-server:latest,2.27,"1.276GiB / 7.737GiB"
1790745589,2026-09-30T14:19:49,Q7AcceptLatencyBenchmark.fsync*,external-kafka,apache/kafka:latest,0.81,"1.07GiB / 7.737GiB"
1790745596,2026-09-30T14:19:56,Q7AcceptLatencyBenchmark.fsync*,xenodochial_driscoll,postgres:16,16.64,"42.83MiB / 7.737GiB"
1790745596,2026-09-30T14:19:56,Q7AcceptLatencyBenchmark.fsync*,beautiful_goldberg,apache/kafka:4.3.1,36.86,"953.1MiB / 7.737GiB"
1790745596,2026-09-30T14:19:56,Q7AcceptLatencyBenchmark.fsync*,testcontainers-ryuk-7409d824-e42c-4e70-99f1-24442a1b266e,testcontainers/ryuk:0.14.0,0.00,"9MiB / 7.737GiB"
1790745596,2026-09-30T14:19:56,Q7AcceptLatencyBenchmark.fsync*,external-clickhouse,clickhouse/clickhouse-server:latest,3.10,"1.27GiB / 7.737GiB"
1790745596,2026-09-30T14:19:56,Q7AcceptLatencyBenchmark.fsync*,external-kafka,apache/kafka:latest,0.58,"1.07GiB / 7.737GiB"
1790745603,2026-09-30T14:20:03,Q7AcceptLatencyBenchmark.fsync*,xenodochial_driscoll,postgres:16,16.85,"42.89MiB / 7.737GiB"
1790745603,2026-09-30T14:20:03,Q7AcceptLatencyBenchmark.fsync*,beautiful_goldberg,apache/kafka:4.3.1,34.90,"952.1MiB / 7.737GiB"
1790745603,2026-09-30T14:20:03,Q7AcceptLatencyBenchmark.fsync*,testcontainers-ryuk-7409d824-e42c-4e70-99f1-24442a1b266e,testcontainers/ryuk:0.14.0,0.00,"9MiB / 7.737GiB"
1790745603,2026-09-30T14:20:03,Q7AcceptLatencyBenchmark.fsync*,external-clickhouse,clickhouse/clickhouse-server:latest,2.26,"1.27GiB / 7.737GiB"
1790745603,2026-09-30T14:20:03,Q7AcceptLatencyBenchmark.fsync*,external-kafka,apache/kafka:latest,0.82,"1.07GiB / 7.737GiB"
1790745610,2026-09-30T14:20:10,Q7AcceptLatencyBenchmark.fsync*,xenodochial_driscoll,postgres:16,18.67,"43.4MiB / 7.737GiB"
1790745610,2026-09-30T14:20:10,Q7AcceptLatencyBenchmark.fsync*,beautiful_goldberg,apache/kafka:4.3.1,34.47,"955.2MiB / 7.737GiB"
1790745610,2026-09-30T14:20:10,Q7AcceptLatencyBenchmark.fsync*,testcontainers-ryuk-7409d824-e42c-4e70-99f1-24442a1b266e,testcontainers/ryuk:0.14.0,0.00,"9MiB / 7.737GiB"
1790745610,2026-09-30T14:20:10,Q7AcceptLatencyBenchmark.fsync*,external-clickhouse,clickhouse/clickhouse-server:latest,2.47,"1.32GiB / 7.737GiB"
1790745610,2026-09-30T14:20:10,Q7AcceptLatencyBenchmark.fsync*,external-kafka,apache/kafka:latest,25.21,"1.07GiB / 7.737GiB"
1790745617,2026-09-30T14:20:17,Q7AcceptLatencyBenchmark.fsync*,xenodochial_driscoll,postgres:16,18.62,"43.54MiB / 7.737GiB"
1790745617,2026-09-30T14:20:17,Q7AcceptLatencyBenchmark.fsync*,beautiful_goldberg,apache/kafka:4.3.1,37.95,"955.9MiB / 7.737GiB"
1790745617,2026-09-30T14:20:17,Q7AcceptLatencyBenchmark.fsync*,testcontainers-ryuk-7409d824-e42c-4e70-99f1-24442a1b266e,testcontainers/ryuk:0.14.0,0.00,"9MiB / 7.737GiB"
1790745617,2026-09-30T14:20:17,Q7AcceptLatencyBenchmark.fsync*,external-clickhouse,clickhouse/clickhouse-server:latest,4.48,"1.273GiB / 7.737GiB"
1790745617,2026-09-30T14:20:17,Q7AcceptLatencyBenchmark.fsync*,external-kafka,apache/kafka:latest,1.29,"1.07GiB / 7.737GiB"
1790745625,2026-09-30T14:20:25,Q7AcceptLatencyBenchmark.fsync*,xenodochial_driscoll,postgres:16,2.16,"44.82MiB / 7.737GiB"
1790745625,2026-09-30T14:20:25,Q7AcceptLatencyBenchmark.fsync*,beautiful_goldberg,apache/kafka:4.3.1,8.67,"957.8MiB / 7.737GiB"
1790745625,2026-09-30T14:20:25,Q7AcceptLatencyBenchmark.fsync*,testcontainers-ryuk-7409d824-e42c-4e70-99f1-24442a1b266e,testcontainers/ryuk:0.14.0,0.00,"9MiB / 7.737GiB"
1790745625,2026-09-30T14:20:25,Q7AcceptLatencyBenchmark.fsync*,external-clickhouse,clickhouse/clickhouse-server:latest,10.86,"1.276GiB / 7.737GiB"
1790745625,2026-09-30T14:20:25,Q7AcceptLatencyBenchmark.fsync*,external-kafka,apache/kafka:latest,0.58,"1.07GiB / 7.737GiB"
1790745632,2026-09-30T14:20:32,Q7AcceptLatencyBenchmark.fsync*,xenodochial_driscoll,postgres:16,4.90,"44.84MiB / 7.737GiB"
1790745632,2026-09-30T14:20:32,Q7AcceptLatencyBenchmark.fsync*,beautiful_goldberg,apache/kafka:4.3.1,15.95,"957.6MiB / 7.737GiB"
1790745632,2026-09-30T14:20:32,Q7AcceptLatencyBenchmark.fsync*,testcontainers-ryuk-7409d824-e42c-4e70-99f1-24442a1b266e,testcontainers/ryuk:0.14.0,0.00,"9MiB / 7.737GiB"
1790745632,2026-09-30T14:20:32,Q7AcceptLatencyBenchmark.fsync*,external-clickhouse,clickhouse/clickhouse-server:latest,5.34,"1.286GiB / 7.737GiB"
1790745632,2026-09-30T14:20:32,Q7AcceptLatencyBenchmark.fsync*,external-kafka,apache/kafka:latest,122.05,"1.155GiB / 7.737GiB"
1790745639,2026-09-30T14:20:39,Q7AcceptLatencyBenchmark.fsync*,xenodochial_driscoll,postgres:16,7.04,"44.85MiB / 7.737GiB"
1790745639,2026-09-30T14:20:39,Q7AcceptLatencyBenchmark.fsync*,beautiful_goldberg,apache/kafka:4.3.1,8.86,"957.2MiB / 7.737GiB"
1790745639,2026-09-30T14:20:39,Q7AcceptLatencyBenchmark.fsync*,testcontainers-ryuk-7409d824-e42c-4e70-99f1-24442a1b266e,testcontainers/ryuk:0.14.0,0.00,"9MiB / 7.737GiB"
1790745639,2026-09-30T14:20:39,Q7AcceptLatencyBenchmark.fsync*,external-clickhouse,clickhouse/clickhouse-server:latest,41.02,"1.353GiB / 7.737GiB"
1790745639,2026-09-30T14:20:39,Q7AcceptLatencyBenchmark.fsync*,external-kafka,apache/kafka:latest,0.61,"1.07GiB / 7.737GiB"
1790745646,2026-09-30T14:20:46,Q7AcceptLatencyBenchmark.fsync*,xenodochial_driscoll,postgres:16,6.26,"44.88MiB / 7.737GiB"
1790745646,2026-09-30T14:20:46,Q7AcceptLatencyBenchmark.fsync*,beautiful_goldberg,apache/kafka:4.3.1,21.58,"957.6MiB / 7.737GiB"
1790745646,2026-09-30T14:20:46,Q7AcceptLatencyBenchmark.fsync*,testcontainers-ryuk-7409d824-e42c-4e70-99f1-24442a1b266e,testcontainers/ryuk:0.14.0,0.00,"9MiB / 7.737GiB"
1790745646,2026-09-30T14:20:46,Q7AcceptLatencyBenchmark.fsync*,external-clickhouse,clickhouse/clickhouse-server:latest,8.09,"1.284GiB / 7.737GiB"
1790745646,2026-09-30T14:20:46,Q7AcceptLatencyBenchmark.fsync*,external-kafka,apache/kafka:latest,0.54,"1.07GiB / 7.737GiB"
1790745653,2026-09-30T14:20:53,Q7AcceptLatencyBenchmark.fsync*,xenodochial_driscoll,postgres:16,8.12,"44.89MiB / 7.737GiB"
1790745653,2026-09-30T14:20:53,Q7AcceptLatencyBenchmark.fsync*,beautiful_goldberg,apache/kafka:4.3.1,29.57,"957.9MiB / 7.737GiB"
1790745653,2026-09-30T14:20:53,Q7AcceptLatencyBenchmark.fsync*,testcontainers-ryuk-7409d824-e42c-4e70-99f1-24442a1b266e,testcontainers/ryuk:0.14.0,0.00,"9MiB / 7.737GiB"
1790745653,2026-09-30T14:20:53,Q7AcceptLatencyBenchmark.fsync*,external-clickhouse,clickhouse/clickhouse-server:latest,8.21,"1.28GiB / 7.737GiB"
1790745653,2026-09-30T14:20:53,Q7AcceptLatencyBenchmark.fsync*,external-kafka,apache/kafka:latest,24.61,"1.1GiB / 7.737GiB"
1790745660,2026-09-30T14:21:00,Q7AcceptLatencyBenchmark.fsync*,xenodochial_driscoll,postgres:16,13.10,"45.45MiB / 7.737GiB"
1790745660,2026-09-30T14:21:00,Q7AcceptLatencyBenchmark.fsync*,beautiful_goldberg,apache/kafka:4.3.1,38.96,"959.8MiB / 7.737GiB"
1790745660,2026-09-30T14:21:00,Q7AcceptLatencyBenchmark.fsync*,testcontainers-ryuk-7409d824-e42c-4e70-99f1-24442a1b266e,testcontainers/ryuk:0.14.0,0.00,"9MiB / 7.737GiB"
1790745660,2026-09-30T14:21:00,Q7AcceptLatencyBenchmark.fsync*,external-clickhouse,clickhouse/clickhouse-server:latest,3.36,"1.276GiB / 7.737GiB"
1790745660,2026-09-30T14:21:00,Q7AcceptLatencyBenchmark.fsync*,external-kafka,apache/kafka:latest,0.56,"1.07GiB / 7.737GiB"
1790745668,2026-09-30T14:21:08,Q7AcceptLatencyBenchmark.fsync*,xenodochial_driscoll,postgres:16,12.36,"45.47MiB / 7.737GiB"
1790745668,2026-09-30T14:21:08,Q7AcceptLatencyBenchmark.fsync*,beautiful_goldberg,apache/kafka:4.3.1,29.60,"960.2MiB / 7.737GiB"
1790745668,2026-09-30T14:21:08,Q7AcceptLatencyBenchmark.fsync*,testcontainers-ryuk-7409d824-e42c-4e70-99f1-24442a1b266e,testcontainers/ryuk:0.14.0,0.00,"9MiB / 7.737GiB"
1790745668,2026-09-30T14:21:08,Q7AcceptLatencyBenchmark.fsync*,external-clickhouse,clickhouse/clickhouse-server:latest,11.49,"1.273GiB / 7.737GiB"
1790745668,2026-09-30T14:21:08,Q7AcceptLatencyBenchmark.fsync*,external-kafka,apache/kafka:latest,1.43,"1.07GiB / 7.737GiB"
1790745675,2026-09-30T14:21:15,Q7AcceptLatencyBenchmark.fsync*,xenodochial_driscoll,postgres:16,17.83,"46MiB / 7.737GiB"
1790745675,2026-09-30T14:21:15,Q7AcceptLatencyBenchmark.fsync*,beautiful_goldberg,apache/kafka:4.3.1,39.43,"967MiB / 7.737GiB"
1790745675,2026-09-30T14:21:15,Q7AcceptLatencyBenchmark.fsync*,testcontainers-ryuk-7409d824-e42c-4e70-99f1-24442a1b266e,testcontainers/ryuk:0.14.0,0.00,"9MiB / 7.737GiB"
1790745675,2026-09-30T14:21:15,Q7AcceptLatencyBenchmark.fsync*,external-clickhouse,clickhouse/clickhouse-server:latest,3.18,"1.269GiB / 7.737GiB"
1790745675,2026-09-30T14:21:15,Q7AcceptLatencyBenchmark.fsync*,external-kafka,apache/kafka:latest,0.68,"1.07GiB / 7.737GiB"
1790745682,2026-09-30T14:21:22,Q7AcceptLatencyBenchmark.fsync*,xenodochial_driscoll,postgres:16,18.51,"46.16MiB / 7.737GiB"
1790745682,2026-09-30T14:21:22,Q7AcceptLatencyBenchmark.fsync*,beautiful_goldberg,apache/kafka:4.3.1,1.39,"967.7MiB / 7.737GiB"
1790745682,2026-09-30T14:21:22,Q7AcceptLatencyBenchmark.fsync*,testcontainers-ryuk-7409d824-e42c-4e70-99f1-24442a1b266e,testcontainers/ryuk:0.14.0,0.00,"9MiB / 7.737GiB"
1790745682,2026-09-30T14:21:22,Q7AcceptLatencyBenchmark.fsync*,external-clickhouse,clickhouse/clickhouse-server:latest,2.85,"1.27GiB / 7.737GiB"
1790745682,2026-09-30T14:21:22,Q7AcceptLatencyBenchmark.fsync*,external-kafka,apache/kafka:latest,0.87,"1.07GiB / 7.737GiB"
1790745689,2026-09-30T14:21:29,Q7AcceptLatencyBenchmark.fsync*,xenodochial_driscoll,postgres:16,6.37,"46.42MiB / 7.737GiB"
1790745689,2026-09-30T14:21:29,Q7AcceptLatencyBenchmark.fsync*,beautiful_goldberg,apache/kafka:4.3.1,14.59,"965MiB / 7.737GiB"
1790745689,2026-09-30T14:21:29,Q7AcceptLatencyBenchmark.fsync*,testcontainers-ryuk-7409d824-e42c-4e70-99f1-24442a1b266e,testcontainers/ryuk:0.14.0,0.00,"9MiB / 7.737GiB"
1790745689,2026-09-30T14:21:29,Q7AcceptLatencyBenchmark.fsync*,external-clickhouse,clickhouse/clickhouse-server:latest,1.84,"1.27GiB / 7.737GiB"
1790745689,2026-09-30T14:21:29,Q7AcceptLatencyBenchmark.fsync*,external-kafka,apache/kafka:latest,0.76,"1.07GiB / 7.737GiB"
1790745696,2026-09-30T14:21:36,Q7AcceptLatencyBenchmark.fsync*,xenodochial_driscoll,postgres:16,6.45,"46.44MiB / 7.737GiB"
1790745696,2026-09-30T14:21:36,Q7AcceptLatencyBenchmark.fsync*,beautiful_goldberg,apache/kafka:4.3.1,14.84,"965.1MiB / 7.737GiB"
1790745696,2026-09-30T14:21:36,Q7AcceptLatencyBenchmark.fsync*,testcontainers-ryuk-7409d824-e42c-4e70-99f1-24442a1b266e,testcontainers/ryuk:0.14.0,0.00,"9MiB / 7.737GiB"
1790745696,2026-09-30T14:21:36,Q7AcceptLatencyBenchmark.fsync*,external-clickhouse,clickhouse/clickhouse-server:latest,4.12,"1.274GiB / 7.737GiB"
1790745696,2026-09-30T14:21:36,Q7AcceptLatencyBenchmark.fsync*,external-kafka,apache/kafka:latest,0.94,"1.07GiB / 7.737GiB"
1790745703,2026-09-30T14:21:43,Q7AcceptLatencyBenchmark.fsync*,xenodochial_driscoll,postgres:16,8.95,"46.46MiB / 7.737GiB"
1790745703,2026-09-30T14:21:43,Q7AcceptLatencyBenchmark.fsync*,beautiful_goldberg,apache/kafka:4.3.1,19.40,"965.4MiB / 7.737GiB"
1790745703,2026-09-30T14:21:43,Q7AcceptLatencyBenchmark.fsync*,testcontainers-ryuk-7409d824-e42c-4e70-99f1-24442a1b266e,testcontainers/ryuk:0.14.0,0.00,"9MiB / 7.737GiB"
1790745703,2026-09-30T14:21:43,Q7AcceptLatencyBenchmark.fsync*,external-clickhouse,clickhouse/clickhouse-server:latest,1.67,"1.272GiB / 7.737GiB"
1790745703,2026-09-30T14:21:43,Q7AcceptLatencyBenchmark.fsync*,external-kafka,apache/kafka:latest,0.57,"1.07GiB / 7.737GiB"
1790745711,2026-09-30T14:21:51,Q7AcceptLatencyBenchmark.fsync*,xenodochial_driscoll,postgres:16,9.92,"46.49MiB / 7.737GiB"
1790745711,2026-09-30T14:21:51,Q7AcceptLatencyBenchmark.fsync*,beautiful_goldberg,apache/kafka:4.3.1,22.78,"965.5MiB / 7.737GiB"
1790745711,2026-09-30T14:21:51,Q7AcceptLatencyBenchmark.fsync*,testcontainers-ryuk-7409d824-e42c-4e70-99f1-24442a1b266e,testcontainers/ryuk:0.14.0,0.00,"9MiB / 7.737GiB"
1790745711,2026-09-30T14:21:51,Q7AcceptLatencyBenchmark.fsync*,external-clickhouse,clickhouse/clickhouse-server:latest,1.91,"1.317GiB / 7.737GiB"
1790745711,2026-09-30T14:21:51,Q7AcceptLatencyBenchmark.fsync*,external-kafka,apache/kafka:latest,7.77,"1.07GiB / 7.737GiB"
1790745718,2026-09-30T14:21:58,Q7AcceptLatencyBenchmark.fsync*,xenodochial_driscoll,postgres:16,6.53,"46.52MiB / 7.737GiB"
1790745718,2026-09-30T14:21:58,Q7AcceptLatencyBenchmark.fsync*,beautiful_goldberg,apache/kafka:4.3.1,22.78,"969.7MiB / 7.737GiB"
1790745718,2026-09-30T14:21:58,Q7AcceptLatencyBenchmark.fsync*,testcontainers-ryuk-7409d824-e42c-4e70-99f1-24442a1b266e,testcontainers/ryuk:0.14.0,0.00,"9MiB / 7.737GiB"
1790745718,2026-09-30T14:21:58,Q7AcceptLatencyBenchmark.fsync*,external-clickhouse,clickhouse/clickhouse-server:latest,2.20,"1.287GiB / 7.737GiB"
1790745718,2026-09-30T14:21:58,Q7AcceptLatencyBenchmark.fsync*,external-kafka,apache/kafka:latest,0.87,"1.07GiB / 7.737GiB"
1790745725,2026-09-30T14:22:05,Q7AcceptLatencyBenchmark.fsync*,xenodochial_driscoll,postgres:16,15.55,"47.11MiB / 7.737GiB"
1790745725,2026-09-30T14:22:05,Q7AcceptLatencyBenchmark.fsync*,beautiful_goldberg,apache/kafka:4.3.1,33.03,"968.3MiB / 7.737GiB"
1790745725,2026-09-30T14:22:05,Q7AcceptLatencyBenchmark.fsync*,testcontainers-ryuk-7409d824-e42c-4e70-99f1-24442a1b266e,testcontainers/ryuk:0.14.0,0.00,"9MiB / 7.737GiB"
1790745725,2026-09-30T14:22:05,Q7AcceptLatencyBenchmark.fsync*,external-clickhouse,clickhouse/clickhouse-server:latest,3.17,"1.287GiB / 7.737GiB"
1790745725,2026-09-30T14:22:05,Q7AcceptLatencyBenchmark.fsync*,external-kafka,apache/kafka:latest,0.65,"1.07GiB / 7.737GiB"
1790745732,2026-09-30T14:22:12,Q7AcceptLatencyBenchmark.fsync*,xenodochial_driscoll,postgres:16,16.36,"47.1MiB / 7.737GiB"
1790745732,2026-09-30T14:22:12,Q7AcceptLatencyBenchmark.fsync*,beautiful_goldberg,apache/kafka:4.3.1,44.38,"972.4MiB / 7.737GiB"
1790745732,2026-09-30T14:22:12,Q7AcceptLatencyBenchmark.fsync*,testcontainers-ryuk-7409d824-e42c-4e70-99f1-24442a1b266e,testcontainers/ryuk:0.14.0,0.00,"9MiB / 7.737GiB"
1790745732,2026-09-30T14:22:12,Q7AcceptLatencyBenchmark.fsync*,external-clickhouse,clickhouse/clickhouse-server:latest,3.22,"1.271GiB / 7.737GiB"
1790745732,2026-09-30T14:22:12,Q7AcceptLatencyBenchmark.fsync*,external-kafka,apache/kafka:latest,131.81,"1.137GiB / 7.737GiB"
1790745739,2026-09-30T14:22:19,Q7AcceptLatencyBenchmark.fsync*,xenodochial_driscoll,postgres:16,13.52,"47.21MiB / 7.737GiB"
1790745739,2026-09-30T14:22:19,Q7AcceptLatencyBenchmark.fsync*,beautiful_goldberg,apache/kafka:4.3.1,43.53,"970.8MiB / 7.737GiB"
1790745739,2026-09-30T14:22:19,Q7AcceptLatencyBenchmark.fsync*,testcontainers-ryuk-7409d824-e42c-4e70-99f1-24442a1b266e,testcontainers/ryuk:0.14.0,0.01,"9MiB / 7.737GiB"
1790745739,2026-09-30T14:22:19,Q7AcceptLatencyBenchmark.fsync*,external-clickhouse,clickhouse/clickhouse-server:latest,3.08,"1.295GiB / 7.737GiB"
1790745739,2026-09-30T14:22:19,Q7AcceptLatencyBenchmark.fsync*,external-kafka,apache/kafka:latest,1.26,"1.07GiB / 7.737GiB"
1790745747,2026-09-30T14:22:27,Q7AcceptLatencyBenchmark.fsync*,xenodochial_driscoll,postgres:16,13.95,"47.79MiB / 7.737GiB"
1790745747,2026-09-30T14:22:27,Q7AcceptLatencyBenchmark.fsync*,beautiful_goldberg,apache/kafka:4.3.1,2.44,"970.4MiB / 7.737GiB"
1790745747,2026-09-30T14:22:27,Q7AcceptLatencyBenchmark.fsync*,testcontainers-ryuk-7409d824-e42c-4e70-99f1-24442a1b266e,testcontainers/ryuk:0.14.0,0.00,"9MiB / 7.737GiB"
1790745747,2026-09-30T14:22:27,Q7AcceptLatencyBenchmark.fsync*,external-clickhouse,clickhouse/clickhouse-server:latest,6.16,"1.271GiB / 7.737GiB"
1790745747,2026-09-30T14:22:27,Q7AcceptLatencyBenchmark.fsync*,external-kafka,apache/kafka:latest,1.23,"1.07GiB / 7.737GiB"
1790745754,2026-09-30T14:22:34,Q7AcceptLatencyBenchmark.fsync*,xenodochial_driscoll,postgres:16,4.11,"49.16MiB / 7.737GiB"
1790745754,2026-09-30T14:22:34,Q7AcceptLatencyBenchmark.fsync*,beautiful_goldberg,apache/kafka:4.3.1,16.71,"970.9MiB / 7.737GiB"
1790745754,2026-09-30T14:22:34,Q7AcceptLatencyBenchmark.fsync*,testcontainers-ryuk-7409d824-e42c-4e70-99f1-24442a1b266e,testcontainers/ryuk:0.14.0,0.00,"9MiB / 7.737GiB"
1790745754,2026-09-30T14:22:34,Q7AcceptLatencyBenchmark.fsync*,external-clickhouse,clickhouse/clickhouse-server:latest,1.90,"1.264GiB / 7.737GiB"
1790745754,2026-09-30T14:22:34,Q7AcceptLatencyBenchmark.fsync*,external-kafka,apache/kafka:latest,1.25,"1.071GiB / 7.737GiB"
1790745761,2026-09-30T14:22:41,Q7AcceptLatencyBenchmark.fsync*,xenodochial_driscoll,postgres:16,5.80,"49.18MiB / 7.737GiB"
1790745761,2026-09-30T14:22:41,Q7AcceptLatencyBenchmark.fsync*,beautiful_goldberg,apache/kafka:4.3.1,21.85,"971.1MiB / 7.737GiB"
1790745761,2026-09-30T14:22:41,Q7AcceptLatencyBenchmark.fsync*,testcontainers-ryuk-7409d824-e42c-4e70-99f1-24442a1b266e,testcontainers/ryuk:0.14.0,0.00,"9MiB / 7.737GiB"
1790745761,2026-09-30T14:22:41,Q7AcceptLatencyBenchmark.fsync*,external-clickhouse,clickhouse/clickhouse-server:latest,2.83,"1.273GiB / 7.737GiB"
1790745761,2026-09-30T14:22:41,Q7AcceptLatencyBenchmark.fsync*,external-kafka,apache/kafka:latest,0.70,"1.07GiB / 7.737GiB"
1790745768,2026-09-30T14:22:48,Q7AcceptLatencyBenchmark.fsync*,xenodochial_driscoll,postgres:16,8.01,"49.67MiB / 7.737GiB"
1790745768,2026-09-30T14:22:48,Q7AcceptLatencyBenchmark.fsync*,beautiful_goldberg,apache/kafka:4.3.1,42.46,"973.7MiB / 7.737GiB"
1790745768,2026-09-30T14:22:48,Q7AcceptLatencyBenchmark.fsync*,testcontainers-ryuk-7409d824-e42c-4e70-99f1-24442a1b266e,testcontainers/ryuk:0.14.0,0.00,"9MiB / 7.737GiB"
1790745768,2026-09-30T14:22:48,Q7AcceptLatencyBenchmark.fsync*,external-clickhouse,clickhouse/clickhouse-server:latest,2.39,"1.313GiB / 7.737GiB"
1790745768,2026-09-30T14:22:48,Q7AcceptLatencyBenchmark.fsync*,external-kafka,apache/kafka:latest,1.04,"1.07GiB / 7.737GiB"
1790745775,2026-09-30T14:22:55,Q7AcceptLatencyBenchmark.fsync*,xenodochial_driscoll,postgres:16,9.11,"49.7MiB / 7.737GiB"
1790745775,2026-09-30T14:22:55,Q7AcceptLatencyBenchmark.fsync*,beautiful_goldberg,apache/kafka:4.3.1,30.38,"972.1MiB / 7.737GiB"
1790745775,2026-09-30T14:22:55,Q7AcceptLatencyBenchmark.fsync*,testcontainers-ryuk-7409d824-e42c-4e70-99f1-24442a1b266e,testcontainers/ryuk:0.14.0,0.00,"9MiB / 7.737GiB"
1790745775,2026-09-30T14:22:55,Q7AcceptLatencyBenchmark.fsync*,external-clickhouse,clickhouse/clickhouse-server:latest,3.11,"1.271GiB / 7.737GiB"
1790745775,2026-09-30T14:22:55,Q7AcceptLatencyBenchmark.fsync*,external-kafka,apache/kafka:latest,0.57,"1.07GiB / 7.737GiB"
1790745782,2026-09-30T14:23:02,Q7AcceptLatencyBenchmark.fsync*,xenodochial_driscoll,postgres:16,13.05,"49.72MiB / 7.737GiB"
1790745782,2026-09-30T14:23:02,Q7AcceptLatencyBenchmark.fsync*,beautiful_goldberg,apache/kafka:4.3.1,29.37,"975.1MiB / 7.737GiB"
1790745782,2026-09-30T14:23:02,Q7AcceptLatencyBenchmark.fsync*,testcontainers-ryuk-7409d824-e42c-4e70-99f1-24442a1b266e,testcontainers/ryuk:0.14.0,0.00,"9MiB / 7.737GiB"
1790745782,2026-09-30T14:23:02,Q7AcceptLatencyBenchmark.fsync*,external-clickhouse,clickhouse/clickhouse-server:latest,8.80,"1.27GiB / 7.737GiB"
1790745782,2026-09-30T14:23:02,Q7AcceptLatencyBenchmark.fsync*,external-kafka,apache/kafka:latest,0.59,"1.07GiB / 7.737GiB"
1790745790,2026-09-30T14:23:10,Q7AcceptLatencyBenchmark.fsync*,xenodochial_driscoll,postgres:16,18.14,"49.91MiB / 7.737GiB"
1790745790,2026-09-30T14:23:10,Q7AcceptLatencyBenchmark.fsync*,beautiful_goldberg,apache/kafka:4.3.1,25.25,"972.3MiB / 7.737GiB"
1790745790,2026-09-30T14:23:10,Q7AcceptLatencyBenchmark.fsync*,testcontainers-ryuk-7409d824-e42c-4e70-99f1-24442a1b266e,testcontainers/ryuk:0.14.0,0.00,"9MiB / 7.737GiB"
1790745790,2026-09-30T14:23:10,Q7AcceptLatencyBenchmark.fsync*,external-clickhouse,clickhouse/clickhouse-server:latest,9.56,"1.271GiB / 7.737GiB"
1790745790,2026-09-30T14:23:10,Q7AcceptLatencyBenchmark.fsync*,external-kafka,apache/kafka:latest,0.69,"1.07GiB / 7.737GiB"
1790745797,2026-09-30T14:23:17,Q7AcceptLatencyBenchmark.fsync*,xenodochial_driscoll,postgres:16,14.75,"50.39MiB / 7.737GiB"
1790745797,2026-09-30T14:23:17,Q7AcceptLatencyBenchmark.fsync*,beautiful_goldberg,apache/kafka:4.3.1,41.50,"974.4MiB / 7.737GiB"
1790745797,2026-09-30T14:23:17,Q7AcceptLatencyBenchmark.fsync*,testcontainers-ryuk-7409d824-e42c-4e70-99f1-24442a1b266e,testcontainers/ryuk:0.14.0,0.00,"9MiB / 7.737GiB"
1790745797,2026-09-30T14:23:17,Q7AcceptLatencyBenchmark.fsync*,external-clickhouse,clickhouse/clickhouse-server:latest,31.93,"1.322GiB / 7.737GiB"
1790745797,2026-09-30T14:23:17,Q7AcceptLatencyBenchmark.fsync*,external-kafka,apache/kafka:latest,1.75,"1.07GiB / 7.737GiB"
1790745804,2026-09-30T14:23:24,Q7AcceptLatencyBenchmark.fsync*,xenodochial_driscoll,postgres:16,17.92,"50.49MiB / 7.737GiB"
1790745804,2026-09-30T14:23:24,Q7AcceptLatencyBenchmark.fsync*,beautiful_goldberg,apache/kafka:4.3.1,53.83,"975.3MiB / 7.737GiB"
1790745804,2026-09-30T14:23:24,Q7AcceptLatencyBenchmark.fsync*,testcontainers-ryuk-7409d824-e42c-4e70-99f1-24442a1b266e,testcontainers/ryuk:0.14.0,0.00,"9MiB / 7.737GiB"
1790745804,2026-09-30T14:23:24,Q7AcceptLatencyBenchmark.fsync*,external-clickhouse,clickhouse/clickhouse-server:latest,9.78,"1.304GiB / 7.737GiB"
1790745804,2026-09-30T14:23:24,Q7AcceptLatencyBenchmark.fsync*,external-kafka,apache/kafka:latest,0.98,"1.07GiB / 7.737GiB"
1790745812,2026-09-30T14:23:32,Q7AcceptLatencyBenchmark.fsync*,xenodochial_driscoll,postgres:16,16.85,"51.07MiB / 7.737GiB"
1790745812,2026-09-30T14:23:32,Q7AcceptLatencyBenchmark.fsync*,beautiful_goldberg,apache/kafka:4.3.1,1.27,"975.6MiB / 7.737GiB"
1790745812,2026-09-30T14:23:32,Q7AcceptLatencyBenchmark.fsync*,testcontainers-ryuk-7409d824-e42c-4e70-99f1-24442a1b266e,testcontainers/ryuk:0.14.0,0.00,"9MiB / 7.737GiB"
1790745812,2026-09-30T14:23:32,Q7AcceptLatencyBenchmark.fsync*,external-clickhouse,clickhouse/clickhouse-server:latest,2.88,"1.273GiB / 7.737GiB"
1790745812,2026-09-30T14:23:32,Q7AcceptLatencyBenchmark.fsync*,external-kafka,apache/kafka:latest,0.79,"1.07GiB / 7.737GiB"
1790745819,2026-09-30T14:23:39,Q7AcceptLatencyBenchmark.fsync*,xenodochial_driscoll,postgres:16,13.66,"51.16MiB / 7.737GiB"
1790745819,2026-09-30T14:23:39,Q7AcceptLatencyBenchmark.fsync*,beautiful_goldberg,apache/kafka:4.3.1,2.06,"975.3MiB / 7.737GiB"
1790745819,2026-09-30T14:23:39,Q7AcceptLatencyBenchmark.fsync*,testcontainers-ryuk-7409d824-e42c-4e70-99f1-24442a1b266e,testcontainers/ryuk:0.14.0,0.00,"9MiB / 7.737GiB"
1790745819,2026-09-30T14:23:39,Q7AcceptLatencyBenchmark.fsync*,external-clickhouse,clickhouse/clickhouse-server:latest,3.14,"1.271GiB / 7.737GiB"
1790745819,2026-09-30T14:23:39,Q7AcceptLatencyBenchmark.fsync*,external-kafka,apache/kafka:latest,1.07,"1.07GiB / 7.737GiB"
1790745826,2026-09-30T14:23:46,Q7AcceptLatencyBenchmark.fsync*,xenodochial_driscoll,postgres:16,7.73,"50.93MiB / 7.737GiB"
1790745826,2026-09-30T14:23:46,Q7AcceptLatencyBenchmark.fsync*,beautiful_goldberg,apache/kafka:4.3.1,16.11,"975.6MiB / 7.737GiB"
1790745826,2026-09-30T14:23:46,Q7AcceptLatencyBenchmark.fsync*,testcontainers-ryuk-7409d824-e42c-4e70-99f1-24442a1b266e,testcontainers/ryuk:0.14.0,0.00,"9MiB / 7.737GiB"
1790745826,2026-09-30T14:23:46,Q7AcceptLatencyBenchmark.fsync*,external-clickhouse,clickhouse/clickhouse-server:latest,3.64,"1.268GiB / 7.737GiB"
1790745826,2026-09-30T14:23:46,Q7AcceptLatencyBenchmark.fsync*,external-kafka,apache/kafka:latest,1.38,"1.07GiB / 7.737GiB"
1790745833,2026-09-30T14:23:53,Q7AcceptLatencyBenchmark.fsync*,xenodochial_driscoll,postgres:16,2.79,"50.64MiB / 7.737GiB"
1790745833,2026-09-30T14:23:53,Q7AcceptLatencyBenchmark.fsync*,beautiful_goldberg,apache/kafka:4.3.1,16.95,"976.4MiB / 7.737GiB"
1790745833,2026-09-30T14:23:53,Q7AcceptLatencyBenchmark.fsync*,testcontainers-ryuk-7409d824-e42c-4e70-99f1-24442a1b266e,testcontainers/ryuk:0.14.0,0.00,"9MiB / 7.737GiB"
1790745833,2026-09-30T14:23:53,Q7AcceptLatencyBenchmark.fsync*,external-clickhouse,clickhouse/clickhouse-server:latest,5.55,"1.287GiB / 7.737GiB"
1790745833,2026-09-30T14:23:53,Q7AcceptLatencyBenchmark.fsync*,external-kafka,apache/kafka:latest,32.47,"1.07GiB / 7.737GiB"
1790745840,2026-09-30T14:24:00,Q7AcceptLatencyBenchmark.fsync*,xenodochial_driscoll,postgres:16,11.14,"50.69MiB / 7.737GiB"
1790745840,2026-09-30T14:24:00,Q7AcceptLatencyBenchmark.fsync*,beautiful_goldberg,apache/kafka:4.3.1,26.73,"976MiB / 7.737GiB"
1790745840,2026-09-30T14:24:00,Q7AcceptLatencyBenchmark.fsync*,testcontainers-ryuk-7409d824-e42c-4e70-99f1-24442a1b266e,testcontainers/ryuk:0.14.0,0.00,"9MiB / 7.737GiB"
1790745840,2026-09-30T14:24:00,Q7AcceptLatencyBenchmark.fsync*,external-clickhouse,clickhouse/clickhouse-server:latest,3.43,"1.27GiB / 7.737GiB"
1790745840,2026-09-30T14:24:00,Q7AcceptLatencyBenchmark.fsync*,external-kafka,apache/kafka:latest,0.65,"1.07GiB / 7.737GiB"
1790745848,2026-09-30T14:24:08,Q7AcceptLatencyBenchmark.fsync*,xenodochial_driscoll,postgres:16,4.82,"50.71MiB / 7.737GiB"
1790745848,2026-09-30T14:24:08,Q7AcceptLatencyBenchmark.fsync*,beautiful_goldberg,apache/kafka:4.3.1,1.88,"976.1MiB / 7.737GiB"
1790745848,2026-09-30T14:24:08,Q7AcceptLatencyBenchmark.fsync*,testcontainers-ryuk-7409d824-e42c-4e70-99f1-24442a1b266e,testcontainers/ryuk:0.14.0,0.00,"9MiB / 7.737GiB"
1790745848,2026-09-30T14:24:08,Q7AcceptLatencyBenchmark.fsync*,external-clickhouse,clickhouse/clickhouse-server:latest,6.21,"1.268GiB / 7.737GiB"
1790745848,2026-09-30T14:24:08,Q7AcceptLatencyBenchmark.fsync*,external-kafka,apache/kafka:latest,1.25,"1.07GiB / 7.737GiB"
1790745855,2026-09-30T14:24:15,Q7AcceptLatencyBenchmark.fsync*,xenodochial_driscoll,postgres:16,8.64,"50.72MiB / 7.737GiB"
1790745855,2026-09-30T14:24:15,Q7AcceptLatencyBenchmark.fsync*,beautiful_goldberg,apache/kafka:4.3.1,31.09,"977.1MiB / 7.737GiB"
1790745855,2026-09-30T14:24:15,Q7AcceptLatencyBenchmark.fsync*,testcontainers-ryuk-7409d824-e42c-4e70-99f1-24442a1b266e,testcontainers/ryuk:0.14.0,0.00,"9MiB / 7.737GiB"
1790745855,2026-09-30T14:24:15,Q7AcceptLatencyBenchmark.fsync*,external-clickhouse,clickhouse/clickhouse-server:latest,7.82,"1.267GiB / 7.737GiB"
1790745855,2026-09-30T14:24:15,Q7AcceptLatencyBenchmark.fsync*,external-kafka,apache/kafka:latest,181.20,"1.154GiB / 7.737GiB"
1790745862,2026-09-30T14:24:22,Q7AcceptLatencyBenchmark.fsync*,xenodochial_driscoll,postgres:16,18.14,"50.85MiB / 7.737GiB"
1790745862,2026-09-30T14:24:22,Q7AcceptLatencyBenchmark.fsync*,beautiful_goldberg,apache/kafka:4.3.1,23.13,"977.1MiB / 7.737GiB"
1790745862,2026-09-30T14:24:22,Q7AcceptLatencyBenchmark.fsync*,testcontainers-ryuk-7409d824-e42c-4e70-99f1-24442a1b266e,testcontainers/ryuk:0.14.0,0.00,"9MiB / 7.737GiB"
1790745862,2026-09-30T14:24:22,Q7AcceptLatencyBenchmark.fsync*,external-clickhouse,clickhouse/clickhouse-server:latest,4.37,"1.276GiB / 7.737GiB"
1790745862,2026-09-30T14:24:22,Q7AcceptLatencyBenchmark.fsync*,external-kafka,apache/kafka:latest,0.57,"1.07GiB / 7.737GiB"
1790745869,2026-09-30T14:24:29,Q7AcceptLatencyBenchmark.fsync*,xenodochial_driscoll,postgres:16,8.22,"50.82MiB / 7.737GiB"
1790745869,2026-09-30T14:24:29,Q7AcceptLatencyBenchmark.fsync*,beautiful_goldberg,apache/kafka:4.3.1,37.49,"979.2MiB / 7.737GiB"
1790745869,2026-09-30T14:24:29,Q7AcceptLatencyBenchmark.fsync*,testcontainers-ryuk-7409d824-e42c-4e70-99f1-24442a1b266e,testcontainers/ryuk:0.14.0,0.00,"9MiB / 7.737GiB"
1790745869,2026-09-30T14:24:29,Q7AcceptLatencyBenchmark.fsync*,external-clickhouse,clickhouse/clickhouse-server:latest,4.27,"1.272GiB / 7.737GiB"
1790745869,2026-09-30T14:24:29,Q7AcceptLatencyBenchmark.fsync*,external-kafka,apache/kafka:latest,0.56,"1.07GiB / 7.737GiB"
1790745877,2026-09-30T14:24:37,Q7AcceptLatencyBenchmark.fsync*,xenodochial_driscoll,postgres:16,15.74,"50.88MiB / 7.737GiB"
1790745877,2026-09-30T14:24:37,Q7AcceptLatencyBenchmark.fsync*,beautiful_goldberg,apache/kafka:4.3.1,42.59,"979.1MiB / 7.737GiB"
1790745877,2026-09-30T14:24:37,Q7AcceptLatencyBenchmark.fsync*,testcontainers-ryuk-7409d824-e42c-4e70-99f1-24442a1b266e,testcontainers/ryuk:0.14.0,0.00,"9MiB / 7.737GiB"
1790745877,2026-09-30T14:24:37,Q7AcceptLatencyBenchmark.fsync*,external-clickhouse,clickhouse/clickhouse-server:latest,3.29,"1.273GiB / 7.737GiB"
1790745877,2026-09-30T14:24:37,Q7AcceptLatencyBenchmark.fsync*,external-kafka,apache/kafka:latest,0.80,"1.07GiB / 7.737GiB"
1790745884,2026-09-30T14:24:44,Q7AcceptLatencyBenchmark.fsync*,xenodochial_driscoll,postgres:16,13.27,"50.98MiB / 7.737GiB"
1790745884,2026-09-30T14:24:44,Q7AcceptLatencyBenchmark.fsync*,beautiful_goldberg,apache/kafka:4.3.1,0.81,"979.1MiB / 7.737GiB"
1790745884,2026-09-30T14:24:44,Q7AcceptLatencyBenchmark.fsync*,testcontainers-ryuk-7409d824-e42c-4e70-99f1-24442a1b266e,testcontainers/ryuk:0.14.0,0.00,"9MiB / 7.737GiB"
1790745884,2026-09-30T14:24:44,Q7AcceptLatencyBenchmark.fsync*,external-clickhouse,clickhouse/clickhouse-server:latest,3.31,"1.27GiB / 7.737GiB"
1790745884,2026-09-30T14:24:44,Q7AcceptLatencyBenchmark.fsync*,external-kafka,apache/kafka:latest,0.82,"1.07GiB / 7.737GiB"
1790745891,2026-09-30T14:24:51,idle,testcontainers-ryuk-7409d824-e42c-4e70-99f1-24442a1b266e,testcontainers/ryuk:0.14.0,0.00,"9MiB / 7.737GiB"
1790745891,2026-09-30T14:24:51,idle,external-clickhouse,clickhouse/clickhouse-server:latest,4.94,"1.33GiB / 7.737GiB"
1790745891,2026-09-30T14:24:51,idle,external-kafka,apache/kafka:latest,1.77,"1.07GiB / 7.737GiB"
1790745898,2026-09-30T14:24:58,idle,external-clickhouse,clickhouse/clickhouse-server:latest,3.64,"1.273GiB / 7.737GiB"
1790745898,2026-09-30T14:24:58,idle,external-kafka,apache/kafka:latest,1.49,"1.07GiB / 7.737GiB"
1790745905,2026-09-30T14:25:05,Q7AcceptLatencyBenchmark.sideBySideFsync*,trusting_mahavira,postgres:16,9.91,"30.08MiB / 7.737GiB"
1790745905,2026-09-30T14:25:05,Q7AcceptLatencyBenchmark.sideBySideFsync*,vibrant_rubin,apache/kafka:4.3.1,85.88,"327.5MiB / 7.737GiB"
1790745905,2026-09-30T14:25:05,Q7AcceptLatencyBenchmark.sideBySideFsync*,testcontainers-ryuk-ee61ea88-635e-4fa9-9669-5cf2e0e582b1,testcontainers/ryuk:0.14.0,0.00,"8.875MiB / 7.737GiB"
1790745905,2026-09-30T14:25:05,Q7AcceptLatencyBenchmark.sideBySideFsync*,external-clickhouse,clickhouse/clickhouse-server:latest,6.78,"1.274GiB / 7.737GiB"
1790745905,2026-09-30T14:25:05,Q7AcceptLatencyBenchmark.sideBySideFsync*,external-kafka,apache/kafka:latest,1.77,"1.07GiB / 7.737GiB"
1790745912,2026-09-30T14:25:12,Q7AcceptLatencyBenchmark.sideBySideFsync*,trusting_mahavira,postgres:16,15.68,"31.24MiB / 7.737GiB"
1790745912,2026-09-30T14:25:12,Q7AcceptLatencyBenchmark.sideBySideFsync*,vibrant_rubin,apache/kafka:4.3.1,45.11,"358.2MiB / 7.737GiB"
1790745912,2026-09-30T14:25:12,Q7AcceptLatencyBenchmark.sideBySideFsync*,testcontainers-ryuk-ee61ea88-635e-4fa9-9669-5cf2e0e582b1,testcontainers/ryuk:0.14.0,0.00,"8.875MiB / 7.737GiB"
1790745912,2026-09-30T14:25:12,Q7AcceptLatencyBenchmark.sideBySideFsync*,external-clickhouse,clickhouse/clickhouse-server:latest,3.28,"1.275GiB / 7.737GiB"
1790745912,2026-09-30T14:25:12,Q7AcceptLatencyBenchmark.sideBySideFsync*,external-kafka,apache/kafka:latest,1.18,"1.07GiB / 7.737GiB"
1790745920,2026-09-30T14:25:20,Q7AcceptLatencyBenchmark.sideBySideFsync*,trusting_mahavira,postgres:16,0.03,"31.91MiB / 7.737GiB"
1790745920,2026-09-30T14:25:20,Q7AcceptLatencyBenchmark.sideBySideFsync*,vibrant_rubin,apache/kafka:4.3.1,27.78,"485MiB / 7.737GiB"
1790745920,2026-09-30T14:25:20,Q7AcceptLatencyBenchmark.sideBySideFsync*,testcontainers-ryuk-ee61ea88-635e-4fa9-9669-5cf2e0e582b1,testcontainers/ryuk:0.14.0,0.00,"8.875MiB / 7.737GiB"
1790745920,2026-09-30T14:25:20,Q7AcceptLatencyBenchmark.sideBySideFsync*,external-clickhouse,clickhouse/clickhouse-server:latest,3.79,"1.276GiB / 7.737GiB"
1790745920,2026-09-30T14:25:20,Q7AcceptLatencyBenchmark.sideBySideFsync*,external-kafka,apache/kafka:latest,1.10,"1.07GiB / 7.737GiB"
1790745927,2026-09-30T14:25:27,Q7AcceptLatencyBenchmark.sideBySideFsync*,trusting_mahavira,postgres:16,0.02,"31.91MiB / 7.737GiB"
1790745927,2026-09-30T14:25:27,Q7AcceptLatencyBenchmark.sideBySideFsync*,vibrant_rubin,apache/kafka:4.3.1,20.64,"473.9MiB / 7.737GiB"
1790745927,2026-09-30T14:25:27,Q7AcceptLatencyBenchmark.sideBySideFsync*,testcontainers-ryuk-ee61ea88-635e-4fa9-9669-5cf2e0e582b1,testcontainers/ryuk:0.14.0,0.00,"8.875MiB / 7.737GiB"
1790745927,2026-09-30T14:25:27,Q7AcceptLatencyBenchmark.sideBySideFsync*,external-clickhouse,clickhouse/clickhouse-server:latest,2.92,"1.319GiB / 7.737GiB"
1790745927,2026-09-30T14:25:27,Q7AcceptLatencyBenchmark.sideBySideFsync*,external-kafka,apache/kafka:latest,0.79,"1.07GiB / 7.737GiB"
1790745934,2026-09-30T14:25:34,Q7AcceptLatencyBenchmark.sideBySideFsync*,trusting_mahavira,postgres:16,10.89,"32.44MiB / 7.737GiB"
1790745934,2026-09-30T14:25:34,Q7AcceptLatencyBenchmark.sideBySideFsync*,vibrant_rubin,apache/kafka:4.3.1,45.24,"556.1MiB / 7.737GiB"
1790745934,2026-09-30T14:25:34,Q7AcceptLatencyBenchmark.sideBySideFsync*,testcontainers-ryuk-ee61ea88-635e-4fa9-9669-5cf2e0e582b1,testcontainers/ryuk:0.14.0,0.00,"8.879MiB / 7.737GiB"
1790745934,2026-09-30T14:25:34,Q7AcceptLatencyBenchmark.sideBySideFsync*,external-clickhouse,clickhouse/clickhouse-server:latest,2.23,"1.275GiB / 7.737GiB"
1790745934,2026-09-30T14:25:34,Q7AcceptLatencyBenchmark.sideBySideFsync*,external-kafka,apache/kafka:latest,30.84,"1.104GiB / 7.737GiB"
1790745941,2026-09-30T14:25:41,Q7AcceptLatencyBenchmark.sideBySideFsync*,trusting_mahavira,postgres:16,11.93,"32.49MiB / 7.737GiB"
1790745941,2026-09-30T14:25:41,Q7AcceptLatencyBenchmark.sideBySideFsync*,vibrant_rubin,apache/kafka:4.3.1,33.07,"667.1MiB / 7.737GiB"
1790745941,2026-09-30T14:25:41,Q7AcceptLatencyBenchmark.sideBySideFsync*,testcontainers-ryuk-ee61ea88-635e-4fa9-9669-5cf2e0e582b1,testcontainers/ryuk:0.14.0,0.00,"8.879MiB / 7.737GiB"
1790745941,2026-09-30T14:25:41,Q7AcceptLatencyBenchmark.sideBySideFsync*,external-clickhouse,clickhouse/clickhouse-server:latest,10.66,"1.274GiB / 7.737GiB"
1790745941,2026-09-30T14:25:41,Q7AcceptLatencyBenchmark.sideBySideFsync*,external-kafka,apache/kafka:latest,0.97,"1.07GiB / 7.737GiB"
1790745948,2026-09-30T14:25:48,Q7AcceptLatencyBenchmark.sideBySideFsync*,trusting_mahavira,postgres:16,12.89,"32.53MiB / 7.737GiB"
1790745948,2026-09-30T14:25:48,Q7AcceptLatencyBenchmark.sideBySideFsync*,vibrant_rubin,apache/kafka:4.3.1,26.24,"668.2MiB / 7.737GiB"
1790745948,2026-09-30T14:25:48,Q7AcceptLatencyBenchmark.sideBySideFsync*,testcontainers-ryuk-ee61ea88-635e-4fa9-9669-5cf2e0e582b1,testcontainers/ryuk:0.14.0,0.00,"8.879MiB / 7.737GiB"
1790745948,2026-09-30T14:25:48,Q7AcceptLatencyBenchmark.sideBySideFsync*,external-clickhouse,clickhouse/clickhouse-server:latest,3.29,"1.281GiB / 7.737GiB"
1790745948,2026-09-30T14:25:48,Q7AcceptLatencyBenchmark.sideBySideFsync*,external-kafka,apache/kafka:latest,0.71,"1.07GiB / 7.737GiB"
1790745956,2026-09-30T14:25:56,Q7AcceptLatencyBenchmark.sideBySideFsync*,trusting_mahavira,postgres:16,12.21,"33.67MiB / 7.737GiB"
1790745956,2026-09-30T14:25:56,Q7AcceptLatencyBenchmark.sideBySideFsync*,vibrant_rubin,apache/kafka:4.3.1,24.38,"669.8MiB / 7.737GiB"
1790745956,2026-09-30T14:25:56,Q7AcceptLatencyBenchmark.sideBySideFsync*,testcontainers-ryuk-ee61ea88-635e-4fa9-9669-5cf2e0e582b1,testcontainers/ryuk:0.14.0,0.00,"8.879MiB / 7.737GiB"
1790745956,2026-09-30T14:25:56,Q7AcceptLatencyBenchmark.sideBySideFsync*,external-clickhouse,clickhouse/clickhouse-server:latest,11.80,"1.274GiB / 7.737GiB"
1790745956,2026-09-30T14:25:56,Q7AcceptLatencyBenchmark.sideBySideFsync*,external-kafka,apache/kafka:latest,1.22,"1.07GiB / 7.737GiB"
1790745963,2026-09-30T14:26:03,Q7AcceptLatencyBenchmark.sideBySideFsync*,trusting_mahavira,postgres:16,0.03,"34.37MiB / 7.737GiB"
1790745963,2026-09-30T14:26:03,Q7AcceptLatencyBenchmark.sideBySideFsync*,vibrant_rubin,apache/kafka:4.3.1,36.53,"715MiB / 7.737GiB"
1790745963,2026-09-30T14:26:03,Q7AcceptLatencyBenchmark.sideBySideFsync*,testcontainers-ryuk-ee61ea88-635e-4fa9-9669-5cf2e0e582b1,testcontainers/ryuk:0.14.0,0.00,"8.879MiB / 7.737GiB"
1790745963,2026-09-30T14:26:03,Q7AcceptLatencyBenchmark.sideBySideFsync*,external-clickhouse,clickhouse/clickhouse-server:latest,3.73,"1.27GiB / 7.737GiB"
1790745963,2026-09-30T14:26:03,Q7AcceptLatencyBenchmark.sideBySideFsync*,external-kafka,apache/kafka:latest,0.92,"1.07GiB / 7.737GiB"
1790745970,2026-09-30T14:26:10,Q7AcceptLatencyBenchmark.sideBySideFsync*,trusting_mahavira,postgres:16,0.05,"34.37MiB / 7.737GiB"
1790745970,2026-09-30T14:26:10,Q7AcceptLatencyBenchmark.sideBySideFsync*,vibrant_rubin,apache/kafka:4.3.1,40.11,"851.8MiB / 7.737GiB"
1790745970,2026-09-30T14:26:10,Q7AcceptLatencyBenchmark.sideBySideFsync*,testcontainers-ryuk-ee61ea88-635e-4fa9-9669-5cf2e0e582b1,testcontainers/ryuk:0.14.0,0.00,"8.879MiB / 7.737GiB"
1790745970,2026-09-30T14:26:10,Q7AcceptLatencyBenchmark.sideBySideFsync*,external-clickhouse,clickhouse/clickhouse-server:latest,4.03,"1.272GiB / 7.737GiB"
1790745970,2026-09-30T14:26:10,Q7AcceptLatencyBenchmark.sideBySideFsync*,external-kafka,apache/kafka:latest,0.53,"1.07GiB / 7.737GiB"
1790745977,2026-09-30T14:26:17,Q7AcceptLatencyBenchmark.sideBySideFsync*,trusting_mahavira,postgres:16,0.04,"34.93MiB / 7.737GiB"
1790745977,2026-09-30T14:26:17,Q7AcceptLatencyBenchmark.sideBySideFsync*,vibrant_rubin,apache/kafka:4.3.1,25.93,"915.2MiB / 7.737GiB"
1790745977,2026-09-30T14:26:17,Q7AcceptLatencyBenchmark.sideBySideFsync*,testcontainers-ryuk-ee61ea88-635e-4fa9-9669-5cf2e0e582b1,testcontainers/ryuk:0.14.0,0.00,"8.879MiB / 7.737GiB"
1790745977,2026-09-30T14:26:17,Q7AcceptLatencyBenchmark.sideBySideFsync*,external-clickhouse,clickhouse/clickhouse-server:latest,6.83,"1.266GiB / 7.737GiB"
1790745977,2026-09-30T14:26:17,Q7AcceptLatencyBenchmark.sideBySideFsync*,external-kafka,apache/kafka:latest,1.00,"1.07GiB / 7.737GiB"
1790745984,2026-09-30T14:26:24,Q7AcceptLatencyBenchmark.sideBySideFsync*,trusting_mahavira,postgres:16,0.02,"34.93MiB / 7.737GiB"
1790745984,2026-09-30T14:26:24,Q7AcceptLatencyBenchmark.sideBySideFsync*,vibrant_rubin,apache/kafka:4.3.1,22.82,"917MiB / 7.737GiB"
1790745984,2026-09-30T14:26:24,Q7AcceptLatencyBenchmark.sideBySideFsync*,testcontainers-ryuk-ee61ea88-635e-4fa9-9669-5cf2e0e582b1,testcontainers/ryuk:0.14.0,0.00,"8.879MiB / 7.737GiB"
1790745984,2026-09-30T14:26:24,Q7AcceptLatencyBenchmark.sideBySideFsync*,external-clickhouse,clickhouse/clickhouse-server:latest,3.90,"1.277GiB / 7.737GiB"
1790745984,2026-09-30T14:26:24,Q7AcceptLatencyBenchmark.sideBySideFsync*,external-kafka,apache/kafka:latest,1.01,"1.07GiB / 7.737GiB"
1790745992,2026-09-30T14:26:32,Q7AcceptLatencyBenchmark.sideBySideFsync*,trusting_mahavira,postgres:16,11.82,"34.91MiB / 7.737GiB"
1790745992,2026-09-30T14:26:32,Q7AcceptLatencyBenchmark.sideBySideFsync*,vibrant_rubin,apache/kafka:4.3.1,26.99,"915.8MiB / 7.737GiB"
1790745992,2026-09-30T14:26:32,Q7AcceptLatencyBenchmark.sideBySideFsync*,testcontainers-ryuk-ee61ea88-635e-4fa9-9669-5cf2e0e582b1,testcontainers/ryuk:0.14.0,0.00,"8.879MiB / 7.737GiB"
1790745992,2026-09-30T14:26:32,Q7AcceptLatencyBenchmark.sideBySideFsync*,external-clickhouse,clickhouse/clickhouse-server:latest,3.69,"1.28GiB / 7.737GiB"
1790745992,2026-09-30T14:26:32,Q7AcceptLatencyBenchmark.sideBySideFsync*,external-kafka,apache/kafka:latest,77.62,"1.07GiB / 7.737GiB"
1790745999,2026-09-30T14:26:39,Q7AcceptLatencyBenchmark.sideBySideFsync*,trusting_mahavira,postgres:16,12.91,"34.96MiB / 7.737GiB"
1790745999,2026-09-30T14:26:39,Q7AcceptLatencyBenchmark.sideBySideFsync*,vibrant_rubin,apache/kafka:4.3.1,22.71,"915.8MiB / 7.737GiB"
1790745999,2026-09-30T14:26:39,Q7AcceptLatencyBenchmark.sideBySideFsync*,testcontainers-ryuk-ee61ea88-635e-4fa9-9669-5cf2e0e582b1,testcontainers/ryuk:0.14.0,0.00,"8.879MiB / 7.737GiB"
1790745999,2026-09-30T14:26:39,Q7AcceptLatencyBenchmark.sideBySideFsync*,external-clickhouse,clickhouse/clickhouse-server:latest,2.34,"1.266GiB / 7.737GiB"
1790745999,2026-09-30T14:26:39,Q7AcceptLatencyBenchmark.sideBySideFsync*,external-kafka,apache/kafka:latest,0.57,"1.07GiB / 7.737GiB"
1790746006,2026-09-30T14:26:46,Q7AcceptLatencyBenchmark.sideBySideFsync*,trusting_mahavira,postgres:16,14.60,"35.47MiB / 7.737GiB"
1790746006,2026-09-30T14:26:46,Q7AcceptLatencyBenchmark.sideBySideFsync*,vibrant_rubin,apache/kafka:4.3.1,39.30,"917.5MiB / 7.737GiB"
1790746006,2026-09-30T14:26:46,Q7AcceptLatencyBenchmark.sideBySideFsync*,testcontainers-ryuk-ee61ea88-635e-4fa9-9669-5cf2e0e582b1,testcontainers/ryuk:0.14.0,0.00,"8.879MiB / 7.737GiB"
1790746006,2026-09-30T14:26:46,Q7AcceptLatencyBenchmark.sideBySideFsync*,external-clickhouse,clickhouse/clickhouse-server:latest,3.55,"1.27GiB / 7.737GiB"
1790746006,2026-09-30T14:26:46,Q7AcceptLatencyBenchmark.sideBySideFsync*,external-kafka,apache/kafka:latest,0.89,"1.07GiB / 7.737GiB"
1790746013,2026-09-30T14:26:53,Q7AcceptLatencyBenchmark.sideBySideFsync*,trusting_mahavira,postgres:16,11.84,"35.51MiB / 7.737GiB"
1790746013,2026-09-30T14:26:53,Q7AcceptLatencyBenchmark.sideBySideFsync*,vibrant_rubin,apache/kafka:4.3.1,30.82,"921.1MiB / 7.737GiB"
1790746013,2026-09-30T14:26:53,Q7AcceptLatencyBenchmark.sideBySideFsync*,testcontainers-ryuk-ee61ea88-635e-4fa9-9669-5cf2e0e582b1,testcontainers/ryuk:0.14.0,0.00,"8.879MiB / 7.737GiB"
1790746013,2026-09-30T14:26:53,Q7AcceptLatencyBenchmark.sideBySideFsync*,external-clickhouse,clickhouse/clickhouse-server:latest,4.18,"1.27GiB / 7.737GiB"
1790746013,2026-09-30T14:26:53,Q7AcceptLatencyBenchmark.sideBySideFsync*,external-kafka,apache/kafka:latest,70.72,"1.07GiB / 7.737GiB"
1790746020,2026-09-30T14:27:00,Q7AcceptLatencyBenchmark.sideBySideFsync*,trusting_mahavira,postgres:16,0.02,"35.56MiB / 7.737GiB"
1790746020,2026-09-30T14:27:00,Q7AcceptLatencyBenchmark.sideBySideFsync*,vibrant_rubin,apache/kafka:4.3.1,31.72,"923.1MiB / 7.737GiB"
1790746020,2026-09-30T14:27:00,Q7AcceptLatencyBenchmark.sideBySideFsync*,testcontainers-ryuk-ee61ea88-635e-4fa9-9669-5cf2e0e582b1,testcontainers/ryuk:0.14.0,0.00,"8.879MiB / 7.737GiB"
1790746020,2026-09-30T14:27:00,Q7AcceptLatencyBenchmark.sideBySideFsync*,external-clickhouse,clickhouse/clickhouse-server:latest,2.28,"1.32GiB / 7.737GiB"
1790746020,2026-09-30T14:27:00,Q7AcceptLatencyBenchmark.sideBySideFsync*,external-kafka,apache/kafka:latest,1.36,"1.07GiB / 7.737GiB"
1790746027,2026-09-30T14:27:08,Q7AcceptLatencyBenchmark.sideBySideFsync*,trusting_mahavira,postgres:16,0.06,"35.56MiB / 7.737GiB"
1790746027,2026-09-30T14:27:08,Q7AcceptLatencyBenchmark.sideBySideFsync*,vibrant_rubin,apache/kafka:4.3.1,15.72,"924MiB / 7.737GiB"
1790746027,2026-09-30T14:27:08,Q7AcceptLatencyBenchmark.sideBySideFsync*,testcontainers-ryuk-ee61ea88-635e-4fa9-9669-5cf2e0e582b1,testcontainers/ryuk:0.14.0,0.00,"8.879MiB / 7.737GiB"
1790746027,2026-09-30T14:27:08,Q7AcceptLatencyBenchmark.sideBySideFsync*,external-clickhouse,clickhouse/clickhouse-server:latest,5.98,"1.276GiB / 7.737GiB"
1790746027,2026-09-30T14:27:08,Q7AcceptLatencyBenchmark.sideBySideFsync*,external-kafka,apache/kafka:latest,1.38,"1.07GiB / 7.737GiB"
1790746035,2026-09-30T14:27:15,Q7AcceptLatencyBenchmark.sideBySideFsync*,trusting_mahavira,postgres:16,0.01,"35.56MiB / 7.737GiB"
1790746035,2026-09-30T14:27:15,Q7AcceptLatencyBenchmark.sideBySideFsync*,vibrant_rubin,apache/kafka:4.3.1,21.54,"923.8MiB / 7.737GiB"
1790746035,2026-09-30T14:27:15,Q7AcceptLatencyBenchmark.sideBySideFsync*,testcontainers-ryuk-ee61ea88-635e-4fa9-9669-5cf2e0e582b1,testcontainers/ryuk:0.14.0,0.00,"8.879MiB / 7.737GiB"
1790746035,2026-09-30T14:27:15,Q7AcceptLatencyBenchmark.sideBySideFsync*,external-clickhouse,clickhouse/clickhouse-server:latest,3.76,"1.276GiB / 7.737GiB"
1790746035,2026-09-30T14:27:15,Q7AcceptLatencyBenchmark.sideBySideFsync*,external-kafka,apache/kafka:latest,1.69,"1.07GiB / 7.737GiB"
1790746042,2026-09-30T14:27:22,Q7AcceptLatencyBenchmark.sideBySideFsync*,trusting_mahavira,postgres:16,0.00,"35.56MiB / 7.737GiB"
1790746042,2026-09-30T14:27:22,Q7AcceptLatencyBenchmark.sideBySideFsync*,vibrant_rubin,apache/kafka:4.3.1,23.34,"923MiB / 7.737GiB"
1790746042,2026-09-30T14:27:22,Q7AcceptLatencyBenchmark.sideBySideFsync*,testcontainers-ryuk-ee61ea88-635e-4fa9-9669-5cf2e0e582b1,testcontainers/ryuk:0.14.0,0.00,"8.879MiB / 7.737GiB"
1790746042,2026-09-30T14:27:22,Q7AcceptLatencyBenchmark.sideBySideFsync*,external-clickhouse,clickhouse/clickhouse-server:latest,2.79,"1.262GiB / 7.737GiB"
1790746042,2026-09-30T14:27:22,Q7AcceptLatencyBenchmark.sideBySideFsync*,external-kafka,apache/kafka:latest,0.87,"1.07GiB / 7.737GiB"
1790746049,2026-09-30T14:27:29,Q7AcceptLatencyBenchmark.sideBySideFsync*,trusting_mahavira,postgres:16,6.74,"35.53MiB / 7.737GiB"
1790746049,2026-09-30T14:27:29,Q7AcceptLatencyBenchmark.sideBySideFsync*,vibrant_rubin,apache/kafka:4.3.1,34.00,"925.1MiB / 7.737GiB"
1790746049,2026-09-30T14:27:29,Q7AcceptLatencyBenchmark.sideBySideFsync*,testcontainers-ryuk-ee61ea88-635e-4fa9-9669-5cf2e0e582b1,testcontainers/ryuk:0.14.0,0.00,"8.879MiB / 7.737GiB"
1790746049,2026-09-30T14:27:29,Q7AcceptLatencyBenchmark.sideBySideFsync*,external-clickhouse,clickhouse/clickhouse-server:latest,4.98,"1.303GiB / 7.737GiB"
1790746049,2026-09-30T14:27:29,Q7AcceptLatencyBenchmark.sideBySideFsync*,external-kafka,apache/kafka:latest,1.83,"1.07GiB / 7.737GiB"
1790746057,2026-09-30T14:27:37,Q7AcceptLatencyBenchmark.sideBySideFsync*,trusting_mahavira,postgres:16,9.64,"35.59MiB / 7.737GiB"
1790746057,2026-09-30T14:27:37,Q7AcceptLatencyBenchmark.sideBySideFsync*,vibrant_rubin,apache/kafka:4.3.1,26.21,"924.9MiB / 7.737GiB"
1790746057,2026-09-30T14:27:37,Q7AcceptLatencyBenchmark.sideBySideFsync*,testcontainers-ryuk-ee61ea88-635e-4fa9-9669-5cf2e0e582b1,testcontainers/ryuk:0.14.0,0.00,"8.879MiB / 7.737GiB"
1790746057,2026-09-30T14:27:37,Q7AcceptLatencyBenchmark.sideBySideFsync*,external-clickhouse,clickhouse/clickhouse-server:latest,4.08,"1.262GiB / 7.737GiB"
1790746057,2026-09-30T14:27:37,Q7AcceptLatencyBenchmark.sideBySideFsync*,external-kafka,apache/kafka:latest,0.67,"1.07GiB / 7.737GiB"
1790746064,2026-09-30T14:27:44,Q7AcceptLatencyBenchmark.sideBySideFsync*,trusting_mahavira,postgres:16,6.10,"35.61MiB / 7.737GiB"
1790746064,2026-09-30T14:27:44,Q7AcceptLatencyBenchmark.sideBySideFsync*,vibrant_rubin,apache/kafka:4.3.1,6.47,"925.6MiB / 7.737GiB"
1790746064,2026-09-30T14:27:44,Q7AcceptLatencyBenchmark.sideBySideFsync*,testcontainers-ryuk-ee61ea88-635e-4fa9-9669-5cf2e0e582b1,testcontainers/ryuk:0.14.0,0.00,"8.879MiB / 7.737GiB"
1790746064,2026-09-30T14:27:44,Q7AcceptLatencyBenchmark.sideBySideFsync*,external-clickhouse,clickhouse/clickhouse-server:latest,5.28,"1.262GiB / 7.737GiB"
1790746064,2026-09-30T14:27:44,Q7AcceptLatencyBenchmark.sideBySideFsync*,external-kafka,apache/kafka:latest,1.32,"1.07GiB / 7.737GiB"
1790746071,2026-09-30T14:27:51,Q7AcceptLatencyBenchmark.sideBySideFsync*,trusting_mahavira,postgres:16,12.61,"35.64MiB / 7.737GiB"
1790746071,2026-09-30T14:27:51,Q7AcceptLatencyBenchmark.sideBySideFsync*,vibrant_rubin,apache/kafka:4.3.1,25.78,"925.4MiB / 7.737GiB"
1790746071,2026-09-30T14:27:51,Q7AcceptLatencyBenchmark.sideBySideFsync*,testcontainers-ryuk-ee61ea88-635e-4fa9-9669-5cf2e0e582b1,testcontainers/ryuk:0.14.0,0.00,"8.879MiB / 7.737GiB"
1790746071,2026-09-30T14:27:51,Q7AcceptLatencyBenchmark.sideBySideFsync*,external-clickhouse,clickhouse/clickhouse-server:latest,2.39,"1.262GiB / 7.737GiB"
1790746071,2026-09-30T14:27:51,Q7AcceptLatencyBenchmark.sideBySideFsync*,external-kafka,apache/kafka:latest,0.58,"1.07GiB / 7.737GiB"
1790746078,2026-09-30T14:27:58,Q7AcceptLatencyBenchmark.sideBySideFsync*,trusting_mahavira,postgres:16,0.04,"36.15MiB / 7.737GiB"
1790746078,2026-09-30T14:27:58,Q7AcceptLatencyBenchmark.sideBySideFsync*,vibrant_rubin,apache/kafka:4.3.1,36.15,"939.3MiB / 7.737GiB"
1790746078,2026-09-30T14:27:58,Q7AcceptLatencyBenchmark.sideBySideFsync*,testcontainers-ryuk-ee61ea88-635e-4fa9-9669-5cf2e0e582b1,testcontainers/ryuk:0.14.0,0.00,"8.879MiB / 7.737GiB"
1790746078,2026-09-30T14:27:58,Q7AcceptLatencyBenchmark.sideBySideFsync*,external-clickhouse,clickhouse/clickhouse-server:latest,2.40,"1.308GiB / 7.737GiB"
1790746078,2026-09-30T14:27:58,Q7AcceptLatencyBenchmark.sideBySideFsync*,external-kafka,apache/kafka:latest,1.00,"1.07GiB / 7.737GiB"
1790746085,2026-09-30T14:28:05,Q7AcceptLatencyBenchmark.sideBySideFsync*,trusting_mahavira,postgres:16,0.01,"36.15MiB / 7.737GiB"
1790746085,2026-09-30T14:28:05,Q7AcceptLatencyBenchmark.sideBySideFsync*,vibrant_rubin,apache/kafka:4.3.1,26.45,"937.2MiB / 7.737GiB"
1790746085,2026-09-30T14:28:05,Q7AcceptLatencyBenchmark.sideBySideFsync*,testcontainers-ryuk-ee61ea88-635e-4fa9-9669-5cf2e0e582b1,testcontainers/ryuk:0.14.0,0.00,"8.879MiB / 7.737GiB"
1790746085,2026-09-30T14:28:05,Q7AcceptLatencyBenchmark.sideBySideFsync*,external-clickhouse,clickhouse/clickhouse-server:latest,2.69,"1.265GiB / 7.737GiB"
1790746085,2026-09-30T14:28:05,Q7AcceptLatencyBenchmark.sideBySideFsync*,external-kafka,apache/kafka:latest,0.61,"1.07GiB / 7.737GiB"
1790746093,2026-09-30T14:28:13,Q7AcceptLatencyBenchmark.sideBySideFsync*,trusting_mahavira,postgres:16,0.02,"36.15MiB / 7.737GiB"
1790746093,2026-09-30T14:28:13,Q7AcceptLatencyBenchmark.sideBySideFsync*,vibrant_rubin,apache/kafka:4.3.1,8.28,"929.5MiB / 7.737GiB"
1790746093,2026-09-30T14:28:13,Q7AcceptLatencyBenchmark.sideBySideFsync*,testcontainers-ryuk-ee61ea88-635e-4fa9-9669-5cf2e0e582b1,testcontainers/ryuk:0.14.0,0.00,"8.879MiB / 7.737GiB"
1790746093,2026-09-30T14:28:13,Q7AcceptLatencyBenchmark.sideBySideFsync*,external-clickhouse,clickhouse/clickhouse-server:latest,14.25,"1.263GiB / 7.737GiB"
1790746093,2026-09-30T14:28:13,Q7AcceptLatencyBenchmark.sideBySideFsync*,external-kafka,apache/kafka:latest,2.74,"1.07GiB / 7.737GiB"
1790746100,2026-09-30T14:28:20,Q7AcceptLatencyBenchmark.sideBySideFsync*,trusting_mahavira,postgres:16,0.00,"36.15MiB / 7.737GiB"
1790746100,2026-09-30T14:28:20,Q7AcceptLatencyBenchmark.sideBySideFsync*,vibrant_rubin,apache/kafka:4.3.1,17.77,"934.2MiB / 7.737GiB"
1790746100,2026-09-30T14:28:20,Q7AcceptLatencyBenchmark.sideBySideFsync*,testcontainers-ryuk-ee61ea88-635e-4fa9-9669-5cf2e0e582b1,testcontainers/ryuk:0.14.0,0.00,"8.879MiB / 7.737GiB"
1790746100,2026-09-30T14:28:20,Q7AcceptLatencyBenchmark.sideBySideFsync*,external-clickhouse,clickhouse/clickhouse-server:latest,4.42,"1.27GiB / 7.737GiB"
1790746100,2026-09-30T14:28:20,Q7AcceptLatencyBenchmark.sideBySideFsync*,external-kafka,apache/kafka:latest,1.13,"1.07GiB / 7.737GiB"
1790746107,2026-09-30T14:28:27,Q7AcceptLatencyBenchmark.sideBySideFsync*,trusting_mahavira,postgres:16,0.00,"36.15MiB / 7.737GiB"
1790746107,2026-09-30T14:28:27,Q7AcceptLatencyBenchmark.sideBySideFsync*,vibrant_rubin,apache/kafka:4.3.1,4.75,"929.8MiB / 7.737GiB"
1790746107,2026-09-30T14:28:27,Q7AcceptLatencyBenchmark.sideBySideFsync*,testcontainers-ryuk-ee61ea88-635e-4fa9-9669-5cf2e0e582b1,testcontainers/ryuk:0.14.0,0.00,"8.879MiB / 7.737GiB"
1790746107,2026-09-30T14:28:27,Q7AcceptLatencyBenchmark.sideBySideFsync*,external-clickhouse,clickhouse/clickhouse-server:latest,8.14,"1.264GiB / 7.737GiB"
1790746107,2026-09-30T14:28:27,Q7AcceptLatencyBenchmark.sideBySideFsync*,external-kafka,apache/kafka:latest,0.66,"1.07GiB / 7.737GiB"
1790746114,2026-09-30T14:28:34,Q7AcceptLatencyBenchmark.sideBySideFsync*,exciting_almeida,postgres:16,6.80,"30.43MiB / 7.737GiB"
1790746114,2026-09-30T14:28:34,Q7AcceptLatencyBenchmark.sideBySideFsync*,vibrant_rubin,apache/kafka:4.3.1,23.49,"931.4MiB / 7.737GiB"
1790746114,2026-09-30T14:28:34,Q7AcceptLatencyBenchmark.sideBySideFsync*,testcontainers-ryuk-ee61ea88-635e-4fa9-9669-5cf2e0e582b1,testcontainers/ryuk:0.14.0,0.00,"8.879MiB / 7.737GiB"
1790746114,2026-09-30T14:28:34,Q7AcceptLatencyBenchmark.sideBySideFsync*,external-clickhouse,clickhouse/clickhouse-server:latest,2.05,"1.304GiB / 7.737GiB"
1790746114,2026-09-30T14:28:34,Q7AcceptLatencyBenchmark.sideBySideFsync*,external-kafka,apache/kafka:latest,0.60,"1.07GiB / 7.737GiB"
1790746121,2026-09-30T14:28:41,Q7AcceptLatencyBenchmark.sideBySideFsync*,exciting_almeida,postgres:16,7.49,"31.61MiB / 7.737GiB"
1790746121,2026-09-30T14:28:41,Q7AcceptLatencyBenchmark.sideBySideFsync*,vibrant_rubin,apache/kafka:4.3.1,25.11,"931.4MiB / 7.737GiB"
1790746121,2026-09-30T14:28:41,Q7AcceptLatencyBenchmark.sideBySideFsync*,testcontainers-ryuk-ee61ea88-635e-4fa9-9669-5cf2e0e582b1,testcontainers/ryuk:0.14.0,0.00,"8.879MiB / 7.737GiB"
1790746121,2026-09-30T14:28:41,Q7AcceptLatencyBenchmark.sideBySideFsync*,external-clickhouse,clickhouse/clickhouse-server:latest,2.35,"1.266GiB / 7.737GiB"
1790746121,2026-09-30T14:28:41,Q7AcceptLatencyBenchmark.sideBySideFsync*,external-kafka,apache/kafka:latest,0.74,"1.07GiB / 7.737GiB"
1790746128,2026-09-30T14:28:48,Q7AcceptLatencyBenchmark.sideBySideFsync*,exciting_almeida,postgres:16,0.03,"31.87MiB / 7.737GiB"
1790746128,2026-09-30T14:28:48,Q7AcceptLatencyBenchmark.sideBySideFsync*,vibrant_rubin,apache/kafka:4.3.1,19.23,"932.1MiB / 7.737GiB"
1790746128,2026-09-30T14:28:48,Q7AcceptLatencyBenchmark.sideBySideFsync*,testcontainers-ryuk-ee61ea88-635e-4fa9-9669-5cf2e0e582b1,testcontainers/ryuk:0.14.0,0.00,"8.879MiB / 7.737GiB"
1790746128,2026-09-30T14:28:48,Q7AcceptLatencyBenchmark.sideBySideFsync*,external-clickhouse,clickhouse/clickhouse-server:latest,2.88,"1.267GiB / 7.737GiB"
1790746128,2026-09-30T14:28:48,Q7AcceptLatencyBenchmark.sideBySideFsync*,external-kafka,apache/kafka:latest,1.06,"1.07GiB / 7.737GiB"
1790746136,2026-09-30T14:28:56,Q7AcceptLatencyBenchmark.sideBySideFsync*,exciting_almeida,postgres:16,0.01,"31.87MiB / 7.737GiB"
1790746136,2026-09-30T14:28:56,Q7AcceptLatencyBenchmark.sideBySideFsync*,vibrant_rubin,apache/kafka:4.3.1,16.41,"932.1MiB / 7.737GiB"
1790746136,2026-09-30T14:28:56,Q7AcceptLatencyBenchmark.sideBySideFsync*,testcontainers-ryuk-ee61ea88-635e-4fa9-9669-5cf2e0e582b1,testcontainers/ryuk:0.14.0,0.00,"8.879MiB / 7.737GiB"
1790746136,2026-09-30T14:28:56,Q7AcceptLatencyBenchmark.sideBySideFsync*,external-clickhouse,clickhouse/clickhouse-server:latest,2.90,"1.279GiB / 7.737GiB"
1790746136,2026-09-30T14:28:56,Q7AcceptLatencyBenchmark.sideBySideFsync*,external-kafka,apache/kafka:latest,118.54,"1.156GiB / 7.737GiB"
1790746143,2026-09-30T14:29:03,Q7AcceptLatencyBenchmark.sideBySideFsync*,exciting_almeida,postgres:16,6.87,"32.41MiB / 7.737GiB"
1790746143,2026-09-30T14:29:03,Q7AcceptLatencyBenchmark.sideBySideFsync*,vibrant_rubin,apache/kafka:4.3.1,28.46,"934.1MiB / 7.737GiB"
1790746143,2026-09-30T14:29:03,Q7AcceptLatencyBenchmark.sideBySideFsync*,testcontainers-ryuk-ee61ea88-635e-4fa9-9669-5cf2e0e582b1,testcontainers/ryuk:0.14.0,0.00,"8.879MiB / 7.737GiB"
1790746143,2026-09-30T14:29:03,Q7AcceptLatencyBenchmark.sideBySideFsync*,external-clickhouse,clickhouse/clickhouse-server:latest,2.44,"1.3GiB / 7.737GiB"
1790746143,2026-09-30T14:29:03,Q7AcceptLatencyBenchmark.sideBySideFsync*,external-kafka,apache/kafka:latest,0.63,"1.07GiB / 7.737GiB"
1790746150,2026-09-30T14:29:10,Q7AcceptLatencyBenchmark.sideBySideFsync*,exciting_almeida,postgres:16,6.46,"32.46MiB / 7.737GiB"
1790746150,2026-09-30T14:29:10,Q7AcceptLatencyBenchmark.sideBySideFsync*,vibrant_rubin,apache/kafka:4.3.1,21.52,"934.6MiB / 7.737GiB"
1790746150,2026-09-30T14:29:10,Q7AcceptLatencyBenchmark.sideBySideFsync*,testcontainers-ryuk-ee61ea88-635e-4fa9-9669-5cf2e0e582b1,testcontainers/ryuk:0.14.0,0.00,"8.879MiB / 7.737GiB"
1790746150,2026-09-30T14:29:10,Q7AcceptLatencyBenchmark.sideBySideFsync*,external-clickhouse,clickhouse/clickhouse-server:latest,3.00,"1.272GiB / 7.737GiB"
1790746150,2026-09-30T14:29:10,Q7AcceptLatencyBenchmark.sideBySideFsync*,external-kafka,apache/kafka:latest,0.59,"1.07GiB / 7.737GiB"
1790746157,2026-09-30T14:29:17,Q7AcceptLatencyBenchmark.sideBySideFsync*,exciting_almeida,postgres:16,8.72,"32.5MiB / 7.737GiB"
1790746157,2026-09-30T14:29:17,Q7AcceptLatencyBenchmark.sideBySideFsync*,vibrant_rubin,apache/kafka:4.3.1,21.12,"934.8MiB / 7.737GiB"
1790746157,2026-09-30T14:29:17,Q7AcceptLatencyBenchmark.sideBySideFsync*,testcontainers-ryuk-ee61ea88-635e-4fa9-9669-5cf2e0e582b1,testcontainers/ryuk:0.14.0,0.00,"8.879MiB / 7.737GiB"
1790746157,2026-09-30T14:29:17,Q7AcceptLatencyBenchmark.sideBySideFsync*,external-clickhouse,clickhouse/clickhouse-server:latest,2.35,"1.272GiB / 7.737GiB"
1790746157,2026-09-30T14:29:17,Q7AcceptLatencyBenchmark.sideBySideFsync*,external-kafka,apache/kafka:latest,134.77,"1.153GiB / 7.737GiB"
1790746164,2026-09-30T14:29:24,Q7AcceptLatencyBenchmark.sideBySideFsync*,exciting_almeida,postgres:16,9.72,"33.68MiB / 7.737GiB"
1790746164,2026-09-30T14:29:24,Q7AcceptLatencyBenchmark.sideBySideFsync*,vibrant_rubin,apache/kafka:4.3.1,22.37,"936.5MiB / 7.737GiB"
1790746164,2026-09-30T14:29:24,Q7AcceptLatencyBenchmark.sideBySideFsync*,testcontainers-ryuk-ee61ea88-635e-4fa9-9669-5cf2e0e582b1,testcontainers/ryuk:0.14.0,0.00,"8.879MiB / 7.737GiB"
1790746164,2026-09-30T14:29:24,Q7AcceptLatencyBenchmark.sideBySideFsync*,external-clickhouse,clickhouse/clickhouse-server:latest,4.29,"1.267GiB / 7.737GiB"
1790746164,2026-09-30T14:29:24,Q7AcceptLatencyBenchmark.sideBySideFsync*,external-kafka,apache/kafka:latest,0.66,"1.07GiB / 7.737GiB"
1790746171,2026-09-30T14:29:31,Q7AcceptLatencyBenchmark.sideBySideFsync*,exciting_almeida,postgres:16,0.03,"34.25MiB / 7.737GiB"
1790746171,2026-09-30T14:29:31,Q7AcceptLatencyBenchmark.sideBySideFsync*,vibrant_rubin,apache/kafka:4.3.1,28.39,"939.1MiB / 7.737GiB"
1790746171,2026-09-30T14:29:31,Q7AcceptLatencyBenchmark.sideBySideFsync*,testcontainers-ryuk-ee61ea88-635e-4fa9-9669-5cf2e0e582b1,testcontainers/ryuk:0.14.0,0.00,"8.879MiB / 7.737GiB"
1790746171,2026-09-30T14:29:31,Q7AcceptLatencyBenchmark.sideBySideFsync*,external-clickhouse,clickhouse/clickhouse-server:latest,4.11,"1.325GiB / 7.737GiB"
1790746171,2026-09-30T14:29:31,Q7AcceptLatencyBenchmark.sideBySideFsync*,external-kafka,apache/kafka:latest,0.81,"1.07GiB / 7.737GiB"
1790746179,2026-09-30T14:29:39,Q7AcceptLatencyBenchmark.sideBySideFsync*,exciting_almeida,postgres:16,0.03,"34.25MiB / 7.737GiB"
1790746179,2026-09-30T14:29:39,Q7AcceptLatencyBenchmark.sideBySideFsync*,vibrant_rubin,apache/kafka:4.3.1,28.23,"944.8MiB / 7.737GiB"
1790746179,2026-09-30T14:29:39,Q7AcceptLatencyBenchmark.sideBySideFsync*,testcontainers-ryuk-ee61ea88-635e-4fa9-9669-5cf2e0e582b1,testcontainers/ryuk:0.14.0,0.00,"8.879MiB / 7.737GiB"
1790746179,2026-09-30T14:29:39,Q7AcceptLatencyBenchmark.sideBySideFsync*,external-clickhouse,clickhouse/clickhouse-server:latest,3.00,"1.269GiB / 7.737GiB"
1790746179,2026-09-30T14:29:39,Q7AcceptLatencyBenchmark.sideBySideFsync*,external-kafka,apache/kafka:latest,58.19,"1.119GiB / 7.737GiB"
1790746186,2026-09-30T14:29:46,Q7AcceptLatencyBenchmark.sideBySideFsync*,exciting_almeida,postgres:16,0.01,"34.82MiB / 7.737GiB"
1790746186,2026-09-30T14:29:46,Q7AcceptLatencyBenchmark.sideBySideFsync*,vibrant_rubin,apache/kafka:4.3.1,16.43,"938MiB / 7.737GiB"
1790746186,2026-09-30T14:29:46,Q7AcceptLatencyBenchmark.sideBySideFsync*,testcontainers-ryuk-ee61ea88-635e-4fa9-9669-5cf2e0e582b1,testcontainers/ryuk:0.14.0,0.00,"8.879MiB / 7.737GiB"
1790746186,2026-09-30T14:29:46,Q7AcceptLatencyBenchmark.sideBySideFsync*,external-clickhouse,clickhouse/clickhouse-server:latest,4.65,"1.271GiB / 7.737GiB"
1790746186,2026-09-30T14:29:46,Q7AcceptLatencyBenchmark.sideBySideFsync*,external-kafka,apache/kafka:latest,0.76,"1.07GiB / 7.737GiB"
1790746193,2026-09-30T14:29:53,Q7AcceptLatencyBenchmark.sideBySideFsync*,exciting_almeida,postgres:16,0.02,"34.82MiB / 7.737GiB"
1790746193,2026-09-30T14:29:53,Q7AcceptLatencyBenchmark.sideBySideFsync*,vibrant_rubin,apache/kafka:4.3.1,17.20,"937.4MiB / 7.737GiB"
1790746193,2026-09-30T14:29:53,Q7AcceptLatencyBenchmark.sideBySideFsync*,testcontainers-ryuk-ee61ea88-635e-4fa9-9669-5cf2e0e582b1,testcontainers/ryuk:0.14.0,0.00,"8.879MiB / 7.737GiB"
1790746193,2026-09-30T14:29:53,Q7AcceptLatencyBenchmark.sideBySideFsync*,external-clickhouse,clickhouse/clickhouse-server:latest,5.27,"1.268GiB / 7.737GiB"
1790746193,2026-09-30T14:29:53,Q7AcceptLatencyBenchmark.sideBySideFsync*,external-kafka,apache/kafka:latest,1.28,"1.07GiB / 7.737GiB"
1790746200,2026-09-30T14:30:00,Q7AcceptLatencyBenchmark.sideBySideFsync*,exciting_almeida,postgres:16,5.92,"34.8MiB / 7.737GiB"
1790746200,2026-09-30T14:30:00,Q7AcceptLatencyBenchmark.sideBySideFsync*,vibrant_rubin,apache/kafka:4.3.1,22.59,"940.3MiB / 7.737GiB"
1790746200,2026-09-30T14:30:00,Q7AcceptLatencyBenchmark.sideBySideFsync*,testcontainers-ryuk-ee61ea88-635e-4fa9-9669-5cf2e0e582b1,testcontainers/ryuk:0.14.0,0.00,"8.879MiB / 7.737GiB"
1790746200,2026-09-30T14:30:00,Q7AcceptLatencyBenchmark.sideBySideFsync*,external-clickhouse,clickhouse/clickhouse-server:latest,2.74,"1.315GiB / 7.737GiB"
1790746200,2026-09-30T14:30:00,Q7AcceptLatencyBenchmark.sideBySideFsync*,external-kafka,apache/kafka:latest,0.58,"1.07GiB / 7.737GiB"
1790746207,2026-09-30T14:30:07,Q7AcceptLatencyBenchmark.sideBySideFsync*,exciting_almeida,postgres:16,7.69,"34.85MiB / 7.737GiB"
1790746207,2026-09-30T14:30:07,Q7AcceptLatencyBenchmark.sideBySideFsync*,vibrant_rubin,apache/kafka:4.3.1,23.32,"941MiB / 7.737GiB"
1790746207,2026-09-30T14:30:07,Q7AcceptLatencyBenchmark.sideBySideFsync*,testcontainers-ryuk-ee61ea88-635e-4fa9-9669-5cf2e0e582b1,testcontainers/ryuk:0.14.0,0.00,"8.879MiB / 7.737GiB"
1790746207,2026-09-30T14:30:07,Q7AcceptLatencyBenchmark.sideBySideFsync*,external-clickhouse,clickhouse/clickhouse-server:latest,3.46,"1.272GiB / 7.737GiB"
1790746207,2026-09-30T14:30:07,Q7AcceptLatencyBenchmark.sideBySideFsync*,external-kafka,apache/kafka:latest,0.78,"1.07GiB / 7.737GiB"
1790746214,2026-09-30T14:30:14,Q7AcceptLatencyBenchmark.sideBySideFsync*,exciting_almeida,postgres:16,11.33,"35.38MiB / 7.737GiB"
1790746214,2026-09-30T14:30:14,Q7AcceptLatencyBenchmark.sideBySideFsync*,vibrant_rubin,apache/kafka:4.3.1,25.74,"940.5MiB / 7.737GiB"
1790746214,2026-09-30T14:30:14,Q7AcceptLatencyBenchmark.sideBySideFsync*,testcontainers-ryuk-ee61ea88-635e-4fa9-9669-5cf2e0e582b1,testcontainers/ryuk:0.14.0,0.00,"8.879MiB / 7.737GiB"
1790746214,2026-09-30T14:30:14,Q7AcceptLatencyBenchmark.sideBySideFsync*,external-clickhouse,clickhouse/clickhouse-server:latest,9.50,"1.273GiB / 7.737GiB"
1790746214,2026-09-30T14:30:14,Q7AcceptLatencyBenchmark.sideBySideFsync*,external-kafka,apache/kafka:latest,0.65,"1.07GiB / 7.737GiB"
1790746221,2026-09-30T14:30:21,Q7AcceptLatencyBenchmark.sideBySideFsync*,exciting_almeida,postgres:16,11.27,"35.43MiB / 7.737GiB"
1790746221,2026-09-30T14:30:21,Q7AcceptLatencyBenchmark.sideBySideFsync*,vibrant_rubin,apache/kafka:4.3.1,26.38,"940.4MiB / 7.737GiB"
1790746221,2026-09-30T14:30:21,Q7AcceptLatencyBenchmark.sideBySideFsync*,testcontainers-ryuk-ee61ea88-635e-4fa9-9669-5cf2e0e582b1,testcontainers/ryuk:0.14.0,0.00,"8.879MiB / 7.737GiB"
1790746221,2026-09-30T14:30:21,Q7AcceptLatencyBenchmark.sideBySideFsync*,external-clickhouse,clickhouse/clickhouse-server:latest,2.43,"1.276GiB / 7.737GiB"
1790746221,2026-09-30T14:30:21,Q7AcceptLatencyBenchmark.sideBySideFsync*,external-kafka,apache/kafka:latest,0.56,"1.07GiB / 7.737GiB"
1790746229,2026-09-30T14:30:29,Q7AcceptLatencyBenchmark.sideBySideFsync*,exciting_almeida,postgres:16,0.03,"35.51MiB / 7.737GiB"
1790746229,2026-09-30T14:30:29,Q7AcceptLatencyBenchmark.sideBySideFsync*,vibrant_rubin,apache/kafka:4.3.1,24.19,"944.4MiB / 7.737GiB"
1790746229,2026-09-30T14:30:29,Q7AcceptLatencyBenchmark.sideBySideFsync*,testcontainers-ryuk-ee61ea88-635e-4fa9-9669-5cf2e0e582b1,testcontainers/ryuk:0.14.0,0.00,"8.879MiB / 7.737GiB"
1790746229,2026-09-30T14:30:29,Q7AcceptLatencyBenchmark.sideBySideFsync*,external-clickhouse,clickhouse/clickhouse-server:latest,24.82,"1.32GiB / 7.737GiB"
1790746229,2026-09-30T14:30:29,Q7AcceptLatencyBenchmark.sideBySideFsync*,external-kafka,apache/kafka:latest,0.71,"1.07GiB / 7.737GiB"
1790746236,2026-09-30T14:30:36,Q7AcceptLatencyBenchmark.sideBySideFsync*,exciting_almeida,postgres:16,0.00,"35.51MiB / 7.737GiB"
1790746236,2026-09-30T14:30:36,Q7AcceptLatencyBenchmark.sideBySideFsync*,vibrant_rubin,apache/kafka:4.3.1,37.85,"960.7MiB / 7.737GiB"
1790746236,2026-09-30T14:30:36,Q7AcceptLatencyBenchmark.sideBySideFsync*,testcontainers-ryuk-ee61ea88-635e-4fa9-9669-5cf2e0e582b1,testcontainers/ryuk:0.14.0,0.00,"8.879MiB / 7.737GiB"
1790746236,2026-09-30T14:30:36,Q7AcceptLatencyBenchmark.sideBySideFsync*,external-clickhouse,clickhouse/clickhouse-server:latest,7.95,"1.286GiB / 7.737GiB"
1790746236,2026-09-30T14:30:36,Q7AcceptLatencyBenchmark.sideBySideFsync*,external-kafka,apache/kafka:latest,90.39,"1.07GiB / 7.737GiB"
1790746243,2026-09-30T14:30:43,Q7AcceptLatencyBenchmark.sideBySideFsync*,exciting_almeida,postgres:16,0.01,"35.52MiB / 7.737GiB"
1790746243,2026-09-30T14:30:43,Q7AcceptLatencyBenchmark.sideBySideFsync*,vibrant_rubin,apache/kafka:4.3.1,16.40,"943.7MiB / 7.737GiB"
1790746243,2026-09-30T14:30:43,Q7AcceptLatencyBenchmark.sideBySideFsync*,testcontainers-ryuk-ee61ea88-635e-4fa9-9669-5cf2e0e582b1,testcontainers/ryuk:0.14.0,0.00,"8.879MiB / 7.737GiB"
1790746243,2026-09-30T14:30:43,Q7AcceptLatencyBenchmark.sideBySideFsync*,external-clickhouse,clickhouse/clickhouse-server:latest,6.50,"1.268GiB / 7.737GiB"
1790746243,2026-09-30T14:30:43,Q7AcceptLatencyBenchmark.sideBySideFsync*,external-kafka,apache/kafka:latest,0.87,"1.07GiB / 7.737GiB"
1790746250,2026-09-30T14:30:50,Q7AcceptLatencyBenchmark.sideBySideFsync*,exciting_almeida,postgres:16,0.00,"35.52MiB / 7.737GiB"
1790746250,2026-09-30T14:30:50,Q7AcceptLatencyBenchmark.sideBySideFsync*,vibrant_rubin,apache/kafka:4.3.1,18.01,"946MiB / 7.737GiB"
1790746250,2026-09-30T14:30:50,Q7AcceptLatencyBenchmark.sideBySideFsync*,testcontainers-ryuk-ee61ea88-635e-4fa9-9669-5cf2e0e582b1,testcontainers/ryuk:0.14.0,0.00,"8.879MiB / 7.737GiB"
1790746250,2026-09-30T14:30:50,Q7AcceptLatencyBenchmark.sideBySideFsync*,external-clickhouse,clickhouse/clickhouse-server:latest,3.75,"1.273GiB / 7.737GiB"
1790746250,2026-09-30T14:30:50,Q7AcceptLatencyBenchmark.sideBySideFsync*,external-kafka,apache/kafka:latest,0.79,"1.07GiB / 7.737GiB"
1790746257,2026-09-30T14:30:57,Q7AcceptLatencyBenchmark.sideBySideFsync*,exciting_almeida,postgres:16,6.24,"35.49MiB / 7.737GiB"
1790746257,2026-09-30T14:30:57,Q7AcceptLatencyBenchmark.sideBySideFsync*,vibrant_rubin,apache/kafka:4.3.1,2.01,"943.8MiB / 7.737GiB"
1790746257,2026-09-30T14:30:57,Q7AcceptLatencyBenchmark.sideBySideFsync*,testcontainers-ryuk-ee61ea88-635e-4fa9-9669-5cf2e0e582b1,testcontainers/ryuk:0.14.0,0.00,"8.879MiB / 7.737GiB"
1790746257,2026-09-30T14:30:57,Q7AcceptLatencyBenchmark.sideBySideFsync*,external-clickhouse,clickhouse/clickhouse-server:latest,3.04,"1.274GiB / 7.737GiB"
1790746257,2026-09-30T14:30:57,Q7AcceptLatencyBenchmark.sideBySideFsync*,external-kafka,apache/kafka:latest,2.71,"1.07GiB / 7.737GiB"
1790746264,2026-09-30T14:31:04,Q7AcceptLatencyBenchmark.sideBySideFsync*,exciting_almeida,postgres:16,7.44,"35.54MiB / 7.737GiB"
1790746264,2026-09-30T14:31:04,Q7AcceptLatencyBenchmark.sideBySideFsync*,vibrant_rubin,apache/kafka:4.3.1,23.33,"944.7MiB / 7.737GiB"
1790746264,2026-09-30T14:31:04,Q7AcceptLatencyBenchmark.sideBySideFsync*,testcontainers-ryuk-ee61ea88-635e-4fa9-9669-5cf2e0e582b1,testcontainers/ryuk:0.14.0,0.00,"8.879MiB / 7.737GiB"
1790746264,2026-09-30T14:31:04,Q7AcceptLatencyBenchmark.sideBySideFsync*,external-clickhouse,clickhouse/clickhouse-server:latest,3.30,"1.275GiB / 7.737GiB"
1790746264,2026-09-30T14:31:04,Q7AcceptLatencyBenchmark.sideBySideFsync*,external-kafka,apache/kafka:latest,0.61,"1.07GiB / 7.737GiB"
1790746272,2026-09-30T14:31:12,Q7AcceptLatencyBenchmark.sideBySideFsync*,exciting_almeida,postgres:16,9.44,"35.78MiB / 7.737GiB"
1790746272,2026-09-30T14:31:12,Q7AcceptLatencyBenchmark.sideBySideFsync*,vibrant_rubin,apache/kafka:4.3.1,12.40,"945.1MiB / 7.737GiB"
1790746272,2026-09-30T14:31:12,Q7AcceptLatencyBenchmark.sideBySideFsync*,testcontainers-ryuk-ee61ea88-635e-4fa9-9669-5cf2e0e582b1,testcontainers/ryuk:0.14.0,0.00,"8.879MiB / 7.737GiB"
1790746272,2026-09-30T14:31:12,Q7AcceptLatencyBenchmark.sideBySideFsync*,external-clickhouse,clickhouse/clickhouse-server:latest,2.63,"1.278GiB / 7.737GiB"
1790746272,2026-09-30T14:31:12,Q7AcceptLatencyBenchmark.sideBySideFsync*,external-kafka,apache/kafka:latest,0.72,"1.07GiB / 7.737GiB"
1790746279,2026-09-30T14:31:19,Q7AcceptLatencyBenchmark.sideBySideFsync*,exciting_almeida,postgres:16,12.87,"36.04MiB / 7.737GiB"
1790746279,2026-09-30T14:31:19,Q7AcceptLatencyBenchmark.sideBySideFsync*,vibrant_rubin,apache/kafka:4.3.1,25.87,"944.8MiB / 7.737GiB"
1790746279,2026-09-30T14:31:19,Q7AcceptLatencyBenchmark.sideBySideFsync*,testcontainers-ryuk-ee61ea88-635e-4fa9-9669-5cf2e0e582b1,testcontainers/ryuk:0.14.0,0.00,"8.879MiB / 7.737GiB"
1790746279,2026-09-30T14:31:19,Q7AcceptLatencyBenchmark.sideBySideFsync*,external-clickhouse,clickhouse/clickhouse-server:latest,6.47,"1.284GiB / 7.737GiB"
1790746279,2026-09-30T14:31:19,Q7AcceptLatencyBenchmark.sideBySideFsync*,external-kafka,apache/kafka:latest,0.88,"1.07GiB / 7.737GiB"
1790746286,2026-09-30T14:31:26,Q7AcceptLatencyBenchmark.sideBySideFsync*,exciting_almeida,postgres:16,0.00,"36.07MiB / 7.737GiB"
1790746286,2026-09-30T14:31:26,Q7AcceptLatencyBenchmark.sideBySideFsync*,vibrant_rubin,apache/kafka:4.3.1,37.52,"949MiB / 7.737GiB"
1790746286,2026-09-30T14:31:26,Q7AcceptLatencyBenchmark.sideBySideFsync*,testcontainers-ryuk-ee61ea88-635e-4fa9-9669-5cf2e0e582b1,testcontainers/ryuk:0.14.0,0.00,"8.879MiB / 7.737GiB"
1790746286,2026-09-30T14:31:26,Q7AcceptLatencyBenchmark.sideBySideFsync*,external-clickhouse,clickhouse/clickhouse-server:latest,2.92,"1.279GiB / 7.737GiB"
1790746286,2026-09-30T14:31:26,Q7AcceptLatencyBenchmark.sideBySideFsync*,external-kafka,apache/kafka:latest,1.27,"1.07GiB / 7.737GiB"
1790746293,2026-09-30T14:31:33,Q7AcceptLatencyBenchmark.sideBySideFsync*,exciting_almeida,postgres:16,0.00,"36.07MiB / 7.737GiB"
1790746293,2026-09-30T14:31:33,Q7AcceptLatencyBenchmark.sideBySideFsync*,vibrant_rubin,apache/kafka:4.3.1,27.42,"961.9MiB / 7.737GiB"
1790746293,2026-09-30T14:31:33,Q7AcceptLatencyBenchmark.sideBySideFsync*,testcontainers-ryuk-ee61ea88-635e-4fa9-9669-5cf2e0e582b1,testcontainers/ryuk:0.14.0,0.00,"8.879MiB / 7.737GiB"
1790746293,2026-09-30T14:31:33,Q7AcceptLatencyBenchmark.sideBySideFsync*,external-clickhouse,clickhouse/clickhouse-server:latest,3.03,"1.291GiB / 7.737GiB"
1790746293,2026-09-30T14:31:33,Q7AcceptLatencyBenchmark.sideBySideFsync*,external-kafka,apache/kafka:latest,0.73,"1.07GiB / 7.737GiB"
1790746300,2026-09-30T14:31:40,Q7AcceptLatencyBenchmark.sideBySideFsync*,exciting_almeida,postgres:16,0.02,"36.07MiB / 7.737GiB"
1790746300,2026-09-30T14:31:40,Q7AcceptLatencyBenchmark.sideBySideFsync*,vibrant_rubin,apache/kafka:4.3.1,5.29,"948.1MiB / 7.737GiB"
1790746300,2026-09-30T14:31:40,Q7AcceptLatencyBenchmark.sideBySideFsync*,testcontainers-ryuk-ee61ea88-635e-4fa9-9669-5cf2e0e582b1,testcontainers/ryuk:0.14.0,0.00,"8.879MiB / 7.737GiB"
1790746300,2026-09-30T14:31:40,Q7AcceptLatencyBenchmark.sideBySideFsync*,external-clickhouse,clickhouse/clickhouse-server:latest,5.46,"1.28GiB / 7.737GiB"
1790746300,2026-09-30T14:31:40,Q7AcceptLatencyBenchmark.sideBySideFsync*,external-kafka,apache/kafka:latest,50.25,"1.115GiB / 7.737GiB"
1790746307,2026-09-30T14:31:47,Q7AcceptLatencyBenchmark.sideBySideFsync*,exciting_almeida,postgres:16,0.00,"36.07MiB / 7.737GiB"
1790746307,2026-09-30T14:31:47,Q7AcceptLatencyBenchmark.sideBySideFsync*,vibrant_rubin,apache/kafka:4.3.1,16.43,"949.4MiB / 7.737GiB"
1790746307,2026-09-30T14:31:47,Q7AcceptLatencyBenchmark.sideBySideFsync*,testcontainers-ryuk-ee61ea88-635e-4fa9-9669-5cf2e0e582b1,testcontainers/ryuk:0.14.0,0.00,"8.879MiB / 7.737GiB"
1790746307,2026-09-30T14:31:47,Q7AcceptLatencyBenchmark.sideBySideFsync*,external-clickhouse,clickhouse/clickhouse-server:latest,2.76,"1.282GiB / 7.737GiB"
1790746307,2026-09-30T14:31:47,Q7AcceptLatencyBenchmark.sideBySideFsync*,external-kafka,apache/kafka:latest,2.36,"1.07GiB / 7.737GiB"
1790746315,2026-09-30T14:31:55,Q7AcceptLatencyBenchmark.sideBySideFsync*,exciting_almeida,postgres:16,0.00,"36.08MiB / 7.737GiB"
1790746315,2026-09-30T14:31:55,Q7AcceptLatencyBenchmark.sideBySideFsync*,vibrant_rubin,apache/kafka:4.3.1,2.58,"947.8MiB / 7.737GiB"
1790746315,2026-09-30T14:31:55,Q7AcceptLatencyBenchmark.sideBySideFsync*,testcontainers-ryuk-ee61ea88-635e-4fa9-9669-5cf2e0e582b1,testcontainers/ryuk:0.14.0,0.00,"8.879MiB / 7.737GiB"
1790746315,2026-09-30T14:31:55,Q7AcceptLatencyBenchmark.sideBySideFsync*,external-clickhouse,clickhouse/clickhouse-server:latest,7.38,"1.275GiB / 7.737GiB"
1790746315,2026-09-30T14:31:55,Q7AcceptLatencyBenchmark.sideBySideFsync*,external-kafka,apache/kafka:latest,1.51,"1.07GiB / 7.737GiB"
1790746322,2026-09-30T14:32:02,idle,testcontainers-ryuk-ee61ea88-635e-4fa9-9669-5cf2e0e582b1,testcontainers/ryuk:0.14.0,0.00,"8.875MiB / 7.737GiB"
1790746322,2026-09-30T14:32:02,idle,external-clickhouse,clickhouse/clickhouse-server:latest,5.54,"1.334GiB / 7.737GiB"
1790746322,2026-09-30T14:32:02,idle,external-kafka,apache/kafka:latest,1.65,"1.07GiB / 7.737GiB"
1790746329,2026-09-30T14:32:09,idle,external-clickhouse,clickhouse/clickhouse-server:latest,5.11,"1.28GiB / 7.737GiB"
1790746329,2026-09-30T14:32:09,idle,external-kafka,apache/kafka:latest,1.94,"1.07GiB / 7.737GiB"
1790746336,2026-09-30T14:32:16,idle,external-clickhouse,clickhouse/clickhouse-server:latest,11.13,"1.279GiB / 7.737GiB"
1790746336,2026-09-30T14:32:16,idle,external-kafka,apache/kafka:latest,1.62,"1.07GiB / 7.737GiB"
1790746343,2026-09-30T14:32:23,idle,external-clickhouse,clickhouse/clickhouse-server:latest,5.92,"1.267GiB / 7.737GiB"
1790746343,2026-09-30T14:32:23,idle,external-kafka,apache/kafka:latest,2.03,"1.07GiB / 7.737GiB"
1790746351,2026-09-30T14:32:31,idle,external-clickhouse,clickhouse/clickhouse-server:latest,31.10,"1.313GiB / 7.737GiB"
1790746351,2026-09-30T14:32:31,idle,external-kafka,apache/kafka:latest,1.61,"1.07GiB / 7.737GiB"
1790746358,2026-09-30T14:32:38,idle,external-clickhouse,clickhouse/clickhouse-server:latest,10.18,"1.277GiB / 7.737GiB"
1790746358,2026-09-30T14:32:38,idle,external-kafka,apache/kafka:latest,113.09,"1.07GiB / 7.737GiB"
1790746365,2026-09-30T14:32:45,idle,external-clickhouse,clickhouse/clickhouse-server:latest,11.53,"1.263GiB / 7.737GiB"
1790746365,2026-09-30T14:32:45,idle,external-kafka,apache/kafka:latest,1.57,"1.07GiB / 7.737GiB"
1790746372,2026-09-30T14:32:52,idle,external-clickhouse,clickhouse/clickhouse-server:latest,6.13,"1.263GiB / 7.737GiB"
1790746372,2026-09-30T14:32:52,idle,external-kafka,apache/kafka:latest,1.48,"1.07GiB / 7.737GiB"
1790746379,2026-09-30T14:32:59,idle,external-clickhouse,clickhouse/clickhouse-server:latest,3.16,"1.262GiB / 7.737GiB"
1790746379,2026-09-30T14:32:59,idle,external-kafka,apache/kafka:latest,57.32,"1.12GiB / 7.737GiB"
1790746386,2026-09-30T14:33:06,idle,external-clickhouse,clickhouse/clickhouse-server:latest,5.42,"1.264GiB / 7.737GiB"
1790746386,2026-09-30T14:33:06,idle,external-kafka,apache/kafka:latest,1.67,"1.07GiB / 7.737GiB"
1790746393,2026-09-30T14:33:13,idle,external-clickhouse,clickhouse/clickhouse-server:latest,4.92,"1.263GiB / 7.737GiB"
1790746393,2026-09-30T14:33:13,idle,external-kafka,apache/kafka:latest,2.55,"1.07GiB / 7.737GiB"
1790746401,2026-09-30T14:33:21,idle,external-clickhouse,clickhouse/clickhouse-server:latest,5.44,"1.273GiB / 7.737GiB"
1790746401,2026-09-30T14:33:21,idle,external-kafka,apache/kafka:latest,1.56,"1.07GiB / 7.737GiB"
1790746408,2026-09-30T14:33:28,idle,external-clickhouse,clickhouse/clickhouse-server:latest,5.21,"1.264GiB / 7.737GiB"
1790746408,2026-09-30T14:33:28,idle,external-kafka,apache/kafka:latest,1.46,"1.07GiB / 7.737GiB"
1790746415,2026-09-30T14:33:35,idle,external-clickhouse,clickhouse/clickhouse-server:latest,5.43,"1.274GiB / 7.737GiB"
1790746415,2026-09-30T14:33:35,idle,external-kafka,apache/kafka:latest,2.19,"1.07GiB / 7.737GiB"
1790746422,2026-09-30T14:33:42,idle,external-clickhouse,clickhouse/clickhouse-server:latest,4.13,"1.265GiB / 7.737GiB"
1790746422,2026-09-30T14:33:42,idle,external-kafka,apache/kafka:latest,1.59,"1.07GiB / 7.737GiB"
1790746429,2026-09-30T14:33:49,idle,external-clickhouse,clickhouse/clickhouse-server:latest,3.84,"1.272GiB / 7.737GiB"
1790746429,2026-09-30T14:33:49,idle,external-kafka,apache/kafka:latest,1.35,"1.07GiB / 7.737GiB"
1790746436,2026-09-30T14:33:56,idle,external-clickhouse,clickhouse/clickhouse-server:latest,5.82,"1.278GiB / 7.737GiB"
1790746436,2026-09-30T14:33:56,idle,external-kafka,apache/kafka:latest,2.55,"1.07GiB / 7.737GiB"
1790746444,2026-09-30T14:34:04,idle,external-clickhouse,clickhouse/clickhouse-server:latest,4.40,"1.267GiB / 7.737GiB"
1790746444,2026-09-30T14:34:04,idle,external-kafka,apache/kafka:latest,1.84,"1.07GiB / 7.737GiB"
1790746451,2026-09-30T14:34:11,idle,external-clickhouse,clickhouse/clickhouse-server:latest,4.48,"1.309GiB / 7.737GiB"
1790746451,2026-09-30T14:34:11,idle,external-kafka,apache/kafka:latest,1.39,"1.07GiB / 7.737GiB"
1790746458,2026-09-30T14:34:18,idle,external-clickhouse,clickhouse/clickhouse-server:latest,2.55,"1.273GiB / 7.737GiB"
1790746458,2026-09-30T14:34:18,idle,external-kafka,apache/kafka:latest,2.37,"1.07GiB / 7.737GiB"
1790746465,2026-09-30T14:34:25,idle,external-clickhouse,clickhouse/clickhouse-server:latest,5.04,"1.27GiB / 7.737GiB"
1790746465,2026-09-30T14:34:25,idle,external-kafka,apache/kafka:latest,1.53,"1.07GiB / 7.737GiB"
1790746472,2026-09-30T14:34:32,idle,external-clickhouse,clickhouse/clickhouse-server:latest,6.81,"1.282GiB / 7.737GiB"
1790746472,2026-09-30T14:34:32,idle,external-kafka,apache/kafka:latest,1.43,"1.07GiB / 7.737GiB"
1790746479,2026-09-30T14:34:39,idle,external-clickhouse,clickhouse/clickhouse-server:latest,3.27,"1.323GiB / 7.737GiB"
1790746479,2026-09-30T14:34:39,idle,external-kafka,apache/kafka:latest,15.38,"1.088GiB / 7.737GiB"
1790746486,2026-09-30T14:34:46,idle,external-clickhouse,clickhouse/clickhouse-server:latest,17.96,"1.296GiB / 7.737GiB"
1790746486,2026-09-30T14:34:46,idle,external-kafka,apache/kafka:latest,1.33,"1.07GiB / 7.737GiB"
1790746494,2026-09-30T14:34:54,idle,external-clickhouse,clickhouse/clickhouse-server:latest,6.75,"1.276GiB / 7.737GiB"
1790746494,2026-09-30T14:34:54,idle,external-kafka,apache/kafka:latest,1.31,"1.07GiB / 7.737GiB"
1790746501,2026-09-30T14:35:01,idle,external-clickhouse,clickhouse/clickhouse-server:latest,12.69,"1.27GiB / 7.737GiB"
1790746501,2026-09-30T14:35:01,idle,external-kafka,apache/kafka:latest,1.19,"1.07GiB / 7.737GiB"
1790746508,2026-09-30T14:35:08,idle,external-clickhouse,clickhouse/clickhouse-server:latest,8.43,"1.272GiB / 7.737GiB"
1790746508,2026-09-30T14:35:08,idle,external-kafka,apache/kafka:latest,1.29,"1.07GiB / 7.737GiB"
1790746515,2026-09-30T14:35:15,idle,external-clickhouse,clickhouse/clickhouse-server:latest,5.08,"1.27GiB / 7.737GiB"
1790746515,2026-09-30T14:35:15,idle,external-kafka,apache/kafka:latest,1.42,"1.07GiB / 7.737GiB"
