epoch_s,time,phase,container,image,cpu_perc,mem_usage
1791109553,2026-10-04T19:25:53,idle,external-clickhouse,clickhouse/clickhouse-server:latest,16.41,"1.305GiB / 7.737GiB"
1791109553,2026-10-04T19:25:53,idle,external-kafka,apache/kafka:latest,1.66,"1.081GiB / 7.737GiB"
1791109561,2026-10-04T19:26:01,Q8BrokerAndStoreFencingTest,external-clickhouse,clickhouse/clickhouse-server:latest,12.98,"1.313GiB / 7.737GiB"
1791109561,2026-10-04T19:26:01,Q8BrokerAndStoreFencingTest,external-kafka,apache/kafka:latest,3.42,"1.081GiB / 7.737GiB"
1791109561,2026-10-04T19:26:01,Q8BrokerAndStoreFencingTest,testcontainers-ryuk-023d88d8-6ff8-47bb-a58c-cbfb8c414299,testcontainers/ryuk:0.14.0,0.00,"8.918MiB / 7.737GiB"
1791109561,2026-10-04T19:26:01,Q8BrokerAndStoreFencingTest,reverent_faraday,apache/kafka:4.3.1,101.28,"58.71MiB / 7.737GiB"
1791109569,2026-10-04T19:26:09,Q8BrokerAndStoreFencingTest,gallant_borg,postgres:16,0.72,"56.54MiB / 7.737GiB"
1791109569,2026-10-04T19:26:09,Q8BrokerAndStoreFencingTest,reverent_faraday,apache/kafka:4.3.1,16.44,"318.6MiB / 7.737GiB"
1791109569,2026-10-04T19:26:09,Q8BrokerAndStoreFencingTest,testcontainers-ryuk-023d88d8-6ff8-47bb-a58c-cbfb8c414299,testcontainers/ryuk:0.14.0,0.00,"8.918MiB / 7.737GiB"
1791109569,2026-10-04T19:26:09,Q8BrokerAndStoreFencingTest,external-clickhouse,clickhouse/clickhouse-server:latest,31.00,"1.386GiB / 7.737GiB"
1791109569,2026-10-04T19:26:09,Q8BrokerAndStoreFencingTest,external-kafka,apache/kafka:latest,1.23,"1.081GiB / 7.737GiB"
1791109576,2026-10-04T19:26:16,Q8BrokerAndStoreFencingTest,testcontainers-ryuk-023d88d8-6ff8-47bb-a58c-cbfb8c414299,testcontainers/ryuk:0.14.0,0.00,"8.914MiB / 7.737GiB"
1791109576,2026-10-04T19:26:16,Q8BrokerAndStoreFencingTest,external-clickhouse,clickhouse/clickhouse-server:latest,20.62,"1.315GiB / 7.737GiB"
1791109576,2026-10-04T19:26:16,Q8BrokerAndStoreFencingTest,external-kafka,apache/kafka:latest,1.97,"1.081GiB / 7.737GiB"
1791109584,2026-10-04T19:26:24,Q8BrokerAndStoreFencingTest,external-clickhouse,clickhouse/clickhouse-server:latest,12.36,"1.31GiB / 7.737GiB"
1791109584,2026-10-04T19:26:24,Q8BrokerAndStoreFencingTest,external-kafka,apache/kafka:latest,1.87,"1.081GiB / 7.737GiB"
1791109591,2026-10-04T19:26:31,Q8BrokerAndStoreFencingTest,external-clickhouse,clickhouse/clickhouse-server:latest,14.47,"1.305GiB / 7.737GiB"
1791109591,2026-10-04T19:26:31,Q8BrokerAndStoreFencingTest,external-kafka,apache/kafka:latest,2.57,"1.081GiB / 7.737GiB"
1791109598,2026-10-04T19:26:38,Q8BrokerAndStoreFencingTest,external-clickhouse,clickhouse/clickhouse-server:latest,5.79,"1.303GiB / 7.737GiB"
1791109598,2026-10-04T19:26:38,Q8BrokerAndStoreFencingTest,external-kafka,apache/kafka:latest,1.77,"1.081GiB / 7.737GiB"
1791109606,2026-10-04T19:26:46,Q8BrokerAndStoreFencingTest,external-clickhouse,clickhouse/clickhouse-server:latest,7.26,"1.312GiB / 7.737GiB"
1791109606,2026-10-04T19:26:46,Q8BrokerAndStoreFencingTest,external-kafka,apache/kafka:latest,2.86,"1.081GiB / 7.737GiB"
1791109613,2026-10-04T19:26:53,Q8BrokerAndStoreFencingTest,external-clickhouse,clickhouse/clickhouse-server:latest,32.19,"1.319GiB / 7.737GiB"
1791109613,2026-10-04T19:26:53,Q8BrokerAndStoreFencingTest,external-kafka,apache/kafka:latest,2.64,"1.081GiB / 7.737GiB"
1791109620,2026-10-04T19:27:00,Q8BrokerAndStoreFencingTest,external-clickhouse,clickhouse/clickhouse-server:latest,5.29,"1.319GiB / 7.737GiB"
1791109620,2026-10-04T19:27:00,Q8BrokerAndStoreFencingTest,external-kafka,apache/kafka:latest,2.41,"1.081GiB / 7.737GiB"
1791109628,2026-10-04T19:27:08,Q8BrokerAndStoreFencingTest,external-clickhouse,clickhouse/clickhouse-server:latest,3.81,"1.314GiB / 7.737GiB"
1791109628,2026-10-04T19:27:08,Q8BrokerAndStoreFencingTest,external-kafka,apache/kafka:latest,1.81,"1.081GiB / 7.737GiB"
1791109635,2026-10-04T19:27:15,Q8BrokerAndStoreFencingTest,external-clickhouse,clickhouse/clickhouse-server:latest,5.56,"1.313GiB / 7.737GiB"
1791109635,2026-10-04T19:27:15,Q8BrokerAndStoreFencingTest,external-kafka,apache/kafka:latest,1.75,"1.081GiB / 7.737GiB"
1791109642,2026-10-04T19:27:22,Q8BrokerAndStoreFencingTest,external-clickhouse,clickhouse/clickhouse-server:latest,5.03,"1.315GiB / 7.737GiB"
1791109642,2026-10-04T19:27:22,Q8BrokerAndStoreFencingTest,external-kafka,apache/kafka:latest,1.87,"1.081GiB / 7.737GiB"
1791109649,2026-10-04T19:27:29,Q8BrokerAndStoreFencingTest,external-clickhouse,clickhouse/clickhouse-server:latest,3.94,"1.367GiB / 7.737GiB"
1791109649,2026-10-04T19:27:29,Q8BrokerAndStoreFencingTest,external-kafka,apache/kafka:latest,7.49,"1.081GiB / 7.737GiB"
1791109656,2026-10-04T19:27:36,Q8BrokerAndStoreFencingTest,external-clickhouse,clickhouse/clickhouse-server:latest,6.71,"1.327GiB / 7.737GiB"
1791109656,2026-10-04T19:27:36,Q8BrokerAndStoreFencingTest,external-kafka,apache/kafka:latest,1.99,"1.081GiB / 7.737GiB"
1791109664,2026-10-04T19:27:44,Q8BrokerAndStoreFencingTest,external-clickhouse,clickhouse/clickhouse-server:latest,3.55,"1.323GiB / 7.737GiB"
1791109664,2026-10-04T19:27:44,Q8BrokerAndStoreFencingTest,external-kafka,apache/kafka:latest,1.14,"1.081GiB / 7.737GiB"
1791109671,2026-10-04T19:27:51,Q8BrokerAndStoreFencingTest,external-clickhouse,clickhouse/clickhouse-server:latest,3.37,"1.32GiB / 7.737GiB"
1791109671,2026-10-04T19:27:51,Q8BrokerAndStoreFencingTest,external-kafka,apache/kafka:latest,3.38,"1.081GiB / 7.737GiB"
1791109678,2026-10-04T19:27:58,Q8BrokerAndStoreFencingTest,external-clickhouse,clickhouse/clickhouse-server:latest,4.04,"1.321GiB / 7.737GiB"
1791109678,2026-10-04T19:27:58,Q8BrokerAndStoreFencingTest,external-kafka,apache/kafka:latest,2.07,"1.081GiB / 7.737GiB"
1791109685,2026-10-04T19:28:05,Q8BrokerAndStoreFencingTest,external-clickhouse,clickhouse/clickhouse-server:latest,5.57,"1.406GiB / 7.737GiB"
1791109685,2026-10-04T19:28:05,Q8BrokerAndStoreFencingTest,external-kafka,apache/kafka:latest,2.59,"1.081GiB / 7.737GiB"
1791109692,2026-10-04T19:28:12,Q8TakeoverSoakBenchmark,confident_leakey,postgres:16,1.65,"55.11MiB / 7.737GiB"
1791109692,2026-10-04T19:28:12,Q8TakeoverSoakBenchmark,dreamy_northcutt,apache/kafka:4.3.1,29.31,"333.1MiB / 7.737GiB"
1791109692,2026-10-04T19:28:12,Q8TakeoverSoakBenchmark,testcontainers-ryuk-7498a8fb-e80f-4216-9ce1-61979780a178,testcontainers/ryuk:0.14.0,0.00,"8.953MiB / 7.737GiB"
1791109692,2026-10-04T19:28:12,Q8TakeoverSoakBenchmark,external-clickhouse,clickhouse/clickhouse-server:latest,5.07,"1.333GiB / 7.737GiB"
1791109692,2026-10-04T19:28:12,Q8TakeoverSoakBenchmark,external-kafka,apache/kafka:latest,30.56,"1.081GiB / 7.737GiB"
1791109700,2026-10-04T19:28:20,Q8TakeoverSoakBenchmark,confident_leakey,postgres:16,1.07,"55.23MiB / 7.737GiB"
1791109700,2026-10-04T19:28:20,Q8TakeoverSoakBenchmark,dreamy_northcutt,apache/kafka:4.3.1,28.25,"322.5MiB / 7.737GiB"
1791109700,2026-10-04T19:28:20,Q8TakeoverSoakBenchmark,testcontainers-ryuk-7498a8fb-e80f-4216-9ce1-61979780a178,testcontainers/ryuk:0.14.0,0.00,"8.953MiB / 7.737GiB"
1791109700,2026-10-04T19:28:20,Q8TakeoverSoakBenchmark,external-clickhouse,clickhouse/clickhouse-server:latest,4.23,"1.337GiB / 7.737GiB"
1791109700,2026-10-04T19:28:20,Q8TakeoverSoakBenchmark,external-kafka,apache/kafka:latest,1.26,"1.081GiB / 7.737GiB"
1791109707,2026-10-04T19:28:27,Q8TakeoverSoakBenchmark,confident_leakey,postgres:16,0.50,"55.25MiB / 7.737GiB"
1791109707,2026-10-04T19:28:27,Q8TakeoverSoakBenchmark,dreamy_northcutt,apache/kafka:4.3.1,14.15,"325.3MiB / 7.737GiB"
1791109707,2026-10-04T19:28:27,Q8TakeoverSoakBenchmark,testcontainers-ryuk-7498a8fb-e80f-4216-9ce1-61979780a178,testcontainers/ryuk:0.14.0,0.00,"8.953MiB / 7.737GiB"
1791109707,2026-10-04T19:28:27,Q8TakeoverSoakBenchmark,external-clickhouse,clickhouse/clickhouse-server:latest,6.06,"1.331GiB / 7.737GiB"
1791109707,2026-10-04T19:28:27,Q8TakeoverSoakBenchmark,external-kafka,apache/kafka:latest,1.59,"1.081GiB / 7.737GiB"
1791109714,2026-10-04T19:28:34,Q8TakeoverSoakBenchmark,confident_leakey,postgres:16,0.28,"55.26MiB / 7.737GiB"
1791109714,2026-10-04T19:28:34,Q8TakeoverSoakBenchmark,dreamy_northcutt,apache/kafka:4.3.1,12.66,"342.3MiB / 7.737GiB"
1791109714,2026-10-04T19:28:34,Q8TakeoverSoakBenchmark,testcontainers-ryuk-7498a8fb-e80f-4216-9ce1-61979780a178,testcontainers/ryuk:0.14.0,0.00,"8.953MiB / 7.737GiB"
1791109714,2026-10-04T19:28:34,Q8TakeoverSoakBenchmark,external-clickhouse,clickhouse/clickhouse-server:latest,3.08,"1.344GiB / 7.737GiB"
1791109714,2026-10-04T19:28:34,Q8TakeoverSoakBenchmark,external-kafka,apache/kafka:latest,55.00,"1.128GiB / 7.737GiB"
1791109721,2026-10-04T19:28:41,Q8TakeoverSoakBenchmark,confident_leakey,postgres:16,1.36,"56.18MiB / 7.737GiB"
1791109721,2026-10-04T19:28:41,Q8TakeoverSoakBenchmark,dreamy_northcutt,apache/kafka:4.3.1,21.04,"335.4MiB / 7.737GiB"
1791109721,2026-10-04T19:28:41,Q8TakeoverSoakBenchmark,testcontainers-ryuk-7498a8fb-e80f-4216-9ce1-61979780a178,testcontainers/ryuk:0.14.0,0.00,"9.004MiB / 7.737GiB"
1791109721,2026-10-04T19:28:41,Q8TakeoverSoakBenchmark,external-clickhouse,clickhouse/clickhouse-server:latest,5.39,"1.418GiB / 7.737GiB"
1791109721,2026-10-04T19:28:41,Q8TakeoverSoakBenchmark,external-kafka,apache/kafka:latest,1.64,"1.081GiB / 7.737GiB"
1791109729,2026-10-04T19:28:49,Q8TakeoverSoakBenchmark,confident_leakey,postgres:16,0.65,"56.16MiB / 7.737GiB"
1791109729,2026-10-04T19:28:49,Q8TakeoverSoakBenchmark,dreamy_northcutt,apache/kafka:4.3.1,12.24,"341.3MiB / 7.737GiB"
1791109729,2026-10-04T19:28:49,Q8TakeoverSoakBenchmark,testcontainers-ryuk-7498a8fb-e80f-4216-9ce1-61979780a178,testcontainers/ryuk:0.14.0,0.00,"9.004MiB / 7.737GiB"
1791109729,2026-10-04T19:28:49,Q8TakeoverSoakBenchmark,external-clickhouse,clickhouse/clickhouse-server:latest,3.14,"1.368GiB / 7.737GiB"
1791109729,2026-10-04T19:28:49,Q8TakeoverSoakBenchmark,external-kafka,apache/kafka:latest,1.49,"1.081GiB / 7.737GiB"
1791109736,2026-10-04T19:28:56,Q8TakeoverSoakBenchmark,confident_leakey,postgres:16,0.27,"56.34MiB / 7.737GiB"
1791109736,2026-10-04T19:28:56,Q8TakeoverSoakBenchmark,dreamy_northcutt,apache/kafka:4.3.1,6.85,"337.1MiB / 7.737GiB"
1791109736,2026-10-04T19:28:56,Q8TakeoverSoakBenchmark,testcontainers-ryuk-7498a8fb-e80f-4216-9ce1-61979780a178,testcontainers/ryuk:0.14.0,0.00,"9.004MiB / 7.737GiB"
1791109736,2026-10-04T19:28:56,Q8TakeoverSoakBenchmark,external-clickhouse,clickhouse/clickhouse-server:latest,3.39,"1.352GiB / 7.737GiB"
1791109736,2026-10-04T19:28:56,Q8TakeoverSoakBenchmark,external-kafka,apache/kafka:latest,27.55,"1.116GiB / 7.737GiB"
1791109743,2026-10-04T19:29:03,Q8TakeoverSoakBenchmark,confident_leakey,postgres:16,0.62,"58MiB / 7.737GiB"
1791109743,2026-10-04T19:29:03,Q8TakeoverSoakBenchmark,dreamy_northcutt,apache/kafka:4.3.1,12.16,"338.8MiB / 7.737GiB"
1791109743,2026-10-04T19:29:03,Q8TakeoverSoakBenchmark,testcontainers-ryuk-7498a8fb-e80f-4216-9ce1-61979780a178,testcontainers/ryuk:0.14.0,0.00,"9.004MiB / 7.737GiB"
1791109743,2026-10-04T19:29:03,Q8TakeoverSoakBenchmark,external-clickhouse,clickhouse/clickhouse-server:latest,11.43,"1.343GiB / 7.737GiB"
1791109743,2026-10-04T19:29:03,Q8TakeoverSoakBenchmark,external-kafka,apache/kafka:latest,1.77,"1.081GiB / 7.737GiB"
1791109750,2026-10-04T19:29:10,Q8TakeoverSoakBenchmark,confident_leakey,postgres:16,0.60,"58.05MiB / 7.737GiB"
1791109750,2026-10-04T19:29:10,Q8TakeoverSoakBenchmark,dreamy_northcutt,apache/kafka:4.3.1,9.28,"337.9MiB / 7.737GiB"
1791109750,2026-10-04T19:29:10,Q8TakeoverSoakBenchmark,testcontainers-ryuk-7498a8fb-e80f-4216-9ce1-61979780a178,testcontainers/ryuk:0.14.0,0.00,"9.004MiB / 7.737GiB"
1791109750,2026-10-04T19:29:10,Q8TakeoverSoakBenchmark,external-clickhouse,clickhouse/clickhouse-server:latest,12.74,"1.356GiB / 7.737GiB"
1791109750,2026-10-04T19:29:10,Q8TakeoverSoakBenchmark,external-kafka,apache/kafka:latest,1.84,"1.081GiB / 7.737GiB"
1791109758,2026-10-04T19:29:18,Q8TakeoverSoakBenchmark,confident_leakey,postgres:16,0.45,"58.05MiB / 7.737GiB"
1791109758,2026-10-04T19:29:18,Q8TakeoverSoakBenchmark,dreamy_northcutt,apache/kafka:4.3.1,5.47,"348.7MiB / 7.737GiB"
1791109758,2026-10-04T19:29:18,Q8TakeoverSoakBenchmark,testcontainers-ryuk-7498a8fb-e80f-4216-9ce1-61979780a178,testcontainers/ryuk:0.14.0,0.00,"9.004MiB / 7.737GiB"
1791109758,2026-10-04T19:29:18,Q8TakeoverSoakBenchmark,external-clickhouse,clickhouse/clickhouse-server:latest,35.78,"1.426GiB / 7.737GiB"
1791109758,2026-10-04T19:29:18,Q8TakeoverSoakBenchmark,external-kafka,apache/kafka:latest,15.22,"1.098GiB / 7.737GiB"
1791109765,2026-10-04T19:29:25,Q8TakeoverSoakBenchmark,confident_leakey,postgres:16,1.13,"58.7MiB / 7.737GiB"
1791109765,2026-10-04T19:29:25,Q8TakeoverSoakBenchmark,dreamy_northcutt,apache/kafka:4.3.1,12.47,"344.4MiB / 7.737GiB"
1791109765,2026-10-04T19:29:25,Q8TakeoverSoakBenchmark,testcontainers-ryuk-7498a8fb-e80f-4216-9ce1-61979780a178,testcontainers/ryuk:0.14.0,0.00,"9.004MiB / 7.737GiB"
1791109765,2026-10-04T19:29:25,Q8TakeoverSoakBenchmark,external-clickhouse,clickhouse/clickhouse-server:latest,9.47,"1.354GiB / 7.737GiB"
1791109765,2026-10-04T19:29:25,Q8TakeoverSoakBenchmark,external-kafka,apache/kafka:latest,1.81,"1.081GiB / 7.737GiB"
1791109772,2026-10-04T19:29:32,Q8TakeoverSoakBenchmark,confident_leakey,postgres:16,0.53,"58.76MiB / 7.737GiB"
1791109772,2026-10-04T19:29:32,Q8TakeoverSoakBenchmark,dreamy_northcutt,apache/kafka:4.3.1,17.04,"352.8MiB / 7.737GiB"
1791109772,2026-10-04T19:29:32,Q8TakeoverSoakBenchmark,testcontainers-ryuk-7498a8fb-e80f-4216-9ce1-61979780a178,testcontainers/ryuk:0.14.0,0.00,"9.004MiB / 7.737GiB"
1791109772,2026-10-04T19:29:32,Q8TakeoverSoakBenchmark,external-clickhouse,clickhouse/clickhouse-server:latest,10.17,"1.358GiB / 7.737GiB"
1791109772,2026-10-04T19:29:32,Q8TakeoverSoakBenchmark,external-kafka,apache/kafka:latest,1.26,"1.081GiB / 7.737GiB"
1791109779,2026-10-04T19:29:39,Q8TakeoverSoakBenchmark,confident_leakey,postgres:16,0.24,"58.77MiB / 7.737GiB"
1791109779,2026-10-04T19:29:39,Q8TakeoverSoakBenchmark,dreamy_northcutt,apache/kafka:4.3.1,8.53,"353.6MiB / 7.737GiB"
1791109779,2026-10-04T19:29:39,Q8TakeoverSoakBenchmark,testcontainers-ryuk-7498a8fb-e80f-4216-9ce1-61979780a178,testcontainers/ryuk:0.14.0,0.00,"9.004MiB / 7.737GiB"
1791109779,2026-10-04T19:29:39,Q8TakeoverSoakBenchmark,external-clickhouse,clickhouse/clickhouse-server:latest,3.53,"1.349GiB / 7.737GiB"
1791109779,2026-10-04T19:29:39,Q8TakeoverSoakBenchmark,external-kafka,apache/kafka:latest,102.77,"1.167GiB / 7.737GiB"
1791109787,2026-10-04T19:29:47,Q8TakeoverSoakBenchmark,confident_leakey,postgres:16,0.32,"58.95MiB / 7.737GiB"
1791109787,2026-10-04T19:29:47,Q8TakeoverSoakBenchmark,dreamy_northcutt,apache/kafka:4.3.1,9.86,"349.8MiB / 7.737GiB"
1791109787,2026-10-04T19:29:47,Q8TakeoverSoakBenchmark,testcontainers-ryuk-7498a8fb-e80f-4216-9ce1-61979780a178,testcontainers/ryuk:0.14.0,0.00,"9.004MiB / 7.737GiB"
1791109787,2026-10-04T19:29:47,Q8TakeoverSoakBenchmark,external-clickhouse,clickhouse/clickhouse-server:latest,10.30,"1.365GiB / 7.737GiB"
1791109787,2026-10-04T19:29:47,Q8TakeoverSoakBenchmark,external-kafka,apache/kafka:latest,1.22,"1.081GiB / 7.737GiB"
1791109794,2026-10-04T19:29:54,Q8TakeoverSoakBenchmark,confident_leakey,postgres:16,1.00,"58.97MiB / 7.737GiB"
1791109794,2026-10-04T19:29:54,Q8TakeoverSoakBenchmark,dreamy_northcutt,apache/kafka:4.3.1,13.62,"360.4MiB / 7.737GiB"
1791109794,2026-10-04T19:29:54,Q8TakeoverSoakBenchmark,testcontainers-ryuk-7498a8fb-e80f-4216-9ce1-61979780a178,testcontainers/ryuk:0.14.0,0.00,"9.004MiB / 7.737GiB"
1791109794,2026-10-04T19:29:54,Q8TakeoverSoakBenchmark,external-clickhouse,clickhouse/clickhouse-server:latest,7.33,"1.354GiB / 7.737GiB"
1791109794,2026-10-04T19:29:54,Q8TakeoverSoakBenchmark,external-kafka,apache/kafka:latest,1.16,"1.081GiB / 7.737GiB"
1791109801,2026-10-04T19:30:01,Q8TakeoverSoakBenchmark,confident_leakey,postgres:16,1.75,"59.02MiB / 7.737GiB"
1791109801,2026-10-04T19:30:01,Q8TakeoverSoakBenchmark,dreamy_northcutt,apache/kafka:4.3.1,7.36,"351.6MiB / 7.737GiB"
1791109801,2026-10-04T19:30:01,Q8TakeoverSoakBenchmark,testcontainers-ryuk-7498a8fb-e80f-4216-9ce1-61979780a178,testcontainers/ryuk:0.14.0,0.00,"9.004MiB / 7.737GiB"
1791109801,2026-10-04T19:30:01,Q8TakeoverSoakBenchmark,external-clickhouse,clickhouse/clickhouse-server:latest,3.58,"1.354GiB / 7.737GiB"
1791109801,2026-10-04T19:30:01,Q8TakeoverSoakBenchmark,external-kafka,apache/kafka:latest,1.76,"1.081GiB / 7.737GiB"
1791109808,2026-10-04T19:30:08,Q8TakeoverSoakBenchmark,confident_leakey,postgres:16,1.01,"59.1MiB / 7.737GiB"
1791109808,2026-10-04T19:30:08,Q8TakeoverSoakBenchmark,dreamy_northcutt,apache/kafka:4.3.1,7.55,"360.1MiB / 7.737GiB"
1791109808,2026-10-04T19:30:08,Q8TakeoverSoakBenchmark,testcontainers-ryuk-7498a8fb-e80f-4216-9ce1-61979780a178,testcontainers/ryuk:0.14.0,0.00,"9.004MiB / 7.737GiB"
1791109808,2026-10-04T19:30:08,Q8TakeoverSoakBenchmark,external-clickhouse,clickhouse/clickhouse-server:latest,3.69,"1.346GiB / 7.737GiB"
1791109808,2026-10-04T19:30:08,Q8TakeoverSoakBenchmark,external-kafka,apache/kafka:latest,1.25,"1.081GiB / 7.737GiB"
1791109816,2026-10-04T19:30:16,Q8TakeoverSoakBenchmark,confident_leakey,postgres:16,0.63,"59.11MiB / 7.737GiB"
1791109816,2026-10-04T19:30:16,Q8TakeoverSoakBenchmark,dreamy_northcutt,apache/kafka:4.3.1,15.56,"378.7MiB / 7.737GiB"
1791109816,2026-10-04T19:30:16,Q8TakeoverSoakBenchmark,testcontainers-ryuk-7498a8fb-e80f-4216-9ce1-61979780a178,testcontainers/ryuk:0.14.0,0.00,"9.004MiB / 7.737GiB"
1791109816,2026-10-04T19:30:16,Q8TakeoverSoakBenchmark,external-clickhouse,clickhouse/clickhouse-server:latest,4.77,"1.313GiB / 7.737GiB"
1791109816,2026-10-04T19:30:16,Q8TakeoverSoakBenchmark,external-kafka,apache/kafka:latest,1.43,"1.081GiB / 7.737GiB"
1791109823,2026-10-04T19:30:23,Q8TakeoverSoakBenchmark,confident_leakey,postgres:16,0.91,"59.14MiB / 7.737GiB"
1791109823,2026-10-04T19:30:23,Q8TakeoverSoakBenchmark,dreamy_northcutt,apache/kafka:4.3.1,7.36,"380MiB / 7.737GiB"
1791109823,2026-10-04T19:30:23,Q8TakeoverSoakBenchmark,testcontainers-ryuk-7498a8fb-e80f-4216-9ce1-61979780a178,testcontainers/ryuk:0.14.0,0.00,"9.004MiB / 7.737GiB"
1791109823,2026-10-04T19:30:23,Q8TakeoverSoakBenchmark,external-clickhouse,clickhouse/clickhouse-server:latest,4.27,"1.316GiB / 7.737GiB"
1791109823,2026-10-04T19:30:23,Q8TakeoverSoakBenchmark,external-kafka,apache/kafka:latest,2.00,"1.081GiB / 7.737GiB"
1791109830,2026-10-04T19:30:30,Q8TakeoverSoakBenchmark,confident_leakey,postgres:16,0.90,"59.16MiB / 7.737GiB"
1791109830,2026-10-04T19:30:30,Q8TakeoverSoakBenchmark,dreamy_northcutt,apache/kafka:4.3.1,9.92,"389.8MiB / 7.737GiB"
1791109830,2026-10-04T19:30:30,Q8TakeoverSoakBenchmark,testcontainers-ryuk-7498a8fb-e80f-4216-9ce1-61979780a178,testcontainers/ryuk:0.14.0,0.00,"9.004MiB / 7.737GiB"
1791109830,2026-10-04T19:30:30,Q8TakeoverSoakBenchmark,external-clickhouse,clickhouse/clickhouse-server:latest,5.24,"1.316GiB / 7.737GiB"
1791109830,2026-10-04T19:30:30,Q8TakeoverSoakBenchmark,external-kafka,apache/kafka:latest,2.01,"1.081GiB / 7.737GiB"
1791109838,2026-10-04T19:30:38,Q8TakeoverSoakBenchmark,confident_leakey,postgres:16,0.83,"59.2MiB / 7.737GiB"
1791109838,2026-10-04T19:30:38,Q8TakeoverSoakBenchmark,dreamy_northcutt,apache/kafka:4.3.1,8.34,"400.1MiB / 7.737GiB"
1791109838,2026-10-04T19:30:38,Q8TakeoverSoakBenchmark,testcontainers-ryuk-7498a8fb-e80f-4216-9ce1-61979780a178,testcontainers/ryuk:0.14.0,0.02,"9.004MiB / 7.737GiB"
1791109838,2026-10-04T19:30:38,Q8TakeoverSoakBenchmark,external-clickhouse,clickhouse/clickhouse-server:latest,6.02,"1.389GiB / 7.737GiB"
1791109838,2026-10-04T19:30:38,Q8TakeoverSoakBenchmark,external-kafka,apache/kafka:latest,1.65,"1.081GiB / 7.737GiB"
1791109845,2026-10-04T19:30:45,Q8TakeoverSoakBenchmark,confident_leakey,postgres:16,0.95,"59.25MiB / 7.737GiB"
1791109845,2026-10-04T19:30:45,Q8TakeoverSoakBenchmark,dreamy_northcutt,apache/kafka:4.3.1,5.17,"411.5MiB / 7.737GiB"
1791109845,2026-10-04T19:30:45,Q8TakeoverSoakBenchmark,testcontainers-ryuk-7498a8fb-e80f-4216-9ce1-61979780a178,testcontainers/ryuk:0.14.0,0.00,"9.004MiB / 7.737GiB"
1791109845,2026-10-04T19:30:45,Q8TakeoverSoakBenchmark,external-clickhouse,clickhouse/clickhouse-server:latest,3.49,"1.32GiB / 7.737GiB"
1791109845,2026-10-04T19:30:45,Q8TakeoverSoakBenchmark,external-kafka,apache/kafka:latest,101.96,"1.162GiB / 7.737GiB"
1791109852,2026-10-04T19:30:52,Q8TakeoverSoakBenchmark,confident_leakey,postgres:16,0.80,"59.32MiB / 7.737GiB"
1791109852,2026-10-04T19:30:52,Q8TakeoverSoakBenchmark,dreamy_northcutt,apache/kafka:4.3.1,14.81,"422.2MiB / 7.737GiB"
1791109852,2026-10-04T19:30:52,Q8TakeoverSoakBenchmark,testcontainers-ryuk-7498a8fb-e80f-4216-9ce1-61979780a178,testcontainers/ryuk:0.14.0,0.00,"9.004MiB / 7.737GiB"
1791109852,2026-10-04T19:30:52,Q8TakeoverSoakBenchmark,external-clickhouse,clickhouse/clickhouse-server:latest,7.58,"1.322GiB / 7.737GiB"
1791109852,2026-10-04T19:30:52,Q8TakeoverSoakBenchmark,external-kafka,apache/kafka:latest,1.83,"1.081GiB / 7.737GiB"
1791109860,2026-10-04T19:31:00,Q8TakeoverSoakBenchmark,confident_leakey,postgres:16,1.25,"59.34MiB / 7.737GiB"
1791109860,2026-10-04T19:31:00,Q8TakeoverSoakBenchmark,dreamy_northcutt,apache/kafka:4.3.1,11.76,"429.7MiB / 7.737GiB"
1791109860,2026-10-04T19:31:00,Q8TakeoverSoakBenchmark,testcontainers-ryuk-7498a8fb-e80f-4216-9ce1-61979780a178,testcontainers/ryuk:0.14.0,0.00,"9.004MiB / 7.737GiB"
1791109860,2026-10-04T19:31:00,Q8TakeoverSoakBenchmark,external-clickhouse,clickhouse/clickhouse-server:latest,7.83,"1.314GiB / 7.737GiB"
1791109860,2026-10-04T19:31:00,Q8TakeoverSoakBenchmark,external-kafka,apache/kafka:latest,1.48,"1.081GiB / 7.737GiB"
1791109867,2026-10-04T19:31:07,Q8TakeoverSoakBenchmark,confident_leakey,postgres:16,0.23,"59.35MiB / 7.737GiB"
1791109867,2026-10-04T19:31:07,Q8TakeoverSoakBenchmark,dreamy_northcutt,apache/kafka:4.3.1,4.93,"451.6MiB / 7.737GiB"
1791109867,2026-10-04T19:31:07,Q8TakeoverSoakBenchmark,testcontainers-ryuk-7498a8fb-e80f-4216-9ce1-61979780a178,testcontainers/ryuk:0.14.0,0.00,"9.004MiB / 7.737GiB"
1791109867,2026-10-04T19:31:07,Q8TakeoverSoakBenchmark,external-clickhouse,clickhouse/clickhouse-server:latest,2.05,"1.314GiB / 7.737GiB"
1791109867,2026-10-04T19:31:07,Q8TakeoverSoakBenchmark,external-kafka,apache/kafka:latest,1.81,"1.081GiB / 7.737GiB"
1791109874,2026-10-04T19:31:14,Q8TakeoverSoakBenchmark,confident_leakey,postgres:16,1.06,"59.39MiB / 7.737GiB"
1791109874,2026-10-04T19:31:14,Q8TakeoverSoakBenchmark,dreamy_northcutt,apache/kafka:4.3.1,27.05,"463.5MiB / 7.737GiB"
1791109874,2026-10-04T19:31:14,Q8TakeoverSoakBenchmark,testcontainers-ryuk-7498a8fb-e80f-4216-9ce1-61979780a178,testcontainers/ryuk:0.14.0,0.00,"9.004MiB / 7.737GiB"
1791109874,2026-10-04T19:31:14,Q8TakeoverSoakBenchmark,external-clickhouse,clickhouse/clickhouse-server:latest,4.85,"1.376GiB / 7.737GiB"
1791109874,2026-10-04T19:31:14,Q8TakeoverSoakBenchmark,external-kafka,apache/kafka:latest,1.59,"1.081GiB / 7.737GiB"
1791109881,2026-10-04T19:31:21,Q8TakeoverSoakBenchmark,confident_leakey,postgres:16,0.54,"59.39MiB / 7.737GiB"
1791109881,2026-10-04T19:31:21,Q8TakeoverSoakBenchmark,dreamy_northcutt,apache/kafka:4.3.1,8.66,"457.9MiB / 7.737GiB"
1791109881,2026-10-04T19:31:21,Q8TakeoverSoakBenchmark,testcontainers-ryuk-7498a8fb-e80f-4216-9ce1-61979780a178,testcontainers/ryuk:0.14.0,0.00,"9.004MiB / 7.737GiB"
1791109881,2026-10-04T19:31:21,Q8TakeoverSoakBenchmark,external-clickhouse,clickhouse/clickhouse-server:latest,5.21,"1.321GiB / 7.737GiB"
1791109881,2026-10-04T19:31:21,Q8TakeoverSoakBenchmark,external-kafka,apache/kafka:latest,1.82,"1.081GiB / 7.737GiB"
1791109889,2026-10-04T19:31:29,Q8TakeoverSoakBenchmark,confident_leakey,postgres:16,0.83,"59.45MiB / 7.737GiB"
1791109889,2026-10-04T19:31:29,Q8TakeoverSoakBenchmark,dreamy_northcutt,apache/kafka:4.3.1,9.43,"471.2MiB / 7.737GiB"
1791109889,2026-10-04T19:31:29,Q8TakeoverSoakBenchmark,testcontainers-ryuk-7498a8fb-e80f-4216-9ce1-61979780a178,testcontainers/ryuk:0.14.0,0.00,"9.004MiB / 7.737GiB"
1791109889,2026-10-04T19:31:29,Q8TakeoverSoakBenchmark,external-clickhouse,clickhouse/clickhouse-server:latest,6.24,"1.327GiB / 7.737GiB"
1791109889,2026-10-04T19:31:29,Q8TakeoverSoakBenchmark,external-kafka,apache/kafka:latest,1.89,"1.081GiB / 7.737GiB"
1791109896,2026-10-04T19:31:36,Q8TakeoverSoakBenchmark,confident_leakey,postgres:16,1.17,"59.48MiB / 7.737GiB"
1791109896,2026-10-04T19:31:36,Q8TakeoverSoakBenchmark,dreamy_northcutt,apache/kafka:4.3.1,11.36,"478.2MiB / 7.737GiB"
1791109896,2026-10-04T19:31:36,Q8TakeoverSoakBenchmark,testcontainers-ryuk-7498a8fb-e80f-4216-9ce1-61979780a178,testcontainers/ryuk:0.14.0,0.00,"9.004MiB / 7.737GiB"
1791109896,2026-10-04T19:31:36,Q8TakeoverSoakBenchmark,external-clickhouse,clickhouse/clickhouse-server:latest,5.07,"1.317GiB / 7.737GiB"
1791109896,2026-10-04T19:31:36,Q8TakeoverSoakBenchmark,external-kafka,apache/kafka:latest,1.93,"1.081GiB / 7.737GiB"
1791109903,2026-10-04T19:31:43,Q8TakeoverSoakBenchmark,confident_leakey,postgres:16,0.54,"59.55MiB / 7.737GiB"
1791109903,2026-10-04T19:31:43,Q8TakeoverSoakBenchmark,dreamy_northcutt,apache/kafka:4.3.1,7.97,"487.1MiB / 7.737GiB"
1791109903,2026-10-04T19:31:43,Q8TakeoverSoakBenchmark,testcontainers-ryuk-7498a8fb-e80f-4216-9ce1-61979780a178,testcontainers/ryuk:0.14.0,0.00,"9.004MiB / 7.737GiB"
1791109903,2026-10-04T19:31:43,Q8TakeoverSoakBenchmark,external-clickhouse,clickhouse/clickhouse-server:latest,6.18,"1.324GiB / 7.737GiB"
1791109903,2026-10-04T19:31:43,Q8TakeoverSoakBenchmark,external-kafka,apache/kafka:latest,1.35,"1.081GiB / 7.737GiB"
1791109910,2026-10-04T19:31:50,Q8TakeoverSoakBenchmark,confident_leakey,postgres:16,0.79,"59.57MiB / 7.737GiB"
1791109910,2026-10-04T19:31:50,Q8TakeoverSoakBenchmark,dreamy_northcutt,apache/kafka:4.3.1,15.34,"501MiB / 7.737GiB"
1791109910,2026-10-04T19:31:50,Q8TakeoverSoakBenchmark,testcontainers-ryuk-7498a8fb-e80f-4216-9ce1-61979780a178,testcontainers/ryuk:0.14.0,0.00,"9.004MiB / 7.737GiB"
1791109910,2026-10-04T19:31:50,Q8TakeoverSoakBenchmark,external-clickhouse,clickhouse/clickhouse-server:latest,4.78,"1.394GiB / 7.737GiB"
1791109910,2026-10-04T19:31:50,Q8TakeoverSoakBenchmark,external-kafka,apache/kafka:latest,1.68,"1.081GiB / 7.737GiB"
1791109918,2026-10-04T19:31:58,Q8TakeoverSoakBenchmark,confident_leakey,postgres:16,0.95,"59.6MiB / 7.737GiB"
1791109918,2026-10-04T19:31:58,Q8TakeoverSoakBenchmark,dreamy_northcutt,apache/kafka:4.3.1,7.02,"509.5MiB / 7.737GiB"
1791109918,2026-10-04T19:31:58,Q8TakeoverSoakBenchmark,testcontainers-ryuk-7498a8fb-e80f-4216-9ce1-61979780a178,testcontainers/ryuk:0.14.0,0.00,"9.004MiB / 7.737GiB"
1791109918,2026-10-04T19:31:58,Q8TakeoverSoakBenchmark,external-clickhouse,clickhouse/clickhouse-server:latest,3.38,"1.322GiB / 7.737GiB"
1791109918,2026-10-04T19:31:58,Q8TakeoverSoakBenchmark,external-kafka,apache/kafka:latest,1.55,"1.081GiB / 7.737GiB"
1791109925,2026-10-04T19:32:05,Q8TakeoverSoakBenchmark,confident_leakey,postgres:16,1.04,"59.64MiB / 7.737GiB"
1791109925,2026-10-04T19:32:05,Q8TakeoverSoakBenchmark,dreamy_northcutt,apache/kafka:4.3.1,7.85,"510.9MiB / 7.737GiB"
1791109925,2026-10-04T19:32:05,Q8TakeoverSoakBenchmark,testcontainers-ryuk-7498a8fb-e80f-4216-9ce1-61979780a178,testcontainers/ryuk:0.14.0,0.00,"9.004MiB / 7.737GiB"
1791109925,2026-10-04T19:32:05,Q8TakeoverSoakBenchmark,external-clickhouse,clickhouse/clickhouse-server:latest,3.83,"1.327GiB / 7.737GiB"
1791109925,2026-10-04T19:32:05,Q8TakeoverSoakBenchmark,external-kafka,apache/kafka:latest,1.46,"1.081GiB / 7.737GiB"
1791109932,2026-10-04T19:32:12,Q8TakeoverSoakBenchmark,confident_leakey,postgres:16,1.00,"59.68MiB / 7.737GiB"
1791109932,2026-10-04T19:32:12,Q8TakeoverSoakBenchmark,dreamy_northcutt,apache/kafka:4.3.1,7.97,"510.8MiB / 7.737GiB"
1791109932,2026-10-04T19:32:12,Q8TakeoverSoakBenchmark,testcontainers-ryuk-7498a8fb-e80f-4216-9ce1-61979780a178,testcontainers/ryuk:0.14.0,0.00,"9.004MiB / 7.737GiB"
1791109932,2026-10-04T19:32:12,Q8TakeoverSoakBenchmark,external-clickhouse,clickhouse/clickhouse-server:latest,4.42,"1.315GiB / 7.737GiB"
1791109932,2026-10-04T19:32:12,Q8TakeoverSoakBenchmark,external-kafka,apache/kafka:latest,1.14,"1.081GiB / 7.737GiB"
1791109940,2026-10-04T19:32:20,Q8TakeoverSoakBenchmark,confident_leakey,postgres:16,0.51,"59.7MiB / 7.737GiB"
1791109940,2026-10-04T19:32:20,Q8TakeoverSoakBenchmark,dreamy_northcutt,apache/kafka:4.3.1,5.88,"513.1MiB / 7.737GiB"
1791109940,2026-10-04T19:32:20,Q8TakeoverSoakBenchmark,testcontainers-ryuk-7498a8fb-e80f-4216-9ce1-61979780a178,testcontainers/ryuk:0.14.0,0.00,"9.004MiB / 7.737GiB"
1791109940,2026-10-04T19:32:20,Q8TakeoverSoakBenchmark,external-clickhouse,clickhouse/clickhouse-server:latest,12.38,"1.332GiB / 7.737GiB"
1791109940,2026-10-04T19:32:20,Q8TakeoverSoakBenchmark,external-kafka,apache/kafka:latest,1.99,"1.081GiB / 7.737GiB"
1791109947,2026-10-04T19:32:27,Q8TakeoverSoakBenchmark,confident_leakey,postgres:16,0.39,"59.79MiB / 7.737GiB"
1791109947,2026-10-04T19:32:27,Q8TakeoverSoakBenchmark,dreamy_northcutt,apache/kafka:4.3.1,10.24,"509.2MiB / 7.737GiB"
1791109947,2026-10-04T19:32:27,Q8TakeoverSoakBenchmark,testcontainers-ryuk-7498a8fb-e80f-4216-9ce1-61979780a178,testcontainers/ryuk:0.14.0,0.00,"9.004MiB / 7.737GiB"
1791109947,2026-10-04T19:32:27,Q8TakeoverSoakBenchmark,external-clickhouse,clickhouse/clickhouse-server:latest,35.04,"1.399GiB / 7.737GiB"
1791109947,2026-10-04T19:32:27,Q8TakeoverSoakBenchmark,external-kafka,apache/kafka:latest,1.41,"1.081GiB / 7.737GiB"
1791109954,2026-10-04T19:32:34,Q8TakeoverSoakBenchmark,confident_leakey,postgres:16,0.93,"59.79MiB / 7.737GiB"
1791109954,2026-10-04T19:32:34,Q8TakeoverSoakBenchmark,dreamy_northcutt,apache/kafka:4.3.1,9.54,"513.7MiB / 7.737GiB"
1791109954,2026-10-04T19:32:34,Q8TakeoverSoakBenchmark,testcontainers-ryuk-7498a8fb-e80f-4216-9ce1-61979780a178,testcontainers/ryuk:0.14.0,0.00,"9.004MiB / 7.737GiB"
1791109954,2026-10-04T19:32:34,Q8TakeoverSoakBenchmark,external-clickhouse,clickhouse/clickhouse-server:latest,15.07,"1.329GiB / 7.737GiB"
1791109954,2026-10-04T19:32:34,Q8TakeoverSoakBenchmark,external-kafka,apache/kafka:latest,1.86,"1.081GiB / 7.737GiB"
1791109961,2026-10-04T19:32:41,Q8TakeoverSoakBenchmark,confident_leakey,postgres:16,0.98,"60.85MiB / 7.737GiB"
1791109961,2026-10-04T19:32:41,Q8TakeoverSoakBenchmark,dreamy_northcutt,apache/kafka:4.3.1,10.09,"510.6MiB / 7.737GiB"
1791109961,2026-10-04T19:32:41,Q8TakeoverSoakBenchmark,testcontainers-ryuk-7498a8fb-e80f-4216-9ce1-61979780a178,testcontainers/ryuk:0.14.0,0.00,"9.004MiB / 7.737GiB"
1791109961,2026-10-04T19:32:41,Q8TakeoverSoakBenchmark,external-clickhouse,clickhouse/clickhouse-server:latest,5.45,"1.334GiB / 7.737GiB"
1791109961,2026-10-04T19:32:41,Q8TakeoverSoakBenchmark,external-kafka,apache/kafka:latest,1.98,"1.081GiB / 7.737GiB"
1791109969,2026-10-04T19:32:49,Q8TakeoverSoakBenchmark,confident_leakey,postgres:16,0.90,"60.9MiB / 7.737GiB"
1791109969,2026-10-04T19:32:49,Q8TakeoverSoakBenchmark,dreamy_northcutt,apache/kafka:4.3.1,9.39,"512.4MiB / 7.737GiB"
1791109969,2026-10-04T19:32:49,Q8TakeoverSoakBenchmark,testcontainers-ryuk-7498a8fb-e80f-4216-9ce1-61979780a178,testcontainers/ryuk:0.14.0,0.00,"9.004MiB / 7.737GiB"
1791109969,2026-10-04T19:32:49,Q8TakeoverSoakBenchmark,external-clickhouse,clickhouse/clickhouse-server:latest,5.84,"1.328GiB / 7.737GiB"
1791109969,2026-10-04T19:32:49,Q8TakeoverSoakBenchmark,external-kafka,apache/kafka:latest,1.24,"1.081GiB / 7.737GiB"
1791109976,2026-10-04T19:32:56,Q8TakeoverSoakBenchmark,confident_leakey,postgres:16,0.64,"60.95MiB / 7.737GiB"
1791109976,2026-10-04T19:32:56,Q8TakeoverSoakBenchmark,dreamy_northcutt,apache/kafka:4.3.1,9.13,"526.1MiB / 7.737GiB"
1791109976,2026-10-04T19:32:56,Q8TakeoverSoakBenchmark,testcontainers-ryuk-7498a8fb-e80f-4216-9ce1-61979780a178,testcontainers/ryuk:0.14.0,0.00,"9.004MiB / 7.737GiB"
1791109976,2026-10-04T19:32:56,Q8TakeoverSoakBenchmark,external-clickhouse,clickhouse/clickhouse-server:latest,6.09,"1.34GiB / 7.737GiB"
1791109976,2026-10-04T19:32:56,Q8TakeoverSoakBenchmark,external-kafka,apache/kafka:latest,2.27,"1.081GiB / 7.737GiB"
1791109983,2026-10-04T19:33:03,Q8TakeoverSoakBenchmark,confident_leakey,postgres:16,0.71,"60.96MiB / 7.737GiB"
1791109983,2026-10-04T19:33:03,Q8TakeoverSoakBenchmark,dreamy_northcutt,apache/kafka:4.3.1,9.22,"511.5MiB / 7.737GiB"
1791109983,2026-10-04T19:33:03,Q8TakeoverSoakBenchmark,testcontainers-ryuk-7498a8fb-e80f-4216-9ce1-61979780a178,testcontainers/ryuk:0.14.0,0.00,"9.004MiB / 7.737GiB"
1791109983,2026-10-04T19:33:03,Q8TakeoverSoakBenchmark,external-clickhouse,clickhouse/clickhouse-server:latest,5.18,"1.339GiB / 7.737GiB"
1791109983,2026-10-04T19:33:03,Q8TakeoverSoakBenchmark,external-kafka,apache/kafka:latest,2.49,"1.081GiB / 7.737GiB"
1791109990,2026-10-04T19:33:10,Q8TakeoverSoakBenchmark,confident_leakey,postgres:16,1.73,"61.07MiB / 7.737GiB"
1791109990,2026-10-04T19:33:10,Q8TakeoverSoakBenchmark,dreamy_northcutt,apache/kafka:4.3.1,10.58,"513MiB / 7.737GiB"
1791109990,2026-10-04T19:33:10,Q8TakeoverSoakBenchmark,testcontainers-ryuk-7498a8fb-e80f-4216-9ce1-61979780a178,testcontainers/ryuk:0.14.0,0.00,"9.004MiB / 7.737GiB"
1791109990,2026-10-04T19:33:10,Q8TakeoverSoakBenchmark,external-clickhouse,clickhouse/clickhouse-server:latest,4.96,"1.353GiB / 7.737GiB"
1791109990,2026-10-04T19:33:10,Q8TakeoverSoakBenchmark,external-kafka,apache/kafka:latest,2.53,"1.081GiB / 7.737GiB"
1791109998,2026-10-04T19:33:18,Q8TakeoverSoakBenchmark,confident_leakey,postgres:16,1.31,"61.13MiB / 7.737GiB"
1791109998,2026-10-04T19:33:18,Q8TakeoverSoakBenchmark,dreamy_northcutt,apache/kafka:4.3.1,5.97,"512.2MiB / 7.737GiB"
1791109998,2026-10-04T19:33:18,Q8TakeoverSoakBenchmark,testcontainers-ryuk-7498a8fb-e80f-4216-9ce1-61979780a178,testcontainers/ryuk:0.14.0,0.00,"9.004MiB / 7.737GiB"
1791109998,2026-10-04T19:33:18,Q8TakeoverSoakBenchmark,external-clickhouse,clickhouse/clickhouse-server:latest,4.58,"1.343GiB / 7.737GiB"
1791109998,2026-10-04T19:33:18,Q8TakeoverSoakBenchmark,external-kafka,apache/kafka:latest,1.16,"1.081GiB / 7.737GiB"
1791110005,2026-10-04T19:33:25,Q8TakeoverSoakBenchmark,confident_leakey,postgres:16,1.30,"61.19MiB / 7.737GiB"
1791110005,2026-10-04T19:33:25,Q8TakeoverSoakBenchmark,dreamy_northcutt,apache/kafka:4.3.1,13.55,"514.9MiB / 7.737GiB"
1791110005,2026-10-04T19:33:25,Q8TakeoverSoakBenchmark,testcontainers-ryuk-7498a8fb-e80f-4216-9ce1-61979780a178,testcontainers/ryuk:0.14.0,0.00,"9.004MiB / 7.737GiB"
1791110005,2026-10-04T19:33:25,Q8TakeoverSoakBenchmark,external-clickhouse,clickhouse/clickhouse-server:latest,8.61,"1.328GiB / 7.737GiB"
1791110005,2026-10-04T19:33:25,Q8TakeoverSoakBenchmark,external-kafka,apache/kafka:latest,1.73,"1.081GiB / 7.737GiB"
1791110012,2026-10-04T19:33:32,Q8TakeoverSoakBenchmark,confident_leakey,postgres:16,0.80,"61.21MiB / 7.737GiB"
1791110012,2026-10-04T19:33:32,Q8TakeoverSoakBenchmark,dreamy_northcutt,apache/kafka:4.3.1,7.46,"512.5MiB / 7.737GiB"
1791110012,2026-10-04T19:33:32,Q8TakeoverSoakBenchmark,testcontainers-ryuk-7498a8fb-e80f-4216-9ce1-61979780a178,testcontainers/ryuk:0.14.0,0.00,"9.004MiB / 7.737GiB"
1791110012,2026-10-04T19:33:32,Q8TakeoverSoakBenchmark,external-clickhouse,clickhouse/clickhouse-server:latest,10.76,"1.346GiB / 7.737GiB"
1791110012,2026-10-04T19:33:32,Q8TakeoverSoakBenchmark,external-kafka,apache/kafka:latest,2.41,"1.081GiB / 7.737GiB"
1791110020,2026-10-04T19:33:40,Q8TakeoverSoakBenchmark,confident_leakey,postgres:16,1.03,"61.25MiB / 7.737GiB"
1791110020,2026-10-04T19:33:40,Q8TakeoverSoakBenchmark,dreamy_northcutt,apache/kafka:4.3.1,10.27,"516MiB / 7.737GiB"
1791110020,2026-10-04T19:33:40,Q8TakeoverSoakBenchmark,testcontainers-ryuk-7498a8fb-e80f-4216-9ce1-61979780a178,testcontainers/ryuk:0.14.0,0.00,"9.004MiB / 7.737GiB"
1791110020,2026-10-04T19:33:40,Q8TakeoverSoakBenchmark,external-clickhouse,clickhouse/clickhouse-server:latest,7.13,"1.332GiB / 7.737GiB"
1791110020,2026-10-04T19:33:40,Q8TakeoverSoakBenchmark,external-kafka,apache/kafka:latest,1.54,"1.081GiB / 7.737GiB"
1791110027,2026-10-04T19:33:47,Q8TakeoverSoakBenchmark,confident_leakey,postgres:16,1.47,"61.29MiB / 7.737GiB"
1791110027,2026-10-04T19:33:47,Q8TakeoverSoakBenchmark,dreamy_northcutt,apache/kafka:4.3.1,9.25,"514MiB / 7.737GiB"
1791110027,2026-10-04T19:33:47,Q8TakeoverSoakBenchmark,testcontainers-ryuk-7498a8fb-e80f-4216-9ce1-61979780a178,testcontainers/ryuk:0.14.0,0.00,"9.004MiB / 7.737GiB"
1791110027,2026-10-04T19:33:47,Q8TakeoverSoakBenchmark,external-clickhouse,clickhouse/clickhouse-server:latest,12.82,"1.405GiB / 7.737GiB"
1791110027,2026-10-04T19:33:47,Q8TakeoverSoakBenchmark,external-kafka,apache/kafka:latest,2.06,"1.081GiB / 7.737GiB"
1791110034,2026-10-04T19:33:54,Q8TakeoverSoakBenchmark,confident_leakey,postgres:16,0.50,"61.77MiB / 7.737GiB"
1791110034,2026-10-04T19:33:54,Q8TakeoverSoakBenchmark,dreamy_northcutt,apache/kafka:4.3.1,16.55,"523.5MiB / 7.737GiB"
1791110034,2026-10-04T19:33:54,Q8TakeoverSoakBenchmark,testcontainers-ryuk-7498a8fb-e80f-4216-9ce1-61979780a178,testcontainers/ryuk:0.14.0,0.00,"9.004MiB / 7.737GiB"
1791110034,2026-10-04T19:33:54,Q8TakeoverSoakBenchmark,external-clickhouse,clickhouse/clickhouse-server:latest,6.33,"1.337GiB / 7.737GiB"
1791110034,2026-10-04T19:33:54,Q8TakeoverSoakBenchmark,external-kafka,apache/kafka:latest,1.78,"1.081GiB / 7.737GiB"
1791110041,2026-10-04T19:34:01,Q8TakeoverSoakBenchmark,confident_leakey,postgres:16,2.07,"61.82MiB / 7.737GiB"
1791110041,2026-10-04T19:34:01,Q8TakeoverSoakBenchmark,dreamy_northcutt,apache/kafka:4.3.1,8.23,"514.1MiB / 7.737GiB"
1791110041,2026-10-04T19:34:01,Q8TakeoverSoakBenchmark,testcontainers-ryuk-7498a8fb-e80f-4216-9ce1-61979780a178,testcontainers/ryuk:0.14.0,0.00,"9.004MiB / 7.737GiB"
1791110041,2026-10-04T19:34:01,Q8TakeoverSoakBenchmark,external-clickhouse,clickhouse/clickhouse-server:latest,4.51,"1.339GiB / 7.737GiB"
1791110041,2026-10-04T19:34:01,Q8TakeoverSoakBenchmark,external-kafka,apache/kafka:latest,1.33,"1.081GiB / 7.737GiB"
1791110049,2026-10-04T19:34:09,Q8TakeoverSoakBenchmark,confident_leakey,postgres:16,0.78,"61.82MiB / 7.737GiB"
1791110049,2026-10-04T19:34:09,Q8TakeoverSoakBenchmark,dreamy_northcutt,apache/kafka:4.3.1,10.08,"518.6MiB / 7.737GiB"
1791110049,2026-10-04T19:34:09,Q8TakeoverSoakBenchmark,testcontainers-ryuk-7498a8fb-e80f-4216-9ce1-61979780a178,testcontainers/ryuk:0.14.0,0.00,"9.004MiB / 7.737GiB"
1791110049,2026-10-04T19:34:09,Q8TakeoverSoakBenchmark,external-clickhouse,clickhouse/clickhouse-server:latest,3.53,"1.338GiB / 7.737GiB"
1791110049,2026-10-04T19:34:09,Q8TakeoverSoakBenchmark,external-kafka,apache/kafka:latest,1.14,"1.081GiB / 7.737GiB"
1791110056,2026-10-04T19:34:16,Q8TakeoverSoakBenchmark,confident_leakey,postgres:16,1.34,"61.87MiB / 7.737GiB"
1791110056,2026-10-04T19:34:16,Q8TakeoverSoakBenchmark,dreamy_northcutt,apache/kafka:4.3.1,7.07,"513.5MiB / 7.737GiB"
1791110056,2026-10-04T19:34:16,Q8TakeoverSoakBenchmark,testcontainers-ryuk-7498a8fb-e80f-4216-9ce1-61979780a178,testcontainers/ryuk:0.14.0,0.00,"9.004MiB / 7.737GiB"
1791110056,2026-10-04T19:34:16,Q8TakeoverSoakBenchmark,external-clickhouse,clickhouse/clickhouse-server:latest,5.23,"1.343GiB / 7.737GiB"
1791110056,2026-10-04T19:34:16,Q8TakeoverSoakBenchmark,external-kafka,apache/kafka:latest,1.78,"1.081GiB / 7.737GiB"
1791110063,2026-10-04T19:34:23,Q8TakeoverSoakBenchmark,confident_leakey,postgres:16,1.65,"61.93MiB / 7.737GiB"
1791110063,2026-10-04T19:34:23,Q8TakeoverSoakBenchmark,dreamy_northcutt,apache/kafka:4.3.1,9.25,"513.7MiB / 7.737GiB"
1791110063,2026-10-04T19:34:23,Q8TakeoverSoakBenchmark,testcontainers-ryuk-7498a8fb-e80f-4216-9ce1-61979780a178,testcontainers/ryuk:0.14.0,0.00,"9.004MiB / 7.737GiB"
1791110063,2026-10-04T19:34:23,Q8TakeoverSoakBenchmark,external-clickhouse,clickhouse/clickhouse-server:latest,5.11,"1.425GiB / 7.737GiB"
1791110063,2026-10-04T19:34:23,Q8TakeoverSoakBenchmark,external-kafka,apache/kafka:latest,2.09,"1.081GiB / 7.737GiB"
1791110070,2026-10-04T19:34:30,Q8TakeoverSoakBenchmark,confident_leakey,postgres:16,0.88,"61.93MiB / 7.737GiB"
1791110070,2026-10-04T19:34:30,Q8TakeoverSoakBenchmark,dreamy_northcutt,apache/kafka:4.3.1,9.13,"514.7MiB / 7.737GiB"
1791110070,2026-10-04T19:34:30,Q8TakeoverSoakBenchmark,testcontainers-ryuk-7498a8fb-e80f-4216-9ce1-61979780a178,testcontainers/ryuk:0.14.0,0.00,"9.004MiB / 7.737GiB"
1791110070,2026-10-04T19:34:30,Q8TakeoverSoakBenchmark,external-clickhouse,clickhouse/clickhouse-server:latest,4.68,"1.347GiB / 7.737GiB"
1791110070,2026-10-04T19:34:30,Q8TakeoverSoakBenchmark,external-kafka,apache/kafka:latest,2.06,"1.081GiB / 7.737GiB"
1791110078,2026-10-04T19:34:38,Q8TakeoverSoakBenchmark,confident_leakey,postgres:16,0.37,"61.93MiB / 7.737GiB"
1791110078,2026-10-04T19:34:38,Q8TakeoverSoakBenchmark,dreamy_northcutt,apache/kafka:4.3.1,9.22,"514.5MiB / 7.737GiB"
1791110078,2026-10-04T19:34:38,Q8TakeoverSoakBenchmark,testcontainers-ryuk-7498a8fb-e80f-4216-9ce1-61979780a178,testcontainers/ryuk:0.14.0,0.21,"9.004MiB / 7.737GiB"
1791110078,2026-10-04T19:34:38,Q8TakeoverSoakBenchmark,external-clickhouse,clickhouse/clickhouse-server:latest,4.12,"1.352GiB / 7.737GiB"
1791110078,2026-10-04T19:34:38,Q8TakeoverSoakBenchmark,external-kafka,apache/kafka:latest,1.89,"1.081GiB / 7.737GiB"
1791110085,2026-10-04T19:34:45,Q8TakeoverSoakBenchmark,confident_leakey,postgres:16,1.18,"62.02MiB / 7.737GiB"
1791110085,2026-10-04T19:34:45,Q8TakeoverSoakBenchmark,dreamy_northcutt,apache/kafka:4.3.1,13.97,"527.2MiB / 7.737GiB"
1791110085,2026-10-04T19:34:45,Q8TakeoverSoakBenchmark,testcontainers-ryuk-7498a8fb-e80f-4216-9ce1-61979780a178,testcontainers/ryuk:0.14.0,0.00,"9.004MiB / 7.737GiB"
1791110085,2026-10-04T19:34:45,Q8TakeoverSoakBenchmark,external-clickhouse,clickhouse/clickhouse-server:latest,6.95,"1.35GiB / 7.737GiB"
1791110085,2026-10-04T19:34:45,Q8TakeoverSoakBenchmark,external-kafka,apache/kafka:latest,2.46,"1.081GiB / 7.737GiB"
1791110092,2026-10-04T19:34:52,Q8TakeoverSoakBenchmark,confident_leakey,postgres:16,0.87,"62.09MiB / 7.737GiB"
1791110092,2026-10-04T19:34:52,Q8TakeoverSoakBenchmark,dreamy_northcutt,apache/kafka:4.3.1,6.62,"532.6MiB / 7.737GiB"
1791110092,2026-10-04T19:34:52,Q8TakeoverSoakBenchmark,testcontainers-ryuk-7498a8fb-e80f-4216-9ce1-61979780a178,testcontainers/ryuk:0.14.0,0.00,"9.004MiB / 7.737GiB"
1791110092,2026-10-04T19:34:52,Q8TakeoverSoakBenchmark,external-clickhouse,clickhouse/clickhouse-server:latest,5.32,"1.354GiB / 7.737GiB"
1791110092,2026-10-04T19:34:52,Q8TakeoverSoakBenchmark,external-kafka,apache/kafka:latest,1.72,"1.081GiB / 7.737GiB"
1791110100,2026-10-04T19:35:00,Q8TakeoverSoakBenchmark,confident_leakey,postgres:16,0.33,"62.09MiB / 7.737GiB"
1791110100,2026-10-04T19:35:00,Q8TakeoverSoakBenchmark,dreamy_northcutt,apache/kafka:4.3.1,7.94,"541.7MiB / 7.737GiB"
1791110100,2026-10-04T19:35:00,Q8TakeoverSoakBenchmark,testcontainers-ryuk-7498a8fb-e80f-4216-9ce1-61979780a178,testcontainers/ryuk:0.14.0,0.00,"9.004MiB / 7.737GiB"
1791110100,2026-10-04T19:35:00,Q8TakeoverSoakBenchmark,external-clickhouse,clickhouse/clickhouse-server:latest,8.98,"1.423GiB / 7.737GiB"
1791110100,2026-10-04T19:35:00,Q8TakeoverSoakBenchmark,external-kafka,apache/kafka:latest,1.54,"1.081GiB / 7.737GiB"
1791110107,2026-10-04T19:35:07,Q8TakeoverSoakBenchmark,confident_leakey,postgres:16,1.50,"62.12MiB / 7.737GiB"
1791110107,2026-10-04T19:35:07,Q8TakeoverSoakBenchmark,dreamy_northcutt,apache/kafka:4.3.1,7.43,"548.6MiB / 7.737GiB"
1791110107,2026-10-04T19:35:07,Q8TakeoverSoakBenchmark,testcontainers-ryuk-7498a8fb-e80f-4216-9ce1-61979780a178,testcontainers/ryuk:0.14.0,0.00,"9.004MiB / 7.737GiB"
1791110107,2026-10-04T19:35:07,Q8TakeoverSoakBenchmark,external-clickhouse,clickhouse/clickhouse-server:latest,5.26,"1.357GiB / 7.737GiB"
1791110107,2026-10-04T19:35:07,Q8TakeoverSoakBenchmark,external-kafka,apache/kafka:latest,1.85,"1.081GiB / 7.737GiB"
1791110114,2026-10-04T19:35:14,Q8TakeoverSoakBenchmark,confident_leakey,postgres:16,0.63,"62.12MiB / 7.737GiB"
1791110114,2026-10-04T19:35:14,Q8TakeoverSoakBenchmark,dreamy_northcutt,apache/kafka:4.3.1,6.68,"558.4MiB / 7.737GiB"
1791110114,2026-10-04T19:35:14,Q8TakeoverSoakBenchmark,testcontainers-ryuk-7498a8fb-e80f-4216-9ce1-61979780a178,testcontainers/ryuk:0.14.0,0.00,"9.004MiB / 7.737GiB"
1791110114,2026-10-04T19:35:14,Q8TakeoverSoakBenchmark,external-clickhouse,clickhouse/clickhouse-server:latest,3.98,"1.355GiB / 7.737GiB"
1791110114,2026-10-04T19:35:14,Q8TakeoverSoakBenchmark,external-kafka,apache/kafka:latest,1.73,"1.081GiB / 7.737GiB"
1791110122,2026-10-04T19:35:22,Q8TakeoverSoakBenchmark,confident_leakey,postgres:16,0.22,"62.14MiB / 7.737GiB"
1791110122,2026-10-04T19:35:22,Q8TakeoverSoakBenchmark,dreamy_northcutt,apache/kafka:4.3.1,10.00,"573.7MiB / 7.737GiB"
1791110122,2026-10-04T19:35:22,Q8TakeoverSoakBenchmark,testcontainers-ryuk-7498a8fb-e80f-4216-9ce1-61979780a178,testcontainers/ryuk:0.14.0,0.00,"9.004MiB / 7.737GiB"
1791110122,2026-10-04T19:35:22,Q8TakeoverSoakBenchmark,external-clickhouse,clickhouse/clickhouse-server:latest,14.51,"1.317GiB / 7.737GiB"
1791110122,2026-10-04T19:35:22,Q8TakeoverSoakBenchmark,external-kafka,apache/kafka:latest,28.16,"1.081GiB / 7.737GiB"
1791110129,2026-10-04T19:35:29,Q8TakeoverSoakBenchmark,confident_leakey,postgres:16,1.01,"62.22MiB / 7.737GiB"
1791110129,2026-10-04T19:35:29,Q8TakeoverSoakBenchmark,dreamy_northcutt,apache/kafka:4.3.1,6.39,"579.1MiB / 7.737GiB"
1791110129,2026-10-04T19:35:29,Q8TakeoverSoakBenchmark,testcontainers-ryuk-7498a8fb-e80f-4216-9ce1-61979780a178,testcontainers/ryuk:0.14.0,0.00,"9.004MiB / 7.737GiB"
1791110129,2026-10-04T19:35:29,Q8TakeoverSoakBenchmark,external-clickhouse,clickhouse/clickhouse-server:latest,9.66,"1.33GiB / 7.737GiB"
1791110129,2026-10-04T19:35:29,Q8TakeoverSoakBenchmark,external-kafka,apache/kafka:latest,1.37,"1.081GiB / 7.737GiB"
1791110136,2026-10-04T19:35:36,Q8TakeoverSoakBenchmark,confident_leakey,postgres:16,0.69,"62.25MiB / 7.737GiB"
1791110136,2026-10-04T19:35:36,Q8TakeoverSoakBenchmark,dreamy_northcutt,apache/kafka:4.3.1,5.86,"589MiB / 7.737GiB"
1791110136,2026-10-04T19:35:36,Q8TakeoverSoakBenchmark,testcontainers-ryuk-7498a8fb-e80f-4216-9ce1-61979780a178,testcontainers/ryuk:0.14.0,0.00,"9.004MiB / 7.737GiB"
1791110136,2026-10-04T19:35:36,Q8TakeoverSoakBenchmark,external-clickhouse,clickhouse/clickhouse-server:latest,28.46,"1.396GiB / 7.737GiB"
1791110136,2026-10-04T19:35:36,Q8TakeoverSoakBenchmark,external-kafka,apache/kafka:latest,7.48,"1.081GiB / 7.737GiB"
1791110143,2026-10-04T19:35:43,Q8TakeoverSoakBenchmark,confident_leakey,postgres:16,0.45,"62.28MiB / 7.737GiB"
1791110143,2026-10-04T19:35:43,Q8TakeoverSoakBenchmark,dreamy_northcutt,apache/kafka:4.3.1,4.72,"598.6MiB / 7.737GiB"
1791110143,2026-10-04T19:35:43,Q8TakeoverSoakBenchmark,testcontainers-ryuk-7498a8fb-e80f-4216-9ce1-61979780a178,testcontainers/ryuk:0.14.0,0.00,"9.004MiB / 7.737GiB"
1791110143,2026-10-04T19:35:43,Q8TakeoverSoakBenchmark,external-clickhouse,clickhouse/clickhouse-server:latest,8.97,"1.333GiB / 7.737GiB"
1791110143,2026-10-04T19:35:43,Q8TakeoverSoakBenchmark,external-kafka,apache/kafka:latest,66.09,"1.081GiB / 7.737GiB"
1791110151,2026-10-04T19:35:51,Q8TakeoverSoakBenchmark,confident_leakey,postgres:16,0.77,"62.33MiB / 7.737GiB"
1791110151,2026-10-04T19:35:51,Q8TakeoverSoakBenchmark,dreamy_northcutt,apache/kafka:4.3.1,7.41,"620.3MiB / 7.737GiB"
1791110151,2026-10-04T19:35:51,Q8TakeoverSoakBenchmark,testcontainers-ryuk-7498a8fb-e80f-4216-9ce1-61979780a178,testcontainers/ryuk:0.14.0,0.00,"9.004MiB / 7.737GiB"
1791110151,2026-10-04T19:35:51,Q8TakeoverSoakBenchmark,external-clickhouse,clickhouse/clickhouse-server:latest,5.06,"1.323GiB / 7.737GiB"
1791110151,2026-10-04T19:35:51,Q8TakeoverSoakBenchmark,external-kafka,apache/kafka:latest,1.14,"1.081GiB / 7.737GiB"
1791110158,2026-10-04T19:35:58,Q8TakeoverSoakBenchmark,confident_leakey,postgres:16,0.46,"62.32MiB / 7.737GiB"
1791110158,2026-10-04T19:35:58,Q8TakeoverSoakBenchmark,dreamy_northcutt,apache/kafka:4.3.1,5.94,"618.6MiB / 7.737GiB"
1791110158,2026-10-04T19:35:58,Q8TakeoverSoakBenchmark,testcontainers-ryuk-7498a8fb-e80f-4216-9ce1-61979780a178,testcontainers/ryuk:0.14.0,0.00,"9.004MiB / 7.737GiB"
1791110158,2026-10-04T19:35:58,Q8TakeoverSoakBenchmark,external-clickhouse,clickhouse/clickhouse-server:latest,3.07,"1.319GiB / 7.737GiB"
1791110158,2026-10-04T19:35:58,Q8TakeoverSoakBenchmark,external-kafka,apache/kafka:latest,0.97,"1.081GiB / 7.737GiB"
1791110165,2026-10-04T19:36:05,Q8TakeoverSoakBenchmark,confident_leakey,postgres:16,0.60,"62.34MiB / 7.737GiB"
1791110165,2026-10-04T19:36:05,Q8TakeoverSoakBenchmark,dreamy_northcutt,apache/kafka:4.3.1,18.78,"641.4MiB / 7.737GiB"
1791110165,2026-10-04T19:36:05,Q8TakeoverSoakBenchmark,testcontainers-ryuk-7498a8fb-e80f-4216-9ce1-61979780a178,testcontainers/ryuk:0.14.0,0.00,"9.004MiB / 7.737GiB"
1791110165,2026-10-04T19:36:05,Q8TakeoverSoakBenchmark,external-clickhouse,clickhouse/clickhouse-server:latest,4.68,"1.323GiB / 7.737GiB"
1791110165,2026-10-04T19:36:05,Q8TakeoverSoakBenchmark,external-kafka,apache/kafka:latest,1.73,"1.081GiB / 7.737GiB"
1791110172,2026-10-04T19:36:12,Q8TakeoverSoakBenchmark,confident_leakey,postgres:16,0.81,"62.37MiB / 7.737GiB"
1791110172,2026-10-04T19:36:12,Q8TakeoverSoakBenchmark,dreamy_northcutt,apache/kafka:4.3.1,9.75,"639.8MiB / 7.737GiB"
1791110172,2026-10-04T19:36:12,Q8TakeoverSoakBenchmark,testcontainers-ryuk-7498a8fb-e80f-4216-9ce1-61979780a178,testcontainers/ryuk:0.14.0,0.00,"9.004MiB / 7.737GiB"
1791110172,2026-10-04T19:36:12,Q8TakeoverSoakBenchmark,external-clickhouse,clickhouse/clickhouse-server:latest,6.19,"1.324GiB / 7.737GiB"
1791110172,2026-10-04T19:36:12,Q8TakeoverSoakBenchmark,external-kafka,apache/kafka:latest,1.55,"1.081GiB / 7.737GiB"
1791110180,2026-10-04T19:36:20,Q8TakeoverSoakBenchmark,confident_leakey,postgres:16,1.46,"62.43MiB / 7.737GiB"
1791110180,2026-10-04T19:36:20,Q8TakeoverSoakBenchmark,dreamy_northcutt,apache/kafka:4.3.1,11.81,"650.2MiB / 7.737GiB"
1791110180,2026-10-04T19:36:20,Q8TakeoverSoakBenchmark,testcontainers-ryuk-7498a8fb-e80f-4216-9ce1-61979780a178,testcontainers/ryuk:0.14.0,0.00,"9.004MiB / 7.737GiB"
1791110180,2026-10-04T19:36:20,Q8TakeoverSoakBenchmark,external-clickhouse,clickhouse/clickhouse-server:latest,5.46,"1.356GiB / 7.737GiB"
1791110180,2026-10-04T19:36:20,Q8TakeoverSoakBenchmark,external-kafka,apache/kafka:latest,1.55,"1.081GiB / 7.737GiB"
1791110187,2026-10-04T19:36:27,Q8TakeoverSoakBenchmark,confident_leakey,postgres:16,2.01,"62.44MiB / 7.737GiB"
1791110187,2026-10-04T19:36:27,Q8TakeoverSoakBenchmark,dreamy_northcutt,apache/kafka:4.3.1,26.12,"661.8MiB / 7.737GiB"
1791110187,2026-10-04T19:36:27,Q8TakeoverSoakBenchmark,testcontainers-ryuk-7498a8fb-e80f-4216-9ce1-61979780a178,testcontainers/ryuk:0.14.0,0.00,"9.004MiB / 7.737GiB"
1791110187,2026-10-04T19:36:27,Q8TakeoverSoakBenchmark,external-clickhouse,clickhouse/clickhouse-server:latest,22.91,"1.331GiB / 7.737GiB"
1791110187,2026-10-04T19:36:27,Q8TakeoverSoakBenchmark,external-kafka,apache/kafka:latest,99.94,"1.164GiB / 7.737GiB"
1791110195,2026-10-04T19:36:35,Q8TakeoverSoakBenchmark,confident_leakey,postgres:16,0.23,"62.45MiB / 7.737GiB"
1791110195,2026-10-04T19:36:35,Q8TakeoverSoakBenchmark,dreamy_northcutt,apache/kafka:4.3.1,31.78,"686.9MiB / 7.737GiB"
1791110195,2026-10-04T19:36:35,Q8TakeoverSoakBenchmark,testcontainers-ryuk-7498a8fb-e80f-4216-9ce1-61979780a178,testcontainers/ryuk:0.14.0,0.00,"9.004MiB / 7.737GiB"
1791110195,2026-10-04T19:36:35,Q8TakeoverSoakBenchmark,external-clickhouse,clickhouse/clickhouse-server:latest,6.28,"1.318GiB / 7.737GiB"
1791110195,2026-10-04T19:36:35,Q8TakeoverSoakBenchmark,external-kafka,apache/kafka:latest,1.47,"1.081GiB / 7.737GiB"
1791110203,2026-10-04T19:36:43,Q8TakeoverSoakBenchmark,confident_leakey,postgres:16,1.59,"62.51MiB / 7.737GiB"
1791110203,2026-10-04T19:36:43,Q8TakeoverSoakBenchmark,dreamy_northcutt,apache/kafka:4.3.1,10.59,"682.3MiB / 7.737GiB"
1791110203,2026-10-04T19:36:43,Q8TakeoverSoakBenchmark,testcontainers-ryuk-7498a8fb-e80f-4216-9ce1-61979780a178,testcontainers/ryuk:0.14.0,0.00,"9.004MiB / 7.737GiB"
1791110203,2026-10-04T19:36:43,Q8TakeoverSoakBenchmark,external-clickhouse,clickhouse/clickhouse-server:latest,4.68,"1.332GiB / 7.737GiB"
1791110203,2026-10-04T19:36:43,Q8TakeoverSoakBenchmark,external-kafka,apache/kafka:latest,1.34,"1.081GiB / 7.737GiB"
1791110210,2026-10-04T19:36:50,Q8TakeoverSoakBenchmark,confident_leakey,postgres:16,0.88,"62.55MiB / 7.737GiB"
1791110210,2026-10-04T19:36:50,Q8TakeoverSoakBenchmark,dreamy_northcutt,apache/kafka:4.3.1,9.81,"690.3MiB / 7.737GiB"
1791110210,2026-10-04T19:36:50,Q8TakeoverSoakBenchmark,testcontainers-ryuk-7498a8fb-e80f-4216-9ce1-61979780a178,testcontainers/ryuk:0.14.0,0.00,"9.004MiB / 7.737GiB"
1791110210,2026-10-04T19:36:50,Q8TakeoverSoakBenchmark,external-clickhouse,clickhouse/clickhouse-server:latest,4.33,"1.322GiB / 7.737GiB"
1791110210,2026-10-04T19:36:50,Q8TakeoverSoakBenchmark,external-kafka,apache/kafka:latest,108.41,"1.167GiB / 7.737GiB"
1791110217,2026-10-04T19:36:57,Q8TakeoverSoakBenchmark,confident_leakey,postgres:16,1.07,"62.55MiB / 7.737GiB"
1791110217,2026-10-04T19:36:57,Q8TakeoverSoakBenchmark,dreamy_northcutt,apache/kafka:4.3.1,7.35,"701.1MiB / 7.737GiB"
1791110217,2026-10-04T19:36:57,Q8TakeoverSoakBenchmark,testcontainers-ryuk-7498a8fb-e80f-4216-9ce1-61979780a178,testcontainers/ryuk:0.14.0,0.00,"9.004MiB / 7.737GiB"
1791110217,2026-10-04T19:36:57,Q8TakeoverSoakBenchmark,external-clickhouse,clickhouse/clickhouse-server:latest,4.50,"1.402GiB / 7.737GiB"
1791110217,2026-10-04T19:36:57,Q8TakeoverSoakBenchmark,external-kafka,apache/kafka:latest,1.43,"1.081GiB / 7.737GiB"
1791110225,2026-10-04T19:37:05,Q8TakeoverSoakBenchmark,testcontainers-ryuk-7498a8fb-e80f-4216-9ce1-61979780a178,testcontainers/ryuk:0.14.0,0.00,"9MiB / 7.737GiB"
1791110225,2026-10-04T19:37:05,Q8TakeoverSoakBenchmark,external-clickhouse,clickhouse/clickhouse-server:latest,4.06,"1.333GiB / 7.737GiB"
1791110225,2026-10-04T19:37:05,Q8TakeoverSoakBenchmark,external-kafka,apache/kafka:latest,1.51,"1.081GiB / 7.737GiB"
1791110232,2026-10-04T19:37:12,idle,testcontainers-ryuk-7498a8fb-e80f-4216-9ce1-61979780a178,testcontainers/ryuk:0.14.0,0.00,"9MiB / 7.737GiB"
1791110232,2026-10-04T19:37:12,idle,external-clickhouse,clickhouse/clickhouse-server:latest,5.65,"1.322GiB / 7.737GiB"
1791110232,2026-10-04T19:37:12,idle,external-kafka,apache/kafka:latest,3.12,"1.081GiB / 7.737GiB"
1791110239,2026-10-04T19:37:19,Q8ConversationTxThroughputBenchmark,hardcore_payne,apache/kafka:4.3.1,41.25,"331MiB / 7.737GiB"
1791110239,2026-10-04T19:37:19,Q8ConversationTxThroughputBenchmark,testcontainers-ryuk-4e7c7ccf-8c4a-4423-9ded-2c93341de517,testcontainers/ryuk:0.14.0,0.00,"8.84MiB / 7.737GiB"
1791110239,2026-10-04T19:37:19,Q8ConversationTxThroughputBenchmark,external-clickhouse,clickhouse/clickhouse-server:latest,2.04,"1.337GiB / 7.737GiB"
1791110239,2026-10-04T19:37:19,Q8ConversationTxThroughputBenchmark,external-kafka,apache/kafka:latest,0.74,"1.081GiB / 7.737GiB"
1791110246,2026-10-04T19:37:26,Q8ConversationTxThroughputBenchmark,hardcore_payne,apache/kafka:4.3.1,52.61,"428.8MiB / 7.737GiB"
1791110246,2026-10-04T19:37:26,Q8ConversationTxThroughputBenchmark,testcontainers-ryuk-4e7c7ccf-8c4a-4423-9ded-2c93341de517,testcontainers/ryuk:0.14.0,0.00,"8.84MiB / 7.737GiB"
1791110246,2026-10-04T19:37:26,Q8ConversationTxThroughputBenchmark,external-clickhouse,clickhouse/clickhouse-server:latest,1.79,"1.33GiB / 7.737GiB"
1791110246,2026-10-04T19:37:26,Q8ConversationTxThroughputBenchmark,external-kafka,apache/kafka:latest,0.55,"1.081GiB / 7.737GiB"
1791110253,2026-10-04T19:37:33,Q8ConversationTxThroughputBenchmark,hardcore_payne,apache/kafka:4.3.1,46.69,"662.1MiB / 7.737GiB"
1791110253,2026-10-04T19:37:33,Q8ConversationTxThroughputBenchmark,testcontainers-ryuk-4e7c7ccf-8c4a-4423-9ded-2c93341de517,testcontainers/ryuk:0.14.0,0.00,"8.84MiB / 7.737GiB"
1791110253,2026-10-04T19:37:33,Q8ConversationTxThroughputBenchmark,external-clickhouse,clickhouse/clickhouse-server:latest,4.51,"1.379GiB / 7.737GiB"
1791110253,2026-10-04T19:37:33,Q8ConversationTxThroughputBenchmark,external-kafka,apache/kafka:latest,83.98,"1.081GiB / 7.737GiB"
1791110261,2026-10-04T19:37:41,Q8ConversationTxThroughputBenchmark,hardcore_payne,apache/kafka:4.3.1,90.49,"802.7MiB / 7.737GiB"
1791110261,2026-10-04T19:37:41,Q8ConversationTxThroughputBenchmark,testcontainers-ryuk-4e7c7ccf-8c4a-4423-9ded-2c93341de517,testcontainers/ryuk:0.14.0,0.00,"8.84MiB / 7.737GiB"
1791110261,2026-10-04T19:37:41,Q8ConversationTxThroughputBenchmark,external-clickhouse,clickhouse/clickhouse-server:latest,4.73,"1.336GiB / 7.737GiB"
1791110261,2026-10-04T19:37:41,Q8ConversationTxThroughputBenchmark,external-kafka,apache/kafka:latest,0.55,"1.081GiB / 7.737GiB"
1791110268,2026-10-04T19:37:48,Q8ConversationTxThroughputBenchmark,hardcore_payne,apache/kafka:4.3.1,44.82,"910.2MiB / 7.737GiB"
1791110268,2026-10-04T19:37:48,Q8ConversationTxThroughputBenchmark,testcontainers-ryuk-4e7c7ccf-8c4a-4423-9ded-2c93341de517,testcontainers/ryuk:0.14.0,0.00,"8.848MiB / 7.737GiB"
1791110268,2026-10-04T19:37:48,Q8ConversationTxThroughputBenchmark,external-clickhouse,clickhouse/clickhouse-server:latest,4.28,"1.33GiB / 7.737GiB"
1791110268,2026-10-04T19:37:48,Q8ConversationTxThroughputBenchmark,external-kafka,apache/kafka:latest,0.51,"1.081GiB / 7.737GiB"
1791110275,2026-10-04T19:37:55,Q8ConversationTxThroughputBenchmark,hardcore_payne,apache/kafka:4.3.1,70.38,"907MiB / 7.737GiB"
1791110275,2026-10-04T19:37:55,Q8ConversationTxThroughputBenchmark,testcontainers-ryuk-4e7c7ccf-8c4a-4423-9ded-2c93341de517,testcontainers/ryuk:0.14.0,0.00,"8.848MiB / 7.737GiB"
1791110275,2026-10-04T19:37:55,Q8ConversationTxThroughputBenchmark,external-clickhouse,clickhouse/clickhouse-server:latest,14.52,"1.345GiB / 7.737GiB"
1791110275,2026-10-04T19:37:55,Q8ConversationTxThroughputBenchmark,external-kafka,apache/kafka:latest,0.49,"1.081GiB / 7.737GiB"
1791110282,2026-10-04T19:38:02,Q8ConversationTxThroughputBenchmark,hardcore_payne,apache/kafka:4.3.1,76.81,"915.9MiB / 7.737GiB"
1791110282,2026-10-04T19:38:02,Q8ConversationTxThroughputBenchmark,testcontainers-ryuk-4e7c7ccf-8c4a-4423-9ded-2c93341de517,testcontainers/ryuk:0.14.0,0.00,"8.848MiB / 7.737GiB"
1791110282,2026-10-04T19:38:02,Q8ConversationTxThroughputBenchmark,external-clickhouse,clickhouse/clickhouse-server:latest,3.19,"1.332GiB / 7.737GiB"
1791110282,2026-10-04T19:38:02,Q8ConversationTxThroughputBenchmark,external-kafka,apache/kafka:latest,0.60,"1.081GiB / 7.737GiB"
1791110290,2026-10-04T19:38:10,Q8ConversationTxThroughputBenchmark,hardcore_payne,apache/kafka:4.3.1,22.76,"919.9MiB / 7.737GiB"
1791110290,2026-10-04T19:38:10,Q8ConversationTxThroughputBenchmark,testcontainers-ryuk-4e7c7ccf-8c4a-4423-9ded-2c93341de517,testcontainers/ryuk:0.14.0,0.00,"8.848MiB / 7.737GiB"
1791110290,2026-10-04T19:38:10,Q8ConversationTxThroughputBenchmark,external-clickhouse,clickhouse/clickhouse-server:latest,2.41,"1.419GiB / 7.737GiB"
1791110290,2026-10-04T19:38:10,Q8ConversationTxThroughputBenchmark,external-kafka,apache/kafka:latest,0.72,"1.081GiB / 7.737GiB"
1791110297,2026-10-04T19:38:17,Q8ConversationTxThroughputBenchmark,hardcore_payne,apache/kafka:4.3.1,42.38,"926.7MiB / 7.737GiB"
1791110297,2026-10-04T19:38:17,Q8ConversationTxThroughputBenchmark,testcontainers-ryuk-4e7c7ccf-8c4a-4423-9ded-2c93341de517,testcontainers/ryuk:0.14.0,0.00,"8.848MiB / 7.737GiB"
1791110297,2026-10-04T19:38:17,Q8ConversationTxThroughputBenchmark,external-clickhouse,clickhouse/clickhouse-server:latest,2.53,"1.341GiB / 7.737GiB"
1791110297,2026-10-04T19:38:17,Q8ConversationTxThroughputBenchmark,external-kafka,apache/kafka:latest,0.54,"1.081GiB / 7.737GiB"
1791110305,2026-10-04T19:38:25,Q8ConversationTxThroughputBenchmark,hardcore_payne,apache/kafka:4.3.1,86.34,"929.3MiB / 7.737GiB"
1791110305,2026-10-04T19:38:25,Q8ConversationTxThroughputBenchmark,testcontainers-ryuk-4e7c7ccf-8c4a-4423-9ded-2c93341de517,testcontainers/ryuk:0.14.0,0.00,"8.848MiB / 7.737GiB"
1791110305,2026-10-04T19:38:25,Q8ConversationTxThroughputBenchmark,external-clickhouse,clickhouse/clickhouse-server:latest,14.01,"1.346GiB / 7.737GiB"
1791110305,2026-10-04T19:38:25,Q8ConversationTxThroughputBenchmark,external-kafka,apache/kafka:latest,1.20,"1.081GiB / 7.737GiB"
1791110313,2026-10-04T19:38:34,Q8ConversationTxThroughputBenchmark,hardcore_payne,apache/kafka:4.3.1,111.21,"925.2MiB / 7.737GiB"
1791110313,2026-10-04T19:38:34,Q8ConversationTxThroughputBenchmark,testcontainers-ryuk-4e7c7ccf-8c4a-4423-9ded-2c93341de517,testcontainers/ryuk:0.14.0,0.00,"8.848MiB / 7.737GiB"
1791110313,2026-10-04T19:38:34,Q8ConversationTxThroughputBenchmark,external-clickhouse,clickhouse/clickhouse-server:latest,63.63,"1.339GiB / 7.737GiB"
1791110313,2026-10-04T19:38:34,Q8ConversationTxThroughputBenchmark,external-kafka,apache/kafka:latest,71.66,"1.081GiB / 7.737GiB"
1791110364,2026-10-04T19:39:24,Q8ConversationTxThroughputBenchmark,hardcore_payne,apache/kafka:4.3.1,6.73,"933.4MiB / 7.737GiB"
1791110364,2026-10-04T19:39:24,Q8ConversationTxThroughputBenchmark,testcontainers-ryuk-4e7c7ccf-8c4a-4423-9ded-2c93341de517,testcontainers/ryuk:0.14.0,0.00,"8.848MiB / 7.737GiB"
1791110364,2026-10-04T19:39:24,Q8ConversationTxThroughputBenchmark,external-clickhouse,clickhouse/clickhouse-server:latest,16.57,"1.336GiB / 7.737GiB"
1791110364,2026-10-04T19:39:24,Q8ConversationTxThroughputBenchmark,external-kafka,apache/kafka:latest,2.28,"1.081GiB / 7.737GiB"
1791110391,2026-10-04T19:39:51,Q8ConversationTxThroughputBenchmark,hardcore_payne,apache/kafka:4.3.1,6.97,"932.9MiB / 7.737GiB"
1791110391,2026-10-04T19:39:51,Q8ConversationTxThroughputBenchmark,testcontainers-ryuk-4e7c7ccf-8c4a-4423-9ded-2c93341de517,testcontainers/ryuk:0.14.0,0.00,"8.848MiB / 7.737GiB"
1791110391,2026-10-04T19:39:51,Q8ConversationTxThroughputBenchmark,external-clickhouse,clickhouse/clickhouse-server:latest,6.02,"1.427GiB / 7.737GiB"
1791110391,2026-10-04T19:39:51,Q8ConversationTxThroughputBenchmark,external-kafka,apache/kafka:latest,2.37,"1.081GiB / 7.737GiB"
1791110414,2026-10-04T19:40:14,Q8ConversationTxThroughputBenchmark,hardcore_payne,apache/kafka:4.3.1,3.29,"932.4MiB / 7.737GiB"
1791110414,2026-10-04T19:40:14,Q8ConversationTxThroughputBenchmark,testcontainers-ryuk-4e7c7ccf-8c4a-4423-9ded-2c93341de517,testcontainers/ryuk:0.14.0,0.00,"8.848MiB / 7.737GiB"
1791110414,2026-10-04T19:40:14,Q8ConversationTxThroughputBenchmark,external-clickhouse,clickhouse/clickhouse-server:latest,5.08,"1.301GiB / 7.737GiB"
1791110414,2026-10-04T19:40:14,Q8ConversationTxThroughputBenchmark,external-kafka,apache/kafka:latest,1.97,"1.081GiB / 7.737GiB"
1791110633,2026-10-04T19:43:53,Q8ConversationTxThroughputBenchmark,testcontainers-ryuk-4e7c7ccf-8c4a-4423-9ded-2c93341de517,testcontainers/ryuk:0.14.0,0.00,"8.852MiB / 7.737GiB"
1791110633,2026-10-04T19:43:53,Q8ConversationTxThroughputBenchmark,external-clickhouse,clickhouse/clickhouse-server:latest,46.94,"1.309GiB / 7.737GiB"
1791110633,2026-10-04T19:43:53,Q8ConversationTxThroughputBenchmark,external-kafka,apache/kafka:latest,221.64,"1.122GiB / 7.737GiB"
1791110653,2026-10-04T19:44:13,idle,external-clickhouse,clickhouse/clickhouse-server:latest,33.32,"1.293GiB / 7.737GiB"
1791110653,2026-10-04T19:44:13,idle,external-kafka,apache/kafka:latest,200.26,"1.142GiB / 7.737GiB"
1791110667,2026-10-04T19:44:27,idle,external-clickhouse,clickhouse/clickhouse-server:latest,106.11,"1.578GiB / 7.737GiB"
1791110667,2026-10-04T19:44:27,idle,external-kafka,apache/kafka:latest,1.74,"1.081GiB / 7.737GiB"
1791110983,2026-10-04T19:49:43,idle,external-clickhouse,clickhouse/clickhouse-server:latest,7.77,"1.348GiB / 7.737GiB"
1791110983,2026-10-04T19:49:43,idle,external-kafka,apache/kafka:latest,1.80,"1.081GiB / 7.737GiB"
1791110991,2026-10-04T19:49:51,idle,external-clickhouse,clickhouse/clickhouse-server:latest,14.63,"1.194GiB / 7.737GiB"
1791110991,2026-10-04T19:49:51,idle,external-kafka,apache/kafka:latest,41.01,"1.095GiB / 7.737GiB"
1791110999,2026-10-04T19:49:59,idle,external-clickhouse,clickhouse/clickhouse-server:latest,5.58,"1.189GiB / 7.737GiB"
1791110999,2026-10-04T19:49:59,idle,external-kafka,apache/kafka:latest,2.22,"1.081GiB / 7.737GiB"
1791111008,2026-10-04T19:50:08,idle,external-clickhouse,clickhouse/clickhouse-server:latest,55.03,"1.188GiB / 7.737GiB"
1791111008,2026-10-04T19:50:08,idle,external-kafka,apache/kafka:latest,57.32,"1.081GiB / 7.737GiB"
1791111017,2026-10-04T19:50:17,idle,external-clickhouse,clickhouse/clickhouse-server:latest,74.05,"1.199GiB / 7.737GiB"
1791111017,2026-10-04T19:50:17,idle,external-kafka,apache/kafka:latest,1.82,"1.081GiB / 7.737GiB"
1791111025,2026-10-04T19:50:25,idle,external-clickhouse,clickhouse/clickhouse-server:latest,14.23,"1.195GiB / 7.737GiB"
1791111025,2026-10-04T19:50:25,idle,external-kafka,apache/kafka:latest,1.95,"1.081GiB / 7.737GiB"
1791111607,2026-10-04T20:00:07,idle,external-clickhouse,clickhouse/clickhouse-server:latest,6.45,"1.158GiB / 7.737GiB"
1791111607,2026-10-04T20:00:07,idle,external-kafka,apache/kafka:latest,1.73,"1.081GiB / 7.737GiB"
1791111615,2026-10-04T20:00:15,idle,external-clickhouse,clickhouse/clickhouse-server:latest,51.85,"1.13GiB / 7.737GiB"
1791111615,2026-10-04T20:00:15,idle,external-kafka,apache/kafka:latest,201.45,"1.129GiB / 7.737GiB"
1791111623,2026-10-04T20:00:23,idle,external-clickhouse,clickhouse/clickhouse-server:latest,3.72,"1.13GiB / 7.737GiB"
1791111623,2026-10-04T20:00:23,idle,external-kafka,apache/kafka:latest,1.77,"1.081GiB / 7.737GiB"
1791111632,2026-10-04T20:00:32,idle,external-clickhouse,clickhouse/clickhouse-server:latest,7.20,"1.18GiB / 7.737GiB"
1791111632,2026-10-04T20:00:32,idle,external-kafka,apache/kafka:latest,4.24,"1.081GiB / 7.737GiB"
1791111641,2026-10-04T20:00:41,idle,external-clickhouse,clickhouse/clickhouse-server:latest,8.33,"1.127GiB / 7.737GiB"
1791111641,2026-10-04T20:00:41,idle,external-kafka,apache/kafka:latest,1.75,"1.081GiB / 7.737GiB"
1791111654,2026-10-04T20:00:54,idle,external-clickhouse,clickhouse/clickhouse-server:latest,11.91,"1.13GiB / 7.737GiB"
1791111654,2026-10-04T20:00:54,idle,external-kafka,apache/kafka:latest,1.48,"1.081GiB / 7.737GiB"
1791111661,2026-10-04T20:01:01,idle,external-clickhouse,clickhouse/clickhouse-server:latest,6.16,"1.125GiB / 7.737GiB"
1791111661,2026-10-04T20:01:01,idle,external-kafka,apache/kafka:latest,1.47,"1.081GiB / 7.737GiB"
1791111669,2026-10-04T20:01:09,idle,external-clickhouse,clickhouse/clickhouse-server:latest,4.54,"1.125GiB / 7.737GiB"
1791111669,2026-10-04T20:01:09,idle,external-kafka,apache/kafka:latest,1.82,"1.081GiB / 7.737GiB"
1791111677,2026-10-04T20:01:17,idle,external-clickhouse,clickhouse/clickhouse-server:latest,7.96,"1.179GiB / 7.737GiB"
1791111677,2026-10-04T20:01:17,idle,external-kafka,apache/kafka:latest,52.62,"1.098GiB / 7.737GiB"
1791111685,2026-10-04T20:01:25,idle,external-clickhouse,clickhouse/clickhouse-server:latest,11.51,"1.134GiB / 7.737GiB"
1791111685,2026-10-04T20:01:25,idle,external-kafka,apache/kafka:latest,1.79,"1.081GiB / 7.737GiB"
1791111694,2026-10-04T20:01:34,idle,external-clickhouse,clickhouse/clickhouse-server:latest,10.33,"1.135GiB / 7.737GiB"
1791111694,2026-10-04T20:01:34,idle,external-kafka,apache/kafka:latest,162.30,"1.154GiB / 7.737GiB"
1791112314,2026-10-04T20:11:54,idle,external-clickhouse,clickhouse/clickhouse-server:latest,4.83,"1.13GiB / 7.737GiB"
1791112314,2026-10-04T20:11:54,idle,external-kafka,apache/kafka:latest,1.19,"1.081GiB / 7.737GiB"
1791112322,2026-10-04T20:12:02,idle,external-clickhouse,clickhouse/clickhouse-server:latest,572.89,"1.138GiB / 7.737GiB"
1791112322,2026-10-04T20:12:02,idle,external-kafka,apache/kafka:latest,574.83,"1.166GiB / 7.737GiB"
1791112334,2026-10-04T20:12:14,idle,external-clickhouse,clickhouse/clickhouse-server:latest,31.02,"1.131GiB / 7.737GiB"
1791112334,2026-10-04T20:12:14,idle,external-kafka,apache/kafka:latest,1.62,"1.081GiB / 7.737GiB"
1791112344,2026-10-04T20:12:24,idle,external-clickhouse,clickhouse/clickhouse-server:latest,13.60,"1.132GiB / 7.737GiB"
1791112344,2026-10-04T20:12:24,idle,external-kafka,apache/kafka:latest,168.30,"1.145GiB / 7.737GiB"
1791112356,2026-10-04T20:12:36,idle,external-clickhouse,clickhouse/clickhouse-server:latest,2.88,"1.124GiB / 7.737GiB"
1791112356,2026-10-04T20:12:36,idle,external-kafka,apache/kafka:latest,2.19,"1.081GiB / 7.737GiB"
1791112404,2026-10-04T20:13:24,idle,external-clickhouse,clickhouse/clickhouse-server:latest,6.10,"1.126GiB / 7.737GiB"
1791112404,2026-10-04T20:13:24,idle,external-kafka,apache/kafka:latest,2.40,"1.081GiB / 7.737GiB"
1791112411,2026-10-04T20:13:31,idle,external-clickhouse,clickhouse/clickhouse-server:latest,18.46,"1.131GiB / 7.737GiB"
1791112411,2026-10-04T20:13:31,idle,external-kafka,apache/kafka:latest,204.23,"1.132GiB / 7.737GiB"
1791112420,2026-10-04T20:13:40,idle,external-clickhouse,clickhouse/clickhouse-server:latest,21.41,"1.134GiB / 7.737GiB"
1791112420,2026-10-04T20:13:40,idle,external-kafka,apache/kafka:latest,2.56,"1.081GiB / 7.737GiB"
1791112430,2026-10-04T20:13:51,idle,external-clickhouse,clickhouse/clickhouse-server:latest,52.25,"1.124GiB / 7.737GiB"
1791112430,2026-10-04T20:13:51,idle,external-kafka,apache/kafka:latest,478.95,"1.122GiB / 7.737GiB"
1791112443,2026-10-04T20:14:03,idle,external-clickhouse,clickhouse/clickhouse-server:latest,7.65,"1.15GiB / 7.737GiB"
1791112443,2026-10-04T20:14:03,idle,external-kafka,apache/kafka:latest,1.14,"1.081GiB / 7.737GiB"
1791113477,2026-10-04T20:31:17,idle,external-clickhouse,clickhouse/clickhouse-server:latest,5.32,"1.138GiB / 7.737GiB"
1791113477,2026-10-04T20:31:17,idle,external-kafka,apache/kafka:latest,1.08,"1.081GiB / 7.737GiB"
1791113485,2026-10-04T20:31:25,idle,external-clickhouse,clickhouse/clickhouse-server:latest,5.47,"1.125GiB / 7.737GiB"
1791113485,2026-10-04T20:31:25,idle,external-kafka,apache/kafka:latest,196.79,"1.12GiB / 7.737GiB"
1791113492,2026-10-04T20:31:32,idle,external-clickhouse,clickhouse/clickhouse-server:latest,5.08,"1.12GiB / 7.737GiB"
1791113492,2026-10-04T20:31:32,idle,external-kafka,apache/kafka:latest,1.96,"1.081GiB / 7.737GiB"
1791113502,2026-10-04T20:31:42,idle,external-clickhouse,clickhouse/clickhouse-server:latest,125.08,"1.138GiB / 7.737GiB"
1791113502,2026-10-04T20:31:42,idle,external-kafka,apache/kafka:latest,205.88,"1.133GiB / 7.737GiB"
1791113511,2026-10-04T20:31:51,idle,external-clickhouse,clickhouse/clickhouse-server:latest,23.88,"1.154GiB / 7.737GiB"
1791113511,2026-10-04T20:31:51,idle,external-kafka,apache/kafka:latest,3.01,"1.081GiB / 7.737GiB"
1791113519,2026-10-04T20:31:59,idle,external-clickhouse,clickhouse/clickhouse-server:latest,19.90,"1.139GiB / 7.737GiB"
1791113519,2026-10-04T20:31:59,idle,external-kafka,apache/kafka:latest,262.86,"1.138GiB / 7.737GiB"
1791114559,2026-10-04T20:49:19,idle,external-clickhouse,clickhouse/clickhouse-server:latest,5.17,"1.122GiB / 7.737GiB"
1791114559,2026-10-04T20:49:19,idle,external-kafka,apache/kafka:latest,1.29,"1.081GiB / 7.737GiB"
1791116662,2026-10-04T21:24:22,idle,external-clickhouse,clickhouse/clickhouse-server:latest,38.59,"1.142GiB / 7.737GiB"
1791116662,2026-10-04T21:24:22,idle,external-kafka,apache/kafka:latest,0.98,"1.081GiB / 7.737GiB"
1791117451,2026-10-04T21:37:31,idle,external-clickhouse,clickhouse/clickhouse-server:latest,14.99,"1.132GiB / 7.737GiB"
1791117451,2026-10-04T21:37:31,idle,external-kafka,apache/kafka:latest,0.89,"1.081GiB / 7.737GiB"
1791117458,2026-10-04T21:37:38,idle,external-clickhouse,clickhouse/clickhouse-server:latest,33.39,"1.136GiB / 7.737GiB"
1791117458,2026-10-04T21:37:38,idle,external-kafka,apache/kafka:latest,1.61,"1.081GiB / 7.737GiB"
1791117466,2026-10-04T21:37:46,idle,external-clickhouse,clickhouse/clickhouse-server:latest,5.24,"1.134GiB / 7.737GiB"
1791117466,2026-10-04T21:37:46,idle,external-kafka,apache/kafka:latest,2.08,"1.081GiB / 7.737GiB"
1791117474,2026-10-04T21:37:54,idle,external-clickhouse,clickhouse/clickhouse-server:latest,4.10,"1.128GiB / 7.737GiB"
1791117474,2026-10-04T21:37:54,idle,external-kafka,apache/kafka:latest,55.36,"1.081GiB / 7.737GiB"
1791117483,2026-10-04T21:38:03,idle,external-clickhouse,clickhouse/clickhouse-server:latest,4.44,"1.185GiB / 7.737GiB"
1791117483,2026-10-04T21:38:03,idle,external-kafka,apache/kafka:latest,1.78,"1.081GiB / 7.737GiB"
1791117491,2026-10-04T21:38:11,idle,external-clickhouse,clickhouse/clickhouse-server:latest,4.05,"1.125GiB / 7.737GiB"
1791117491,2026-10-04T21:38:11,idle,external-kafka,apache/kafka:latest,1.95,"1.081GiB / 7.737GiB"
1791118515,2026-10-04T21:55:15,idle,external-clickhouse,clickhouse/clickhouse-server:latest,5.14,"1.132GiB / 7.737GiB"
1791118515,2026-10-04T21:55:15,idle,external-kafka,apache/kafka:latest,15.82,"1.082GiB / 7.737GiB"
1791120516,2026-10-04T22:28:36,idle,external-clickhouse,clickhouse/clickhouse-server:latest,3.03,"1.125GiB / 7.737GiB"
1791120516,2026-10-04T22:28:36,idle,external-kafka,apache/kafka:latest,1.37,"1.081GiB / 7.737GiB"
1791120531,2026-10-04T22:28:51,idle,external-clickhouse,clickhouse/clickhouse-server:latest,13.60,"1.164GiB / 7.737GiB"
1791120531,2026-10-04T22:28:51,idle,external-kafka,apache/kafka:latest,131.78,"1.081GiB / 7.737GiB"
1791120538,2026-10-04T22:28:58,idle,external-clickhouse,clickhouse/clickhouse-server:latest,3.32,"1.123GiB / 7.737GiB"
1791120538,2026-10-04T22:28:58,idle,external-kafka,apache/kafka:latest,2.21,"1.081GiB / 7.737GiB"
1791120547,2026-10-04T22:29:07,idle,external-clickhouse,clickhouse/clickhouse-server:latest,8.76,"1.134GiB / 7.737GiB"
1791120547,2026-10-04T22:29:07,idle,external-kafka,apache/kafka:latest,46.88,"1.081GiB / 7.737GiB"
1791120556,2026-10-04T22:29:16,idle,external-clickhouse,clickhouse/clickhouse-server:latest,4.93,"1.19GiB / 7.737GiB"
1791120556,2026-10-04T22:29:16,idle,external-kafka,apache/kafka:latest,1.72,"1.081GiB / 7.737GiB"
1791120567,2026-10-04T22:29:27,idle,external-clickhouse,clickhouse/clickhouse-server:latest,21.82,"1.129GiB / 7.737GiB"
1791120567,2026-10-04T22:29:27,idle,external-kafka,apache/kafka:latest,2.11,"1.081GiB / 7.737GiB"
1791120575,2026-10-04T22:29:35,idle,external-clickhouse,clickhouse/clickhouse-server:latest,16.71,"1.127GiB / 7.737GiB"
1791120575,2026-10-04T22:29:35,idle,external-kafka,apache/kafka:latest,7.67,"1.081GiB / 7.737GiB"
1791121116,2026-10-04T22:38:36,idle,external-clickhouse,clickhouse/clickhouse-server:latest,10.12,"1.125GiB / 7.737GiB"
1791121116,2026-10-04T22:38:36,idle,external-kafka,apache/kafka:latest,2.11,"1.081GiB / 7.737GiB"
1791121125,2026-10-04T22:38:45,idle,external-clickhouse,clickhouse/clickhouse-server:latest,5.24,"1.179GiB / 7.737GiB"
1791121125,2026-10-04T22:38:45,idle,external-kafka,apache/kafka:latest,109.18,"1.162GiB / 7.737GiB"
1791121138,2026-10-04T22:38:58,idle,external-clickhouse,clickhouse/clickhouse-server:latest,101.08,"1.128GiB / 7.737GiB"
1791121138,2026-10-04T22:38:58,idle,external-kafka,apache/kafka:latest,87.26,"1.099GiB / 7.737GiB"
1791121148,2026-10-04T22:39:08,idle,external-clickhouse,clickhouse/clickhouse-server:latest,6.88,"1.126GiB / 7.737GiB"
1791121148,2026-10-04T22:39:08,idle,external-kafka,apache/kafka:latest,2.18,"1.081GiB / 7.737GiB"
1791122166,2026-10-04T22:56:06,idle,external-clickhouse,clickhouse/clickhouse-server:latest,3.46,"1.147GiB / 7.737GiB"
1791122166,2026-10-04T22:56:06,idle,external-kafka,apache/kafka:latest,164.72,"1.141GiB / 7.737GiB"
1791122396,2026-10-04T22:59:56,idle,external-clickhouse,clickhouse/clickhouse-server:latest,5.82,"1.184GiB / 7.737GiB"
1791122396,2026-10-04T22:59:56,idle,external-kafka,apache/kafka:latest,1.56,"1.081GiB / 7.737GiB"
1791122404,2026-10-04T23:00:04,idle,external-clickhouse,clickhouse/clickhouse-server:latest,8.89,"1.129GiB / 7.737GiB"
1791122404,2026-10-04T23:00:04,idle,external-kafka,apache/kafka:latest,1.15,"1.081GiB / 7.737GiB"
1791122411,2026-10-04T23:00:11,idle,external-clickhouse,clickhouse/clickhouse-server:latest,3.53,"1.124GiB / 7.737GiB"
1791122411,2026-10-04T23:00:11,idle,external-kafka,apache/kafka:latest,107.68,"1.164GiB / 7.737GiB"
1791122419,2026-10-04T23:00:19,idle,external-clickhouse,clickhouse/clickhouse-server:latest,3.73,"1.135GiB / 7.737GiB"
1791122419,2026-10-04T23:00:19,idle,external-kafka,apache/kafka:latest,1.26,"1.081GiB / 7.737GiB"
1791122426,2026-10-04T23:00:26,idle,external-clickhouse,clickhouse/clickhouse-server:latest,5.23,"1.131GiB / 7.737GiB"
1791122426,2026-10-04T23:00:26,idle,external-kafka,apache/kafka:latest,0.97,"1.081GiB / 7.737GiB"
1791122433,2026-10-04T23:00:33,idle,external-clickhouse,clickhouse/clickhouse-server:latest,6.41,"1.191GiB / 7.737GiB"
1791122433,2026-10-04T23:00:33,idle,external-kafka,apache/kafka:latest,17.26,"1.082GiB / 7.737GiB"
1791122462,2026-10-04T23:01:02,idle,external-clickhouse,clickhouse/clickhouse-server:latest,7.59,"1.145GiB / 7.737GiB"
1791122462,2026-10-04T23:01:02,idle,external-kafka,apache/kafka:latest,1.47,"1.081GiB / 7.737GiB"
1791122470,2026-10-04T23:01:10,idle,external-clickhouse,clickhouse/clickhouse-server:latest,8.94,"1.129GiB / 7.737GiB"
1791122470,2026-10-04T23:01:10,idle,external-kafka,apache/kafka:latest,1.97,"1.081GiB / 7.737GiB"
1791122477,2026-10-04T23:01:17,idle,external-clickhouse,clickhouse/clickhouse-server:latest,5.46,"1.127GiB / 7.737GiB"
1791122477,2026-10-04T23:01:17,idle,external-kafka,apache/kafka:latest,132.34,"1.157GiB / 7.737GiB"
1791122484,2026-10-04T23:01:24,idle,external-clickhouse,clickhouse/clickhouse-server:latest,7.68,"1.138GiB / 7.737GiB"
1791122484,2026-10-04T23:01:24,idle,external-kafka,apache/kafka:latest,1.39,"1.081GiB / 7.737GiB"
1791122491,2026-10-04T23:01:31,idle,external-clickhouse,clickhouse/clickhouse-server:latest,3.30,"1.142GiB / 7.737GiB"
1791122491,2026-10-04T23:01:31,idle,external-kafka,apache/kafka:latest,1.19,"1.081GiB / 7.737GiB"
1791122498,2026-10-04T23:01:38,idle,external-clickhouse,clickhouse/clickhouse-server:latest,5.48,"1.177GiB / 7.737GiB"
1791122498,2026-10-04T23:01:38,idle,external-kafka,apache/kafka:latest,9.17,"1.083GiB / 7.737GiB"
1791122505,2026-10-04T23:01:46,idle,external-clickhouse,clickhouse/clickhouse-server:latest,5.89,"1.14GiB / 7.737GiB"
1791122505,2026-10-04T23:01:46,idle,external-kafka,apache/kafka:latest,1.74,"1.081GiB / 7.737GiB"
1791122513,2026-10-04T23:01:53,idle,external-clickhouse,clickhouse/clickhouse-server:latest,5.50,"1.133GiB / 7.737GiB"
1791122513,2026-10-04T23:01:53,idle,external-kafka,apache/kafka:latest,1.50,"1.081GiB / 7.737GiB"
1791122520,2026-10-04T23:02:00,idle,external-clickhouse,clickhouse/clickhouse-server:latest,4.61,"1.136GiB / 7.737GiB"
1791122520,2026-10-04T23:02:00,idle,external-kafka,apache/kafka:latest,2.33,"1.081GiB / 7.737GiB"
1791122527,2026-10-04T23:02:07,idle,external-clickhouse,clickhouse/clickhouse-server:latest,5.27,"1.139GiB / 7.737GiB"
1791122527,2026-10-04T23:02:07,idle,external-kafka,apache/kafka:latest,1.59,"1.081GiB / 7.737GiB"
1791122534,2026-10-04T23:02:14,idle,external-clickhouse,clickhouse/clickhouse-server:latest,2.94,"1.187GiB / 7.737GiB"
1791122534,2026-10-04T23:02:14,idle,external-kafka,apache/kafka:latest,1.48,"1.081GiB / 7.737GiB"
1791122542,2026-10-04T23:02:22,idle,external-clickhouse,clickhouse/clickhouse-server:latest,3.35,"1.147GiB / 7.737GiB"
1791122542,2026-10-04T23:02:22,idle,external-kafka,apache/kafka:latest,1.44,"1.081GiB / 7.737GiB"
1791122549,2026-10-04T23:02:29,idle,external-clickhouse,clickhouse/clickhouse-server:latest,2.43,"1.138GiB / 7.737GiB"
1791122549,2026-10-04T23:02:29,idle,external-kafka,apache/kafka:latest,1.20,"1.081GiB / 7.737GiB"
1791122556,2026-10-04T23:02:36,idle,external-clickhouse,clickhouse/clickhouse-server:latest,4.43,"1.14GiB / 7.737GiB"
1791122556,2026-10-04T23:02:36,idle,external-kafka,apache/kafka:latest,105.06,"1.081GiB / 7.737GiB"
1791122563,2026-10-04T23:02:43,idle,external-clickhouse,clickhouse/clickhouse-server:latest,4.79,"1.161GiB / 7.737GiB"
1791122563,2026-10-04T23:02:43,idle,external-kafka,apache/kafka:latest,1.67,"1.081GiB / 7.737GiB"
1791122570,2026-10-04T23:02:50,idle,external-clickhouse,clickhouse/clickhouse-server:latest,3.92,"1.195GiB / 7.737GiB"
1791122570,2026-10-04T23:02:50,idle,external-kafka,apache/kafka:latest,1.77,"1.081GiB / 7.737GiB"
1791122577,2026-10-04T23:02:57,idle,external-clickhouse,clickhouse/clickhouse-server:latest,4.49,"1.159GiB / 7.737GiB"
1791122577,2026-10-04T23:02:57,idle,external-kafka,apache/kafka:latest,108.33,"1.164GiB / 7.737GiB"
1791122585,2026-10-04T23:03:05,idle,external-clickhouse,clickhouse/clickhouse-server:latest,12.93,"1.163GiB / 7.737GiB"
1791122585,2026-10-04T23:03:05,idle,external-kafka,apache/kafka:latest,2.00,"1.081GiB / 7.737GiB"
1791122592,2026-10-04T23:03:12,idle,external-clickhouse,clickhouse/clickhouse-server:latest,5.49,"1.161GiB / 7.737GiB"
1791122592,2026-10-04T23:03:12,idle,external-kafka,apache/kafka:latest,1.51,"1.081GiB / 7.737GiB"
1791122599,2026-10-04T23:03:19,idle,external-clickhouse,clickhouse/clickhouse-server:latest,2.33,"1.16GiB / 7.737GiB"
1791122599,2026-10-04T23:03:19,idle,external-kafka,apache/kafka:latest,33.89,"1.123GiB / 7.737GiB"
1791122606,2026-10-04T23:03:26,idle,external-clickhouse,clickhouse/clickhouse-server:latest,27.50,"1.23GiB / 7.737GiB"
1791122606,2026-10-04T23:03:26,idle,external-kafka,apache/kafka:latest,1.07,"1.081GiB / 7.737GiB"
1791122613,2026-10-04T23:03:33,idle,external-clickhouse,clickhouse/clickhouse-server:latest,3.16,"1.156GiB / 7.737GiB"
1791122613,2026-10-04T23:03:33,idle,external-kafka,apache/kafka:latest,1.36,"1.081GiB / 7.737GiB"
1791122620,2026-10-04T23:03:40,idle,external-clickhouse,clickhouse/clickhouse-server:latest,7.75,"1.169GiB / 7.737GiB"
1791122620,2026-10-04T23:03:40,idle,external-kafka,apache/kafka:latest,104.41,"1.163GiB / 7.737GiB"
1791122628,2026-10-04T23:03:48,idle,external-clickhouse,clickhouse/clickhouse-server:latest,7.92,"1.164GiB / 7.737GiB"
1791122628,2026-10-04T23:03:48,idle,external-kafka,apache/kafka:latest,1.11,"1.081GiB / 7.737GiB"
1791122635,2026-10-04T23:03:55,idle,external-clickhouse,clickhouse/clickhouse-server:latest,5.63,"1.155GiB / 7.737GiB"
1791122635,2026-10-04T23:03:55,idle,external-kafka,apache/kafka:latest,1.20,"1.081GiB / 7.737GiB"
1791122642,2026-10-04T23:04:02,idle,external-clickhouse,clickhouse/clickhouse-server:latest,4.07,"1.153GiB / 7.737GiB"
1791122642,2026-10-04T23:04:02,idle,external-kafka,apache/kafka:latest,0.98,"1.081GiB / 7.737GiB"
1791123602,2026-10-04T23:20:02,idle,external-clickhouse,clickhouse/clickhouse-server:latest,5.51,"1.196GiB / 7.737GiB"
1791123602,2026-10-04T23:20:02,idle,external-kafka,apache/kafka:latest,2.21,"1.081GiB / 7.737GiB"
1791123609,2026-10-04T23:20:09,idle,external-clickhouse,clickhouse/clickhouse-server:latest,4.39,"1.141GiB / 7.737GiB"
1791123609,2026-10-04T23:20:09,idle,external-kafka,apache/kafka:latest,26.82,"1.081GiB / 7.737GiB"
1791123616,2026-10-04T23:20:16,idle,external-clickhouse,clickhouse/clickhouse-server:latest,2.81,"1.146GiB / 7.737GiB"
1791123616,2026-10-04T23:20:16,idle,external-kafka,apache/kafka:latest,1.95,"1.081GiB / 7.737GiB"
1791123623,2026-10-04T23:20:23,idle,external-clickhouse,clickhouse/clickhouse-server:latest,4.91,"1.14GiB / 7.737GiB"
1791123623,2026-10-04T23:20:23,idle,external-kafka,apache/kafka:latest,1.68,"1.081GiB / 7.737GiB"
1791123631,2026-10-04T23:20:31,idle,external-clickhouse,clickhouse/clickhouse-server:latest,6.03,"1.137GiB / 7.737GiB"
1791123631,2026-10-04T23:20:31,idle,external-kafka,apache/kafka:latest,111.05,"1.163GiB / 7.737GiB"
1791123638,2026-10-04T23:20:38,idle,external-clickhouse,clickhouse/clickhouse-server:latest,4.97,"1.201GiB / 7.737GiB"
1791123638,2026-10-04T23:20:38,idle,external-kafka,apache/kafka:latest,2.26,"1.081GiB / 7.737GiB"
1791123645,2026-10-04T23:20:45,idle,external-clickhouse,clickhouse/clickhouse-server:latest,5.03,"1.145GiB / 7.737GiB"
1791123645,2026-10-04T23:20:45,idle,external-kafka,apache/kafka:latest,1.71,"1.081GiB / 7.737GiB"
1791123652,2026-10-04T23:20:52,idle,external-clickhouse,clickhouse/clickhouse-server:latest,2.80,"1.15GiB / 7.737GiB"
1791123652,2026-10-04T23:20:52,idle,external-kafka,apache/kafka:latest,8.08,"1.081GiB / 7.737GiB"
1791123659,2026-10-04T23:20:59,idle,external-clickhouse,clickhouse/clickhouse-server:latest,5.57,"1.141GiB / 7.737GiB"
1791123659,2026-10-04T23:20:59,idle,external-kafka,apache/kafka:latest,1.63,"1.081GiB / 7.737GiB"
1791123667,2026-10-04T23:21:07,idle,external-clickhouse,clickhouse/clickhouse-server:latest,3.20,"1.149GiB / 7.737GiB"
1791123667,2026-10-04T23:21:07,idle,external-kafka,apache/kafka:latest,2.16,"1.081GiB / 7.737GiB"
1791123674,2026-10-04T23:21:14,idle,external-clickhouse,clickhouse/clickhouse-server:latest,2.63,"1.206GiB / 7.737GiB"
1791123674,2026-10-04T23:21:14,idle,external-kafka,apache/kafka:latest,42.05,"1.122GiB / 7.737GiB"
1791123681,2026-10-04T23:21:21,idle,external-clickhouse,clickhouse/clickhouse-server:latest,4.54,"1.148GiB / 7.737GiB"
1791123681,2026-10-04T23:21:21,idle,external-kafka,apache/kafka:latest,1.64,"1.081GiB / 7.737GiB"
1791123688,2026-10-04T23:21:28,idle,external-clickhouse,clickhouse/clickhouse-server:latest,11.35,"1.157GiB / 7.737GiB"
1791123688,2026-10-04T23:21:28,idle,external-kafka,apache/kafka:latest,1.52,"1.081GiB / 7.737GiB"
1791123696,2026-10-04T23:21:36,idle,external-clickhouse,clickhouse/clickhouse-server:latest,10.29,"1.145GiB / 7.737GiB"
1791123696,2026-10-04T23:21:36,idle,external-kafka,apache/kafka:latest,155.38,"1.16GiB / 7.737GiB"
1791123703,2026-10-04T23:21:43,idle,external-clickhouse,clickhouse/clickhouse-server:latest,4.11,"1.154GiB / 7.737GiB"
1791123703,2026-10-04T23:21:43,idle,external-kafka,apache/kafka:latest,1.61,"1.081GiB / 7.737GiB"
1791123710,2026-10-04T23:21:50,idle,external-clickhouse,clickhouse/clickhouse-server:latest,27.52,"1.209GiB / 7.737GiB"
1791123710,2026-10-04T23:21:50,idle,external-kafka,apache/kafka:latest,1.09,"1.081GiB / 7.737GiB"
1791123717,2026-10-04T23:21:57,idle,external-clickhouse,clickhouse/clickhouse-server:latest,3.13,"1.164GiB / 7.737GiB"
1791123717,2026-10-04T23:21:57,idle,external-kafka,apache/kafka:latest,91.40,"1.137GiB / 7.737GiB"
1791123724,2026-10-04T23:22:04,idle,external-clickhouse,clickhouse/clickhouse-server:latest,2.80,"1.151GiB / 7.737GiB"
1791123724,2026-10-04T23:22:04,idle,external-kafka,apache/kafka:latest,1.49,"1.081GiB / 7.737GiB"
1791123732,2026-10-04T23:22:12,idle,external-clickhouse,clickhouse/clickhouse-server:latest,2.59,"1.165GiB / 7.737GiB"
1791123732,2026-10-04T23:22:12,idle,external-kafka,apache/kafka:latest,1.13,"1.081GiB / 7.737GiB"
1791123739,2026-10-04T23:22:19,idle,external-clickhouse,clickhouse/clickhouse-server:latest,5.20,"1.156GiB / 7.737GiB"
1791123739,2026-10-04T23:22:19,idle,external-kafka,apache/kafka:latest,1.73,"1.081GiB / 7.737GiB"
1791123746,2026-10-04T23:22:26,idle,external-clickhouse,clickhouse/clickhouse-server:latest,6.46,"1.16GiB / 7.737GiB"
1791123746,2026-10-04T23:22:26,idle,external-kafka,apache/kafka:latest,1.32,"1.081GiB / 7.737GiB"
1791123753,2026-10-04T23:22:33,idle,external-clickhouse,clickhouse/clickhouse-server:latest,11.14,"1.182GiB / 7.737GiB"
1791123753,2026-10-04T23:22:33,idle,external-kafka,apache/kafka:latest,1.30,"1.081GiB / 7.737GiB"
1791123760,2026-10-04T23:22:40,idle,external-clickhouse,clickhouse/clickhouse-server:latest,9.92,"1.165GiB / 7.737GiB"
1791123760,2026-10-04T23:22:40,idle,external-kafka,apache/kafka:latest,1.38,"1.081GiB / 7.737GiB"
1791123768,2026-10-04T23:22:48,idle,external-clickhouse,clickhouse/clickhouse-server:latest,3.97,"1.158GiB / 7.737GiB"
1791123768,2026-10-04T23:22:48,idle,external-kafka,apache/kafka:latest,1.61,"1.081GiB / 7.737GiB"
1791123775,2026-10-04T23:22:55,idle,external-clickhouse,clickhouse/clickhouse-server:latest,5.84,"1.154GiB / 7.737GiB"
1791123775,2026-10-04T23:22:55,idle,external-kafka,apache/kafka:latest,1.38,"1.081GiB / 7.737GiB"
1791123782,2026-10-04T23:23:02,idle,external-clickhouse,clickhouse/clickhouse-server:latest,4.58,"1.159GiB / 7.737GiB"
1791123782,2026-10-04T23:23:02,idle,external-kafka,apache/kafka:latest,1.53,"1.081GiB / 7.737GiB"
1791123789,2026-10-04T23:23:09,idle,external-clickhouse,clickhouse/clickhouse-server:latest,8.75,"1.204GiB / 7.737GiB"
1791123789,2026-10-04T23:23:09,idle,external-kafka,apache/kafka:latest,1.59,"1.081GiB / 7.737GiB"
1791123796,2026-10-04T23:23:16,idle,external-clickhouse,clickhouse/clickhouse-server:latest,3.08,"1.174GiB / 7.737GiB"
1791123796,2026-10-04T23:23:16,idle,external-kafka,apache/kafka:latest,1.58,"1.081GiB / 7.737GiB"
1791123803,2026-10-04T23:23:23,idle,external-clickhouse,clickhouse/clickhouse-server:latest,4.65,"1.164GiB / 7.737GiB"
1791123803,2026-10-04T23:23:23,idle,external-kafka,apache/kafka:latest,1.41,"1.081GiB / 7.737GiB"
1791123811,2026-10-04T23:23:31,idle,external-clickhouse,clickhouse/clickhouse-server:latest,4.92,"1.168GiB / 7.737GiB"
1791123811,2026-10-04T23:23:31,idle,external-kafka,apache/kafka:latest,1.44,"1.081GiB / 7.737GiB"
1791123818,2026-10-04T23:23:38,idle,external-clickhouse,clickhouse/clickhouse-server:latest,13.61,"1.168GiB / 7.737GiB"
1791123818,2026-10-04T23:23:38,idle,external-kafka,apache/kafka:latest,127.91,"1.164GiB / 7.737GiB"
1791123825,2026-10-04T23:23:45,idle,external-clickhouse,clickhouse/clickhouse-server:latest,3.64,"1.234GiB / 7.737GiB"
1791123825,2026-10-04T23:23:45,idle,external-kafka,apache/kafka:latest,1.08,"1.081GiB / 7.737GiB"
1791123832,2026-10-04T23:23:52,idle,external-clickhouse,clickhouse/clickhouse-server:latest,5.45,"1.182GiB / 7.737GiB"
1791123832,2026-10-04T23:23:52,idle,external-kafka,apache/kafka:latest,1.55,"1.081GiB / 7.737GiB"
1791123839,2026-10-04T23:23:59,idle,external-clickhouse,clickhouse/clickhouse-server:latest,2.70,"1.169GiB / 7.737GiB"
1791123839,2026-10-04T23:23:59,idle,external-kafka,apache/kafka:latest,55.15,"1.126GiB / 7.737GiB"
1791123847,2026-10-04T23:24:07,idle,external-clickhouse,clickhouse/clickhouse-server:latest,11.62,"1.174GiB / 7.737GiB"
1791123847,2026-10-04T23:24:07,idle,external-kafka,apache/kafka:latest,1.98,"1.081GiB / 7.737GiB"
1791123854,2026-10-04T23:24:14,idle,external-clickhouse,clickhouse/clickhouse-server:latest,12.06,"1.185GiB / 7.737GiB"
1791123854,2026-10-04T23:24:14,idle,external-kafka,apache/kafka:latest,1.25,"1.081GiB / 7.737GiB"
1791123861,2026-10-04T23:24:21,idle,external-clickhouse,clickhouse/clickhouse-server:latest,13.71,"1.182GiB / 7.737GiB"
1791123861,2026-10-04T23:24:21,idle,external-kafka,apache/kafka:latest,1.76,"1.081GiB / 7.737GiB"
1791123868,2026-10-04T23:24:28,idle,external-clickhouse,clickhouse/clickhouse-server:latest,4.74,"1.176GiB / 7.737GiB"
1791123868,2026-10-04T23:24:28,idle,external-kafka,apache/kafka:latest,1.42,"1.081GiB / 7.737GiB"
1791123875,2026-10-04T23:24:35,idle,external-clickhouse,clickhouse/clickhouse-server:latest,4.45,"1.185GiB / 7.737GiB"
1791123875,2026-10-04T23:24:35,idle,external-kafka,apache/kafka:latest,1.07,"1.081GiB / 7.737GiB"
1791123883,2026-10-04T23:24:43,idle,external-clickhouse,clickhouse/clickhouse-server:latest,2.83,"1.183GiB / 7.737GiB"
1791123883,2026-10-04T23:24:43,idle,external-kafka,apache/kafka:latest,1.95,"1.081GiB / 7.737GiB"
1791123890,2026-10-04T23:24:50,idle,external-clickhouse,clickhouse/clickhouse-server:latest,5.31,"1.193GiB / 7.737GiB"
1791123890,2026-10-04T23:24:50,idle,external-kafka,apache/kafka:latest,1.76,"1.081GiB / 7.737GiB"
1791123897,2026-10-04T23:24:57,idle,external-clickhouse,clickhouse/clickhouse-server:latest,6.45,"1.184GiB / 7.737GiB"
1791123897,2026-10-04T23:24:57,idle,external-kafka,apache/kafka:latest,1.14,"1.081GiB / 7.737GiB"
1791123904,2026-10-04T23:25:04,idle,external-clickhouse,clickhouse/clickhouse-server:latest,4.07,"1.209GiB / 7.737GiB"
1791123904,2026-10-04T23:25:04,idle,external-kafka,apache/kafka:latest,1.59,"1.081GiB / 7.737GiB"
1791123911,2026-10-04T23:25:11,idle,external-clickhouse,clickhouse/clickhouse-server:latest,4.86,"1.201GiB / 7.737GiB"
1791123911,2026-10-04T23:25:11,idle,external-kafka,apache/kafka:latest,1.65,"1.081GiB / 7.737GiB"
1791124772,2026-10-04T23:39:32,idle,external-clickhouse,clickhouse/clickhouse-server:latest,7.18,"1.195GiB / 7.737GiB"
1791124772,2026-10-04T23:39:32,idle,external-kafka,apache/kafka:latest,1.18,"1.081GiB / 7.737GiB"
1791124780,2026-10-04T23:39:40,idle,external-clickhouse,clickhouse/clickhouse-server:latest,4.49,"1.179GiB / 7.737GiB"
1791124780,2026-10-04T23:39:40,idle,external-kafka,apache/kafka:latest,1.31,"1.081GiB / 7.737GiB"
1791124787,2026-10-04T23:39:47,idle,external-clickhouse,clickhouse/clickhouse-server:latest,2.97,"1.151GiB / 7.737GiB"
1791124787,2026-10-04T23:39:47,idle,external-kafka,apache/kafka:latest,1.09,"1.081GiB / 7.737GiB"
1791124794,2026-10-04T23:39:54,idle,external-clickhouse,clickhouse/clickhouse-server:latest,4.20,"1.222GiB / 7.737GiB"
1791124794,2026-10-04T23:39:54,idle,external-kafka,apache/kafka:latest,1.20,"1.081GiB / 7.737GiB"
1791124801,2026-10-04T23:40:01,idle,external-clickhouse,clickhouse/clickhouse-server:latest,6.23,"1.152GiB / 7.737GiB"
1791124801,2026-10-04T23:40:01,idle,external-kafka,apache/kafka:latest,2.15,"1.081GiB / 7.737GiB"
1791124808,2026-10-04T23:40:08,idle,external-clickhouse,clickhouse/clickhouse-server:latest,6.15,"1.153GiB / 7.737GiB"
1791124808,2026-10-04T23:40:08,idle,external-kafka,apache/kafka:latest,1.05,"1.081GiB / 7.737GiB"
1791124816,2026-10-04T23:40:16,idle,external-clickhouse,clickhouse/clickhouse-server:latest,3.21,"1.154GiB / 7.737GiB"
1791124816,2026-10-04T23:40:16,idle,external-kafka,apache/kafka:latest,9.62,"1.081GiB / 7.737GiB"
1791124823,2026-10-04T23:40:23,idle,external-clickhouse,clickhouse/clickhouse-server:latest,3.76,"1.157GiB / 7.737GiB"
1791124823,2026-10-04T23:40:23,idle,external-kafka,apache/kafka:latest,1.02,"1.081GiB / 7.737GiB"
1791124830,2026-10-04T23:40:30,idle,external-clickhouse,clickhouse/clickhouse-server:latest,26.45,"1.23GiB / 7.737GiB"
1791124830,2026-10-04T23:40:30,idle,external-kafka,apache/kafka:latest,2.06,"1.081GiB / 7.737GiB"
1791124837,2026-10-04T23:40:37,idle,external-clickhouse,clickhouse/clickhouse-server:latest,2.01,"1.173GiB / 7.737GiB"
1791124837,2026-10-04T23:40:37,idle,external-kafka,apache/kafka:latest,1.26,"1.081GiB / 7.737GiB"
1791124844,2026-10-04T23:40:44,idle,external-clickhouse,clickhouse/clickhouse-server:latest,9.09,"1.166GiB / 7.737GiB"
1791124844,2026-10-04T23:40:44,idle,external-kafka,apache/kafka:latest,1.49,"1.081GiB / 7.737GiB"
1791124851,2026-10-04T23:40:51,idle,external-clickhouse,clickhouse/clickhouse-server:latest,11.63,"1.161GiB / 7.737GiB"
1791124851,2026-10-04T23:40:51,idle,external-kafka,apache/kafka:latest,1.38,"1.081GiB / 7.737GiB"
1791124859,2026-10-04T23:40:59,idle,external-clickhouse,clickhouse/clickhouse-server:latest,2.91,"1.156GiB / 7.737GiB"
1791124859,2026-10-04T23:40:59,idle,external-kafka,apache/kafka:latest,148.81,"1.135GiB / 7.737GiB"
1791124866,2026-10-04T23:41:06,idle,external-clickhouse,clickhouse/clickhouse-server:latest,3.03,"1.161GiB / 7.737GiB"
1791124866,2026-10-04T23:41:06,idle,external-kafka,apache/kafka:latest,1.52,"1.081GiB / 7.737GiB"
1791124873,2026-10-04T23:41:13,idle,external-clickhouse,clickhouse/clickhouse-server:latest,5.84,"1.174GiB / 7.737GiB"
1791124873,2026-10-04T23:41:13,idle,external-kafka,apache/kafka:latest,1.36,"1.081GiB / 7.737GiB"
1791124880,2026-10-04T23:41:20,idle,external-clickhouse,clickhouse/clickhouse-server:latest,2.24,"1.176GiB / 7.737GiB"
1791124880,2026-10-04T23:41:20,idle,external-kafka,apache/kafka:latest,0.98,"1.081GiB / 7.737GiB"
1791124887,2026-10-04T23:41:27,idle,external-clickhouse,clickhouse/clickhouse-server:latest,5.56,"1.176GiB / 7.737GiB"
1791124887,2026-10-04T23:41:27,idle,external-kafka,apache/kafka:latest,1.17,"1.081GiB / 7.737GiB"
1791124895,2026-10-04T23:41:35,idle,external-clickhouse,clickhouse/clickhouse-server:latest,4.34,"1.175GiB / 7.737GiB"
1791124895,2026-10-04T23:41:35,idle,external-kafka,apache/kafka:latest,1.63,"1.081GiB / 7.737GiB"
1791124902,2026-10-04T23:41:42,idle,external-clickhouse,clickhouse/clickhouse-server:latest,3.96,"1.17GiB / 7.737GiB"
1791124902,2026-10-04T23:41:42,idle,external-kafka,apache/kafka:latest,2.07,"1.081GiB / 7.737GiB"
1791124909,2026-10-04T23:41:49,idle,external-clickhouse,clickhouse/clickhouse-server:latest,3.43,"1.244GiB / 7.737GiB"
1791124909,2026-10-04T23:41:49,idle,external-kafka,apache/kafka:latest,1.06,"1.081GiB / 7.737GiB"
1791124916,2026-10-04T23:41:56,idle,external-clickhouse,clickhouse/clickhouse-server:latest,4.25,"1.18GiB / 7.737GiB"
1791124916,2026-10-04T23:41:56,idle,external-kafka,apache/kafka:latest,2.08,"1.081GiB / 7.737GiB"
1791124923,2026-10-04T23:42:03,idle,external-clickhouse,clickhouse/clickhouse-server:latest,4.10,"1.186GiB / 7.737GiB"
1791124923,2026-10-04T23:42:03,idle,external-kafka,apache/kafka:latest,1.56,"1.081GiB / 7.737GiB"
1791124931,2026-10-04T23:42:11,idle,external-clickhouse,clickhouse/clickhouse-server:latest,8.30,"1.178GiB / 7.737GiB"
1791124931,2026-10-04T23:42:11,idle,external-kafka,apache/kafka:latest,1.36,"1.081GiB / 7.737GiB"
1791125923,2026-10-04T23:58:43,idle,external-clickhouse,clickhouse/clickhouse-server:latest,4.96,"1.166GiB / 7.737GiB"
1791125923,2026-10-04T23:58:43,idle,external-kafka,apache/kafka:latest,1.11,"1.081GiB / 7.737GiB"
1791125931,2026-10-04T23:58:51,idle,external-clickhouse,clickhouse/clickhouse-server:latest,20.98,"1.236GiB / 7.737GiB"
1791125931,2026-10-04T23:58:51,idle,external-kafka,apache/kafka:latest,2.06,"1.081GiB / 7.737GiB"
1791125938,2026-10-04T23:58:58,idle,external-clickhouse,clickhouse/clickhouse-server:latest,10.99,"1.151GiB / 7.737GiB"
1791125938,2026-10-04T23:58:58,idle,external-kafka,apache/kafka:latest,1.49,"1.081GiB / 7.737GiB"
1791125945,2026-10-04T23:59:05,idle,external-clickhouse,clickhouse/clickhouse-server:latest,5.62,"1.146GiB / 7.737GiB"
1791125945,2026-10-04T23:59:05,idle,external-kafka,apache/kafka:latest,16.51,"1.081GiB / 7.737GiB"
1791125952,2026-10-04T23:59:12,idle,external-clickhouse,clickhouse/clickhouse-server:latest,4.71,"1.146GiB / 7.737GiB"
1791125952,2026-10-04T23:59:12,idle,external-kafka,apache/kafka:latest,1.58,"1.081GiB / 7.737GiB"
1791125959,2026-10-04T23:59:19,idle,external-clickhouse,clickhouse/clickhouse-server:latest,24.59,"1.147GiB / 7.737GiB"
1791125959,2026-10-04T23:59:19,idle,external-kafka,apache/kafka:latest,2.11,"1.081GiB / 7.737GiB"
1791125967,2026-10-04T23:59:27,idle,external-clickhouse,clickhouse/clickhouse-server:latest,18.95,"1.189GiB / 7.737GiB"
1791125967,2026-10-04T23:59:27,idle,external-kafka,apache/kafka:latest,1.71,"1.081GiB / 7.737GiB"
1791125974,2026-10-04T23:59:34,idle,external-clickhouse,clickhouse/clickhouse-server:latest,14.91,"1.146GiB / 7.737GiB"
1791125974,2026-10-04T23:59:34,idle,external-kafka,apache/kafka:latest,1.55,"1.081GiB / 7.737GiB"
1791125981,2026-10-04T23:59:41,idle,external-clickhouse,clickhouse/clickhouse-server:latest,13.43,"1.151GiB / 7.737GiB"
1791125981,2026-10-04T23:59:41,idle,external-kafka,apache/kafka:latest,2.44,"1.081GiB / 7.737GiB"
1791125988,2026-10-04T23:59:48,idle,external-clickhouse,clickhouse/clickhouse-server:latest,7.70,"1.148GiB / 7.737GiB"
1791125988,2026-10-04T23:59:48,idle,external-kafka,apache/kafka:latest,105.91,"1.166GiB / 7.737GiB"
1791125995,2026-10-04T23:59:55,idle,external-clickhouse,clickhouse/clickhouse-server:latest,5.15,"1.151GiB / 7.737GiB"
1791125995,2026-10-04T23:59:55,idle,external-kafka,apache/kafka:latest,1.83,"1.081GiB / 7.737GiB"
1791126002,2026-10-05T00:00:02,idle,external-clickhouse,clickhouse/clickhouse-server:latest,2.88,"1.15GiB / 7.737GiB"
1791126002,2026-10-05T00:00:02,idle,external-kafka,apache/kafka:latest,1.17,"1.081GiB / 7.737GiB"
1791126010,2026-10-05T00:00:10,idle,external-clickhouse,clickhouse/clickhouse-server:latest,4.21,"1.168GiB / 7.737GiB"
1791126010,2026-10-05T00:00:10,idle,external-kafka,apache/kafka:latest,81.00,"1.145GiB / 7.737GiB"
1791126017,2026-10-05T00:00:17,idle,external-clickhouse,clickhouse/clickhouse-server:latest,4.67,"1.155GiB / 7.737GiB"
1791126017,2026-10-05T00:00:17,idle,external-kafka,apache/kafka:latest,2.58,"1.081GiB / 7.737GiB"
1791126024,2026-10-05T00:00:24,idle,external-clickhouse,clickhouse/clickhouse-server:latest,5.75,"1.157GiB / 7.737GiB"
1791126024,2026-10-05T00:00:24,idle,external-kafka,apache/kafka:latest,1.91,"1.081GiB / 7.737GiB"
1791126031,2026-10-05T00:00:31,idle,external-clickhouse,clickhouse/clickhouse-server:latest,2.04,"1.153GiB / 7.737GiB"
1791126031,2026-10-05T00:00:31,idle,external-kafka,apache/kafka:latest,2.11,"1.081GiB / 7.737GiB"
1791126038,2026-10-05T00:00:38,idle,external-clickhouse,clickhouse/clickhouse-server:latest,5.18,"1.161GiB / 7.737GiB"
1791126038,2026-10-05T00:00:38,idle,external-kafka,apache/kafka:latest,2.01,"1.081GiB / 7.737GiB"
1791126045,2026-10-05T00:00:45,idle,external-clickhouse,clickhouse/clickhouse-server:latest,6.56,"1.179GiB / 7.737GiB"
1791126045,2026-10-05T00:00:45,idle,external-kafka,apache/kafka:latest,2.37,"1.081GiB / 7.737GiB"
1791126053,2026-10-05T00:00:53,idle,external-clickhouse,clickhouse/clickhouse-server:latest,4.56,"1.166GiB / 7.737GiB"
1791126053,2026-10-05T00:00:53,idle,external-kafka,apache/kafka:latest,1.30,"1.081GiB / 7.737GiB"
1791126060,2026-10-05T00:01:00,idle,external-clickhouse,clickhouse/clickhouse-server:latest,7.74,"1.176GiB / 7.737GiB"
1791126060,2026-10-05T00:01:00,idle,external-kafka,apache/kafka:latest,1.94,"1.081GiB / 7.737GiB"
1791126067,2026-10-05T00:01:07,idle,external-clickhouse,clickhouse/clickhouse-server:latest,4.59,"1.167GiB / 7.737GiB"
1791126067,2026-10-05T00:01:07,idle,external-kafka,apache/kafka:latest,2.26,"1.081GiB / 7.737GiB"
1791126074,2026-10-05T00:01:14,idle,external-clickhouse,clickhouse/clickhouse-server:latest,5.72,"1.168GiB / 7.737GiB"
1791126074,2026-10-05T00:01:14,idle,external-kafka,apache/kafka:latest,1.66,"1.081GiB / 7.737GiB"
1791126081,2026-10-05T00:01:21,idle,external-clickhouse,clickhouse/clickhouse-server:latest,4.42,"1.248GiB / 7.737GiB"
1791126081,2026-10-05T00:01:21,idle,external-kafka,apache/kafka:latest,1.94,"1.081GiB / 7.737GiB"
1791126089,2026-10-05T00:01:29,idle,external-clickhouse,clickhouse/clickhouse-server:latest,4.44,"1.159GiB / 7.737GiB"
1791126089,2026-10-05T00:01:29,idle,external-kafka,apache/kafka:latest,1.18,"1.081GiB / 7.737GiB"
1791126096,2026-10-05T00:01:36,idle,external-clickhouse,clickhouse/clickhouse-server:latest,13.26,"1.17GiB / 7.737GiB"
1791126096,2026-10-05T00:01:36,idle,external-kafka,apache/kafka:latest,1.80,"1.081GiB / 7.737GiB"
1791126103,2026-10-05T00:01:43,idle,external-clickhouse,clickhouse/clickhouse-server:latest,8.75,"1.175GiB / 7.737GiB"
1791126103,2026-10-05T00:01:43,idle,external-kafka,apache/kafka:latest,1.05,"1.081GiB / 7.737GiB"
1791126110,2026-10-05T00:01:50,idle,external-clickhouse,clickhouse/clickhouse-server:latest,10.19,"1.163GiB / 7.737GiB"
1791126110,2026-10-05T00:01:50,idle,external-kafka,apache/kafka:latest,2.76,"1.081GiB / 7.737GiB"
1791126117,2026-10-05T00:01:57,idle,external-clickhouse,clickhouse/clickhouse-server:latest,31.23,"1.246GiB / 7.737GiB"
1791126117,2026-10-05T00:01:57,idle,external-kafka,apache/kafka:latest,1.90,"1.081GiB / 7.737GiB"
1791126124,2026-10-05T00:02:04,idle,external-clickhouse,clickhouse/clickhouse-server:latest,16.22,"1.194GiB / 7.737GiB"
1791126124,2026-10-05T00:02:04,idle,external-kafka,apache/kafka:latest,1.57,"1.081GiB / 7.737GiB"
1791126132,2026-10-05T00:02:12,idle,external-clickhouse,clickhouse/clickhouse-server:latest,6.63,"1.17GiB / 7.737GiB"
1791126132,2026-10-05T00:02:12,idle,external-kafka,apache/kafka:latest,47.47,"1.081GiB / 7.737GiB"
1791126139,2026-10-05T00:02:19,idle,external-clickhouse,clickhouse/clickhouse-server:latest,5.65,"1.177GiB / 7.737GiB"
1791126139,2026-10-05T00:02:19,idle,external-kafka,apache/kafka:latest,2.42,"1.081GiB / 7.737GiB"
1791126146,2026-10-05T00:02:26,idle,external-clickhouse,clickhouse/clickhouse-server:latest,4.55,"1.176GiB / 7.737GiB"
1791126146,2026-10-05T00:02:26,idle,external-kafka,apache/kafka:latest,1.85,"1.081GiB / 7.737GiB"
1791126153,2026-10-05T00:02:33,idle,external-clickhouse,clickhouse/clickhouse-server:latest,4.65,"1.17GiB / 7.737GiB"
1791126153,2026-10-05T00:02:33,idle,external-kafka,apache/kafka:latest,168.29,"1.162GiB / 7.737GiB"
1791126160,2026-10-05T00:02:40,idle,external-clickhouse,clickhouse/clickhouse-server:latest,4.71,"1.222GiB / 7.737GiB"
1791126160,2026-10-05T00:02:40,idle,external-kafka,apache/kafka:latest,1.55,"1.081GiB / 7.737GiB"
1791126168,2026-10-05T00:02:48,idle,external-clickhouse,clickhouse/clickhouse-server:latest,6.14,"1.179GiB / 7.737GiB"
1791126168,2026-10-05T00:02:48,idle,external-kafka,apache/kafka:latest,1.99,"1.081GiB / 7.737GiB"
1791126175,2026-10-05T00:02:55,idle,external-clickhouse,clickhouse/clickhouse-server:latest,4.06,"1.193GiB / 7.737GiB"
1791126175,2026-10-05T00:02:55,idle,external-kafka,apache/kafka:latest,38.70,"1.081GiB / 7.737GiB"
1791126182,2026-10-05T00:03:02,idle,external-clickhouse,clickhouse/clickhouse-server:latest,2.86,"1.186GiB / 7.737GiB"
1791126182,2026-10-05T00:03:02,idle,external-kafka,apache/kafka:latest,2.08,"1.081GiB / 7.737GiB"
1791126189,2026-10-05T00:03:09,idle,external-clickhouse,clickhouse/clickhouse-server:latest,5.44,"1.189GiB / 7.737GiB"
1791126189,2026-10-05T00:03:09,idle,external-kafka,apache/kafka:latest,1.64,"1.081GiB / 7.737GiB"
1791126196,2026-10-05T00:03:16,idle,external-clickhouse,clickhouse/clickhouse-server:latest,11.59,"1.25GiB / 7.737GiB"
1791126196,2026-10-05T00:03:16,idle,external-kafka,apache/kafka:latest,5.87,"1.083GiB / 7.737GiB"
1791126204,2026-10-05T00:03:24,idle,external-clickhouse,clickhouse/clickhouse-server:latest,4.65,"1.199GiB / 7.737GiB"
1791126204,2026-10-05T00:03:24,idle,external-kafka,apache/kafka:latest,1.76,"1.081GiB / 7.737GiB"
1791126211,2026-10-05T00:03:31,idle,external-clickhouse,clickhouse/clickhouse-server:latest,6.52,"1.2GiB / 7.737GiB"
1791126211,2026-10-05T00:03:31,idle,external-kafka,apache/kafka:latest,1.97,"1.081GiB / 7.737GiB"
1791126218,2026-10-05T00:03:38,idle,external-clickhouse,clickhouse/clickhouse-server:latest,3.13,"1.187GiB / 7.737GiB"
1791126218,2026-10-05T00:03:38,idle,external-kafka,apache/kafka:latest,1.86,"1.081GiB / 7.737GiB"
1791126225,2026-10-05T00:03:45,idle,external-clickhouse,clickhouse/clickhouse-server:latest,8.34,"1.196GiB / 7.737GiB"
1791126225,2026-10-05T00:03:45,idle,external-kafka,apache/kafka:latest,2.07,"1.081GiB / 7.737GiB"
1791126232,2026-10-05T00:03:52,idle,external-clickhouse,clickhouse/clickhouse-server:latest,12.60,"1.274GiB / 7.737GiB"
1791126232,2026-10-05T00:03:52,idle,external-kafka,apache/kafka:latest,0.93,"1.081GiB / 7.737GiB"
1791126240,2026-10-05T00:04:00,idle,external-clickhouse,clickhouse/clickhouse-server:latest,3.89,"1.223GiB / 7.737GiB"
1791126240,2026-10-05T00:04:00,idle,external-kafka,apache/kafka:latest,2.11,"1.081GiB / 7.737GiB"
1791126247,2026-10-05T00:04:07,idle,external-clickhouse,clickhouse/clickhouse-server:latest,4.35,"1.213GiB / 7.737GiB"
1791126247,2026-10-05T00:04:07,idle,external-kafka,apache/kafka:latest,1.96,"1.081GiB / 7.737GiB"
1791126254,2026-10-05T00:04:14,idle,external-clickhouse,clickhouse/clickhouse-server:latest,11.69,"1.209GiB / 7.737GiB"
1791126254,2026-10-05T00:04:14,idle,external-kafka,apache/kafka:latest,1.70,"1.081GiB / 7.737GiB"
1791126261,2026-10-05T00:04:21,idle,external-clickhouse,clickhouse/clickhouse-server:latest,17.69,"1.211GiB / 7.737GiB"
1791126261,2026-10-05T00:04:21,idle,external-kafka,apache/kafka:latest,1.65,"1.081GiB / 7.737GiB"
1791126269,2026-10-05T00:04:29,idle,external-clickhouse,clickhouse/clickhouse-server:latest,5.39,"1.201GiB / 7.737GiB"
1791126269,2026-10-05T00:04:29,idle,external-kafka,apache/kafka:latest,1.19,"1.081GiB / 7.737GiB"
1791126854,2026-10-05T00:14:14,idle,external-clickhouse,clickhouse/clickhouse-server:latest,23.98,"1.252GiB / 7.737GiB"
1791126854,2026-10-05T00:14:14,idle,external-kafka,apache/kafka:latest,4.44,"1.081GiB / 7.737GiB"
1791126861,2026-10-05T00:14:22,idle,external-clickhouse,clickhouse/clickhouse-server:latest,5.68,"1.192GiB / 7.737GiB"
1791126861,2026-10-05T00:14:22,idle,external-kafka,apache/kafka:latest,1.89,"1.081GiB / 7.737GiB"
1791126869,2026-10-05T00:14:29,idle,external-clickhouse,clickhouse/clickhouse-server:latest,6.41,"1.157GiB / 7.737GiB"
1791126869,2026-10-05T00:14:29,idle,external-kafka,apache/kafka:latest,2.21,"1.081GiB / 7.737GiB"
1791126876,2026-10-05T00:14:36,idle,external-clickhouse,clickhouse/clickhouse-server:latest,5.11,"1.153GiB / 7.737GiB"
1791126876,2026-10-05T00:14:36,idle,external-kafka,apache/kafka:latest,1.76,"1.081GiB / 7.737GiB"
1791126883,2026-10-05T00:14:43,idle,external-clickhouse,clickhouse/clickhouse-server:latest,4.48,"1.15GiB / 7.737GiB"
1791126883,2026-10-05T00:14:43,idle,external-kafka,apache/kafka:latest,1.41,"1.081GiB / 7.737GiB"
1791126890,2026-10-05T00:14:50,idle,external-clickhouse,clickhouse/clickhouse-server:latest,9.65,"1.162GiB / 7.737GiB"
1791126890,2026-10-05T00:14:50,idle,external-kafka,apache/kafka:latest,1.08,"1.081GiB / 7.737GiB"
1791126898,2026-10-05T00:14:58,idle,external-clickhouse,clickhouse/clickhouse-server:latest,6.29,"1.153GiB / 7.737GiB"
1791126898,2026-10-05T00:14:58,idle,external-kafka,apache/kafka:latest,3.49,"1.081GiB / 7.737GiB"
1791126905,2026-10-05T00:15:05,idle,external-clickhouse,clickhouse/clickhouse-server:latest,6.20,"1.155GiB / 7.737GiB"
1791126905,2026-10-05T00:15:05,idle,external-kafka,apache/kafka:latest,2.36,"1.081GiB / 7.737GiB"
1791126912,2026-10-05T00:15:12,idle,external-clickhouse,clickhouse/clickhouse-server:latest,3.21,"1.158GiB / 7.737GiB"
1791126912,2026-10-05T00:15:12,idle,external-kafka,apache/kafka:latest,1.40,"1.081GiB / 7.737GiB"
1791126919,2026-10-05T00:15:19,idle,external-clickhouse,clickhouse/clickhouse-server:latest,3.50,"1.159GiB / 7.737GiB"
1791126919,2026-10-05T00:15:19,idle,external-kafka,apache/kafka:latest,18.74,"1.081GiB / 7.737GiB"
1791126926,2026-10-05T00:15:26,idle,external-clickhouse,clickhouse/clickhouse-server:latest,7.13,"1.204GiB / 7.737GiB"
1791126926,2026-10-05T00:15:26,idle,external-kafka,apache/kafka:latest,2.09,"1.081GiB / 7.737GiB"
1791126934,2026-10-05T00:15:34,idle,external-clickhouse,clickhouse/clickhouse-server:latest,5.15,"1.185GiB / 7.737GiB"
1791126934,2026-10-05T00:15:34,idle,external-kafka,apache/kafka:latest,2.19,"1.081GiB / 7.737GiB"
1791126941,2026-10-05T00:15:41,idle,external-clickhouse,clickhouse/clickhouse-server:latest,7.86,"1.157GiB / 7.737GiB"
1791126941,2026-10-05T00:15:41,idle,external-kafka,apache/kafka:latest,113.78,"1.081GiB / 7.737GiB"
1791126948,2026-10-05T00:15:48,idle,external-clickhouse,clickhouse/clickhouse-server:latest,6.68,"1.166GiB / 7.737GiB"
1791126948,2026-10-05T00:15:48,idle,external-kafka,apache/kafka:latest,1.61,"1.081GiB / 7.737GiB"
1791126955,2026-10-05T00:15:55,idle,external-clickhouse,clickhouse/clickhouse-server:latest,6.37,"1.163GiB / 7.737GiB"
1791126955,2026-10-05T00:15:55,idle,external-kafka,apache/kafka:latest,2.07,"1.081GiB / 7.737GiB"
1791126963,2026-10-05T00:16:03,idle,external-clickhouse,clickhouse/clickhouse-server:latest,1.98,"1.245GiB / 7.737GiB"
1791126963,2026-10-05T00:16:03,idle,external-kafka,apache/kafka:latest,4.12,"1.081GiB / 7.737GiB"
1791126970,2026-10-05T00:16:10,idle,external-clickhouse,clickhouse/clickhouse-server:latest,6.66,"1.192GiB / 7.737GiB"
1791126970,2026-10-05T00:16:10,idle,external-kafka,apache/kafka:latest,1.33,"1.081GiB / 7.737GiB"
1791126977,2026-10-05T00:16:17,idle,external-clickhouse,clickhouse/clickhouse-server:latest,7.86,"1.169GiB / 7.737GiB"
1791126977,2026-10-05T00:16:17,idle,external-kafka,apache/kafka:latest,1.34,"1.081GiB / 7.737GiB"
1791126984,2026-10-05T00:16:24,idle,external-clickhouse,clickhouse/clickhouse-server:latest,11.44,"1.175GiB / 7.737GiB"
1791126984,2026-10-05T00:16:24,idle,external-kafka,apache/kafka:latest,32.71,"1.081GiB / 7.737GiB"
1791126991,2026-10-05T00:16:31,idle,external-clickhouse,clickhouse/clickhouse-server:latest,12.34,"1.17GiB / 7.737GiB"
1791126991,2026-10-05T00:16:31,idle,external-kafka,apache/kafka:latest,1.78,"1.081GiB / 7.737GiB"
1791126999,2026-10-05T00:16:39,idle,external-clickhouse,clickhouse/clickhouse-server:latest,37.61,"1.25GiB / 7.737GiB"
1791126999,2026-10-05T00:16:39,idle,external-kafka,apache/kafka:latest,1.35,"1.081GiB / 7.737GiB"
1791127006,2026-10-05T00:16:46,idle,external-clickhouse,clickhouse/clickhouse-server:latest,12.73,"1.193GiB / 7.737GiB"
1791127006,2026-10-05T00:16:46,idle,external-kafka,apache/kafka:latest,27.10,"1.114GiB / 7.737GiB"
1791127013,2026-10-05T00:16:53,idle,external-clickhouse,clickhouse/clickhouse-server:latest,13.38,"1.177GiB / 7.737GiB"
1791127013,2026-10-05T00:16:53,idle,external-kafka,apache/kafka:latest,1.38,"1.081GiB / 7.737GiB"
1791127020,2026-10-05T00:17:00,idle,external-clickhouse,clickhouse/clickhouse-server:latest,8.41,"1.172GiB / 7.737GiB"
1791127020,2026-10-05T00:17:00,idle,external-kafka,apache/kafka:latest,1.51,"1.081GiB / 7.737GiB"
1791127027,2026-10-05T00:17:07,idle,external-clickhouse,clickhouse/clickhouse-server:latest,3.08,"1.172GiB / 7.737GiB"
1791127027,2026-10-05T00:17:07,idle,external-kafka,apache/kafka:latest,115.35,"1.165GiB / 7.737GiB"
1791127034,2026-10-05T00:17:14,idle,external-clickhouse,clickhouse/clickhouse-server:latest,5.96,"1.166GiB / 7.737GiB"
1791127034,2026-10-05T00:17:14,idle,external-kafka,apache/kafka:latest,1.07,"1.081GiB / 7.737GiB"
1791127042,2026-10-05T00:17:22,idle,external-clickhouse,clickhouse/clickhouse-server:latest,24.95,"1.193GiB / 7.737GiB"
1791127042,2026-10-05T00:17:22,idle,external-kafka,apache/kafka:latest,2.08,"1.081GiB / 7.737GiB"
1791127049,2026-10-05T00:17:29,idle,external-clickhouse,clickhouse/clickhouse-server:latest,8.25,"1.175GiB / 7.737GiB"
1791127049,2026-10-05T00:17:29,idle,external-kafka,apache/kafka:latest,52.46,"1.121GiB / 7.737GiB"
1791127056,2026-10-05T00:17:36,idle,external-clickhouse,clickhouse/clickhouse-server:latest,6.62,"1.179GiB / 7.737GiB"
1791127056,2026-10-05T00:17:36,idle,external-kafka,apache/kafka:latest,1.69,"1.081GiB / 7.737GiB"
1791127063,2026-10-05T00:17:43,idle,external-clickhouse,clickhouse/clickhouse-server:latest,6.11,"1.177GiB / 7.737GiB"
1791127063,2026-10-05T00:17:43,idle,external-kafka,apache/kafka:latest,1.77,"1.081GiB / 7.737GiB"
1791127070,2026-10-05T00:17:50,idle,external-clickhouse,clickhouse/clickhouse-server:latest,14.00,"1.178GiB / 7.737GiB"
1791127070,2026-10-05T00:17:50,idle,external-kafka,apache/kafka:latest,1.99,"1.081GiB / 7.737GiB"
1791127078,2026-10-05T00:17:58,idle,external-clickhouse,clickhouse/clickhouse-server:latest,5.80,"1.249GiB / 7.737GiB"
1791127078,2026-10-05T00:17:58,idle,external-kafka,apache/kafka:latest,1.64,"1.081GiB / 7.737GiB"
1791127085,2026-10-05T00:18:05,idle,external-clickhouse,clickhouse/clickhouse-server:latest,5.15,"1.195GiB / 7.737GiB"
1791127085,2026-10-05T00:18:05,idle,external-kafka,apache/kafka:latest,1.93,"1.081GiB / 7.737GiB"
1791127092,2026-10-05T00:18:12,idle,external-clickhouse,clickhouse/clickhouse-server:latest,6.53,"1.182GiB / 7.737GiB"
1791127092,2026-10-05T00:18:12,idle,external-kafka,apache/kafka:latest,1.70,"1.081GiB / 7.737GiB"
1791127099,2026-10-05T00:18:19,idle,external-clickhouse,clickhouse/clickhouse-server:latest,3.21,"1.186GiB / 7.737GiB"
1791127099,2026-10-05T00:18:19,idle,external-kafka,apache/kafka:latest,1.80,"1.081GiB / 7.737GiB"
1791127106,2026-10-05T00:18:26,idle,external-clickhouse,clickhouse/clickhouse-server:latest,5.01,"1.187GiB / 7.737GiB"
1791127106,2026-10-05T00:18:26,idle,external-kafka,apache/kafka:latest,1.72,"1.081GiB / 7.737GiB"
1791127114,2026-10-05T00:18:34,idle,external-clickhouse,clickhouse/clickhouse-server:latest,29.16,"1.27GiB / 7.737GiB"
1791127114,2026-10-05T00:18:34,idle,external-kafka,apache/kafka:latest,1.76,"1.081GiB / 7.737GiB"
1791127121,2026-10-05T00:18:41,idle,external-clickhouse,clickhouse/clickhouse-server:latest,10.95,"1.199GiB / 7.737GiB"
1791127121,2026-10-05T00:18:41,idle,external-kafka,apache/kafka:latest,1.40,"1.081GiB / 7.737GiB"
1791127128,2026-10-05T00:18:48,idle,external-clickhouse,clickhouse/clickhouse-server:latest,4.45,"1.198GiB / 7.737GiB"
1791127128,2026-10-05T00:18:48,idle,external-kafka,apache/kafka:latest,1.74,"1.081GiB / 7.737GiB"
1791127135,2026-10-05T00:18:55,idle,external-clickhouse,clickhouse/clickhouse-server:latest,13.00,"1.197GiB / 7.737GiB"
1791127135,2026-10-05T00:18:55,idle,external-kafka,apache/kafka:latest,1.84,"1.081GiB / 7.737GiB"
1791127142,2026-10-05T00:19:02,idle,external-clickhouse,clickhouse/clickhouse-server:latest,11.74,"1.202GiB / 7.737GiB"
1791127142,2026-10-05T00:19:02,idle,external-kafka,apache/kafka:latest,1.40,"1.081GiB / 7.737GiB"
1791127150,2026-10-05T00:19:10,idle,external-clickhouse,clickhouse/clickhouse-server:latest,4.16,"1.19GiB / 7.737GiB"
1791127150,2026-10-05T00:19:10,idle,external-kafka,apache/kafka:latest,2.82,"1.081GiB / 7.737GiB"
1791127157,2026-10-05T00:19:17,idle,external-clickhouse,clickhouse/clickhouse-server:latest,5.51,"1.235GiB / 7.737GiB"
1791127157,2026-10-05T00:19:17,idle,external-kafka,apache/kafka:latest,2.23,"1.081GiB / 7.737GiB"
1791127164,2026-10-05T00:19:24,idle,external-clickhouse,clickhouse/clickhouse-server:latest,5.12,"1.229GiB / 7.737GiB"
1791127164,2026-10-05T00:19:24,idle,external-kafka,apache/kafka:latest,1.59,"1.081GiB / 7.737GiB"
1791127171,2026-10-05T00:19:31,idle,external-clickhouse,clickhouse/clickhouse-server:latest,6.40,"1.202GiB / 7.737GiB"
1791127171,2026-10-05T00:19:31,idle,external-kafka,apache/kafka:latest,78.28,"1.081GiB / 7.737GiB"
1791127178,2026-10-05T00:19:38,idle,external-clickhouse,clickhouse/clickhouse-server:latest,4.74,"1.209GiB / 7.737GiB"
1791127178,2026-10-05T00:19:38,idle,external-kafka,apache/kafka:latest,1.58,"1.081GiB / 7.737GiB"
1791127185,2026-10-05T00:19:45,idle,external-clickhouse,clickhouse/clickhouse-server:latest,5.60,"1.209GiB / 7.737GiB"
1791127185,2026-10-05T00:19:45,idle,external-kafka,apache/kafka:latest,1.61,"1.081GiB / 7.737GiB"
1791127193,2026-10-05T00:19:53,idle,external-clickhouse,clickhouse/clickhouse-server:latest,9.64,"1.277GiB / 7.737GiB"
1791127193,2026-10-05T00:19:53,idle,external-kafka,apache/kafka:latest,1.61,"1.081GiB / 7.737GiB"
1791127200,2026-10-05T00:20:00,idle,external-clickhouse,clickhouse/clickhouse-server:latest,3.90,"1.217GiB / 7.737GiB"
1791127200,2026-10-05T00:20:00,idle,external-kafka,apache/kafka:latest,1.74,"1.081GiB / 7.737GiB"
1791127207,2026-10-05T00:20:07,idle,external-clickhouse,clickhouse/clickhouse-server:latest,9.00,"1.228GiB / 7.737GiB"
1791127207,2026-10-05T00:20:07,idle,external-kafka,apache/kafka:latest,1.84,"1.081GiB / 7.737GiB"
1791127214,2026-10-05T00:20:14,idle,external-clickhouse,clickhouse/clickhouse-server:latest,8.59,"1.233GiB / 7.737GiB"
1791127214,2026-10-05T00:20:14,idle,external-kafka,apache/kafka:latest,99.71,"1.164GiB / 7.737GiB"
1791127221,2026-10-05T00:20:21,idle,external-clickhouse,clickhouse/clickhouse-server:latest,6.95,"1.217GiB / 7.737GiB"
1791127221,2026-10-05T00:20:21,idle,external-kafka,apache/kafka:latest,1.53,"1.081GiB / 7.737GiB"
1791127228,2026-10-05T00:20:28,idle,external-clickhouse,clickhouse/clickhouse-server:latest,4.61,"1.298GiB / 7.737GiB"
1791127228,2026-10-05T00:20:28,idle,external-kafka,apache/kafka:latest,1.29,"1.081GiB / 7.737GiB"
1791127236,2026-10-05T00:20:36,idle,external-clickhouse,clickhouse/clickhouse-server:latest,5.93,"1.223GiB / 7.737GiB"
1791127236,2026-10-05T00:20:36,idle,external-kafka,apache/kafka:latest,99.13,"1.162GiB / 7.737GiB"
1791127243,2026-10-05T00:20:43,idle,external-clickhouse,clickhouse/clickhouse-server:latest,4.29,"1.229GiB / 7.737GiB"
1791127243,2026-10-05T00:20:43,idle,external-kafka,apache/kafka:latest,1.83,"1.081GiB / 7.737GiB"
1791127250,2026-10-05T00:20:50,idle,external-clickhouse,clickhouse/clickhouse-server:latest,4.84,"1.22GiB / 7.737GiB"
1791127250,2026-10-05T00:20:50,idle,external-kafka,apache/kafka:latest,1.07,"1.081GiB / 7.737GiB"
1791127257,2026-10-05T00:20:57,idle,external-clickhouse,clickhouse/clickhouse-server:latest,13.22,"1.234GiB / 7.737GiB"
1791127257,2026-10-05T00:20:57,idle,external-kafka,apache/kafka:latest,51.81,"1.081GiB / 7.737GiB"
1791127264,2026-10-05T00:21:04,idle,external-clickhouse,clickhouse/clickhouse-server:latest,14.98,"1.236GiB / 7.737GiB"
1791127264,2026-10-05T00:21:04,idle,external-kafka,apache/kafka:latest,1.29,"1.081GiB / 7.737GiB"
1791127272,2026-10-05T00:21:12,idle,external-clickhouse,clickhouse/clickhouse-server:latest,13.32,"1.255GiB / 7.737GiB"
1791127272,2026-10-05T00:21:12,idle,external-kafka,apache/kafka:latest,1.69,"1.081GiB / 7.737GiB"
1791127279,2026-10-05T00:21:19,idle,external-clickhouse,clickhouse/clickhouse-server:latest,12.26,"1.241GiB / 7.737GiB"
1791127279,2026-10-05T00:21:19,idle,external-kafka,apache/kafka:latest,19.44,"1.103GiB / 7.737GiB"
1791127286,2026-10-05T00:21:26,idle,external-clickhouse,clickhouse/clickhouse-server:latest,4.59,"1.239GiB / 7.737GiB"
1791127286,2026-10-05T00:21:26,idle,external-kafka,apache/kafka:latest,1.51,"1.081GiB / 7.737GiB"
1791127293,2026-10-05T00:21:33,idle,external-clickhouse,clickhouse/clickhouse-server:latest,5.12,"1.24GiB / 7.737GiB"
1791127293,2026-10-05T00:21:33,idle,external-kafka,apache/kafka:latest,2.36,"1.081GiB / 7.737GiB"
1791127300,2026-10-05T00:21:40,idle,external-clickhouse,clickhouse/clickhouse-server:latest,9.41,"1.239GiB / 7.737GiB"
1791127300,2026-10-05T00:21:40,idle,external-kafka,apache/kafka:latest,1.20,"1.081GiB / 7.737GiB"
1791127308,2026-10-05T00:21:48,idle,external-clickhouse,clickhouse/clickhouse-server:latest,6.58,"1.316GiB / 7.737GiB"
1791127308,2026-10-05T00:21:48,idle,external-kafka,apache/kafka:latest,1.73,"1.081GiB / 7.737GiB"
1791127315,2026-10-05T00:21:55,idle,external-clickhouse,clickhouse/clickhouse-server:latest,14.20,"1.245GiB / 7.737GiB"
1791127315,2026-10-05T00:21:55,idle,external-kafka,apache/kafka:latest,1.67,"1.081GiB / 7.737GiB"
1791127322,2026-10-05T00:22:02,idle,external-clickhouse,clickhouse/clickhouse-server:latest,16.51,"1.248GiB / 7.737GiB"
1791127322,2026-10-05T00:22:02,idle,external-kafka,apache/kafka:latest,2.30,"1.081GiB / 7.737GiB"
1791127329,2026-10-05T00:22:09,idle,external-clickhouse,clickhouse/clickhouse-server:latest,5.13,"1.257GiB / 7.737GiB"
1791127329,2026-10-05T00:22:09,idle,external-kafka,apache/kafka:latest,1.07,"1.081GiB / 7.737GiB"
1791127336,2026-10-05T00:22:16,idle,external-clickhouse,clickhouse/clickhouse-server:latest,13.40,"1.262GiB / 7.737GiB"
1791127336,2026-10-05T00:22:16,idle,external-kafka,apache/kafka:latest,0.98,"1.081GiB / 7.737GiB"
1791127343,2026-10-05T00:22:23,idle,external-clickhouse,clickhouse/clickhouse-server:latest,3.84,"1.318GiB / 7.737GiB"
1791127343,2026-10-05T00:22:23,idle,external-kafka,apache/kafka:latest,1.47,"1.081GiB / 7.737GiB"
1791127351,2026-10-05T00:22:31,idle,external-clickhouse,clickhouse/clickhouse-server:latest,3.65,"1.269GiB / 7.737GiB"
1791127351,2026-10-05T00:22:31,idle,external-kafka,apache/kafka:latest,1.41,"1.081GiB / 7.737GiB"
1791127358,2026-10-05T00:22:38,idle,external-clickhouse,clickhouse/clickhouse-server:latest,8.80,"1.273GiB / 7.737GiB"
1791127358,2026-10-05T00:22:38,idle,external-kafka,apache/kafka:latest,1.45,"1.081GiB / 7.737GiB"
1791127365,2026-10-05T00:22:45,idle,external-clickhouse,clickhouse/clickhouse-server:latest,6.92,"1.273GiB / 7.737GiB"
1791127365,2026-10-05T00:22:45,idle,external-kafka,apache/kafka:latest,0.98,"1.081GiB / 7.737GiB"
1791127372,2026-10-05T00:22:52,idle,external-clickhouse,clickhouse/clickhouse-server:latest,10.40,"1.278GiB / 7.737GiB"
1791127372,2026-10-05T00:22:52,idle,external-kafka,apache/kafka:latest,1.52,"1.081GiB / 7.737GiB"
1791127379,2026-10-05T00:22:59,idle,external-clickhouse,clickhouse/clickhouse-server:latest,16.85,"1.358GiB / 7.737GiB"
1791127379,2026-10-05T00:22:59,idle,external-kafka,apache/kafka:latest,1.29,"1.081GiB / 7.737GiB"
1791127386,2026-10-05T00:23:06,idle,external-clickhouse,clickhouse/clickhouse-server:latest,7.52,"1.274GiB / 7.737GiB"
1791127386,2026-10-05T00:23:06,idle,external-kafka,apache/kafka:latest,1.42,"1.081GiB / 7.737GiB"
1791127394,2026-10-05T00:23:14,idle,external-clickhouse,clickhouse/clickhouse-server:latest,7.25,"1.281GiB / 7.737GiB"
1791127394,2026-10-05T00:23:14,idle,external-kafka,apache/kafka:latest,1.28,"1.081GiB / 7.737GiB"
1791127401,2026-10-05T00:23:21,idle,external-clickhouse,clickhouse/clickhouse-server:latest,9.41,"1.286GiB / 7.737GiB"
1791127401,2026-10-05T00:23:21,idle,external-kafka,apache/kafka:latest,1.52,"1.081GiB / 7.737GiB"
1791127408,2026-10-05T00:23:28,idle,external-clickhouse,clickhouse/clickhouse-server:latest,6.76,"1.286GiB / 7.737GiB"
1791127408,2026-10-05T00:23:28,idle,external-kafka,apache/kafka:latest,1.64,"1.081GiB / 7.737GiB"
1791127415,2026-10-05T00:23:35,idle,external-clickhouse,clickhouse/clickhouse-server:latest,36.15,"1.358GiB / 7.737GiB"
1791127415,2026-10-05T00:23:35,idle,external-kafka,apache/kafka:latest,2.08,"1.081GiB / 7.737GiB"
1791127422,2026-10-05T00:23:42,idle,external-clickhouse,clickhouse/clickhouse-server:latest,6.29,"1.347GiB / 7.737GiB"
1791127422,2026-10-05T00:23:42,idle,external-kafka,apache/kafka:latest,3.83,"1.081GiB / 7.737GiB"
1791127429,2026-10-05T00:23:49,idle,external-clickhouse,clickhouse/clickhouse-server:latest,4.37,"1.288GiB / 7.737GiB"
1791127429,2026-10-05T00:23:49,idle,external-kafka,apache/kafka:latest,1.24,"1.081GiB / 7.737GiB"
1791127437,2026-10-05T00:23:57,idle,external-clickhouse,clickhouse/clickhouse-server:latest,6.27,"1.294GiB / 7.737GiB"
1791127437,2026-10-05T00:23:57,idle,external-kafka,apache/kafka:latest,2.20,"1.081GiB / 7.737GiB"
1791127444,2026-10-05T00:24:04,idle,external-clickhouse,clickhouse/clickhouse-server:latest,4.95,"1.289GiB / 7.737GiB"
1791127444,2026-10-05T00:24:04,idle,external-kafka,apache/kafka:latest,18.22,"1.081GiB / 7.737GiB"
1791127451,2026-10-05T00:24:11,idle,external-clickhouse,clickhouse/clickhouse-server:latest,5.13,"1.3GiB / 7.737GiB"
1791127451,2026-10-05T00:24:11,idle,external-kafka,apache/kafka:latest,1.86,"1.081GiB / 7.737GiB"
1791127458,2026-10-05T00:24:18,idle,external-clickhouse,clickhouse/clickhouse-server:latest,9.50,"1.341GiB / 7.737GiB"
1791127458,2026-10-05T00:24:18,idle,external-kafka,apache/kafka:latest,1.66,"1.081GiB / 7.737GiB"
1791127465,2026-10-05T00:24:25,idle,external-clickhouse,clickhouse/clickhouse-server:latest,8.47,"1.313GiB / 7.737GiB"
1791127465,2026-10-05T00:24:25,idle,external-kafka,apache/kafka:latest,55.59,"1.081GiB / 7.737GiB"
1791127472,2026-10-05T00:24:32,idle,external-clickhouse,clickhouse/clickhouse-server:latest,6.57,"1.316GiB / 7.737GiB"
1791127472,2026-10-05T00:24:32,idle,external-kafka,apache/kafka:latest,2.13,"1.081GiB / 7.737GiB"
1791127480,2026-10-05T00:24:40,idle,external-clickhouse,clickhouse/clickhouse-server:latest,3.00,"1.303GiB / 7.737GiB"
1791127480,2026-10-05T00:24:40,idle,external-kafka,apache/kafka:latest,1.55,"1.081GiB / 7.737GiB"
1791127487,2026-10-05T00:24:47,idle,external-clickhouse,clickhouse/clickhouse-server:latest,2.44,"1.303GiB / 7.737GiB"
1791127487,2026-10-05T00:24:47,idle,external-kafka,apache/kafka:latest,1.76,"1.081GiB / 7.737GiB"
1791127494,2026-10-05T00:24:54,idle,external-clickhouse,clickhouse/clickhouse-server:latest,33.75,"1.369GiB / 7.737GiB"
1791127494,2026-10-05T00:24:54,idle,external-kafka,apache/kafka:latest,2.06,"1.081GiB / 7.737GiB"
1791127501,2026-10-05T00:25:01,idle,external-clickhouse,clickhouse/clickhouse-server:latest,5.48,"1.315GiB / 7.737GiB"
1791127501,2026-10-05T00:25:01,idle,external-kafka,apache/kafka:latest,1.79,"1.081GiB / 7.737GiB"
1791127509,2026-10-05T00:25:09,idle,external-clickhouse,clickhouse/clickhouse-server:latest,3.65,"1.291GiB / 7.737GiB"
1791127509,2026-10-05T00:25:09,idle,external-kafka,apache/kafka:latest,114.83,"1.163GiB / 7.737GiB"
1791127516,2026-10-05T00:25:16,idle,external-clickhouse,clickhouse/clickhouse-server:latest,5.41,"1.303GiB / 7.737GiB"
1791127516,2026-10-05T00:25:16,idle,external-kafka,apache/kafka:latest,1.50,"1.081GiB / 7.737GiB"
1791127523,2026-10-05T00:25:23,idle,external-clickhouse,clickhouse/clickhouse-server:latest,9.26,"1.302GiB / 7.737GiB"
1791127523,2026-10-05T00:25:23,idle,external-kafka,apache/kafka:latest,1.58,"1.081GiB / 7.737GiB"
1791127530,2026-10-05T00:25:30,idle,external-clickhouse,clickhouse/clickhouse-server:latest,7.44,"1.394GiB / 7.737GiB"
1791127530,2026-10-05T00:25:30,idle,external-kafka,apache/kafka:latest,2.57,"1.082GiB / 7.737GiB"
1791127537,2026-10-05T00:25:37,idle,external-clickhouse,clickhouse/clickhouse-server:latest,11.32,"1.304GiB / 7.737GiB"
1791127537,2026-10-05T00:25:37,idle,external-kafka,apache/kafka:latest,1.70,"1.081GiB / 7.737GiB"
1791127545,2026-10-05T00:25:45,idle,external-clickhouse,clickhouse/clickhouse-server:latest,19.03,"1.307GiB / 7.737GiB"
1791127545,2026-10-05T00:25:45,idle,external-kafka,apache/kafka:latest,1.71,"1.081GiB / 7.737GiB"
1791127552,2026-10-05T00:25:52,idle,external-clickhouse,clickhouse/clickhouse-server:latest,5.92,"1.302GiB / 7.737GiB"
1791127552,2026-10-05T00:25:52,idle,external-kafka,apache/kafka:latest,103.09,"1.166GiB / 7.737GiB"
1791127559,2026-10-05T00:25:59,idle,external-clickhouse,clickhouse/clickhouse-server:latest,11.07,"1.298GiB / 7.737GiB"
1791127559,2026-10-05T00:25:59,idle,external-kafka,apache/kafka:latest,2.25,"1.081GiB / 7.737GiB"
1791127566,2026-10-05T00:26:06,idle,external-clickhouse,clickhouse/clickhouse-server:latest,4.85,"1.3GiB / 7.737GiB"
1791127566,2026-10-05T00:26:06,idle,external-kafka,apache/kafka:latest,2.07,"1.081GiB / 7.737GiB"
1791127573,2026-10-05T00:26:13,idle,external-clickhouse,clickhouse/clickhouse-server:latest,3.87,"1.354GiB / 7.737GiB"
1791127573,2026-10-05T00:26:13,idle,external-kafka,apache/kafka:latest,1.85,"1.081GiB / 7.737GiB"
1791127580,2026-10-05T00:26:20,idle,external-clickhouse,clickhouse/clickhouse-server:latest,3.68,"1.299GiB / 7.737GiB"
1791127580,2026-10-05T00:26:20,idle,external-kafka,apache/kafka:latest,2.53,"1.081GiB / 7.737GiB"
1791127588,2026-10-05T00:26:28,idle,external-clickhouse,clickhouse/clickhouse-server:latest,12.71,"1.301GiB / 7.737GiB"
1791127588,2026-10-05T00:26:28,idle,external-kafka,apache/kafka:latest,1.35,"1.081GiB / 7.737GiB"
1791127595,2026-10-05T00:26:35,idle,external-clickhouse,clickhouse/clickhouse-server:latest,5.05,"1.31GiB / 7.737GiB"
1791127595,2026-10-05T00:26:35,idle,external-kafka,apache/kafka:latest,82.69,"1.151GiB / 7.737GiB"
1791127602,2026-10-05T00:26:42,idle,external-clickhouse,clickhouse/clickhouse-server:latest,17.47,"1.308GiB / 7.737GiB"
1791127602,2026-10-05T00:26:42,idle,external-kafka,apache/kafka:latest,1.66,"1.081GiB / 7.737GiB"
1791127609,2026-10-05T00:26:49,idle,external-clickhouse,clickhouse/clickhouse-server:latest,4.57,"1.388GiB / 7.737GiB"
1791127609,2026-10-05T00:26:49,idle,external-kafka,apache/kafka:latest,1.12,"1.081GiB / 7.737GiB"
1791127616,2026-10-05T00:26:56,idle,external-clickhouse,clickhouse/clickhouse-server:latest,3.87,"1.329GiB / 7.737GiB"
1791127616,2026-10-05T00:26:56,idle,external-kafka,apache/kafka:latest,39.69,"1.126GiB / 7.737GiB"
1791127623,2026-10-05T00:27:03,idle,external-clickhouse,clickhouse/clickhouse-server:latest,16.13,"1.334GiB / 7.737GiB"
1791127623,2026-10-05T00:27:03,idle,external-kafka,apache/kafka:latest,1.76,"1.081GiB / 7.737GiB"
1791127631,2026-10-05T00:27:11,idle,external-clickhouse,clickhouse/clickhouse-server:latest,12.16,"1.331GiB / 7.737GiB"
1791127631,2026-10-05T00:27:11,idle,external-kafka,apache/kafka:latest,1.65,"1.081GiB / 7.737GiB"
1791127638,2026-10-05T00:27:18,idle,external-clickhouse,clickhouse/clickhouse-server:latest,6.20,"1.33GiB / 7.737GiB"
1791127638,2026-10-05T00:27:18,idle,external-kafka,apache/kafka:latest,1.55,"1.081GiB / 7.737GiB"
1791127645,2026-10-05T00:27:25,idle,external-clickhouse,clickhouse/clickhouse-server:latest,5.23,"1.418GiB / 7.737GiB"
1791127645,2026-10-05T00:27:25,idle,external-kafka,apache/kafka:latest,1.56,"1.081GiB / 7.737GiB"
1791127652,2026-10-05T00:27:32,idle,external-clickhouse,clickhouse/clickhouse-server:latest,7.37,"1.344GiB / 7.737GiB"
1791127652,2026-10-05T00:27:32,idle,external-kafka,apache/kafka:latest,1.54,"1.081GiB / 7.737GiB"
1791127659,2026-10-05T00:27:39,idle,external-clickhouse,clickhouse/clickhouse-server:latest,3.35,"1.349GiB / 7.737GiB"
1791127659,2026-10-05T00:27:39,idle,external-kafka,apache/kafka:latest,1.20,"1.081GiB / 7.737GiB"
1791127667,2026-10-05T00:27:47,idle,external-clickhouse,clickhouse/clickhouse-server:latest,5.59,"1.345GiB / 7.737GiB"
1791127667,2026-10-05T00:27:47,idle,external-kafka,apache/kafka:latest,1.98,"1.081GiB / 7.737GiB"
1791127674,2026-10-05T00:27:54,idle,external-clickhouse,clickhouse/clickhouse-server:latest,14.89,"1.353GiB / 7.737GiB"
1791127674,2026-10-05T00:27:54,idle,external-kafka,apache/kafka:latest,1.41,"1.081GiB / 7.737GiB"
1791127681,2026-10-05T00:28:01,idle,external-clickhouse,clickhouse/clickhouse-server:latest,29.63,"1.434GiB / 7.737GiB"
1791127681,2026-10-05T00:28:01,idle,external-kafka,apache/kafka:latest,1.56,"1.081GiB / 7.737GiB"
1791127688,2026-10-05T00:28:08,idle,external-clickhouse,clickhouse/clickhouse-server:latest,18.13,"1.356GiB / 7.737GiB"
1791127688,2026-10-05T00:28:08,idle,external-kafka,apache/kafka:latest,1.65,"1.081GiB / 7.737GiB"
1791127695,2026-10-05T00:28:15,idle,external-clickhouse,clickhouse/clickhouse-server:latest,15.11,"1.362GiB / 7.737GiB"
1791127695,2026-10-05T00:28:15,idle,external-kafka,apache/kafka:latest,13.85,"1.081GiB / 7.737GiB"
1791127702,2026-10-05T00:28:22,idle,external-clickhouse,clickhouse/clickhouse-server:latest,9.38,"1.354GiB / 7.737GiB"
1791127702,2026-10-05T00:28:22,idle,external-kafka,apache/kafka:latest,1.35,"1.081GiB / 7.737GiB"
1791127710,2026-10-05T00:28:30,idle,external-clickhouse,clickhouse/clickhouse-server:latest,4.47,"1.352GiB / 7.737GiB"
1791127710,2026-10-05T00:28:30,idle,external-kafka,apache/kafka:latest,1.25,"1.081GiB / 7.737GiB"
1791127717,2026-10-05T00:28:37,idle,external-clickhouse,clickhouse/clickhouse-server:latest,7.02,"1.354GiB / 7.737GiB"
1791127717,2026-10-05T00:28:37,idle,external-kafka,apache/kafka:latest,65.67,"1.081GiB / 7.737GiB"
1791127724,2026-10-05T00:28:44,idle,external-clickhouse,clickhouse/clickhouse-server:latest,7.40,"1.36GiB / 7.737GiB"
1791127724,2026-10-05T00:28:44,idle,external-kafka,apache/kafka:latest,1.80,"1.081GiB / 7.737GiB"
1791127731,2026-10-05T00:28:51,idle,external-clickhouse,clickhouse/clickhouse-server:latest,5.18,"1.362GiB / 7.737GiB"
1791127731,2026-10-05T00:28:51,idle,external-kafka,apache/kafka:latest,2.09,"1.081GiB / 7.737GiB"
1791127738,2026-10-05T00:28:58,idle,external-clickhouse,clickhouse/clickhouse-server:latest,4.95,"1.361GiB / 7.737GiB"
1791127738,2026-10-05T00:28:58,idle,external-kafka,apache/kafka:latest,106.42,"1.081GiB / 7.737GiB"
1791127745,2026-10-05T00:29:05,idle,external-clickhouse,clickhouse/clickhouse-server:latest,5.01,"1.369GiB / 7.737GiB"
1791127745,2026-10-05T00:29:05,idle,external-kafka,apache/kafka:latest,2.13,"1.081GiB / 7.737GiB"
1791127753,2026-10-05T00:29:13,idle,external-clickhouse,clickhouse/clickhouse-server:latest,6.91,"1.366GiB / 7.737GiB"
1791127753,2026-10-05T00:29:13,idle,external-kafka,apache/kafka:latest,2.20,"1.081GiB / 7.737GiB"
1791127760,2026-10-05T00:29:20,idle,external-clickhouse,clickhouse/clickhouse-server:latest,4.76,"1.391GiB / 7.737GiB"
1791127760,2026-10-05T00:29:20,idle,external-kafka,apache/kafka:latest,153.11,"1.147GiB / 7.737GiB"
1791127767,2026-10-05T00:29:27,idle,external-clickhouse,clickhouse/clickhouse-server:latest,4.81,"1.385GiB / 7.737GiB"
1791127767,2026-10-05T00:29:27,idle,external-kafka,apache/kafka:latest,2.07,"1.081GiB / 7.737GiB"
1791127774,2026-10-05T00:29:34,idle,external-clickhouse,clickhouse/clickhouse-server:latest,14.98,"1.375GiB / 7.737GiB"
1791127774,2026-10-05T00:29:34,idle,external-kafka,apache/kafka:latest,1.38,"1.081GiB / 7.737GiB"
1791127781,2026-10-05T00:29:41,idle,external-clickhouse,clickhouse/clickhouse-server:latest,2.59,"1.339GiB / 7.737GiB"
1791127781,2026-10-05T00:29:41,idle,external-kafka,apache/kafka:latest,2.38,"1.082GiB / 7.737GiB"
1791127789,2026-10-05T00:29:49,idle,external-clickhouse,clickhouse/clickhouse-server:latest,4.15,"1.319GiB / 7.737GiB"
1791127789,2026-10-05T00:29:49,idle,external-kafka,apache/kafka:latest,2.18,"1.081GiB / 7.737GiB"
1791127796,2026-10-05T00:29:56,idle,external-clickhouse,clickhouse/clickhouse-server:latest,18.58,"1.395GiB / 7.737GiB"
1791127796,2026-10-05T00:29:56,idle,external-kafka,apache/kafka:latest,2.08,"1.081GiB / 7.737GiB"
1791127803,2026-10-05T00:30:03,idle,external-clickhouse,clickhouse/clickhouse-server:latest,3.14,"1.322GiB / 7.737GiB"
1791127803,2026-10-05T00:30:03,idle,external-kafka,apache/kafka:latest,1.37,"1.081GiB / 7.737GiB"
1791127810,2026-10-05T00:30:10,idle,external-clickhouse,clickhouse/clickhouse-server:latest,4.90,"1.323GiB / 7.737GiB"
1791127810,2026-10-05T00:30:10,idle,external-kafka,apache/kafka:latest,1.62,"1.081GiB / 7.737GiB"
1791127817,2026-10-05T00:30:17,idle,external-clickhouse,clickhouse/clickhouse-server:latest,10.26,"1.329GiB / 7.737GiB"
1791127817,2026-10-05T00:30:17,idle,external-kafka,apache/kafka:latest,1.41,"1.081GiB / 7.737GiB"
1791127824,2026-10-05T00:30:24,idle,external-clickhouse,clickhouse/clickhouse-server:latest,8.09,"1.351GiB / 7.737GiB"
1791127824,2026-10-05T00:30:24,idle,external-kafka,apache/kafka:latest,83.38,"1.156GiB / 7.737GiB"
1791127832,2026-10-05T00:30:32,idle,external-clickhouse,clickhouse/clickhouse-server:latest,10.39,"1.328GiB / 7.737GiB"
1791127832,2026-10-05T00:30:32,idle,external-kafka,apache/kafka:latest,1.57,"1.081GiB / 7.737GiB"
1791127839,2026-10-05T00:30:39,idle,external-clickhouse,clickhouse/clickhouse-server:latest,4.30,"1.327GiB / 7.737GiB"
1791127839,2026-10-05T00:30:39,idle,external-kafka,apache/kafka:latest,1.76,"1.081GiB / 7.737GiB"
1791127846,2026-10-05T00:30:46,idle,external-clickhouse,clickhouse/clickhouse-server:latest,4.47,"1.335GiB / 7.737GiB"
1791127846,2026-10-05T00:30:46,idle,external-kafka,apache/kafka:latest,2.25,"1.081GiB / 7.737GiB"
1791127853,2026-10-05T00:30:53,idle,external-clickhouse,clickhouse/clickhouse-server:latest,12.24,"1.329GiB / 7.737GiB"
1791127853,2026-10-05T00:30:53,idle,external-kafka,apache/kafka:latest,1.64,"1.081GiB / 7.737GiB"
1791127860,2026-10-05T00:31:00,idle,external-clickhouse,clickhouse/clickhouse-server:latest,4.56,"1.324GiB / 7.737GiB"
1791127860,2026-10-05T00:31:00,idle,external-kafka,apache/kafka:latest,1.43,"1.081GiB / 7.737GiB"
1791127867,2026-10-05T00:31:07,idle,external-clickhouse,clickhouse/clickhouse-server:latest,6.00,"1.337GiB / 7.737GiB"
1791127867,2026-10-05T00:31:07,idle,external-kafka,apache/kafka:latest,1.89,"1.081GiB / 7.737GiB"
1791127875,2026-10-05T00:31:15,idle,external-clickhouse,clickhouse/clickhouse-server:latest,5.91,"1.376GiB / 7.737GiB"
1791127875,2026-10-05T00:31:15,idle,external-kafka,apache/kafka:latest,2.52,"1.081GiB / 7.737GiB"
1791127882,2026-10-05T00:31:22,idle,external-clickhouse,clickhouse/clickhouse-server:latest,9.51,"1.334GiB / 7.737GiB"
1791127882,2026-10-05T00:31:22,idle,external-kafka,apache/kafka:latest,2.06,"1.081GiB / 7.737GiB"
1791127889,2026-10-05T00:31:29,Q8TakeoverSoakBenchmark-2,agitated_yalow,apache/kafka:4.3.1,3.04,"300.1MiB / 7.737GiB"
1791127889,2026-10-05T00:31:29,Q8TakeoverSoakBenchmark-2,testcontainers-ryuk-7d29ab0b-80b4-48a4-84f2-ced9913f2af2,testcontainers/ryuk:0.14.0,0.00,"8.852MiB / 7.737GiB"
1791127889,2026-10-05T00:31:29,Q8TakeoverSoakBenchmark-2,external-clickhouse,clickhouse/clickhouse-server:latest,14.45,"1.331GiB / 7.737GiB"
1791127889,2026-10-05T00:31:29,Q8TakeoverSoakBenchmark-2,external-kafka,apache/kafka:latest,1.81,"1.081GiB / 7.737GiB"
1791127889,2026-10-05T00:31:29,Q8TakeoverSoakBenchmark-2,xenodochial_wright,postgres:16,31.50,"25.5MiB / 7.737GiB"
1791127896,2026-10-05T00:31:36,Q8TakeoverSoakBenchmark-2,xenodochial_wright,postgres:16,0.59,"55.17MiB / 7.737GiB"
1791127896,2026-10-05T00:31:36,Q8TakeoverSoakBenchmark-2,agitated_yalow,apache/kafka:4.3.1,20.10,"327.1MiB / 7.737GiB"
1791127896,2026-10-05T00:31:36,Q8TakeoverSoakBenchmark-2,testcontainers-ryuk-7d29ab0b-80b4-48a4-84f2-ced9913f2af2,testcontainers/ryuk:0.14.0,0.04,"8.852MiB / 7.737GiB"
1791127896,2026-10-05T00:31:36,Q8TakeoverSoakBenchmark-2,external-clickhouse,clickhouse/clickhouse-server:latest,15.02,"1.338GiB / 7.737GiB"
1791127896,2026-10-05T00:31:36,Q8TakeoverSoakBenchmark-2,external-kafka,apache/kafka:latest,1.37,"1.081GiB / 7.737GiB"
1791127904,2026-10-05T00:31:44,Q8TakeoverSoakBenchmark-2,xenodochial_wright,postgres:16,0.35,"55.18MiB / 7.737GiB"
1791127904,2026-10-05T00:31:44,Q8TakeoverSoakBenchmark-2,agitated_yalow,apache/kafka:4.3.1,10.90,"323.2MiB / 7.737GiB"
1791127904,2026-10-05T00:31:44,Q8TakeoverSoakBenchmark-2,testcontainers-ryuk-7d29ab0b-80b4-48a4-84f2-ced9913f2af2,testcontainers/ryuk:0.14.0,0.00,"8.852MiB / 7.737GiB"
1791127904,2026-10-05T00:31:44,Q8TakeoverSoakBenchmark-2,external-clickhouse,clickhouse/clickhouse-server:latest,16.54,"1.34GiB / 7.737GiB"
1791127904,2026-10-05T00:31:44,Q8TakeoverSoakBenchmark-2,external-kafka,apache/kafka:latest,1.68,"1.081GiB / 7.737GiB"
1791127911,2026-10-05T00:31:51,Q8TakeoverSoakBenchmark-2,xenodochial_wright,postgres:16,0.46,"55.21MiB / 7.737GiB"
1791127911,2026-10-05T00:31:51,Q8TakeoverSoakBenchmark-2,agitated_yalow,apache/kafka:4.3.1,22.12,"328.4MiB / 7.737GiB"
1791127911,2026-10-05T00:31:51,Q8TakeoverSoakBenchmark-2,testcontainers-ryuk-7d29ab0b-80b4-48a4-84f2-ced9913f2af2,testcontainers/ryuk:0.14.0,0.00,"8.852MiB / 7.737GiB"
1791127911,2026-10-05T00:31:51,Q8TakeoverSoakBenchmark-2,external-clickhouse,clickhouse/clickhouse-server:latest,15.26,"1.411GiB / 7.737GiB"
1791127911,2026-10-05T00:31:51,Q8TakeoverSoakBenchmark-2,external-kafka,apache/kafka:latest,1.46,"1.081GiB / 7.737GiB"
1791127918,2026-10-05T00:31:58,Q8TakeoverSoakBenchmark-2,xenodochial_wright,postgres:16,0.65,"55.44MiB / 7.737GiB"
1791127918,2026-10-05T00:31:58,Q8TakeoverSoakBenchmark-2,agitated_yalow,apache/kafka:4.3.1,20.44,"335.6MiB / 7.737GiB"
1791127918,2026-10-05T00:31:58,Q8TakeoverSoakBenchmark-2,testcontainers-ryuk-7d29ab0b-80b4-48a4-84f2-ced9913f2af2,testcontainers/ryuk:0.14.0,0.00,"8.855MiB / 7.737GiB"
1791127918,2026-10-05T00:31:58,Q8TakeoverSoakBenchmark-2,external-clickhouse,clickhouse/clickhouse-server:latest,13.81,"1.335GiB / 7.737GiB"
1791127918,2026-10-05T00:31:58,Q8TakeoverSoakBenchmark-2,external-kafka,apache/kafka:latest,2.02,"1.081GiB / 7.737GiB"
1791127925,2026-10-05T00:32:05,Q8TakeoverSoakBenchmark-2,xenodochial_wright,postgres:16,1.22,"56.15MiB / 7.737GiB"
1791127925,2026-10-05T00:32:05,Q8TakeoverSoakBenchmark-2,agitated_yalow,apache/kafka:4.3.1,12.05,"340.2MiB / 7.737GiB"
1791127925,2026-10-05T00:32:05,Q8TakeoverSoakBenchmark-2,testcontainers-ryuk-7d29ab0b-80b4-48a4-84f2-ced9913f2af2,testcontainers/ryuk:0.14.0,0.00,"8.855MiB / 7.737GiB"
1791127925,2026-10-05T00:32:05,Q8TakeoverSoakBenchmark-2,external-clickhouse,clickhouse/clickhouse-server:latest,3.62,"1.343GiB / 7.737GiB"
1791127925,2026-10-05T00:32:05,Q8TakeoverSoakBenchmark-2,external-kafka,apache/kafka:latest,0.98,"1.081GiB / 7.737GiB"
1791127933,2026-10-05T00:32:13,Q8TakeoverSoakBenchmark-2,xenodochial_wright,postgres:16,0.57,"56.33MiB / 7.737GiB"
1791127933,2026-10-05T00:32:13,Q8TakeoverSoakBenchmark-2,agitated_yalow,apache/kafka:4.3.1,13.06,"334.9MiB / 7.737GiB"
1791127933,2026-10-05T00:32:13,Q8TakeoverSoakBenchmark-2,testcontainers-ryuk-7d29ab0b-80b4-48a4-84f2-ced9913f2af2,testcontainers/ryuk:0.14.0,0.00,"8.855MiB / 7.737GiB"
1791127933,2026-10-05T00:32:13,Q8TakeoverSoakBenchmark-2,external-clickhouse,clickhouse/clickhouse-server:latest,5.10,"1.346GiB / 7.737GiB"
1791127933,2026-10-05T00:32:13,Q8TakeoverSoakBenchmark-2,external-kafka,apache/kafka:latest,1.88,"1.081GiB / 7.737GiB"
1791127940,2026-10-05T00:32:20,Q8TakeoverSoakBenchmark-2,xenodochial_wright,postgres:16,5.28,"58.15MiB / 7.737GiB"
1791127940,2026-10-05T00:32:20,Q8TakeoverSoakBenchmark-2,agitated_yalow,apache/kafka:4.3.1,12.92,"337.8MiB / 7.737GiB"
1791127940,2026-10-05T00:32:20,Q8TakeoverSoakBenchmark-2,testcontainers-ryuk-7d29ab0b-80b4-48a4-84f2-ced9913f2af2,testcontainers/ryuk:0.14.0,0.00,"8.855MiB / 7.737GiB"
1791127940,2026-10-05T00:32:20,Q8TakeoverSoakBenchmark-2,external-clickhouse,clickhouse/clickhouse-server:latest,4.42,"1.345GiB / 7.737GiB"
1791127940,2026-10-05T00:32:20,Q8TakeoverSoakBenchmark-2,external-kafka,apache/kafka:latest,1.47,"1.081GiB / 7.737GiB"
1791127947,2026-10-05T00:32:27,Q8TakeoverSoakBenchmark-2,xenodochial_wright,postgres:16,0.90,"58.04MiB / 7.737GiB"
1791127947,2026-10-05T00:32:27,Q8TakeoverSoakBenchmark-2,agitated_yalow,apache/kafka:4.3.1,16.95,"344.7MiB / 7.737GiB"
1791127947,2026-10-05T00:32:27,Q8TakeoverSoakBenchmark-2,testcontainers-ryuk-7d29ab0b-80b4-48a4-84f2-ced9913f2af2,testcontainers/ryuk:0.14.0,0.00,"8.855MiB / 7.737GiB"
1791127947,2026-10-05T00:32:27,Q8TakeoverSoakBenchmark-2,external-clickhouse,clickhouse/clickhouse-server:latest,5.17,"1.417GiB / 7.737GiB"
1791127947,2026-10-05T00:32:27,Q8TakeoverSoakBenchmark-2,external-kafka,apache/kafka:latest,1.04,"1.081GiB / 7.737GiB"
1791127954,2026-10-05T00:32:34,Q8TakeoverSoakBenchmark-2,xenodochial_wright,postgres:16,0.65,"58.04MiB / 7.737GiB"
1791127954,2026-10-05T00:32:34,Q8TakeoverSoakBenchmark-2,agitated_yalow,apache/kafka:4.3.1,15.71,"344.8MiB / 7.737GiB"
1791127954,2026-10-05T00:32:34,Q8TakeoverSoakBenchmark-2,testcontainers-ryuk-7d29ab0b-80b4-48a4-84f2-ced9913f2af2,testcontainers/ryuk:0.14.0,0.00,"8.855MiB / 7.737GiB"
1791127954,2026-10-05T00:32:34,Q8TakeoverSoakBenchmark-2,external-clickhouse,clickhouse/clickhouse-server:latest,5.07,"1.354GiB / 7.737GiB"
1791127954,2026-10-05T00:32:34,Q8TakeoverSoakBenchmark-2,external-kafka,apache/kafka:latest,1.48,"1.081GiB / 7.737GiB"
1791127962,2026-10-05T00:32:42,Q8TakeoverSoakBenchmark-2,xenodochial_wright,postgres:16,0.91,"58.69MiB / 7.737GiB"
1791127962,2026-10-05T00:32:42,Q8TakeoverSoakBenchmark-2,agitated_yalow,apache/kafka:4.3.1,14.55,"347.9MiB / 7.737GiB"
1791127962,2026-10-05T00:32:42,Q8TakeoverSoakBenchmark-2,testcontainers-ryuk-7d29ab0b-80b4-48a4-84f2-ced9913f2af2,testcontainers/ryuk:0.14.0,0.00,"8.855MiB / 7.737GiB"
1791127962,2026-10-05T00:32:42,Q8TakeoverSoakBenchmark-2,external-clickhouse,clickhouse/clickhouse-server:latest,5.27,"1.353GiB / 7.737GiB"
1791127962,2026-10-05T00:32:42,Q8TakeoverSoakBenchmark-2,external-kafka,apache/kafka:latest,1.44,"1.081GiB / 7.737GiB"
1791127969,2026-10-05T00:32:49,Q8TakeoverSoakBenchmark-2,xenodochial_wright,postgres:16,0.59,"58.74MiB / 7.737GiB"
1791127969,2026-10-05T00:32:49,Q8TakeoverSoakBenchmark-2,agitated_yalow,apache/kafka:4.3.1,20.62,"356.6MiB / 7.737GiB"
1791127969,2026-10-05T00:32:49,Q8TakeoverSoakBenchmark-2,testcontainers-ryuk-7d29ab0b-80b4-48a4-84f2-ced9913f2af2,testcontainers/ryuk:0.14.0,0.00,"8.855MiB / 7.737GiB"
1791127969,2026-10-05T00:32:49,Q8TakeoverSoakBenchmark-2,external-clickhouse,clickhouse/clickhouse-server:latest,3.22,"1.352GiB / 7.737GiB"
1791127969,2026-10-05T00:32:49,Q8TakeoverSoakBenchmark-2,external-kafka,apache/kafka:latest,1.38,"1.081GiB / 7.737GiB"
1791127976,2026-10-05T00:32:56,Q8TakeoverSoakBenchmark-2,xenodochial_wright,postgres:16,0.80,"58.84MiB / 7.737GiB"
1791127976,2026-10-05T00:32:56,Q8TakeoverSoakBenchmark-2,agitated_yalow,apache/kafka:4.3.1,9.19,"350.3MiB / 7.737GiB"
1791127976,2026-10-05T00:32:56,Q8TakeoverSoakBenchmark-2,testcontainers-ryuk-7d29ab0b-80b4-48a4-84f2-ced9913f2af2,testcontainers/ryuk:0.14.0,0.02,"8.855MiB / 7.737GiB"
1791127976,2026-10-05T00:32:56,Q8TakeoverSoakBenchmark-2,external-clickhouse,clickhouse/clickhouse-server:latest,12.34,"1.359GiB / 7.737GiB"
1791127976,2026-10-05T00:32:56,Q8TakeoverSoakBenchmark-2,external-kafka,apache/kafka:latest,1.56,"1.081GiB / 7.737GiB"
1791127983,2026-10-05T00:33:03,Q8TakeoverSoakBenchmark-2,xenodochial_wright,postgres:16,0.46,"58.89MiB / 7.737GiB"
1791127983,2026-10-05T00:33:03,Q8TakeoverSoakBenchmark-2,agitated_yalow,apache/kafka:4.3.1,12.82,"348.1MiB / 7.737GiB"
1791127983,2026-10-05T00:33:03,Q8TakeoverSoakBenchmark-2,testcontainers-ryuk-7d29ab0b-80b4-48a4-84f2-ced9913f2af2,testcontainers/ryuk:0.14.0,0.00,"8.855MiB / 7.737GiB"
1791127983,2026-10-05T00:33:03,Q8TakeoverSoakBenchmark-2,external-clickhouse,clickhouse/clickhouse-server:latest,30.40,"1.434GiB / 7.737GiB"
1791127983,2026-10-05T00:33:03,Q8TakeoverSoakBenchmark-2,external-kafka,apache/kafka:latest,1.25,"1.081GiB / 7.737GiB"
1791127991,2026-10-05T00:33:11,Q8TakeoverSoakBenchmark-2,xenodochial_wright,postgres:16,1.10,"58.89MiB / 7.737GiB"
1791127991,2026-10-05T00:33:11,Q8TakeoverSoakBenchmark-2,agitated_yalow,apache/kafka:4.3.1,13.65,"357MiB / 7.737GiB"
1791127991,2026-10-05T00:33:11,Q8TakeoverSoakBenchmark-2,testcontainers-ryuk-7d29ab0b-80b4-48a4-84f2-ced9913f2af2,testcontainers/ryuk:0.14.0,0.00,"8.855MiB / 7.737GiB"
1791127991,2026-10-05T00:33:11,Q8TakeoverSoakBenchmark-2,external-clickhouse,clickhouse/clickhouse-server:latest,11.74,"1.386GiB / 7.737GiB"
1791127991,2026-10-05T00:33:11,Q8TakeoverSoakBenchmark-2,external-kafka,apache/kafka:latest,1.15,"1.081GiB / 7.737GiB"
1791127998,2026-10-05T00:33:18,Q8TakeoverSoakBenchmark-2,xenodochial_wright,postgres:16,0.87,"58.91MiB / 7.737GiB"
1791127998,2026-10-05T00:33:18,Q8TakeoverSoakBenchmark-2,agitated_yalow,apache/kafka:4.3.1,10.48,"349.5MiB / 7.737GiB"
1791127998,2026-10-05T00:33:18,Q8TakeoverSoakBenchmark-2,testcontainers-ryuk-7d29ab0b-80b4-48a4-84f2-ced9913f2af2,testcontainers/ryuk:0.14.0,0.00,"8.855MiB / 7.737GiB"
1791127998,2026-10-05T00:33:18,Q8TakeoverSoakBenchmark-2,external-clickhouse,clickhouse/clickhouse-server:latest,10.48,"1.37GiB / 7.737GiB"
1791127998,2026-10-05T00:33:18,Q8TakeoverSoakBenchmark-2,external-kafka,apache/kafka:latest,1.17,"1.081GiB / 7.737GiB"
1791128005,2026-10-05T00:33:25,Q8TakeoverSoakBenchmark-2,xenodochial_wright,postgres:16,0.62,"59MiB / 7.737GiB"
1791128005,2026-10-05T00:33:25,Q8TakeoverSoakBenchmark-2,agitated_yalow,apache/kafka:4.3.1,8.56,"359.9MiB / 7.737GiB"
1791128005,2026-10-05T00:33:25,Q8TakeoverSoakBenchmark-2,testcontainers-ryuk-7d29ab0b-80b4-48a4-84f2-ced9913f2af2,testcontainers/ryuk:0.14.0,0.00,"8.855MiB / 7.737GiB"
1791128005,2026-10-05T00:33:25,Q8TakeoverSoakBenchmark-2,external-clickhouse,clickhouse/clickhouse-server:latest,4.01,"1.363GiB / 7.737GiB"
1791128005,2026-10-05T00:33:25,Q8TakeoverSoakBenchmark-2,external-kafka,apache/kafka:latest,1.36,"1.081GiB / 7.737GiB"
1791128013,2026-10-05T00:33:33,Q8TakeoverSoakBenchmark-2,xenodochial_wright,postgres:16,0.44,"59.03MiB / 7.737GiB"
1791128013,2026-10-05T00:33:33,Q8TakeoverSoakBenchmark-2,agitated_yalow,apache/kafka:4.3.1,18.27,"378.6MiB / 7.737GiB"
1791128013,2026-10-05T00:33:33,Q8TakeoverSoakBenchmark-2,testcontainers-ryuk-7d29ab0b-80b4-48a4-84f2-ced9913f2af2,testcontainers/ryuk:0.14.0,0.00,"8.855MiB / 7.737GiB"
1791128013,2026-10-05T00:33:33,Q8TakeoverSoakBenchmark-2,external-clickhouse,clickhouse/clickhouse-server:latest,4.17,"1.364GiB / 7.737GiB"
1791128013,2026-10-05T00:33:33,Q8TakeoverSoakBenchmark-2,external-kafka,apache/kafka:latest,1.50,"1.081GiB / 7.737GiB"
1791128020,2026-10-05T00:33:40,Q8TakeoverSoakBenchmark-2,xenodochial_wright,postgres:16,2.00,"59.05MiB / 7.737GiB"
1791128020,2026-10-05T00:33:40,Q8TakeoverSoakBenchmark-2,agitated_yalow,apache/kafka:4.3.1,8.72,"387.4MiB / 7.737GiB"
1791128020,2026-10-05T00:33:40,Q8TakeoverSoakBenchmark-2,testcontainers-ryuk-7d29ab0b-80b4-48a4-84f2-ced9913f2af2,testcontainers/ryuk:0.14.0,0.00,"8.855MiB / 7.737GiB"
1791128020,2026-10-05T00:33:40,Q8TakeoverSoakBenchmark-2,external-clickhouse,clickhouse/clickhouse-server:latest,4.91,"1.368GiB / 7.737GiB"
1791128020,2026-10-05T00:33:40,Q8TakeoverSoakBenchmark-2,external-kafka,apache/kafka:latest,1.11,"1.081GiB / 7.737GiB"
1791128027,2026-10-05T00:33:47,Q8TakeoverSoakBenchmark-2,xenodochial_wright,postgres:16,0.80,"59.08MiB / 7.737GiB"
1791128027,2026-10-05T00:33:47,Q8TakeoverSoakBenchmark-2,agitated_yalow,apache/kafka:4.3.1,9.81,"397.6MiB / 7.737GiB"
1791128027,2026-10-05T00:33:47,Q8TakeoverSoakBenchmark-2,testcontainers-ryuk-7d29ab0b-80b4-48a4-84f2-ced9913f2af2,testcontainers/ryuk:0.14.0,0.00,"8.855MiB / 7.737GiB"
1791128027,2026-10-05T00:33:47,Q8TakeoverSoakBenchmark-2,external-clickhouse,clickhouse/clickhouse-server:latest,3.67,"1.379GiB / 7.737GiB"
1791128027,2026-10-05T00:33:47,Q8TakeoverSoakBenchmark-2,external-kafka,apache/kafka:latest,1.19,"1.081GiB / 7.737GiB"
1791128034,2026-10-05T00:33:54,Q8TakeoverSoakBenchmark-2,xenodochial_wright,postgres:16,0.54,"59.12MiB / 7.737GiB"
1791128034,2026-10-05T00:33:54,Q8TakeoverSoakBenchmark-2,agitated_yalow,apache/kafka:4.3.1,10.30,"401.2MiB / 7.737GiB"
1791128034,2026-10-05T00:33:54,Q8TakeoverSoakBenchmark-2,testcontainers-ryuk-7d29ab0b-80b4-48a4-84f2-ced9913f2af2,testcontainers/ryuk:0.14.0,0.00,"8.855MiB / 7.737GiB"
1791128034,2026-10-05T00:33:54,Q8TakeoverSoakBenchmark-2,external-clickhouse,clickhouse/clickhouse-server:latest,3.92,"1.375GiB / 7.737GiB"
1791128034,2026-10-05T00:33:54,Q8TakeoverSoakBenchmark-2,external-kafka,apache/kafka:latest,1.39,"1.081GiB / 7.737GiB"
1791128041,2026-10-05T00:34:01,Q8TakeoverSoakBenchmark-2,xenodochial_wright,postgres:16,0.82,"59.33MiB / 7.737GiB"
1791128041,2026-10-05T00:34:01,Q8TakeoverSoakBenchmark-2,agitated_yalow,apache/kafka:4.3.1,10.59,"412.3MiB / 7.737GiB"
1791128041,2026-10-05T00:34:01,Q8TakeoverSoakBenchmark-2,testcontainers-ryuk-7d29ab0b-80b4-48a4-84f2-ced9913f2af2,testcontainers/ryuk:0.14.0,0.00,"8.855MiB / 7.737GiB"
1791128041,2026-10-05T00:34:01,Q8TakeoverSoakBenchmark-2,external-clickhouse,clickhouse/clickhouse-server:latest,5.02,"1.376GiB / 7.737GiB"
1791128041,2026-10-05T00:34:01,Q8TakeoverSoakBenchmark-2,external-kafka,apache/kafka:latest,1.66,"1.081GiB / 7.737GiB"
1791128049,2026-10-05T00:34:09,Q8TakeoverSoakBenchmark-2,xenodochial_wright,postgres:16,0.48,"59.33MiB / 7.737GiB"
1791128049,2026-10-05T00:34:09,Q8TakeoverSoakBenchmark-2,agitated_yalow,apache/kafka:4.3.1,6.23,"420.8MiB / 7.737GiB"
1791128049,2026-10-05T00:34:09,Q8TakeoverSoakBenchmark-2,testcontainers-ryuk-7d29ab0b-80b4-48a4-84f2-ced9913f2af2,testcontainers/ryuk:0.14.0,0.00,"8.855MiB / 7.737GiB"
1791128049,2026-10-05T00:34:09,Q8TakeoverSoakBenchmark-2,external-clickhouse,clickhouse/clickhouse-server:latest,11.05,"1.374GiB / 7.737GiB"
1791128049,2026-10-05T00:34:09,Q8TakeoverSoakBenchmark-2,external-kafka,apache/kafka:latest,1.17,"1.081GiB / 7.737GiB"
1791128056,2026-10-05T00:34:16,Q8TakeoverSoakBenchmark-2,xenodochial_wright,postgres:16,0.55,"59.36MiB / 7.737GiB"
1791128056,2026-10-05T00:34:16,Q8TakeoverSoakBenchmark-2,agitated_yalow,apache/kafka:4.3.1,8.43,"431.4MiB / 7.737GiB"
1791128056,2026-10-05T00:34:16,Q8TakeoverSoakBenchmark-2,testcontainers-ryuk-7d29ab0b-80b4-48a4-84f2-ced9913f2af2,testcontainers/ryuk:0.14.0,0.00,"8.855MiB / 7.737GiB"
1791128056,2026-10-05T00:34:16,Q8TakeoverSoakBenchmark-2,external-clickhouse,clickhouse/clickhouse-server:latest,7.48,"1.377GiB / 7.737GiB"
1791128056,2026-10-05T00:34:16,Q8TakeoverSoakBenchmark-2,external-kafka,apache/kafka:latest,1.49,"1.081GiB / 7.737GiB"
1791128063,2026-10-05T00:34:23,Q8TakeoverSoakBenchmark-2,xenodochial_wright,postgres:16,0.79,"59.36MiB / 7.737GiB"
1791128063,2026-10-05T00:34:23,Q8TakeoverSoakBenchmark-2,agitated_yalow,apache/kafka:4.3.1,8.39,"441.1MiB / 7.737GiB"
1791128063,2026-10-05T00:34:23,Q8TakeoverSoakBenchmark-2,testcontainers-ryuk-7d29ab0b-80b4-48a4-84f2-ced9913f2af2,testcontainers/ryuk:0.14.0,0.00,"8.855MiB / 7.737GiB"
1791128063,2026-10-05T00:34:23,Q8TakeoverSoakBenchmark-2,external-clickhouse,clickhouse/clickhouse-server:latest,13.03,"1.38GiB / 7.737GiB"
1791128063,2026-10-05T00:34:23,Q8TakeoverSoakBenchmark-2,external-kafka,apache/kafka:latest,2.46,"1.081GiB / 7.737GiB"
1791128070,2026-10-05T00:34:30,Q8TakeoverSoakBenchmark-2,xenodochial_wright,postgres:16,0.59,"59.41MiB / 7.737GiB"
1791128070,2026-10-05T00:34:30,Q8TakeoverSoakBenchmark-2,agitated_yalow,apache/kafka:4.3.1,7.76,"465.8MiB / 7.737GiB"
1791128070,2026-10-05T00:34:30,Q8TakeoverSoakBenchmark-2,testcontainers-ryuk-7d29ab0b-80b4-48a4-84f2-ced9913f2af2,testcontainers/ryuk:0.14.0,0.00,"8.855MiB / 7.737GiB"
1791128070,2026-10-05T00:34:30,Q8TakeoverSoakBenchmark-2,external-clickhouse,clickhouse/clickhouse-server:latest,10.44,"1.391GiB / 7.737GiB"
1791128070,2026-10-05T00:34:30,Q8TakeoverSoakBenchmark-2,external-kafka,apache/kafka:latest,1.32,"1.081GiB / 7.737GiB"
1791128078,2026-10-05T00:34:38,Q8TakeoverSoakBenchmark-2,xenodochial_wright,postgres:16,1.81,"59.45MiB / 7.737GiB"
1791128078,2026-10-05T00:34:38,Q8TakeoverSoakBenchmark-2,agitated_yalow,apache/kafka:4.3.1,10.57,"462.3MiB / 7.737GiB"
1791128078,2026-10-05T00:34:38,Q8TakeoverSoakBenchmark-2,testcontainers-ryuk-7d29ab0b-80b4-48a4-84f2-ced9913f2af2,testcontainers/ryuk:0.14.0,0.00,"8.855MiB / 7.737GiB"
1791128078,2026-10-05T00:34:38,Q8TakeoverSoakBenchmark-2,external-clickhouse,clickhouse/clickhouse-server:latest,4.50,"1.373GiB / 7.737GiB"
1791128078,2026-10-05T00:34:38,Q8TakeoverSoakBenchmark-2,external-kafka,apache/kafka:latest,2.16,"1.081GiB / 7.737GiB"
1791128085,2026-10-05T00:34:45,Q8TakeoverSoakBenchmark-2,xenodochial_wright,postgres:16,0.72,"59.49MiB / 7.737GiB"
1791128085,2026-10-05T00:34:45,Q8TakeoverSoakBenchmark-2,agitated_yalow,apache/kafka:4.3.1,12.42,"472.3MiB / 7.737GiB"
1791128085,2026-10-05T00:34:45,Q8TakeoverSoakBenchmark-2,testcontainers-ryuk-7d29ab0b-80b4-48a4-84f2-ced9913f2af2,testcontainers/ryuk:0.14.0,0.00,"8.855MiB / 7.737GiB"
1791128085,2026-10-05T00:34:45,Q8TakeoverSoakBenchmark-2,external-clickhouse,clickhouse/clickhouse-server:latest,6.11,"1.355GiB / 7.737GiB"
1791128085,2026-10-05T00:34:45,Q8TakeoverSoakBenchmark-2,external-kafka,apache/kafka:latest,2.09,"1.081GiB / 7.737GiB"
1791128092,2026-10-05T00:34:52,Q8TakeoverSoakBenchmark-2,xenodochial_wright,postgres:16,1.05,"59.52MiB / 7.737GiB"
1791128092,2026-10-05T00:34:52,Q8TakeoverSoakBenchmark-2,agitated_yalow,apache/kafka:4.3.1,13.30,"483.5MiB / 7.737GiB"
1791128092,2026-10-05T00:34:52,Q8TakeoverSoakBenchmark-2,testcontainers-ryuk-7d29ab0b-80b4-48a4-84f2-ced9913f2af2,testcontainers/ryuk:0.14.0,0.00,"8.855MiB / 7.737GiB"
1791128092,2026-10-05T00:34:52,Q8TakeoverSoakBenchmark-2,external-clickhouse,clickhouse/clickhouse-server:latest,7.48,"1.324GiB / 7.737GiB"
1791128092,2026-10-05T00:34:52,Q8TakeoverSoakBenchmark-2,external-kafka,apache/kafka:latest,1.08,"1.081GiB / 7.737GiB"
1791128099,2026-10-05T00:34:59,Q8TakeoverSoakBenchmark-2,xenodochial_wright,postgres:16,3.48,"59.55MiB / 7.737GiB"
1791128099,2026-10-05T00:34:59,Q8TakeoverSoakBenchmark-2,agitated_yalow,apache/kafka:4.3.1,9.70,"495.7MiB / 7.737GiB"
1791128099,2026-10-05T00:34:59,Q8TakeoverSoakBenchmark-2,testcontainers-ryuk-7d29ab0b-80b4-48a4-84f2-ced9913f2af2,testcontainers/ryuk:0.14.0,0.00,"8.855MiB / 7.737GiB"
1791128099,2026-10-05T00:34:59,Q8TakeoverSoakBenchmark-2,external-clickhouse,clickhouse/clickhouse-server:latest,15.33,"1.377GiB / 7.737GiB"
1791128099,2026-10-05T00:34:59,Q8TakeoverSoakBenchmark-2,external-kafka,apache/kafka:latest,1.26,"1.081GiB / 7.737GiB"
1791128107,2026-10-05T00:35:07,Q8TakeoverSoakBenchmark-2,xenodochial_wright,postgres:16,0.51,"59.57MiB / 7.737GiB"
1791128107,2026-10-05T00:35:07,Q8TakeoverSoakBenchmark-2,agitated_yalow,apache/kafka:4.3.1,22.01,"517.8MiB / 7.737GiB"
1791128107,2026-10-05T00:35:07,Q8TakeoverSoakBenchmark-2,testcontainers-ryuk-7d29ab0b-80b4-48a4-84f2-ced9913f2af2,testcontainers/ryuk:0.14.0,0.00,"8.855MiB / 7.737GiB"
1791128107,2026-10-05T00:35:07,Q8TakeoverSoakBenchmark-2,external-clickhouse,clickhouse/clickhouse-server:latest,16.66,"1.327GiB / 7.737GiB"
1791128107,2026-10-05T00:35:07,Q8TakeoverSoakBenchmark-2,external-kafka,apache/kafka:latest,1.75,"1.081GiB / 7.737GiB"
1791128114,2026-10-05T00:35:14,Q8TakeoverSoakBenchmark-2,xenodochial_wright,postgres:16,0.86,"59.64MiB / 7.737GiB"
1791128114,2026-10-05T00:35:14,Q8TakeoverSoakBenchmark-2,agitated_yalow,apache/kafka:4.3.1,11.49,"514.8MiB / 7.737GiB"
1791128114,2026-10-05T00:35:14,Q8TakeoverSoakBenchmark-2,testcontainers-ryuk-7d29ab0b-80b4-48a4-84f2-ced9913f2af2,testcontainers/ryuk:0.14.0,0.00,"8.855MiB / 7.737GiB"
1791128114,2026-10-05T00:35:14,Q8TakeoverSoakBenchmark-2,external-clickhouse,clickhouse/clickhouse-server:latest,16.51,"1.316GiB / 7.737GiB"
1791128114,2026-10-05T00:35:14,Q8TakeoverSoakBenchmark-2,external-kafka,apache/kafka:latest,1.11,"1.081GiB / 7.737GiB"
1791128121,2026-10-05T00:35:21,Q8TakeoverSoakBenchmark-2,xenodochial_wright,postgres:16,0.27,"59.65MiB / 7.737GiB"
1791128121,2026-10-05T00:35:21,Q8TakeoverSoakBenchmark-2,agitated_yalow,apache/kafka:4.3.1,9.89,"523.3MiB / 7.737GiB"
1791128121,2026-10-05T00:35:21,Q8TakeoverSoakBenchmark-2,testcontainers-ryuk-7d29ab0b-80b4-48a4-84f2-ced9913f2af2,testcontainers/ryuk:0.14.0,0.00,"8.855MiB / 7.737GiB"
1791128121,2026-10-05T00:35:21,Q8TakeoverSoakBenchmark-2,external-clickhouse,clickhouse/clickhouse-server:latest,16.76,"1.323GiB / 7.737GiB"
1791128121,2026-10-05T00:35:21,Q8TakeoverSoakBenchmark-2,external-kafka,apache/kafka:latest,1.06,"1.081GiB / 7.737GiB"
1791128128,2026-10-05T00:35:28,Q8TakeoverSoakBenchmark-2,xenodochial_wright,postgres:16,0.73,"59.68MiB / 7.737GiB"
1791128128,2026-10-05T00:35:28,Q8TakeoverSoakBenchmark-2,agitated_yalow,apache/kafka:4.3.1,7.14,"534.5MiB / 7.737GiB"
1791128128,2026-10-05T00:35:28,Q8TakeoverSoakBenchmark-2,testcontainers-ryuk-7d29ab0b-80b4-48a4-84f2-ced9913f2af2,testcontainers/ryuk:0.14.0,0.00,"8.855MiB / 7.737GiB"
1791128128,2026-10-05T00:35:28,Q8TakeoverSoakBenchmark-2,external-clickhouse,clickhouse/clickhouse-server:latest,11.30,"1.323GiB / 7.737GiB"
1791128128,2026-10-05T00:35:28,Q8TakeoverSoakBenchmark-2,external-kafka,apache/kafka:latest,1.57,"1.081GiB / 7.737GiB"
1791128136,2026-10-05T00:35:36,Q8TakeoverSoakBenchmark-2,xenodochial_wright,postgres:16,0.71,"59.7MiB / 7.737GiB"
1791128136,2026-10-05T00:35:36,Q8TakeoverSoakBenchmark-2,agitated_yalow,apache/kafka:4.3.1,9.13,"546.5MiB / 7.737GiB"
1791128136,2026-10-05T00:35:36,Q8TakeoverSoakBenchmark-2,testcontainers-ryuk-7d29ab0b-80b4-48a4-84f2-ced9913f2af2,testcontainers/ryuk:0.14.0,0.00,"8.855MiB / 7.737GiB"
1791128136,2026-10-05T00:35:36,Q8TakeoverSoakBenchmark-2,external-clickhouse,clickhouse/clickhouse-server:latest,4.73,"1.378GiB / 7.737GiB"
1791128136,2026-10-05T00:35:36,Q8TakeoverSoakBenchmark-2,external-kafka,apache/kafka:latest,0.89,"1.081GiB / 7.737GiB"
1791128143,2026-10-05T00:35:43,Q8TakeoverSoakBenchmark-2,xenodochial_wright,postgres:16,0.83,"59.79MiB / 7.737GiB"
1791128143,2026-10-05T00:35:43,Q8TakeoverSoakBenchmark-2,agitated_yalow,apache/kafka:4.3.1,7.10,"556.5MiB / 7.737GiB"
1791128143,2026-10-05T00:35:43,Q8TakeoverSoakBenchmark-2,testcontainers-ryuk-7d29ab0b-80b4-48a4-84f2-ced9913f2af2,testcontainers/ryuk:0.14.0,0.00,"8.855MiB / 7.737GiB"
1791128143,2026-10-05T00:35:43,Q8TakeoverSoakBenchmark-2,external-clickhouse,clickhouse/clickhouse-server:latest,4.61,"1.312GiB / 7.737GiB"
1791128143,2026-10-05T00:35:43,Q8TakeoverSoakBenchmark-2,external-kafka,apache/kafka:latest,1.17,"1.081GiB / 7.737GiB"
1791128150,2026-10-05T00:35:50,Q8TakeoverSoakBenchmark-2,xenodochial_wright,postgres:16,0.29,"59.79MiB / 7.737GiB"
1791128150,2026-10-05T00:35:50,Q8TakeoverSoakBenchmark-2,agitated_yalow,apache/kafka:4.3.1,4.99,"567.6MiB / 7.737GiB"
1791128150,2026-10-05T00:35:50,Q8TakeoverSoakBenchmark-2,testcontainers-ryuk-7d29ab0b-80b4-48a4-84f2-ced9913f2af2,testcontainers/ryuk:0.14.0,0.00,"8.855MiB / 7.737GiB"
1791128150,2026-10-05T00:35:50,Q8TakeoverSoakBenchmark-2,external-clickhouse,clickhouse/clickhouse-server:latest,12.26,"1.321GiB / 7.737GiB"
1791128150,2026-10-05T00:35:50,Q8TakeoverSoakBenchmark-2,external-kafka,apache/kafka:latest,1.57,"1.081GiB / 7.737GiB"
1791128157,2026-10-05T00:35:57,Q8TakeoverSoakBenchmark-2,xenodochial_wright,postgres:16,0.66,"60.76MiB / 7.737GiB"
1791128157,2026-10-05T00:35:57,Q8TakeoverSoakBenchmark-2,agitated_yalow,apache/kafka:4.3.1,9.14,"577.5MiB / 7.737GiB"
1791128157,2026-10-05T00:35:57,Q8TakeoverSoakBenchmark-2,testcontainers-ryuk-7d29ab0b-80b4-48a4-84f2-ced9913f2af2,testcontainers/ryuk:0.14.0,0.00,"8.855MiB / 7.737GiB"
1791128157,2026-10-05T00:35:57,Q8TakeoverSoakBenchmark-2,external-clickhouse,clickhouse/clickhouse-server:latest,12.62,"1.314GiB / 7.737GiB"
1791128157,2026-10-05T00:35:57,Q8TakeoverSoakBenchmark-2,external-kafka,apache/kafka:latest,1.60,"1.081GiB / 7.737GiB"
1791128165,2026-10-05T00:36:05,Q8TakeoverSoakBenchmark-2,xenodochial_wright,postgres:16,1.19,"60.91MiB / 7.737GiB"
1791128165,2026-10-05T00:36:05,Q8TakeoverSoakBenchmark-2,agitated_yalow,apache/kafka:4.3.1,10.28,"585.6MiB / 7.737GiB"
1791128165,2026-10-05T00:36:05,Q8TakeoverSoakBenchmark-2,testcontainers-ryuk-7d29ab0b-80b4-48a4-84f2-ced9913f2af2,testcontainers/ryuk:0.14.0,0.00,"8.855MiB / 7.737GiB"
1791128165,2026-10-05T00:36:05,Q8TakeoverSoakBenchmark-2,external-clickhouse,clickhouse/clickhouse-server:latest,13.41,"1.319GiB / 7.737GiB"
1791128165,2026-10-05T00:36:05,Q8TakeoverSoakBenchmark-2,external-kafka,apache/kafka:latest,1.75,"1.081GiB / 7.737GiB"
1791128172,2026-10-05T00:36:12,Q8TakeoverSoakBenchmark-2,xenodochial_wright,postgres:16,1.08,"60.92MiB / 7.737GiB"
1791128172,2026-10-05T00:36:12,Q8TakeoverSoakBenchmark-2,agitated_yalow,apache/kafka:4.3.1,20.02,"606.1MiB / 7.737GiB"
1791128172,2026-10-05T00:36:12,Q8TakeoverSoakBenchmark-2,testcontainers-ryuk-7d29ab0b-80b4-48a4-84f2-ced9913f2af2,testcontainers/ryuk:0.14.0,0.00,"8.855MiB / 7.737GiB"
1791128172,2026-10-05T00:36:12,Q8TakeoverSoakBenchmark-2,external-clickhouse,clickhouse/clickhouse-server:latest,4.64,"1.313GiB / 7.737GiB"
1791128172,2026-10-05T00:36:12,Q8TakeoverSoakBenchmark-2,external-kafka,apache/kafka:latest,2.71,"1.081GiB / 7.737GiB"
1791128179,2026-10-05T00:36:19,Q8TakeoverSoakBenchmark-2,xenodochial_wright,postgres:16,1.90,"60.97MiB / 7.737GiB"
1791128179,2026-10-05T00:36:19,Q8TakeoverSoakBenchmark-2,agitated_yalow,apache/kafka:4.3.1,7.29,"603.5MiB / 7.737GiB"
1791128179,2026-10-05T00:36:19,Q8TakeoverSoakBenchmark-2,testcontainers-ryuk-7d29ab0b-80b4-48a4-84f2-ced9913f2af2,testcontainers/ryuk:0.14.0,0.00,"8.855MiB / 7.737GiB"
1791128179,2026-10-05T00:36:19,Q8TakeoverSoakBenchmark-2,external-clickhouse,clickhouse/clickhouse-server:latest,3.04,"1.311GiB / 7.737GiB"
1791128179,2026-10-05T00:36:19,Q8TakeoverSoakBenchmark-2,external-kafka,apache/kafka:latest,1.31,"1.081GiB / 7.737GiB"
1791128186,2026-10-05T00:36:26,Q8TakeoverSoakBenchmark-2,xenodochial_wright,postgres:16,0.63,"61.01MiB / 7.737GiB"
1791128186,2026-10-05T00:36:26,Q8TakeoverSoakBenchmark-2,agitated_yalow,apache/kafka:4.3.1,18.67,"618.8MiB / 7.737GiB"
1791128186,2026-10-05T00:36:26,Q8TakeoverSoakBenchmark-2,testcontainers-ryuk-7d29ab0b-80b4-48a4-84f2-ced9913f2af2,testcontainers/ryuk:0.14.0,0.00,"8.855MiB / 7.737GiB"
1791128186,2026-10-05T00:36:26,Q8TakeoverSoakBenchmark-2,external-clickhouse,clickhouse/clickhouse-server:latest,5.42,"1.327GiB / 7.737GiB"
1791128186,2026-10-05T00:36:26,Q8TakeoverSoakBenchmark-2,external-kafka,apache/kafka:latest,3.51,"1.081GiB / 7.737GiB"
1791128194,2026-10-05T00:36:34,Q8TakeoverSoakBenchmark-2,xenodochial_wright,postgres:16,0.76,"61.09MiB / 7.737GiB"
1791128194,2026-10-05T00:36:34,Q8TakeoverSoakBenchmark-2,agitated_yalow,apache/kafka:4.3.1,12.08,"627.1MiB / 7.737GiB"
1791128194,2026-10-05T00:36:34,Q8TakeoverSoakBenchmark-2,testcontainers-ryuk-7d29ab0b-80b4-48a4-84f2-ced9913f2af2,testcontainers/ryuk:0.14.0,0.00,"8.855MiB / 7.737GiB"
1791128194,2026-10-05T00:36:34,Q8TakeoverSoakBenchmark-2,external-clickhouse,clickhouse/clickhouse-server:latest,4.54,"1.326GiB / 7.737GiB"
1791128194,2026-10-05T00:36:34,Q8TakeoverSoakBenchmark-2,external-kafka,apache/kafka:latest,1.61,"1.081GiB / 7.737GiB"
1791128201,2026-10-05T00:36:41,Q8TakeoverSoakBenchmark-2,xenodochial_wright,postgres:16,0.80,"61.14MiB / 7.737GiB"
1791128201,2026-10-05T00:36:41,Q8TakeoverSoakBenchmark-2,agitated_yalow,apache/kafka:4.3.1,8.76,"621.9MiB / 7.737GiB"
1791128201,2026-10-05T00:36:41,Q8TakeoverSoakBenchmark-2,testcontainers-ryuk-7d29ab0b-80b4-48a4-84f2-ced9913f2af2,testcontainers/ryuk:0.14.0,0.00,"8.855MiB / 7.737GiB"
1791128201,2026-10-05T00:36:41,Q8TakeoverSoakBenchmark-2,external-clickhouse,clickhouse/clickhouse-server:latest,4.86,"1.322GiB / 7.737GiB"
1791128201,2026-10-05T00:36:41,Q8TakeoverSoakBenchmark-2,external-kafka,apache/kafka:latest,1.61,"1.081GiB / 7.737GiB"
1791128208,2026-10-05T00:36:48,Q8TakeoverSoakBenchmark-2,xenodochial_wright,postgres:16,1.08,"61.22MiB / 7.737GiB"
1791128208,2026-10-05T00:36:48,Q8TakeoverSoakBenchmark-2,agitated_yalow,apache/kafka:4.3.1,10.59,"624.3MiB / 7.737GiB"
1791128208,2026-10-05T00:36:48,Q8TakeoverSoakBenchmark-2,testcontainers-ryuk-7d29ab0b-80b4-48a4-84f2-ced9913f2af2,testcontainers/ryuk:0.14.0,0.00,"8.855MiB / 7.737GiB"
1791128208,2026-10-05T00:36:48,Q8TakeoverSoakBenchmark-2,external-clickhouse,clickhouse/clickhouse-server:latest,5.77,"1.318GiB / 7.737GiB"
1791128208,2026-10-05T00:36:48,Q8TakeoverSoakBenchmark-2,external-kafka,apache/kafka:latest,1.58,"1.081GiB / 7.737GiB"
1791128216,2026-10-05T00:36:56,Q8TakeoverSoakBenchmark-2,xenodochial_wright,postgres:16,1.03,"61.24MiB / 7.737GiB"
1791128216,2026-10-05T00:36:56,Q8TakeoverSoakBenchmark-2,agitated_yalow,apache/kafka:4.3.1,13.22,"626.7MiB / 7.737GiB"
1791128216,2026-10-05T00:36:56,Q8TakeoverSoakBenchmark-2,testcontainers-ryuk-7d29ab0b-80b4-48a4-84f2-ced9913f2af2,testcontainers/ryuk:0.14.0,0.00,"8.855MiB / 7.737GiB"
1791128216,2026-10-05T00:36:56,Q8TakeoverSoakBenchmark-2,external-clickhouse,clickhouse/clickhouse-server:latest,4.88,"1.384GiB / 7.737GiB"
1791128216,2026-10-05T00:36:56,Q8TakeoverSoakBenchmark-2,external-kafka,apache/kafka:latest,2.36,"1.081GiB / 7.737GiB"
1791128223,2026-10-05T00:37:03,Q8TakeoverSoakBenchmark-2,xenodochial_wright,postgres:16,1.26,"61.25MiB / 7.737GiB"
1791128223,2026-10-05T00:37:03,Q8TakeoverSoakBenchmark-2,agitated_yalow,apache/kafka:4.3.1,8.94,"622.5MiB / 7.737GiB"
1791128223,2026-10-05T00:37:03,Q8TakeoverSoakBenchmark-2,testcontainers-ryuk-7d29ab0b-80b4-48a4-84f2-ced9913f2af2,testcontainers/ryuk:0.14.0,0.00,"8.855MiB / 7.737GiB"
1791128223,2026-10-05T00:37:03,Q8TakeoverSoakBenchmark-2,external-clickhouse,clickhouse/clickhouse-server:latest,6.67,"1.333GiB / 7.737GiB"
1791128223,2026-10-05T00:37:03,Q8TakeoverSoakBenchmark-2,external-kafka,apache/kafka:latest,1.69,"1.081GiB / 7.737GiB"
1791128230,2026-10-05T00:37:10,Q8TakeoverSoakBenchmark-2,xenodochial_wright,postgres:16,0.86,"61.79MiB / 7.737GiB"
1791128230,2026-10-05T00:37:10,Q8TakeoverSoakBenchmark-2,agitated_yalow,apache/kafka:4.3.1,8.97,"622.3MiB / 7.737GiB"
1791128230,2026-10-05T00:37:10,Q8TakeoverSoakBenchmark-2,testcontainers-ryuk-7d29ab0b-80b4-48a4-84f2-ced9913f2af2,testcontainers/ryuk:0.14.0,0.00,"8.855MiB / 7.737GiB"
1791128230,2026-10-05T00:37:10,Q8TakeoverSoakBenchmark-2,external-clickhouse,clickhouse/clickhouse-server:latest,4.60,"1.336GiB / 7.737GiB"
1791128230,2026-10-05T00:37:10,Q8TakeoverSoakBenchmark-2,external-kafka,apache/kafka:latest,0.92,"1.081GiB / 7.737GiB"
1791128237,2026-10-05T00:37:17,Q8TakeoverSoakBenchmark-2,xenodochial_wright,postgres:16,0.78,"61.8MiB / 7.737GiB"
1791128237,2026-10-05T00:37:17,Q8TakeoverSoakBenchmark-2,agitated_yalow,apache/kafka:4.3.1,9.66,"623.9MiB / 7.737GiB"
1791128237,2026-10-05T00:37:17,Q8TakeoverSoakBenchmark-2,testcontainers-ryuk-7d29ab0b-80b4-48a4-84f2-ced9913f2af2,testcontainers/ryuk:0.14.0,0.00,"8.855MiB / 7.737GiB"
1791128237,2026-10-05T00:37:17,Q8TakeoverSoakBenchmark-2,external-clickhouse,clickhouse/clickhouse-server:latest,3.31,"1.333GiB / 7.737GiB"
1791128237,2026-10-05T00:37:17,Q8TakeoverSoakBenchmark-2,external-kafka,apache/kafka:latest,2.13,"1.081GiB / 7.737GiB"
1791128245,2026-10-05T00:37:25,Q8TakeoverSoakBenchmark-2,xenodochial_wright,postgres:16,1.36,"61.83MiB / 7.737GiB"
1791128245,2026-10-05T00:37:25,Q8TakeoverSoakBenchmark-2,agitated_yalow,apache/kafka:4.3.1,11.68,"626.9MiB / 7.737GiB"
1791128245,2026-10-05T00:37:25,Q8TakeoverSoakBenchmark-2,testcontainers-ryuk-7d29ab0b-80b4-48a4-84f2-ced9913f2af2,testcontainers/ryuk:0.14.0,0.00,"8.855MiB / 7.737GiB"
1791128245,2026-10-05T00:37:25,Q8TakeoverSoakBenchmark-2,external-clickhouse,clickhouse/clickhouse-server:latest,4.77,"1.336GiB / 7.737GiB"
1791128245,2026-10-05T00:37:25,Q8TakeoverSoakBenchmark-2,external-kafka,apache/kafka:latest,1.47,"1.081GiB / 7.737GiB"
1791128252,2026-10-05T00:37:32,Q8TakeoverSoakBenchmark-2,xenodochial_wright,postgres:16,1.01,"61.88MiB / 7.737GiB"
1791128252,2026-10-05T00:37:32,Q8TakeoverSoakBenchmark-2,agitated_yalow,apache/kafka:4.3.1,7.03,"624.2MiB / 7.737GiB"
1791128252,2026-10-05T00:37:32,Q8TakeoverSoakBenchmark-2,testcontainers-ryuk-7d29ab0b-80b4-48a4-84f2-ced9913f2af2,testcontainers/ryuk:0.14.0,0.00,"8.855MiB / 7.737GiB"
1791128252,2026-10-05T00:37:32,Q8TakeoverSoakBenchmark-2,external-clickhouse,clickhouse/clickhouse-server:latest,5.11,"1.369GiB / 7.737GiB"
1791128252,2026-10-05T00:37:32,Q8TakeoverSoakBenchmark-2,external-kafka,apache/kafka:latest,2.13,"1.081GiB / 7.737GiB"
1791128259,2026-10-05T00:37:39,Q8TakeoverSoakBenchmark-2,xenodochial_wright,postgres:16,2.10,"61.9MiB / 7.737GiB"
1791128259,2026-10-05T00:37:39,Q8TakeoverSoakBenchmark-2,agitated_yalow,apache/kafka:4.3.1,6.13,"623.2MiB / 7.737GiB"
1791128259,2026-10-05T00:37:39,Q8TakeoverSoakBenchmark-2,testcontainers-ryuk-7d29ab0b-80b4-48a4-84f2-ced9913f2af2,testcontainers/ryuk:0.14.0,0.00,"8.855MiB / 7.737GiB"
1791128259,2026-10-05T00:37:39,Q8TakeoverSoakBenchmark-2,external-clickhouse,clickhouse/clickhouse-server:latest,3.36,"1.349GiB / 7.737GiB"
1791128259,2026-10-05T00:37:39,Q8TakeoverSoakBenchmark-2,external-kafka,apache/kafka:latest,1.36,"1.081GiB / 7.737GiB"
1791128266,2026-10-05T00:37:46,Q8TakeoverSoakBenchmark-2,xenodochial_wright,postgres:16,1.05,"61.91MiB / 7.737GiB"
1791128266,2026-10-05T00:37:46,Q8TakeoverSoakBenchmark-2,agitated_yalow,apache/kafka:4.3.1,8.92,"624.6MiB / 7.737GiB"
1791128266,2026-10-05T00:37:46,Q8TakeoverSoakBenchmark-2,testcontainers-ryuk-7d29ab0b-80b4-48a4-84f2-ced9913f2af2,testcontainers/ryuk:0.14.0,0.00,"8.855MiB / 7.737GiB"
1791128266,2026-10-05T00:37:46,Q8TakeoverSoakBenchmark-2,external-clickhouse,clickhouse/clickhouse-server:latest,11.63,"1.353GiB / 7.737GiB"
1791128266,2026-10-05T00:37:46,Q8TakeoverSoakBenchmark-2,external-kafka,apache/kafka:latest,1.62,"1.081GiB / 7.737GiB"
1791128274,2026-10-05T00:37:54,Q8TakeoverSoakBenchmark-2,xenodochial_wright,postgres:16,1.80,"61.96MiB / 7.737GiB"
1791128274,2026-10-05T00:37:54,Q8TakeoverSoakBenchmark-2,agitated_yalow,apache/kafka:4.3.1,10.55,"623.5MiB / 7.737GiB"
1791128274,2026-10-05T00:37:54,Q8TakeoverSoakBenchmark-2,testcontainers-ryuk-7d29ab0b-80b4-48a4-84f2-ced9913f2af2,testcontainers/ryuk:0.14.0,0.04,"8.855MiB / 7.737GiB"
1791128274,2026-10-05T00:37:54,Q8TakeoverSoakBenchmark-2,external-clickhouse,clickhouse/clickhouse-server:latest,10.14,"1.344GiB / 7.737GiB"
1791128274,2026-10-05T00:37:54,Q8TakeoverSoakBenchmark-2,external-kafka,apache/kafka:latest,1.59,"1.081GiB / 7.737GiB"
1791128281,2026-10-05T00:38:01,Q8TakeoverSoakBenchmark-2,xenodochial_wright,postgres:16,0.90,"62.07MiB / 7.737GiB"
1791128281,2026-10-05T00:38:01,Q8TakeoverSoakBenchmark-2,agitated_yalow,apache/kafka:4.3.1,8.48,"627.6MiB / 7.737GiB"
1791128281,2026-10-05T00:38:01,Q8TakeoverSoakBenchmark-2,testcontainers-ryuk-7d29ab0b-80b4-48a4-84f2-ced9913f2af2,testcontainers/ryuk:0.14.0,0.00,"8.855MiB / 7.737GiB"
1791128281,2026-10-05T00:38:01,Q8TakeoverSoakBenchmark-2,external-clickhouse,clickhouse/clickhouse-server:latest,7.93,"1.347GiB / 7.737GiB"
1791128281,2026-10-05T00:38:01,Q8TakeoverSoakBenchmark-2,external-kafka,apache/kafka:latest,1.63,"1.081GiB / 7.737GiB"
1791128288,2026-10-05T00:38:08,Q8TakeoverSoakBenchmark-2,xenodochial_wright,postgres:16,0.52,"62.07MiB / 7.737GiB"
1791128288,2026-10-05T00:38:08,Q8TakeoverSoakBenchmark-2,agitated_yalow,apache/kafka:4.3.1,6.53,"623.6MiB / 7.737GiB"
1791128288,2026-10-05T00:38:08,Q8TakeoverSoakBenchmark-2,testcontainers-ryuk-7d29ab0b-80b4-48a4-84f2-ced9913f2af2,testcontainers/ryuk:0.14.0,0.00,"8.855MiB / 7.737GiB"
1791128288,2026-10-05T00:38:08,Q8TakeoverSoakBenchmark-2,external-clickhouse,clickhouse/clickhouse-server:latest,7.37,"1.407GiB / 7.737GiB"
1791128288,2026-10-05T00:38:08,Q8TakeoverSoakBenchmark-2,external-kafka,apache/kafka:latest,1.93,"1.081GiB / 7.737GiB"
1791128295,2026-10-05T00:38:15,Q8TakeoverSoakBenchmark-2,xenodochial_wright,postgres:16,0.52,"62.07MiB / 7.737GiB"
1791128295,2026-10-05T00:38:15,Q8TakeoverSoakBenchmark-2,agitated_yalow,apache/kafka:4.3.1,6.30,"623.6MiB / 7.737GiB"
1791128295,2026-10-05T00:38:15,Q8TakeoverSoakBenchmark-2,testcontainers-ryuk-7d29ab0b-80b4-48a4-84f2-ced9913f2af2,testcontainers/ryuk:0.14.0,0.00,"8.855MiB / 7.737GiB"
1791128295,2026-10-05T00:38:15,Q8TakeoverSoakBenchmark-2,external-clickhouse,clickhouse/clickhouse-server:latest,5.16,"1.345GiB / 7.737GiB"
1791128295,2026-10-05T00:38:15,Q8TakeoverSoakBenchmark-2,external-kafka,apache/kafka:latest,1.62,"1.081GiB / 7.737GiB"
1791128303,2026-10-05T00:38:23,Q8TakeoverSoakBenchmark-2,xenodochial_wright,postgres:16,0.60,"62.11MiB / 7.737GiB"
1791128303,2026-10-05T00:38:23,Q8TakeoverSoakBenchmark-2,agitated_yalow,apache/kafka:4.3.1,7.43,"623.7MiB / 7.737GiB"
1791128303,2026-10-05T00:38:23,Q8TakeoverSoakBenchmark-2,testcontainers-ryuk-7d29ab0b-80b4-48a4-84f2-ced9913f2af2,testcontainers/ryuk:0.14.0,0.00,"8.855MiB / 7.737GiB"
1791128303,2026-10-05T00:38:23,Q8TakeoverSoakBenchmark-2,external-clickhouse,clickhouse/clickhouse-server:latest,16.54,"1.345GiB / 7.737GiB"
1791128303,2026-10-05T00:38:23,Q8TakeoverSoakBenchmark-2,external-kafka,apache/kafka:latest,2.74,"1.081GiB / 7.737GiB"
1791128310,2026-10-05T00:38:30,Q8TakeoverSoakBenchmark-2,xenodochial_wright,postgres:16,0.80,"62.11MiB / 7.737GiB"
1791128310,2026-10-05T00:38:30,Q8TakeoverSoakBenchmark-2,agitated_yalow,apache/kafka:4.3.1,6.69,"624.8MiB / 7.737GiB"
1791128310,2026-10-05T00:38:30,Q8TakeoverSoakBenchmark-2,testcontainers-ryuk-7d29ab0b-80b4-48a4-84f2-ced9913f2af2,testcontainers/ryuk:0.14.0,0.00,"8.855MiB / 7.737GiB"
1791128310,2026-10-05T00:38:30,Q8TakeoverSoakBenchmark-2,external-clickhouse,clickhouse/clickhouse-server:latest,18.75,"1.345GiB / 7.737GiB"
1791128310,2026-10-05T00:38:30,Q8TakeoverSoakBenchmark-2,external-kafka,apache/kafka:latest,0.99,"1.081GiB / 7.737GiB"
1791128317,2026-10-05T00:38:37,Q8TakeoverSoakBenchmark-2,xenodochial_wright,postgres:16,0.75,"62.14MiB / 7.737GiB"
1791128317,2026-10-05T00:38:37,Q8TakeoverSoakBenchmark-2,agitated_yalow,apache/kafka:4.3.1,8.46,"623.8MiB / 7.737GiB"
1791128317,2026-10-05T00:38:37,Q8TakeoverSoakBenchmark-2,testcontainers-ryuk-7d29ab0b-80b4-48a4-84f2-ced9913f2af2,testcontainers/ryuk:0.14.0,0.00,"8.855MiB / 7.737GiB"
1791128317,2026-10-05T00:38:37,Q8TakeoverSoakBenchmark-2,external-clickhouse,clickhouse/clickhouse-server:latest,21.74,"1.347GiB / 7.737GiB"
1791128317,2026-10-05T00:38:37,Q8TakeoverSoakBenchmark-2,external-kafka,apache/kafka:latest,1.73,"1.081GiB / 7.737GiB"
1791128324,2026-10-05T00:38:44,Q8TakeoverSoakBenchmark-2,xenodochial_wright,postgres:16,0.19,"62.22MiB / 7.737GiB"
1791128324,2026-10-05T00:38:44,Q8TakeoverSoakBenchmark-2,agitated_yalow,apache/kafka:4.3.1,4.51,"623.9MiB / 7.737GiB"
1791128324,2026-10-05T00:38:44,Q8TakeoverSoakBenchmark-2,testcontainers-ryuk-7d29ab0b-80b4-48a4-84f2-ced9913f2af2,testcontainers/ryuk:0.14.0,0.00,"8.855MiB / 7.737GiB"
1791128324,2026-10-05T00:38:44,Q8TakeoverSoakBenchmark-2,external-clickhouse,clickhouse/clickhouse-server:latest,6.33,"1.34GiB / 7.737GiB"
1791128324,2026-10-05T00:38:44,Q8TakeoverSoakBenchmark-2,external-kafka,apache/kafka:latest,8.31,"1.083GiB / 7.737GiB"
1791128332,2026-10-05T00:38:52,Q8TakeoverSoakBenchmark-2,xenodochial_wright,postgres:16,0.34,"62.24MiB / 7.737GiB"
1791128332,2026-10-05T00:38:52,Q8TakeoverSoakBenchmark-2,agitated_yalow,apache/kafka:4.3.1,4.78,"624.6MiB / 7.737GiB"
1791128332,2026-10-05T00:38:52,Q8TakeoverSoakBenchmark-2,testcontainers-ryuk-7d29ab0b-80b4-48a4-84f2-ced9913f2af2,testcontainers/ryuk:0.14.0,0.00,"8.855MiB / 7.737GiB"
1791128332,2026-10-05T00:38:52,Q8TakeoverSoakBenchmark-2,external-clickhouse,clickhouse/clickhouse-server:latest,22.37,"1.351GiB / 7.737GiB"
1791128332,2026-10-05T00:38:52,Q8TakeoverSoakBenchmark-2,external-kafka,apache/kafka:latest,1.33,"1.081GiB / 7.737GiB"
1791128339,2026-10-05T00:38:59,Q8TakeoverSoakBenchmark-2,xenodochial_wright,postgres:16,0.74,"62.25MiB / 7.737GiB"
1791128339,2026-10-05T00:38:59,Q8TakeoverSoakBenchmark-2,agitated_yalow,apache/kafka:4.3.1,5.88,"624MiB / 7.737GiB"
1791128339,2026-10-05T00:38:59,Q8TakeoverSoakBenchmark-2,testcontainers-ryuk-7d29ab0b-80b4-48a4-84f2-ced9913f2af2,testcontainers/ryuk:0.14.0,0.00,"8.855MiB / 7.737GiB"
1791128339,2026-10-05T00:38:59,Q8TakeoverSoakBenchmark-2,external-clickhouse,clickhouse/clickhouse-server:latest,3.26,"1.354GiB / 7.737GiB"
1791128339,2026-10-05T00:38:59,Q8TakeoverSoakBenchmark-2,external-kafka,apache/kafka:latest,1.75,"1.081GiB / 7.737GiB"
1791128346,2026-10-05T00:39:06,Q8TakeoverSoakBenchmark-2,xenodochial_wright,postgres:16,0.64,"62.32MiB / 7.737GiB"
1791128346,2026-10-05T00:39:06,Q8TakeoverSoakBenchmark-2,agitated_yalow,apache/kafka:4.3.1,3.76,"625MiB / 7.737GiB"
1791128346,2026-10-05T00:39:06,Q8TakeoverSoakBenchmark-2,testcontainers-ryuk-7d29ab0b-80b4-48a4-84f2-ced9913f2af2,testcontainers/ryuk:0.14.0,0.00,"8.855MiB / 7.737GiB"
1791128346,2026-10-05T00:39:06,Q8TakeoverSoakBenchmark-2,external-clickhouse,clickhouse/clickhouse-server:latest,4.03,"1.364GiB / 7.737GiB"
1791128346,2026-10-05T00:39:06,Q8TakeoverSoakBenchmark-2,external-kafka,apache/kafka:latest,23.85,"1.114GiB / 7.737GiB"
1791128353,2026-10-05T00:39:13,Q8TakeoverSoakBenchmark-2,xenodochial_wright,postgres:16,0.35,"62.34MiB / 7.737GiB"
1791128353,2026-10-05T00:39:13,Q8TakeoverSoakBenchmark-2,agitated_yalow,apache/kafka:4.3.1,6.28,"624MiB / 7.737GiB"
1791128353,2026-10-05T00:39:13,Q8TakeoverSoakBenchmark-2,testcontainers-ryuk-7d29ab0b-80b4-48a4-84f2-ced9913f2af2,testcontainers/ryuk:0.14.0,0.00,"8.855MiB / 7.737GiB"
1791128353,2026-10-05T00:39:13,Q8TakeoverSoakBenchmark-2,external-clickhouse,clickhouse/clickhouse-server:latest,5.70,"1.357GiB / 7.737GiB"
1791128353,2026-10-05T00:39:13,Q8TakeoverSoakBenchmark-2,external-kafka,apache/kafka:latest,0.83,"1.081GiB / 7.737GiB"
1791128360,2026-10-05T00:39:20,Q8TakeoverSoakBenchmark-2,xenodochial_wright,postgres:16,0.95,"62.37MiB / 7.737GiB"
1791128360,2026-10-05T00:39:20,Q8TakeoverSoakBenchmark-2,agitated_yalow,apache/kafka:4.3.1,10.43,"626.2MiB / 7.737GiB"
1791128360,2026-10-05T00:39:20,Q8TakeoverSoakBenchmark-2,testcontainers-ryuk-7d29ab0b-80b4-48a4-84f2-ced9913f2af2,testcontainers/ryuk:0.14.0,0.00,"8.855MiB / 7.737GiB"
1791128360,2026-10-05T00:39:20,Q8TakeoverSoakBenchmark-2,external-clickhouse,clickhouse/clickhouse-server:latest,3.92,"1.366GiB / 7.737GiB"
1791128360,2026-10-05T00:39:20,Q8TakeoverSoakBenchmark-2,external-kafka,apache/kafka:latest,1.41,"1.081GiB / 7.737GiB"
1791128368,2026-10-05T00:39:28,Q8TakeoverSoakBenchmark-2,xenodochial_wright,postgres:16,0.83,"62.45MiB / 7.737GiB"
1791128368,2026-10-05T00:39:28,Q8TakeoverSoakBenchmark-2,agitated_yalow,apache/kafka:4.3.1,6.11,"624.3MiB / 7.737GiB"
1791128368,2026-10-05T00:39:28,Q8TakeoverSoakBenchmark-2,testcontainers-ryuk-7d29ab0b-80b4-48a4-84f2-ced9913f2af2,testcontainers/ryuk:0.14.0,0.00,"8.855MiB / 7.737GiB"
1791128368,2026-10-05T00:39:28,Q8TakeoverSoakBenchmark-2,external-clickhouse,clickhouse/clickhouse-server:latest,4.97,"1.371GiB / 7.737GiB"
1791128368,2026-10-05T00:39:28,Q8TakeoverSoakBenchmark-2,external-kafka,apache/kafka:latest,1.39,"1.081GiB / 7.737GiB"
1791128375,2026-10-05T00:39:35,Q8TakeoverSoakBenchmark-2,xenodochial_wright,postgres:16,0.80,"62.43MiB / 7.737GiB"
1791128375,2026-10-05T00:39:35,Q8TakeoverSoakBenchmark-2,agitated_yalow,apache/kafka:4.3.1,7.85,"624.5MiB / 7.737GiB"
1791128375,2026-10-05T00:39:35,Q8TakeoverSoakBenchmark-2,testcontainers-ryuk-7d29ab0b-80b4-48a4-84f2-ced9913f2af2,testcontainers/ryuk:0.14.0,0.00,"8.855MiB / 7.737GiB"
1791128375,2026-10-05T00:39:35,Q8TakeoverSoakBenchmark-2,external-clickhouse,clickhouse/clickhouse-server:latest,4.25,"1.384GiB / 7.737GiB"
1791128375,2026-10-05T00:39:35,Q8TakeoverSoakBenchmark-2,external-kafka,apache/kafka:latest,1.58,"1.081GiB / 7.737GiB"
1791128382,2026-10-05T00:39:42,Q8TakeoverSoakBenchmark-2,xenodochial_wright,postgres:16,1.23,"62.45MiB / 7.737GiB"
1791128382,2026-10-05T00:39:42,Q8TakeoverSoakBenchmark-2,agitated_yalow,apache/kafka:4.3.1,8.57,"624.6MiB / 7.737GiB"
1791128382,2026-10-05T00:39:42,Q8TakeoverSoakBenchmark-2,testcontainers-ryuk-7d29ab0b-80b4-48a4-84f2-ced9913f2af2,testcontainers/ryuk:0.14.0,0.00,"8.855MiB / 7.737GiB"
1791128382,2026-10-05T00:39:42,Q8TakeoverSoakBenchmark-2,external-clickhouse,clickhouse/clickhouse-server:latest,11.89,"1.364GiB / 7.737GiB"
1791128382,2026-10-05T00:39:42,Q8TakeoverSoakBenchmark-2,external-kafka,apache/kafka:latest,1.67,"1.081GiB / 7.737GiB"
1791128389,2026-10-05T00:39:49,Q8TakeoverSoakBenchmark-2,xenodochial_wright,postgres:16,0.66,"62.71MiB / 7.737GiB"
1791128389,2026-10-05T00:39:49,Q8TakeoverSoakBenchmark-2,agitated_yalow,apache/kafka:4.3.1,5.07,"624.6MiB / 7.737GiB"
1791128389,2026-10-05T00:39:49,Q8TakeoverSoakBenchmark-2,testcontainers-ryuk-7d29ab0b-80b4-48a4-84f2-ced9913f2af2,testcontainers/ryuk:0.14.0,0.00,"8.855MiB / 7.737GiB"
1791128389,2026-10-05T00:39:49,Q8TakeoverSoakBenchmark-2,external-clickhouse,clickhouse/clickhouse-server:latest,3.41,"1.365GiB / 7.737GiB"
1791128389,2026-10-05T00:39:49,Q8TakeoverSoakBenchmark-2,external-kafka,apache/kafka:latest,1.16,"1.081GiB / 7.737GiB"
1791128397,2026-10-05T00:39:57,Q8TakeoverSoakBenchmark-2,xenodochial_wright,postgres:16,0.41,"62.5MiB / 7.737GiB"
1791128397,2026-10-05T00:39:57,Q8TakeoverSoakBenchmark-2,agitated_yalow,apache/kafka:4.3.1,31.19,"624.8MiB / 7.737GiB"
1791128397,2026-10-05T00:39:57,Q8TakeoverSoakBenchmark-2,testcontainers-ryuk-7d29ab0b-80b4-48a4-84f2-ced9913f2af2,testcontainers/ryuk:0.14.0,0.00,"8.855MiB / 7.737GiB"
1791128397,2026-10-05T00:39:57,Q8TakeoverSoakBenchmark-2,external-clickhouse,clickhouse/clickhouse-server:latest,3.11,"1.3GiB / 7.737GiB"
1791128397,2026-10-05T00:39:57,Q8TakeoverSoakBenchmark-2,external-kafka,apache/kafka:latest,1.66,"1.081GiB / 7.737GiB"
1791128404,2026-10-05T00:40:04,Q8TakeoverSoakBenchmark-2,xenodochial_wright,postgres:16,1.14,"62.55MiB / 7.737GiB"
1791128404,2026-10-05T00:40:04,Q8TakeoverSoakBenchmark-2,agitated_yalow,apache/kafka:4.3.1,9.34,"625.7MiB / 7.737GiB"
1791128404,2026-10-05T00:40:04,Q8TakeoverSoakBenchmark-2,testcontainers-ryuk-7d29ab0b-80b4-48a4-84f2-ced9913f2af2,testcontainers/ryuk:0.14.0,0.00,"8.855MiB / 7.737GiB"
1791128404,2026-10-05T00:40:04,Q8TakeoverSoakBenchmark-2,external-clickhouse,clickhouse/clickhouse-server:latest,5.33,"1.381GiB / 7.737GiB"
1791128404,2026-10-05T00:40:04,Q8TakeoverSoakBenchmark-2,external-kafka,apache/kafka:latest,1.57,"1.081GiB / 7.737GiB"
1791128411,2026-10-05T00:40:11,Q8TakeoverSoakBenchmark-2,testcontainers-ryuk-7d29ab0b-80b4-48a4-84f2-ced9913f2af2,testcontainers/ryuk:0.14.0,0.00,"8.852MiB / 7.737GiB"
1791128411,2026-10-05T00:40:11,Q8TakeoverSoakBenchmark-2,external-clickhouse,clickhouse/clickhouse-server:latest,4.52,"1.31GiB / 7.737GiB"
1791128411,2026-10-05T00:40:11,Q8TakeoverSoakBenchmark-2,external-kafka,apache/kafka:latest,1.17,"1.081GiB / 7.737GiB"
1791128418,2026-10-05T00:40:18,idle,testcontainers-ryuk-7d29ab0b-80b4-48a4-84f2-ced9913f2af2,testcontainers/ryuk:0.14.0,0.00,"8.852MiB / 7.737GiB"
1791128418,2026-10-05T00:40:18,idle,external-clickhouse,clickhouse/clickhouse-server:latest,4.18,"1.305GiB / 7.737GiB"
1791128418,2026-10-05T00:40:18,idle,external-kafka,apache/kafka:latest,2.04,"1.081GiB / 7.737GiB"
1791128426,2026-10-05T00:40:26,idle,external-clickhouse,clickhouse/clickhouse-server:latest,4.55,"1.314GiB / 7.737GiB"
1791128426,2026-10-05T00:40:26,idle,external-kafka,apache/kafka:latest,2.13,"1.081GiB / 7.737GiB"
1791128433,2026-10-05T00:40:33,idle,external-clickhouse,clickhouse/clickhouse-server:latest,4.36,"1.316GiB / 7.737GiB"
1791128433,2026-10-05T00:40:33,idle,external-kafka,apache/kafka:latest,1.89,"1.081GiB / 7.737GiB"
1791128440,2026-10-05T00:40:40,idle,external-clickhouse,clickhouse/clickhouse-server:latest,3.95,"1.385GiB / 7.737GiB"
1791128440,2026-10-05T00:40:40,idle,external-kafka,apache/kafka:latest,1.94,"1.081GiB / 7.737GiB"
1791128447,2026-10-05T00:40:47,idle,external-clickhouse,clickhouse/clickhouse-server:latest,4.86,"1.327GiB / 7.737GiB"
1791128447,2026-10-05T00:40:47,idle,external-kafka,apache/kafka:latest,1.56,"1.081GiB / 7.737GiB"
1791128454,2026-10-05T00:40:54,Q8CommitDuringInitTest,recursing_gauss,apache/kafka:4.3.1,112.08,"331.5MiB / 7.737GiB"
1791128454,2026-10-05T00:40:54,Q8CommitDuringInitTest,testcontainers-ryuk-4b2b2513-e17a-4af6-93d9-6d0b6fb52798,testcontainers/ryuk:0.14.0,0.00,"9.07MiB / 7.737GiB"
1791128454,2026-10-05T00:40:54,Q8CommitDuringInitTest,external-clickhouse,clickhouse/clickhouse-server:latest,5.54,"1.321GiB / 7.737GiB"
1791128454,2026-10-05T00:40:54,Q8CommitDuringInitTest,external-kafka,apache/kafka:latest,1.44,"1.081GiB / 7.737GiB"
1791128461,2026-10-05T00:41:01,idle,testcontainers-ryuk-4b2b2513-e17a-4af6-93d9-6d0b6fb52798,testcontainers/ryuk:0.14.0,0.00,"9.07MiB / 7.737GiB"
1791128461,2026-10-05T00:41:01,idle,external-clickhouse,clickhouse/clickhouse-server:latest,11.25,"1.326GiB / 7.737GiB"
1791128461,2026-10-05T00:41:01,idle,external-kafka,apache/kafka:latest,1.25,"1.081GiB / 7.737GiB"
1791128469,2026-10-05T00:41:09,Q8ProducerScaleBenchmark,keen_montalcini,apache/kafka:4.3.1,202.43,"538.4MiB / 7.737GiB"
1791128469,2026-10-05T00:41:09,Q8ProducerScaleBenchmark,testcontainers-ryuk-25429ee3-78af-453a-a682-5ace2bd6091f,testcontainers/ryuk:0.14.0,0.00,"8.859MiB / 7.737GiB"
1791128469,2026-10-05T00:41:09,Q8ProducerScaleBenchmark,external-clickhouse,clickhouse/clickhouse-server:latest,8.56,"1.321GiB / 7.737GiB"
1791128469,2026-10-05T00:41:09,Q8ProducerScaleBenchmark,external-kafka,apache/kafka:latest,1.20,"1.081GiB / 7.737GiB"
1791128476,2026-10-05T00:41:16,Q8ProducerScaleBenchmark,keen_montalcini,apache/kafka:4.3.1,109.79,"927.5MiB / 7.737GiB"
1791128476,2026-10-05T00:41:16,Q8ProducerScaleBenchmark,testcontainers-ryuk-25429ee3-78af-453a-a682-5ace2bd6091f,testcontainers/ryuk:0.14.0,0.00,"8.859MiB / 7.737GiB"
1791128476,2026-10-05T00:41:16,Q8ProducerScaleBenchmark,external-clickhouse,clickhouse/clickhouse-server:latest,4.80,"1.4GiB / 7.737GiB"
1791128476,2026-10-05T00:41:16,Q8ProducerScaleBenchmark,external-kafka,apache/kafka:latest,0.55,"1.081GiB / 7.737GiB"
1791128484,2026-10-05T00:41:24,Q8ProducerScaleBenchmark,keen_montalcini,apache/kafka:4.3.1,69.37,"924.3MiB / 7.737GiB"
1791128484,2026-10-05T00:41:24,Q8ProducerScaleBenchmark,testcontainers-ryuk-25429ee3-78af-453a-a682-5ace2bd6091f,testcontainers/ryuk:0.14.0,0.00,"8.859MiB / 7.737GiB"
1791128484,2026-10-05T00:41:24,Q8ProducerScaleBenchmark,external-clickhouse,clickhouse/clickhouse-server:latest,4.26,"1.342GiB / 7.737GiB"
1791128484,2026-10-05T00:41:24,Q8ProducerScaleBenchmark,external-kafka,apache/kafka:latest,0.63,"1.081GiB / 7.737GiB"
1791128491,2026-10-05T00:41:31,Q8ProducerScaleBenchmark,keen_montalcini,apache/kafka:4.3.1,66.87,"924.4MiB / 7.737GiB"
1791128491,2026-10-05T00:41:31,Q8ProducerScaleBenchmark,testcontainers-ryuk-25429ee3-78af-453a-a682-5ace2bd6091f,testcontainers/ryuk:0.14.0,0.00,"8.859MiB / 7.737GiB"
1791128491,2026-10-05T00:41:31,Q8ProducerScaleBenchmark,external-clickhouse,clickhouse/clickhouse-server:latest,4.81,"1.335GiB / 7.737GiB"
1791128491,2026-10-05T00:41:31,Q8ProducerScaleBenchmark,external-kafka,apache/kafka:latest,0.60,"1.081GiB / 7.737GiB"
1791128498,2026-10-05T00:41:38,Q8ProducerScaleBenchmark,keen_montalcini,apache/kafka:4.3.1,46.65,"925.2MiB / 7.737GiB"
1791128498,2026-10-05T00:41:38,Q8ProducerScaleBenchmark,testcontainers-ryuk-25429ee3-78af-453a-a682-5ace2bd6091f,testcontainers/ryuk:0.14.0,0.00,"8.867MiB / 7.737GiB"
1791128498,2026-10-05T00:41:38,Q8ProducerScaleBenchmark,external-clickhouse,clickhouse/clickhouse-server:latest,10.92,"1.328GiB / 7.737GiB"
1791128498,2026-10-05T00:41:38,Q8ProducerScaleBenchmark,external-kafka,apache/kafka:latest,0.56,"1.081GiB / 7.737GiB"
1791128506,2026-10-05T00:41:46,Q8ProducerScaleBenchmark,keen_montalcini,apache/kafka:4.3.1,76.34,"936.1MiB / 7.737GiB"
1791128506,2026-10-05T00:41:46,Q8ProducerScaleBenchmark,testcontainers-ryuk-25429ee3-78af-453a-a682-5ace2bd6091f,testcontainers/ryuk:0.14.0,0.00,"8.867MiB / 7.737GiB"
1791128506,2026-10-05T00:41:46,Q8ProducerScaleBenchmark,external-clickhouse,clickhouse/clickhouse-server:latest,16.19,"1.337GiB / 7.737GiB"
1791128506,2026-10-05T00:41:46,Q8ProducerScaleBenchmark,external-kafka,apache/kafka:latest,0.48,"1.081GiB / 7.737GiB"
1791128514,2026-10-05T00:41:54,Q8ProducerScaleBenchmark,keen_montalcini,apache/kafka:4.3.1,139.97,"952.2MiB / 7.737GiB"
1791128514,2026-10-05T00:41:54,Q8ProducerScaleBenchmark,testcontainers-ryuk-25429ee3-78af-453a-a682-5ace2bd6091f,testcontainers/ryuk:0.14.0,0.00,"8.867MiB / 7.737GiB"
1791128514,2026-10-05T00:41:54,Q8ProducerScaleBenchmark,external-clickhouse,clickhouse/clickhouse-server:latest,57.82,"1.402GiB / 7.737GiB"
1791128514,2026-10-05T00:41:54,Q8ProducerScaleBenchmark,external-kafka,apache/kafka:latest,0.85,"1.081GiB / 7.737GiB"
1791128521,2026-10-05T00:42:01,Q8ProducerScaleBenchmark,keen_montalcini,apache/kafka:4.3.1,144.51,"951.7MiB / 7.737GiB"
1791128521,2026-10-05T00:42:01,Q8ProducerScaleBenchmark,testcontainers-ryuk-25429ee3-78af-453a-a682-5ace2bd6091f,testcontainers/ryuk:0.14.0,0.00,"8.867MiB / 7.737GiB"
1791128521,2026-10-05T00:42:01,Q8ProducerScaleBenchmark,external-clickhouse,clickhouse/clickhouse-server:latest,9.76,"1.358GiB / 7.737GiB"
1791128521,2026-10-05T00:42:01,Q8ProducerScaleBenchmark,external-kafka,apache/kafka:latest,0.71,"1.081GiB / 7.737GiB"
1791128529,2026-10-05T00:42:09,Q8ProducerScaleBenchmark,keen_montalcini,apache/kafka:4.3.1,104.33,"956.9MiB / 7.737GiB"
1791128529,2026-10-05T00:42:09,Q8ProducerScaleBenchmark,testcontainers-ryuk-25429ee3-78af-453a-a682-5ace2bd6091f,testcontainers/ryuk:0.14.0,0.00,"8.867MiB / 7.737GiB"
1791128529,2026-10-05T00:42:09,Q8ProducerScaleBenchmark,external-clickhouse,clickhouse/clickhouse-server:latest,14.31,"1.341GiB / 7.737GiB"
1791128529,2026-10-05T00:42:09,Q8ProducerScaleBenchmark,external-kafka,apache/kafka:latest,0.85,"1.081GiB / 7.737GiB"
1791128537,2026-10-05T00:42:17,Q8ProducerScaleBenchmark,keen_montalcini,apache/kafka:4.3.1,122.72,"958.6MiB / 7.737GiB"
1791128537,2026-10-05T00:42:17,Q8ProducerScaleBenchmark,testcontainers-ryuk-25429ee3-78af-453a-a682-5ace2bd6091f,testcontainers/ryuk:0.14.0,0.00,"8.867MiB / 7.737GiB"
1791128537,2026-10-05T00:42:17,Q8ProducerScaleBenchmark,external-clickhouse,clickhouse/clickhouse-server:latest,5.12,"1.341GiB / 7.737GiB"
1791128537,2026-10-05T00:42:17,Q8ProducerScaleBenchmark,external-kafka,apache/kafka:latest,0.54,"1.081GiB / 7.737GiB"
1791128544,2026-10-05T00:42:24,Q8ProducerScaleBenchmark,keen_montalcini,apache/kafka:4.3.1,120.58,"960.2MiB / 7.737GiB"
1791128544,2026-10-05T00:42:24,Q8ProducerScaleBenchmark,testcontainers-ryuk-25429ee3-78af-453a-a682-5ace2bd6091f,testcontainers/ryuk:0.14.0,0.00,"8.867MiB / 7.737GiB"
1791128544,2026-10-05T00:42:24,Q8ProducerScaleBenchmark,external-clickhouse,clickhouse/clickhouse-server:latest,11.13,"1.339GiB / 7.737GiB"
1791128544,2026-10-05T00:42:24,Q8ProducerScaleBenchmark,external-kafka,apache/kafka:latest,0.97,"1.081GiB / 7.737GiB"
1791128739,2026-10-05T00:45:39,idle,external-clickhouse,clickhouse/clickhouse-server:latest,8.32,"1.344GiB / 7.737GiB"
1791128739,2026-10-05T00:45:39,idle,external-kafka,apache/kafka:latest,1.52,"1.081GiB / 7.737GiB"
1791128746,2026-10-05T00:45:46,idle,external-clickhouse,clickhouse/clickhouse-server:latest,9.53,"1.346GiB / 7.737GiB"
1791128746,2026-10-05T00:45:46,idle,external-kafka,apache/kafka:latest,1.71,"1.081GiB / 7.737GiB"
1791128753,2026-10-05T00:45:53,idle,external-clickhouse,clickhouse/clickhouse-server:latest,4.84,"1.341GiB / 7.737GiB"
1791128753,2026-10-05T00:45:53,idle,external-kafka,apache/kafka:latest,102.05,"1.081GiB / 7.737GiB"
1791128761,2026-10-05T00:46:01,idle,external-clickhouse,clickhouse/clickhouse-server:latest,3.46,"1.339GiB / 7.737GiB"
1791128761,2026-10-05T00:46:01,idle,external-kafka,apache/kafka:latest,2.12,"1.081GiB / 7.737GiB"
1791128768,2026-10-05T00:46:08,idle,external-clickhouse,clickhouse/clickhouse-server:latest,5.58,"1.338GiB / 7.737GiB"
1791128768,2026-10-05T00:46:08,idle,external-kafka,apache/kafka:latest,1.59,"1.081GiB / 7.737GiB"
1791128775,2026-10-05T00:46:15,idle,external-clickhouse,clickhouse/clickhouse-server:latest,19.08,"1.357GiB / 7.737GiB"
1791128775,2026-10-05T00:46:15,idle,external-kafka,apache/kafka:latest,105.05,"1.091GiB / 7.737GiB"
1791128782,2026-10-05T00:46:22,idle,external-clickhouse,clickhouse/clickhouse-server:latest,5.49,"1.409GiB / 7.737GiB"
1791128782,2026-10-05T00:46:22,idle,external-kafka,apache/kafka:latest,1.74,"1.081GiB / 7.737GiB"
1791128789,2026-10-05T00:46:29,idle,external-clickhouse,clickhouse/clickhouse-server:latest,2.93,"1.344GiB / 7.737GiB"
1791128789,2026-10-05T00:46:29,idle,external-kafka,apache/kafka:latest,1.64,"1.081GiB / 7.737GiB"
1791128796,2026-10-05T00:46:36,idle,external-clickhouse,clickhouse/clickhouse-server:latest,5.86,"1.344GiB / 7.737GiB"
1791128796,2026-10-05T00:46:36,idle,external-kafka,apache/kafka:latest,106.33,"1.164GiB / 7.737GiB"
1791128803,2026-10-05T00:46:43,idle,external-clickhouse,clickhouse/clickhouse-server:latest,5.10,"1.347GiB / 7.737GiB"
1791128803,2026-10-05T00:46:43,idle,external-kafka,apache/kafka:latest,1.66,"1.081GiB / 7.737GiB"
1791128811,2026-10-05T00:46:51,idle,external-clickhouse,clickhouse/clickhouse-server:latest,3.82,"1.347GiB / 7.737GiB"
1791128811,2026-10-05T00:46:51,idle,external-kafka,apache/kafka:latest,2.32,"1.081GiB / 7.737GiB"
1791128818,2026-10-05T00:46:58,idle,external-clickhouse,clickhouse/clickhouse-server:latest,11.10,"1.419GiB / 7.737GiB"
1791128818,2026-10-05T00:46:58,idle,external-kafka,apache/kafka:latest,10.16,"1.081GiB / 7.737GiB"
1791128825,2026-10-05T00:47:05,idle,external-clickhouse,clickhouse/clickhouse-server:latest,4.89,"1.38GiB / 7.737GiB"
1791128825,2026-10-05T00:47:05,idle,external-kafka,apache/kafka:latest,2.36,"1.081GiB / 7.737GiB"
1791128832,2026-10-05T00:47:12,idle,external-clickhouse,clickhouse/clickhouse-server:latest,4.27,"1.354GiB / 7.737GiB"
1791128832,2026-10-05T00:47:12,idle,external-kafka,apache/kafka:latest,1.52,"1.081GiB / 7.737GiB"
1791128839,2026-10-05T00:47:19,idle,external-clickhouse,clickhouse/clickhouse-server:latest,11.51,"1.36GiB / 7.737GiB"
1791128839,2026-10-05T00:47:19,idle,external-kafka,apache/kafka:latest,71.80,"1.138GiB / 7.737GiB"
1791128846,2026-10-05T00:47:26,idle,external-clickhouse,clickhouse/clickhouse-server:latest,15.27,"1.354GiB / 7.737GiB"
1791128846,2026-10-05T00:47:26,idle,external-kafka,apache/kafka:latest,1.71,"1.081GiB / 7.737GiB"
1791128854,2026-10-05T00:47:34,idle,external-clickhouse,clickhouse/clickhouse-server:latest,5.51,"1.361GiB / 7.737GiB"
1791128854,2026-10-05T00:47:34,idle,external-kafka,apache/kafka:latest,2.07,"1.081GiB / 7.737GiB"
1791128861,2026-10-05T00:47:41,idle,external-clickhouse,clickhouse/clickhouse-server:latest,3.44,"1.359GiB / 7.737GiB"
1791128861,2026-10-05T00:47:41,idle,external-kafka,apache/kafka:latest,1.04,"1.081GiB / 7.737GiB"
1791128868,2026-10-05T00:47:48,Q8ProducerScaleBenchmark-3,naughty_brown,apache/kafka:4.3.1,6.97,"301.4MiB / 7.737GiB"
1791128868,2026-10-05T00:47:48,Q8ProducerScaleBenchmark-3,testcontainers-ryuk-be678e2c-6422-4f92-8eb0-d5fb3066e5ee,testcontainers/ryuk:0.14.0,0.00,"8.969MiB / 7.737GiB"
1791128868,2026-10-05T00:47:48,Q8ProducerScaleBenchmark-3,external-clickhouse,clickhouse/clickhouse-server:latest,4.69,"1.361GiB / 7.737GiB"
1791128868,2026-10-05T00:47:48,Q8ProducerScaleBenchmark-3,external-kafka,apache/kafka:latest,1.34,"1.081GiB / 7.737GiB"
1791128875,2026-10-05T00:47:55,Q8ProducerScaleBenchmark-3,stoic_poincare,apache/kafka:4.3.1,175.98,"209.7MiB / 7.737GiB"
1791128875,2026-10-05T00:47:55,Q8ProducerScaleBenchmark-3,naughty_brown,apache/kafka:4.3.1,201.01,"454.5MiB / 7.737GiB"
1791128875,2026-10-05T00:47:55,Q8ProducerScaleBenchmark-3,testcontainers-ryuk-be678e2c-6422-4f92-8eb0-d5fb3066e5ee,testcontainers/ryuk:0.14.0,0.00,"8.969MiB / 7.737GiB"
1791128875,2026-10-05T00:47:55,Q8ProducerScaleBenchmark-3,external-clickhouse,clickhouse/clickhouse-server:latest,1.60,"1.363GiB / 7.737GiB"
1791128875,2026-10-05T00:47:55,Q8ProducerScaleBenchmark-3,external-kafka,apache/kafka:latest,1.34,"1.081GiB / 7.737GiB"
1791128882,2026-10-05T00:48:02,Q8ProducerScaleBenchmark-3,stoic_poincare,apache/kafka:4.3.1,43.19,"199.8MiB / 7.737GiB"
1791128882,2026-10-05T00:48:02,Q8ProducerScaleBenchmark-3,naughty_brown,apache/kafka:4.3.1,84.30,"950.2MiB / 7.737GiB"
1791128882,2026-10-05T00:48:02,Q8ProducerScaleBenchmark-3,testcontainers-ryuk-be678e2c-6422-4f92-8eb0-d5fb3066e5ee,testcontainers/ryuk:0.14.0,0.00,"8.969MiB / 7.737GiB"
1791128882,2026-10-05T00:48:02,Q8ProducerScaleBenchmark-3,external-clickhouse,clickhouse/clickhouse-server:latest,1.76,"1.36GiB / 7.737GiB"
1791128882,2026-10-05T00:48:02,Q8ProducerScaleBenchmark-3,external-kafka,apache/kafka:latest,0.55,"1.081GiB / 7.737GiB"
1791128890,2026-10-05T00:48:10,Q8ProducerScaleBenchmark-3,stoic_poincare,apache/kafka:4.3.1,67.68,"192.3MiB / 7.737GiB"
1791128890,2026-10-05T00:48:10,Q8ProducerScaleBenchmark-3,naughty_brown,apache/kafka:4.3.1,5.54,"922.5MiB / 7.737GiB"
1791128890,2026-10-05T00:48:10,Q8ProducerScaleBenchmark-3,testcontainers-ryuk-be678e2c-6422-4f92-8eb0-d5fb3066e5ee,testcontainers/ryuk:0.14.0,0.00,"8.969MiB / 7.737GiB"
1791128890,2026-10-05T00:48:10,Q8ProducerScaleBenchmark-3,external-clickhouse,clickhouse/clickhouse-server:latest,6.98,"1.359GiB / 7.737GiB"
1791128890,2026-10-05T00:48:10,Q8ProducerScaleBenchmark-3,external-kafka,apache/kafka:latest,0.75,"1.081GiB / 7.737GiB"
1791128897,2026-10-05T00:48:17,Q8ProducerScaleBenchmark-3,stoic_poincare,apache/kafka:4.3.1,34.81,"188MiB / 7.737GiB"
1791128897,2026-10-05T00:48:17,Q8ProducerScaleBenchmark-3,naughty_brown,apache/kafka:4.3.1,59.50,"932.3MiB / 7.737GiB"
1791128897,2026-10-05T00:48:17,Q8ProducerScaleBenchmark-3,testcontainers-ryuk-be678e2c-6422-4f92-8eb0-d5fb3066e5ee,testcontainers/ryuk:0.14.0,0.00,"8.969MiB / 7.737GiB"
1791128897,2026-10-05T00:48:17,Q8ProducerScaleBenchmark-3,external-clickhouse,clickhouse/clickhouse-server:latest,5.13,"1.428GiB / 7.737GiB"
1791128897,2026-10-05T00:48:17,Q8ProducerScaleBenchmark-3,external-kafka,apache/kafka:latest,0.46,"1.081GiB / 7.737GiB"
1791128904,2026-10-05T00:48:24,Q8ProducerScaleBenchmark-3,stoic_poincare,apache/kafka:4.3.1,0.21,"188.4MiB / 7.737GiB"
1791128904,2026-10-05T00:48:24,Q8ProducerScaleBenchmark-3,naughty_brown,apache/kafka:4.3.1,10.32,"924.3MiB / 7.737GiB"
1791128904,2026-10-05T00:48:24,Q8ProducerScaleBenchmark-3,testcontainers-ryuk-be678e2c-6422-4f92-8eb0-d5fb3066e5ee,testcontainers/ryuk:0.14.0,0.00,"8.969MiB / 7.737GiB"
1791128904,2026-10-05T00:48:24,Q8ProducerScaleBenchmark-3,external-clickhouse,clickhouse/clickhouse-server:latest,10.17,"1.377GiB / 7.737GiB"
1791128904,2026-10-05T00:48:24,Q8ProducerScaleBenchmark-3,external-kafka,apache/kafka:latest,53.04,"1.128GiB / 7.737GiB"
1791128911,2026-10-05T00:48:31,Q8ProducerScaleBenchmark-3,stoic_poincare,apache/kafka:4.3.1,29.47,"188.5MiB / 7.737GiB"
1791128911,2026-10-05T00:48:31,Q8ProducerScaleBenchmark-3,naughty_brown,apache/kafka:4.3.1,43.57,"925.4MiB / 7.737GiB"
1791128911,2026-10-05T00:48:31,Q8ProducerScaleBenchmark-3,testcontainers-ryuk-be678e2c-6422-4f92-8eb0-d5fb3066e5ee,testcontainers/ryuk:0.14.0,0.00,"8.969MiB / 7.737GiB"
1791128911,2026-10-05T00:48:31,Q8ProducerScaleBenchmark-3,external-clickhouse,clickhouse/clickhouse-server:latest,4.44,"1.37GiB / 7.737GiB"
1791128911,2026-10-05T00:48:31,Q8ProducerScaleBenchmark-3,external-kafka,apache/kafka:latest,0.46,"1.081GiB / 7.737GiB"
1791128918,2026-10-05T00:48:38,Q8ProducerScaleBenchmark-3,stoic_poincare,apache/kafka:4.3.1,14.11,"261.9MiB / 7.737GiB"
1791128918,2026-10-05T00:48:38,Q8ProducerScaleBenchmark-3,naughty_brown,apache/kafka:4.3.1,13.36,"928.5MiB / 7.737GiB"
1791128918,2026-10-05T00:48:38,Q8ProducerScaleBenchmark-3,testcontainers-ryuk-be678e2c-6422-4f92-8eb0-d5fb3066e5ee,testcontainers/ryuk:0.14.0,0.00,"8.969MiB / 7.737GiB"
1791128918,2026-10-05T00:48:38,Q8ProducerScaleBenchmark-3,external-clickhouse,clickhouse/clickhouse-server:latest,3.60,"1.361GiB / 7.737GiB"
1791128918,2026-10-05T00:48:38,Q8ProducerScaleBenchmark-3,external-kafka,apache/kafka:latest,0.56,"1.081GiB / 7.737GiB"
1791128926,2026-10-05T00:48:46,Q8ProducerScaleBenchmark-3,stoic_poincare,apache/kafka:4.3.1,109.19,"366.7MiB / 7.737GiB"
1791128926,2026-10-05T00:48:46,Q8ProducerScaleBenchmark-3,naughty_brown,apache/kafka:4.3.1,170.71,"952.1MiB / 7.737GiB"
1791128926,2026-10-05T00:48:46,Q8ProducerScaleBenchmark-3,testcontainers-ryuk-be678e2c-6422-4f92-8eb0-d5fb3066e5ee,testcontainers/ryuk:0.14.0,0.00,"8.969MiB / 7.737GiB"
1791128926,2026-10-05T00:48:46,Q8ProducerScaleBenchmark-3,external-clickhouse,clickhouse/clickhouse-server:latest,2.42,"1.352GiB / 7.737GiB"
1791128926,2026-10-05T00:48:46,Q8ProducerScaleBenchmark-3,external-kafka,apache/kafka:latest,0.40,"1.081GiB / 7.737GiB"
1791128933,2026-10-05T00:48:53,Q8ProducerScaleBenchmark-3,stoic_poincare,apache/kafka:4.3.1,115.37,"392.2MiB / 7.737GiB"
1791128933,2026-10-05T00:48:53,Q8ProducerScaleBenchmark-3,naughty_brown,apache/kafka:4.3.1,181.41,"969.7MiB / 7.737GiB"
1791128933,2026-10-05T00:48:53,Q8ProducerScaleBenchmark-3,testcontainers-ryuk-be678e2c-6422-4f92-8eb0-d5fb3066e5ee,testcontainers/ryuk:0.14.0,0.00,"8.969MiB / 7.737GiB"
1791128933,2026-10-05T00:48:53,Q8ProducerScaleBenchmark-3,external-clickhouse,clickhouse/clickhouse-server:latest,1.94,"1.432GiB / 7.737GiB"
1791128933,2026-10-05T00:48:53,Q8ProducerScaleBenchmark-3,external-kafka,apache/kafka:latest,0.47,"1.081GiB / 7.737GiB"
1791128940,2026-10-05T00:49:00,Q8ProducerScaleBenchmark-3,stoic_poincare,apache/kafka:4.3.1,111.01,"381.4MiB / 7.737GiB"
1791128940,2026-10-05T00:49:00,Q8ProducerScaleBenchmark-3,naughty_brown,apache/kafka:4.3.1,145.63,"959.7MiB / 7.737GiB"
1791128940,2026-10-05T00:49:00,Q8ProducerScaleBenchmark-3,testcontainers-ryuk-be678e2c-6422-4f92-8eb0-d5fb3066e5ee,testcontainers/ryuk:0.14.0,0.00,"8.969MiB / 7.737GiB"
1791128940,2026-10-05T00:49:00,Q8ProducerScaleBenchmark-3,external-clickhouse,clickhouse/clickhouse-server:latest,3.61,"1.362GiB / 7.737GiB"
1791128940,2026-10-05T00:49:00,Q8ProducerScaleBenchmark-3,external-kafka,apache/kafka:latest,0.60,"1.081GiB / 7.737GiB"
1791128947,2026-10-05T00:49:07,Q8ProducerScaleBenchmark-3,stoic_poincare,apache/kafka:4.3.1,108.57,"381.9MiB / 7.737GiB"
1791128947,2026-10-05T00:49:07,Q8ProducerScaleBenchmark-3,naughty_brown,apache/kafka:4.3.1,153.35,"960.5MiB / 7.737GiB"
1791128947,2026-10-05T00:49:07,Q8ProducerScaleBenchmark-3,testcontainers-ryuk-be678e2c-6422-4f92-8eb0-d5fb3066e5ee,testcontainers/ryuk:0.14.0,0.00,"8.969MiB / 7.737GiB"
1791128947,2026-10-05T00:49:07,Q8ProducerScaleBenchmark-3,external-clickhouse,clickhouse/clickhouse-server:latest,1.38,"1.36GiB / 7.737GiB"
1791128947,2026-10-05T00:49:07,Q8ProducerScaleBenchmark-3,external-kafka,apache/kafka:latest,0.45,"1.081GiB / 7.737GiB"
1791128954,2026-10-05T00:49:14,Q8ProducerScaleBenchmark-3,stoic_poincare,apache/kafka:4.3.1,141.14,"388.6MiB / 7.737GiB"
1791128954,2026-10-05T00:49:14,Q8ProducerScaleBenchmark-3,naughty_brown,apache/kafka:4.3.1,156.66,"964.7MiB / 7.737GiB"
1791128954,2026-10-05T00:49:14,Q8ProducerScaleBenchmark-3,testcontainers-ryuk-be678e2c-6422-4f92-8eb0-d5fb3066e5ee,testcontainers/ryuk:0.14.0,0.00,"8.969MiB / 7.737GiB"
1791128954,2026-10-05T00:49:14,Q8ProducerScaleBenchmark-3,external-clickhouse,clickhouse/clickhouse-server:latest,15.46,"1.363GiB / 7.737GiB"
1791128954,2026-10-05T00:49:14,Q8ProducerScaleBenchmark-3,external-kafka,apache/kafka:latest,1.56,"1.081GiB / 7.737GiB"
1791128962,2026-10-05T00:49:22,Q8ProducerScaleBenchmark-3,stoic_poincare,apache/kafka:4.3.1,102.21,"390.4MiB / 7.737GiB"
1791128962,2026-10-05T00:49:22,Q8ProducerScaleBenchmark-3,naughty_brown,apache/kafka:4.3.1,121.63,"965.7MiB / 7.737GiB"
1791128962,2026-10-05T00:49:22,Q8ProducerScaleBenchmark-3,testcontainers-ryuk-be678e2c-6422-4f92-8eb0-d5fb3066e5ee,testcontainers/ryuk:0.14.0,0.00,"8.969MiB / 7.737GiB"
1791128962,2026-10-05T00:49:22,Q8ProducerScaleBenchmark-3,external-clickhouse,clickhouse/clickhouse-server:latest,14.29,"1.367GiB / 7.737GiB"
1791128962,2026-10-05T00:49:22,Q8ProducerScaleBenchmark-3,external-kafka,apache/kafka:latest,119.75,"1.161GiB / 7.737GiB"
1791128969,2026-10-05T00:49:29,Q8ProducerScaleBenchmark-3,stoic_poincare,apache/kafka:4.3.1,0.56,"795.4MiB / 7.737GiB"
1791128969,2026-10-05T00:49:29,Q8ProducerScaleBenchmark-3,naughty_brown,apache/kafka:4.3.1,4.79,"968.7MiB / 7.737GiB"
1791128969,2026-10-05T00:49:29,Q8ProducerScaleBenchmark-3,testcontainers-ryuk-be678e2c-6422-4f92-8eb0-d5fb3066e5ee,testcontainers/ryuk:0.14.0,0.00,"8.969MiB / 7.737GiB"
1791128969,2026-10-05T00:49:29,Q8ProducerScaleBenchmark-3,external-clickhouse,clickhouse/clickhouse-server:latest,16.40,"1.444GiB / 7.737GiB"
1791128969,2026-10-05T00:49:29,Q8ProducerScaleBenchmark-3,external-kafka,apache/kafka:latest,1.26,"1.081GiB / 7.737GiB"
1791128976,2026-10-05T00:49:36,Q8ProducerScaleBenchmark-3,stoic_poincare,apache/kafka:4.3.1,193.61,"1.14GiB / 7.737GiB"
1791128976,2026-10-05T00:49:36,Q8ProducerScaleBenchmark-3,naughty_brown,apache/kafka:4.3.1,116.15,"1.002GiB / 7.737GiB"
1791128976,2026-10-05T00:49:36,Q8ProducerScaleBenchmark-3,testcontainers-ryuk-be678e2c-6422-4f92-8eb0-d5fb3066e5ee,testcontainers/ryuk:0.14.0,0.00,"8.969MiB / 7.737GiB"
1791128976,2026-10-05T00:49:36,Q8ProducerScaleBenchmark-3,external-clickhouse,clickhouse/clickhouse-server:latest,3.94,"1.698GiB / 7.737GiB"
1791128976,2026-10-05T00:49:36,Q8ProducerScaleBenchmark-3,external-kafka,apache/kafka:latest,0.84,"1.08GiB / 7.737GiB"
1791128984,2026-10-05T00:49:44,Q8ProducerScaleBenchmark-3,stoic_poincare,apache/kafka:4.3.1,0.13,"1.151GiB / 7.737GiB"
1791128984,2026-10-05T00:49:44,Q8ProducerScaleBenchmark-3,naughty_brown,apache/kafka:4.3.1,1.97,"987.7MiB / 7.737GiB"
1791128984,2026-10-05T00:49:44,Q8ProducerScaleBenchmark-3,testcontainers-ryuk-be678e2c-6422-4f92-8eb0-d5fb3066e5ee,testcontainers/ryuk:0.14.0,0.00,"8.969MiB / 7.737GiB"
1791128984,2026-10-05T00:49:44,Q8ProducerScaleBenchmark-3,external-clickhouse,clickhouse/clickhouse-server:latest,2.30,"1.701GiB / 7.737GiB"
1791128984,2026-10-05T00:49:44,Q8ProducerScaleBenchmark-3,external-kafka,apache/kafka:latest,0.61,"1.08GiB / 7.737GiB"
1791128991,2026-10-05T00:49:51,Q8ProducerScaleBenchmark-3,stoic_poincare,apache/kafka:4.3.1,143.21,"1.179GiB / 7.737GiB"
1791128991,2026-10-05T00:49:51,Q8ProducerScaleBenchmark-3,naughty_brown,apache/kafka:4.3.1,129.01,"1001MiB / 7.737GiB"
1791128991,2026-10-05T00:49:51,Q8ProducerScaleBenchmark-3,testcontainers-ryuk-be678e2c-6422-4f92-8eb0-d5fb3066e5ee,testcontainers/ryuk:0.14.0,0.00,"8.969MiB / 7.737GiB"
1791128991,2026-10-05T00:49:51,Q8ProducerScaleBenchmark-3,external-clickhouse,clickhouse/clickhouse-server:latest,6.90,"1.682GiB / 7.737GiB"
1791128991,2026-10-05T00:49:51,Q8ProducerScaleBenchmark-3,external-kafka,apache/kafka:latest,0.50,"1.08GiB / 7.737GiB"
1791128999,2026-10-05T00:49:59,Q8ProducerScaleBenchmark-3,stoic_poincare,apache/kafka:4.3.1,51.20,"1.182GiB / 7.737GiB"
1791128999,2026-10-05T00:49:59,Q8ProducerScaleBenchmark-3,naughty_brown,apache/kafka:4.3.1,48.44,"1001MiB / 7.737GiB"
1791128999,2026-10-05T00:49:59,Q8ProducerScaleBenchmark-3,testcontainers-ryuk-be678e2c-6422-4f92-8eb0-d5fb3066e5ee,testcontainers/ryuk:0.14.0,0.00,"8.969MiB / 7.737GiB"
1791128999,2026-10-05T00:49:59,Q8ProducerScaleBenchmark-3,external-clickhouse,clickhouse/clickhouse-server:latest,3.55,"1.628GiB / 7.737GiB"
1791128999,2026-10-05T00:49:59,Q8ProducerScaleBenchmark-3,external-kafka,apache/kafka:latest,0.45,"1.054GiB / 7.737GiB"
1791129006,2026-10-05T00:50:06,Q8ProducerScaleBenchmark-3,stoic_poincare,apache/kafka:4.3.1,160.64,"1.208GiB / 7.737GiB"
1791129006,2026-10-05T00:50:06,Q8ProducerScaleBenchmark-3,naughty_brown,apache/kafka:4.3.1,101.48,"1004MiB / 7.737GiB"
1791129006,2026-10-05T00:50:06,Q8ProducerScaleBenchmark-3,testcontainers-ryuk-be678e2c-6422-4f92-8eb0-d5fb3066e5ee,testcontainers/ryuk:0.14.0,0.00,"8.969MiB / 7.737GiB"
1791129006,2026-10-05T00:50:06,Q8ProducerScaleBenchmark-3,external-clickhouse,clickhouse/clickhouse-server:latest,58.95,"1.724GiB / 7.737GiB"
1791129006,2026-10-05T00:50:06,Q8ProducerScaleBenchmark-3,external-kafka,apache/kafka:latest,0.44,"1.054GiB / 7.737GiB"
1791129013,2026-10-05T00:50:13,Q8ProducerScaleBenchmark-3,stoic_poincare,apache/kafka:4.3.1,196.79,"1.216GiB / 7.737GiB"
1791129013,2026-10-05T00:50:13,Q8ProducerScaleBenchmark-3,naughty_brown,apache/kafka:4.3.1,153.72,"1006MiB / 7.737GiB"
1791129013,2026-10-05T00:50:13,Q8ProducerScaleBenchmark-3,testcontainers-ryuk-be678e2c-6422-4f92-8eb0-d5fb3066e5ee,testcontainers/ryuk:0.14.0,0.00,"8.969MiB / 7.737GiB"
1791129013,2026-10-05T00:50:13,Q8ProducerScaleBenchmark-3,external-clickhouse,clickhouse/clickhouse-server:latest,8.79,"1.648GiB / 7.737GiB"
1791129013,2026-10-05T00:50:13,Q8ProducerScaleBenchmark-3,external-kafka,apache/kafka:latest,0.68,"1.054GiB / 7.737GiB"
1791129021,2026-10-05T00:50:21,Q8ProducerScaleBenchmark-3,stoic_poincare,apache/kafka:4.3.1,64.90,"1.063GiB / 7.737GiB"
1791129021,2026-10-05T00:50:21,Q8ProducerScaleBenchmark-3,naughty_brown,apache/kafka:4.3.1,103.25,"1.004GiB / 7.737GiB"
1791129021,2026-10-05T00:50:21,Q8ProducerScaleBenchmark-3,testcontainers-ryuk-be678e2c-6422-4f92-8eb0-d5fb3066e5ee,testcontainers/ryuk:0.14.0,0.00,"8.969MiB / 7.737GiB"
1791129021,2026-10-05T00:50:21,Q8ProducerScaleBenchmark-3,external-clickhouse,clickhouse/clickhouse-server:latest,11.58,"1.629GiB / 7.737GiB"
1791129021,2026-10-05T00:50:21,Q8ProducerScaleBenchmark-3,external-kafka,apache/kafka:latest,113.05,"1.103GiB / 7.737GiB"
1791129029,2026-10-05T00:50:29,Q8ProducerScaleBenchmark-3,stoic_poincare,apache/kafka:4.3.1,61.54,"1.064GiB / 7.737GiB"
1791129029,2026-10-05T00:50:29,Q8ProducerScaleBenchmark-3,naughty_brown,apache/kafka:4.3.1,82.21,"1.005GiB / 7.737GiB"
1791129029,2026-10-05T00:50:29,Q8ProducerScaleBenchmark-3,testcontainers-ryuk-be678e2c-6422-4f92-8eb0-d5fb3066e5ee,testcontainers/ryuk:0.14.0,0.00,"8.969MiB / 7.737GiB"
1791129029,2026-10-05T00:50:29,Q8ProducerScaleBenchmark-3,external-clickhouse,clickhouse/clickhouse-server:latest,2.47,"1.618GiB / 7.737GiB"
1791129029,2026-10-05T00:50:29,Q8ProducerScaleBenchmark-3,external-kafka,apache/kafka:latest,0.65,"1.054GiB / 7.737GiB"
1791129037,2026-10-05T00:50:38,Q8ProducerScaleBenchmark-3,stoic_poincare,apache/kafka:4.3.1,452.35,"1.066GiB / 7.737GiB"
1791129037,2026-10-05T00:50:38,Q8ProducerScaleBenchmark-3,naughty_brown,apache/kafka:4.3.1,470.23,"1.014GiB / 7.737GiB"
1791129037,2026-10-05T00:50:38,Q8ProducerScaleBenchmark-3,testcontainers-ryuk-be678e2c-6422-4f92-8eb0-d5fb3066e5ee,testcontainers/ryuk:0.14.0,0.00,"8.969MiB / 7.737GiB"
1791129037,2026-10-05T00:50:38,Q8ProducerScaleBenchmark-3,external-clickhouse,clickhouse/clickhouse-server:latest,343.25,"1.618GiB / 7.737GiB"
1791129037,2026-10-05T00:50:38,Q8ProducerScaleBenchmark-3,external-kafka,apache/kafka:latest,243.07,"1.054GiB / 7.737GiB"
1791129650,2026-10-05T01:00:50,Q8ProducerScaleBenchmark-3,stoic_poincare,apache/kafka:4.3.1,33.03,"1.07GiB / 7.737GiB"
1791129650,2026-10-05T01:00:50,Q8ProducerScaleBenchmark-3,naughty_brown,apache/kafka:4.3.1,50.94,"1.107GiB / 7.737GiB"
1791129650,2026-10-05T01:00:50,Q8ProducerScaleBenchmark-3,testcontainers-ryuk-be678e2c-6422-4f92-8eb0-d5fb3066e5ee,testcontainers/ryuk:0.14.0,0.00,"8.969MiB / 7.737GiB"
1791129650,2026-10-05T01:00:50,Q8ProducerScaleBenchmark-3,external-clickhouse,clickhouse/clickhouse-server:latest,3.32,"1.54GiB / 7.737GiB"
1791129650,2026-10-05T01:00:50,Q8ProducerScaleBenchmark-3,external-kafka,apache/kafka:latest,1.19,"1.054GiB / 7.737GiB"
1791129657,2026-10-05T01:00:57,Q8ProducerScaleBenchmark-3,stoic_poincare,apache/kafka:4.3.1,38.70,"1.07GiB / 7.737GiB"
1791129657,2026-10-05T01:00:57,Q8ProducerScaleBenchmark-3,naughty_brown,apache/kafka:4.3.1,76.27,"1.118GiB / 7.737GiB"
1791129657,2026-10-05T01:00:57,Q8ProducerScaleBenchmark-3,testcontainers-ryuk-be678e2c-6422-4f92-8eb0-d5fb3066e5ee,testcontainers/ryuk:0.14.0,0.00,"8.969MiB / 7.737GiB"
1791129657,2026-10-05T01:00:57,Q8ProducerScaleBenchmark-3,external-clickhouse,clickhouse/clickhouse-server:latest,4.28,"1.453GiB / 7.737GiB"
1791129657,2026-10-05T01:00:57,Q8ProducerScaleBenchmark-3,external-kafka,apache/kafka:latest,133.50,"1.135GiB / 7.737GiB"
1791129664,2026-10-05T01:01:04,Q8ProducerScaleBenchmark-3,stoic_poincare,apache/kafka:4.3.1,0.30,"1.12GiB / 7.737GiB"
1791129664,2026-10-05T01:01:04,Q8ProducerScaleBenchmark-3,naughty_brown,apache/kafka:4.3.1,1.57,"1.115GiB / 7.737GiB"
1791129664,2026-10-05T01:01:04,Q8ProducerScaleBenchmark-3,testcontainers-ryuk-be678e2c-6422-4f92-8eb0-d5fb3066e5ee,testcontainers/ryuk:0.14.0,0.00,"8.969MiB / 7.737GiB"
1791129664,2026-10-05T01:01:04,Q8ProducerScaleBenchmark-3,external-clickhouse,clickhouse/clickhouse-server:latest,6.03,"1.45GiB / 7.737GiB"
1791129664,2026-10-05T01:01:04,Q8ProducerScaleBenchmark-3,external-kafka,apache/kafka:latest,1.13,"1.054GiB / 7.737GiB"
1791129672,2026-10-05T01:01:12,Q8ProducerScaleBenchmark-3,stoic_poincare,apache/kafka:4.3.1,131.88,"1.027GiB / 7.737GiB"
1791129672,2026-10-05T01:01:12,Q8ProducerScaleBenchmark-3,naughty_brown,apache/kafka:4.3.1,176.73,"1.126GiB / 7.737GiB"
1791129672,2026-10-05T01:01:12,Q8ProducerScaleBenchmark-3,testcontainers-ryuk-be678e2c-6422-4f92-8eb0-d5fb3066e5ee,testcontainers/ryuk:0.14.0,0.00,"8.969MiB / 7.737GiB"
1791129672,2026-10-05T01:01:12,Q8ProducerScaleBenchmark-3,external-clickhouse,clickhouse/clickhouse-server:latest,1.87,"1.461GiB / 7.737GiB"
1791129672,2026-10-05T01:01:12,Q8ProducerScaleBenchmark-3,external-kafka,apache/kafka:latest,62.60,"1.135GiB / 7.737GiB"
1791129679,2026-10-05T01:01:19,Q8ProducerScaleBenchmark-3,stoic_poincare,apache/kafka:4.3.1,0.16,"647.1MiB / 7.737GiB"
1791129679,2026-10-05T01:01:19,Q8ProducerScaleBenchmark-3,naughty_brown,apache/kafka:4.3.1,1.37,"1.122GiB / 7.737GiB"
1791129679,2026-10-05T01:01:19,Q8ProducerScaleBenchmark-3,testcontainers-ryuk-be678e2c-6422-4f92-8eb0-d5fb3066e5ee,testcontainers/ryuk:0.14.0,0.00,"8.969MiB / 7.737GiB"
1791129679,2026-10-05T01:01:19,Q8ProducerScaleBenchmark-3,external-clickhouse,clickhouse/clickhouse-server:latest,3.80,"1.452GiB / 7.737GiB"
1791129679,2026-10-05T01:01:19,Q8ProducerScaleBenchmark-3,external-kafka,apache/kafka:latest,1.05,"1.054GiB / 7.737GiB"
1791130604,2026-10-05T01:16:44,Q8ProducerScaleBenchmark-3,stoic_poincare,apache/kafka:4.3.1,158.87,"597.4MiB / 7.737GiB"
1791130604,2026-10-05T01:16:44,Q8ProducerScaleBenchmark-3,naughty_brown,apache/kafka:4.3.1,128.11,"1.127GiB / 7.737GiB"
1791130604,2026-10-05T01:16:44,Q8ProducerScaleBenchmark-3,testcontainers-ryuk-be678e2c-6422-4f92-8eb0-d5fb3066e5ee,testcontainers/ryuk:0.14.0,0.00,"8.969MiB / 7.737GiB"
1791130604,2026-10-05T01:16:44,Q8ProducerScaleBenchmark-3,external-clickhouse,clickhouse/clickhouse-server:latest,84.29,"1.533GiB / 7.737GiB"
1791130604,2026-10-05T01:16:44,Q8ProducerScaleBenchmark-3,external-kafka,apache/kafka:latest,5.10,"1.054GiB / 7.737GiB"
1791130612,2026-10-05T01:16:52,Q8ProducerScaleBenchmark-3,stoic_poincare,apache/kafka:4.3.1,0.19,"589.6MiB / 7.737GiB"
1791130612,2026-10-05T01:16:52,Q8ProducerScaleBenchmark-3,naughty_brown,apache/kafka:4.3.1,66.29,"1.134GiB / 7.737GiB"
1791130612,2026-10-05T01:16:52,Q8ProducerScaleBenchmark-3,testcontainers-ryuk-be678e2c-6422-4f92-8eb0-d5fb3066e5ee,testcontainers/ryuk:0.14.0,0.00,"8.969MiB / 7.737GiB"
1791130612,2026-10-05T01:16:52,Q8ProducerScaleBenchmark-3,external-clickhouse,clickhouse/clickhouse-server:latest,14.45,"1.47GiB / 7.737GiB"
1791130612,2026-10-05T01:16:52,Q8ProducerScaleBenchmark-3,external-kafka,apache/kafka:latest,2.42,"1.054GiB / 7.737GiB"
1791130619,2026-10-05T01:16:59,Q8ProducerScaleBenchmark-3,stoic_poincare,apache/kafka:4.3.1,53.53,"573.3MiB / 7.737GiB"
1791130619,2026-10-05T01:16:59,Q8ProducerScaleBenchmark-3,naughty_brown,apache/kafka:4.3.1,73.36,"1.136GiB / 7.737GiB"
1791130619,2026-10-05T01:16:59,Q8ProducerScaleBenchmark-3,testcontainers-ryuk-be678e2c-6422-4f92-8eb0-d5fb3066e5ee,testcontainers/ryuk:0.14.0,0.01,"8.969MiB / 7.737GiB"
1791130619,2026-10-05T01:16:59,Q8ProducerScaleBenchmark-3,external-clickhouse,clickhouse/clickhouse-server:latest,18.72,"1.448GiB / 7.737GiB"
1791130619,2026-10-05T01:16:59,Q8ProducerScaleBenchmark-3,external-kafka,apache/kafka:latest,0.49,"1.054GiB / 7.737GiB"
1791130627,2026-10-05T01:17:07,Q8ProducerScaleBenchmark-3,stoic_poincare,apache/kafka:4.3.1,28.01,"506.8MiB / 7.737GiB"
1791130627,2026-10-05T01:17:07,Q8ProducerScaleBenchmark-3,naughty_brown,apache/kafka:4.3.1,25.74,"1.139GiB / 7.737GiB"
1791130627,2026-10-05T01:17:07,Q8ProducerScaleBenchmark-3,testcontainers-ryuk-be678e2c-6422-4f92-8eb0-d5fb3066e5ee,testcontainers/ryuk:0.14.0,0.00,"8.969MiB / 7.737GiB"
1791130627,2026-10-05T01:17:07,Q8ProducerScaleBenchmark-3,external-clickhouse,clickhouse/clickhouse-server:latest,23.54,"1.46GiB / 7.737GiB"
1791130627,2026-10-05T01:17:07,Q8ProducerScaleBenchmark-3,external-kafka,apache/kafka:latest,0.68,"1.054GiB / 7.737GiB"
1791130634,2026-10-05T01:17:14,Q8ProducerScaleBenchmark-3,stoic_poincare,apache/kafka:4.3.1,31.37,"608.3MiB / 7.737GiB"
1791130634,2026-10-05T01:17:14,Q8ProducerScaleBenchmark-3,naughty_brown,apache/kafka:4.3.1,44.16,"1.152GiB / 7.737GiB"
1791130634,2026-10-05T01:17:14,Q8ProducerScaleBenchmark-3,testcontainers-ryuk-be678e2c-6422-4f92-8eb0-d5fb3066e5ee,testcontainers/ryuk:0.14.0,0.00,"8.969MiB / 7.737GiB"
1791130634,2026-10-05T01:17:14,Q8ProducerScaleBenchmark-3,external-clickhouse,clickhouse/clickhouse-server:latest,6.84,"1.457GiB / 7.737GiB"
1791130634,2026-10-05T01:17:14,Q8ProducerScaleBenchmark-3,external-kafka,apache/kafka:latest,15.27,"1.073GiB / 7.737GiB"
1791130641,2026-10-05T01:17:21,Q8ProducerScaleBenchmark-3,stoic_poincare,apache/kafka:4.3.1,138.74,"957.3MiB / 7.737GiB"
1791130641,2026-10-05T01:17:21,Q8ProducerScaleBenchmark-3,naughty_brown,apache/kafka:4.3.1,154.50,"1.156GiB / 7.737GiB"
1791130641,2026-10-05T01:17:21,Q8ProducerScaleBenchmark-3,testcontainers-ryuk-be678e2c-6422-4f92-8eb0-d5fb3066e5ee,testcontainers/ryuk:0.14.0,0.00,"8.969MiB / 7.737GiB"
1791130641,2026-10-05T01:17:21,Q8ProducerScaleBenchmark-3,external-clickhouse,clickhouse/clickhouse-server:latest,2.05,"1.45GiB / 7.737GiB"
1791130641,2026-10-05T01:17:21,Q8ProducerScaleBenchmark-3,external-kafka,apache/kafka:latest,0.63,"1.054GiB / 7.737GiB"
1791130650,2026-10-05T01:17:30,Q8ProducerScaleBenchmark-3,stoic_poincare,apache/kafka:4.3.1,132.05,"968.5MiB / 7.737GiB"
1791130650,2026-10-05T01:17:30,Q8ProducerScaleBenchmark-3,naughty_brown,apache/kafka:4.3.1,156.15,"1.16GiB / 7.737GiB"
1791130650,2026-10-05T01:17:30,Q8ProducerScaleBenchmark-3,testcontainers-ryuk-be678e2c-6422-4f92-8eb0-d5fb3066e5ee,testcontainers/ryuk:0.14.0,0.00,"8.969MiB / 7.737GiB"
1791130650,2026-10-05T01:17:30,Q8ProducerScaleBenchmark-3,external-clickhouse,clickhouse/clickhouse-server:latest,9.14,"1.478GiB / 7.737GiB"
1791130650,2026-10-05T01:17:30,Q8ProducerScaleBenchmark-3,external-kafka,apache/kafka:latest,0.56,"1.054GiB / 7.737GiB"
1791130657,2026-10-05T01:17:37,Q8ProducerScaleBenchmark-3,stoic_poincare,apache/kafka:4.3.1,184.32,"1.023GiB / 7.737GiB"
1791130657,2026-10-05T01:17:37,Q8ProducerScaleBenchmark-3,naughty_brown,apache/kafka:4.3.1,116.16,"1.162GiB / 7.737GiB"
1791130657,2026-10-05T01:17:37,Q8ProducerScaleBenchmark-3,testcontainers-ryuk-be678e2c-6422-4f92-8eb0-d5fb3066e5ee,testcontainers/ryuk:0.14.0,0.00,"8.969MiB / 7.737GiB"
1791130657,2026-10-05T01:17:37,Q8ProducerScaleBenchmark-3,external-clickhouse,clickhouse/clickhouse-server:latest,8.14,"1.449GiB / 7.737GiB"
1791130657,2026-10-05T01:17:37,Q8ProducerScaleBenchmark-3,external-kafka,apache/kafka:latest,0.53,"1.054GiB / 7.737GiB"
1791130664,2026-10-05T01:17:44,Q8ProducerScaleBenchmark-3,stoic_poincare,apache/kafka:4.3.1,197.01,"1.203GiB / 7.737GiB"
1791130664,2026-10-05T01:17:44,Q8ProducerScaleBenchmark-3,naughty_brown,apache/kafka:4.3.1,116.88,"1.163GiB / 7.737GiB"
1791130664,2026-10-05T01:17:44,Q8ProducerScaleBenchmark-3,testcontainers-ryuk-be678e2c-6422-4f92-8eb0-d5fb3066e5ee,testcontainers/ryuk:0.14.0,0.00,"8.969MiB / 7.737GiB"
1791130664,2026-10-05T01:17:44,Q8ProducerScaleBenchmark-3,external-clickhouse,clickhouse/clickhouse-server:latest,13.57,"851.4MiB / 7.737GiB"
1791130664,2026-10-05T01:17:44,Q8ProducerScaleBenchmark-3,external-kafka,apache/kafka:latest,1.32,"1.054GiB / 7.737GiB"
1791130672,2026-10-05T01:17:52,Q8ProducerScaleBenchmark-3,stoic_poincare,apache/kafka:4.3.1,203.85,"1.222GiB / 7.737GiB"
1791130672,2026-10-05T01:17:52,Q8ProducerScaleBenchmark-3,naughty_brown,apache/kafka:4.3.1,138.07,"1.159GiB / 7.737GiB"
1791130672,2026-10-05T01:17:52,Q8ProducerScaleBenchmark-3,testcontainers-ryuk-be678e2c-6422-4f92-8eb0-d5fb3066e5ee,testcontainers/ryuk:0.14.0,0.00,"8.969MiB / 7.737GiB"
1791130672,2026-10-05T01:17:52,Q8ProducerScaleBenchmark-3,external-clickhouse,clickhouse/clickhouse-server:latest,9.29,"843.4MiB / 7.737GiB"
1791130672,2026-10-05T01:17:52,Q8ProducerScaleBenchmark-3,external-kafka,apache/kafka:latest,67.39,"1.135GiB / 7.737GiB"
1791130679,2026-10-05T01:17:59,Q8ProducerScaleBenchmark-3,stoic_poincare,apache/kafka:4.3.1,225.41,"1.271GiB / 7.737GiB"
1791130679,2026-10-05T01:17:59,Q8ProducerScaleBenchmark-3,naughty_brown,apache/kafka:4.3.1,154.20,"1.164GiB / 7.737GiB"
1791130679,2026-10-05T01:17:59,Q8ProducerScaleBenchmark-3,testcontainers-ryuk-be678e2c-6422-4f92-8eb0-d5fb3066e5ee,testcontainers/ryuk:0.14.0,0.01,"8.969MiB / 7.737GiB"
1791130679,2026-10-05T01:17:59,Q8ProducerScaleBenchmark-3,external-clickhouse,clickhouse/clickhouse-server:latest,4.99,"845.4MiB / 7.737GiB"
1791130679,2026-10-05T01:17:59,Q8ProducerScaleBenchmark-3,external-kafka,apache/kafka:latest,0.60,"1.054GiB / 7.737GiB"
1791130687,2026-10-05T01:18:07,Q8ProducerScaleBenchmark-3,naughty_brown,apache/kafka:4.3.1,2.10,"1.154GiB / 7.737GiB"
1791130687,2026-10-05T01:18:07,Q8ProducerScaleBenchmark-3,testcontainers-ryuk-be678e2c-6422-4f92-8eb0-d5fb3066e5ee,testcontainers/ryuk:0.14.0,0.00,"8.969MiB / 7.737GiB"
1791130687,2026-10-05T01:18:07,Q8ProducerScaleBenchmark-3,external-clickhouse,clickhouse/clickhouse-server:latest,3.92,"863.2MiB / 7.737GiB"
1791130687,2026-10-05T01:18:07,Q8ProducerScaleBenchmark-3,external-kafka,apache/kafka:latest,1.56,"1.054GiB / 7.737GiB"
1791130694,2026-10-05T01:18:14,Q8ProducerScaleBenchmark-3,naughty_brown,apache/kafka:4.3.1,4.53,"1.154GiB / 7.737GiB"
1791130694,2026-10-05T01:18:14,Q8ProducerScaleBenchmark-3,testcontainers-ryuk-be678e2c-6422-4f92-8eb0-d5fb3066e5ee,testcontainers/ryuk:0.14.0,0.00,"8.969MiB / 7.737GiB"
1791130694,2026-10-05T01:18:14,Q8ProducerScaleBenchmark-3,external-clickhouse,clickhouse/clickhouse-server:latest,6.14,"852.8MiB / 7.737GiB"
1791130694,2026-10-05T01:18:14,Q8ProducerScaleBenchmark-3,external-kafka,apache/kafka:latest,2.13,"1.054GiB / 7.737GiB"
1791130701,2026-10-05T01:18:21,Q8ProducerScaleBenchmark-3,naughty_brown,apache/kafka:4.3.1,3.48,"1.154GiB / 7.737GiB"
1791130701,2026-10-05T01:18:21,Q8ProducerScaleBenchmark-3,testcontainers-ryuk-be678e2c-6422-4f92-8eb0-d5fb3066e5ee,testcontainers/ryuk:0.14.0,0.00,"8.969MiB / 7.737GiB"
1791130701,2026-10-05T01:18:21,Q8ProducerScaleBenchmark-3,external-clickhouse,clickhouse/clickhouse-server:latest,4.35,"852MiB / 7.737GiB"
1791130701,2026-10-05T01:18:21,Q8ProducerScaleBenchmark-3,external-kafka,apache/kafka:latest,1.21,"1.054GiB / 7.737GiB"
1791130709,2026-10-05T01:18:29,Q8ProducerScaleBenchmark-3,naughty_brown,apache/kafka:4.3.1,3.31,"1.154GiB / 7.737GiB"
1791130709,2026-10-05T01:18:29,Q8ProducerScaleBenchmark-3,testcontainers-ryuk-be678e2c-6422-4f92-8eb0-d5fb3066e5ee,testcontainers/ryuk:0.14.0,0.00,"8.969MiB / 7.737GiB"
1791130709,2026-10-05T01:18:29,Q8ProducerScaleBenchmark-3,external-clickhouse,clickhouse/clickhouse-server:latest,6.03,"859MiB / 7.737GiB"
1791130709,2026-10-05T01:18:29,Q8ProducerScaleBenchmark-3,external-kafka,apache/kafka:latest,1.74,"1.054GiB / 7.737GiB"
1791130716,2026-10-05T01:18:36,Q8ProducerScaleBenchmark-3,naughty_brown,apache/kafka:4.3.1,2.60,"1.154GiB / 7.737GiB"
1791130716,2026-10-05T01:18:36,Q8ProducerScaleBenchmark-3,testcontainers-ryuk-be678e2c-6422-4f92-8eb0-d5fb3066e5ee,testcontainers/ryuk:0.14.0,0.00,"8.969MiB / 7.737GiB"
1791130716,2026-10-05T01:18:36,Q8ProducerScaleBenchmark-3,external-clickhouse,clickhouse/clickhouse-server:latest,3.84,"842.4MiB / 7.737GiB"
1791130716,2026-10-05T01:18:36,Q8ProducerScaleBenchmark-3,external-kafka,apache/kafka:latest,1.99,"1.054GiB / 7.737GiB"
1791130723,2026-10-05T01:18:43,Q8ProducerScaleBenchmark-3,naughty_brown,apache/kafka:4.3.1,1.96,"1.154GiB / 7.737GiB"
1791130723,2026-10-05T01:18:43,Q8ProducerScaleBenchmark-3,testcontainers-ryuk-be678e2c-6422-4f92-8eb0-d5fb3066e5ee,testcontainers/ryuk:0.14.0,0.00,"8.969MiB / 7.737GiB"
1791130723,2026-10-05T01:18:43,Q8ProducerScaleBenchmark-3,external-clickhouse,clickhouse/clickhouse-server:latest,5.48,"874.5MiB / 7.737GiB"
1791130723,2026-10-05T01:18:43,Q8ProducerScaleBenchmark-3,external-kafka,apache/kafka:latest,1.30,"1.054GiB / 7.737GiB"
1791130730,2026-10-05T01:18:50,Q8ProducerScaleBenchmark-3,naughty_brown,apache/kafka:4.3.1,2.35,"1.154GiB / 7.737GiB"
1791130730,2026-10-05T01:18:50,Q8ProducerScaleBenchmark-3,testcontainers-ryuk-be678e2c-6422-4f92-8eb0-d5fb3066e5ee,testcontainers/ryuk:0.14.0,0.00,"8.969MiB / 7.737GiB"
1791130730,2026-10-05T01:18:50,Q8ProducerScaleBenchmark-3,external-clickhouse,clickhouse/clickhouse-server:latest,4.37,"852.3MiB / 7.737GiB"
1791130730,2026-10-05T01:18:50,Q8ProducerScaleBenchmark-3,external-kafka,apache/kafka:latest,1.56,"1.054GiB / 7.737GiB"
1791130737,2026-10-05T01:18:57,Q8ProducerScaleBenchmark-3,naughty_brown,apache/kafka:4.3.1,2.95,"1.154GiB / 7.737GiB"
1791130737,2026-10-05T01:18:57,Q8ProducerScaleBenchmark-3,testcontainers-ryuk-be678e2c-6422-4f92-8eb0-d5fb3066e5ee,testcontainers/ryuk:0.14.0,0.00,"8.969MiB / 7.737GiB"
1791130737,2026-10-05T01:18:57,Q8ProducerScaleBenchmark-3,external-clickhouse,clickhouse/clickhouse-server:latest,9.54,"863.5MiB / 7.737GiB"
1791130737,2026-10-05T01:18:57,Q8ProducerScaleBenchmark-3,external-kafka,apache/kafka:latest,1.48,"1.054GiB / 7.737GiB"
1791130745,2026-10-05T01:19:05,Q8ProducerScaleBenchmark-3,naughty_brown,apache/kafka:4.3.1,2.50,"1.154GiB / 7.737GiB"
1791130745,2026-10-05T01:19:05,Q8ProducerScaleBenchmark-3,testcontainers-ryuk-be678e2c-6422-4f92-8eb0-d5fb3066e5ee,testcontainers/ryuk:0.14.0,0.00,"8.969MiB / 7.737GiB"
1791130745,2026-10-05T01:19:05,Q8ProducerScaleBenchmark-3,external-clickhouse,clickhouse/clickhouse-server:latest,9.25,"858.3MiB / 7.737GiB"
1791130745,2026-10-05T01:19:05,Q8ProducerScaleBenchmark-3,external-kafka,apache/kafka:latest,1.47,"1.054GiB / 7.737GiB"
1791130752,2026-10-05T01:19:12,Q8ProducerScaleBenchmark-3,naughty_brown,apache/kafka:4.3.1,1.52,"1.154GiB / 7.737GiB"
1791130752,2026-10-05T01:19:12,Q8ProducerScaleBenchmark-3,testcontainers-ryuk-be678e2c-6422-4f92-8eb0-d5fb3066e5ee,testcontainers/ryuk:0.14.0,0.00,"8.969MiB / 7.737GiB"
1791130752,2026-10-05T01:19:12,Q8ProducerScaleBenchmark-3,external-clickhouse,clickhouse/clickhouse-server:latest,4.48,"856.1MiB / 7.737GiB"
1791130752,2026-10-05T01:19:12,Q8ProducerScaleBenchmark-3,external-kafka,apache/kafka:latest,1.99,"1.054GiB / 7.737GiB"
1791130759,2026-10-05T01:19:19,Q8ProducerScaleBenchmark-3,naughty_brown,apache/kafka:4.3.1,2.11,"1.154GiB / 7.737GiB"
1791130759,2026-10-05T01:19:19,Q8ProducerScaleBenchmark-3,testcontainers-ryuk-be678e2c-6422-4f92-8eb0-d5fb3066e5ee,testcontainers/ryuk:0.14.0,0.00,"8.969MiB / 7.737GiB"
1791130759,2026-10-05T01:19:19,Q8ProducerScaleBenchmark-3,external-clickhouse,clickhouse/clickhouse-server:latest,21.48,"873.9MiB / 7.737GiB"
1791130759,2026-10-05T01:19:19,Q8ProducerScaleBenchmark-3,external-kafka,apache/kafka:latest,2.04,"1.054GiB / 7.737GiB"
1791130766,2026-10-05T01:19:26,Q8ProducerScaleBenchmark-3,naughty_brown,apache/kafka:4.3.1,2.87,"1.154GiB / 7.737GiB"
1791130766,2026-10-05T01:19:26,Q8ProducerScaleBenchmark-3,testcontainers-ryuk-be678e2c-6422-4f92-8eb0-d5fb3066e5ee,testcontainers/ryuk:0.14.0,0.00,"8.969MiB / 7.737GiB"
1791130766,2026-10-05T01:19:26,Q8ProducerScaleBenchmark-3,external-clickhouse,clickhouse/clickhouse-server:latest,20.97,"856.4MiB / 7.737GiB"
1791130766,2026-10-05T01:19:26,Q8ProducerScaleBenchmark-3,external-kafka,apache/kafka:latest,1.76,"1.054GiB / 7.737GiB"
1791130774,2026-10-05T01:19:34,Q8ProducerScaleBenchmark-3,naughty_brown,apache/kafka:4.3.1,2.18,"1.154GiB / 7.737GiB"
1791130774,2026-10-05T01:19:34,Q8ProducerScaleBenchmark-3,testcontainers-ryuk-be678e2c-6422-4f92-8eb0-d5fb3066e5ee,testcontainers/ryuk:0.14.0,0.00,"8.969MiB / 7.737GiB"
1791130774,2026-10-05T01:19:34,Q8ProducerScaleBenchmark-3,external-clickhouse,clickhouse/clickhouse-server:latest,19.92,"855.7MiB / 7.737GiB"
1791130774,2026-10-05T01:19:34,Q8ProducerScaleBenchmark-3,external-kafka,apache/kafka:latest,15.63,"1.054GiB / 7.737GiB"
1791130781,2026-10-05T01:19:41,Q8ProducerScaleBenchmark-3,naughty_brown,apache/kafka:4.3.1,1.83,"1.154GiB / 7.737GiB"
1791130781,2026-10-05T01:19:41,Q8ProducerScaleBenchmark-3,testcontainers-ryuk-be678e2c-6422-4f92-8eb0-d5fb3066e5ee,testcontainers/ryuk:0.14.0,0.00,"8.969MiB / 7.737GiB"
1791130781,2026-10-05T01:19:41,Q8ProducerScaleBenchmark-3,external-clickhouse,clickhouse/clickhouse-server:latest,20.15,"859.4MiB / 7.737GiB"
1791130781,2026-10-05T01:19:41,Q8ProducerScaleBenchmark-3,external-kafka,apache/kafka:latest,1.73,"1.054GiB / 7.737GiB"
1791130788,2026-10-05T01:19:48,Q8ProducerScaleBenchmark-3,naughty_brown,apache/kafka:4.3.1,2.18,"1.154GiB / 7.737GiB"
1791130788,2026-10-05T01:19:48,Q8ProducerScaleBenchmark-3,testcontainers-ryuk-be678e2c-6422-4f92-8eb0-d5fb3066e5ee,testcontainers/ryuk:0.14.0,0.00,"8.969MiB / 7.737GiB"
1791130788,2026-10-05T01:19:48,Q8ProducerScaleBenchmark-3,external-clickhouse,clickhouse/clickhouse-server:latest,9.44,"862.5MiB / 7.737GiB"
1791130788,2026-10-05T01:19:48,Q8ProducerScaleBenchmark-3,external-kafka,apache/kafka:latest,2.27,"1.054GiB / 7.737GiB"
1791130795,2026-10-05T01:19:55,Q8ProducerScaleBenchmark-3,naughty_brown,apache/kafka:4.3.1,0.71,"1.154GiB / 7.737GiB"
1791130795,2026-10-05T01:19:55,Q8ProducerScaleBenchmark-3,testcontainers-ryuk-be678e2c-6422-4f92-8eb0-d5fb3066e5ee,testcontainers/ryuk:0.14.0,0.00,"8.969MiB / 7.737GiB"
1791130795,2026-10-05T01:19:55,Q8ProducerScaleBenchmark-3,external-clickhouse,clickhouse/clickhouse-server:latest,3.69,"948.6MiB / 7.737GiB"
1791130795,2026-10-05T01:19:55,Q8ProducerScaleBenchmark-3,external-kafka,apache/kafka:latest,1.76,"1.054GiB / 7.737GiB"
1791130803,2026-10-05T01:20:03,Q8ProducerScaleBenchmark-3,naughty_brown,apache/kafka:4.3.1,1.53,"1.154GiB / 7.737GiB"
1791130803,2026-10-05T01:20:03,Q8ProducerScaleBenchmark-3,testcontainers-ryuk-be678e2c-6422-4f92-8eb0-d5fb3066e5ee,testcontainers/ryuk:0.14.0,0.00,"8.969MiB / 7.737GiB"
1791130803,2026-10-05T01:20:03,Q8ProducerScaleBenchmark-3,external-clickhouse,clickhouse/clickhouse-server:latest,3.34,"870.9MiB / 7.737GiB"
1791130803,2026-10-05T01:20:03,Q8ProducerScaleBenchmark-3,external-kafka,apache/kafka:latest,1.14,"1.054GiB / 7.737GiB"
1791130810,2026-10-05T01:20:10,Q8ProducerScaleBenchmark-3,naughty_brown,apache/kafka:4.3.1,1.56,"1.154GiB / 7.737GiB"
1791130810,2026-10-05T01:20:10,Q8ProducerScaleBenchmark-3,testcontainers-ryuk-be678e2c-6422-4f92-8eb0-d5fb3066e5ee,testcontainers/ryuk:0.14.0,0.00,"8.969MiB / 7.737GiB"
1791130810,2026-10-05T01:20:10,Q8ProducerScaleBenchmark-3,external-clickhouse,clickhouse/clickhouse-server:latest,3.94,"865.5MiB / 7.737GiB"
1791130810,2026-10-05T01:20:10,Q8ProducerScaleBenchmark-3,external-kafka,apache/kafka:latest,1.56,"1.054GiB / 7.737GiB"
1791130817,2026-10-05T01:20:17,Q8ProducerScaleBenchmark-3,naughty_brown,apache/kafka:4.3.1,1.36,"1.155GiB / 7.737GiB"
1791130817,2026-10-05T01:20:17,Q8ProducerScaleBenchmark-3,testcontainers-ryuk-be678e2c-6422-4f92-8eb0-d5fb3066e5ee,testcontainers/ryuk:0.14.0,0.00,"8.969MiB / 7.737GiB"
1791130817,2026-10-05T01:20:17,Q8ProducerScaleBenchmark-3,external-clickhouse,clickhouse/clickhouse-server:latest,4.04,"871.7MiB / 7.737GiB"
1791130817,2026-10-05T01:20:17,Q8ProducerScaleBenchmark-3,external-kafka,apache/kafka:latest,2.27,"1.054GiB / 7.737GiB"
1791130824,2026-10-05T01:20:24,Q8ProducerScaleBenchmark-3,naughty_brown,apache/kafka:4.3.1,1.86,"1.154GiB / 7.737GiB"
1791130824,2026-10-05T01:20:24,Q8ProducerScaleBenchmark-3,testcontainers-ryuk-be678e2c-6422-4f92-8eb0-d5fb3066e5ee,testcontainers/ryuk:0.14.0,0.00,"8.969MiB / 7.737GiB"
1791130824,2026-10-05T01:20:24,Q8ProducerScaleBenchmark-3,external-clickhouse,clickhouse/clickhouse-server:latest,15.07,"866MiB / 7.737GiB"
1791130824,2026-10-05T01:20:24,Q8ProducerScaleBenchmark-3,external-kafka,apache/kafka:latest,1.90,"1.054GiB / 7.737GiB"
1791130832,2026-10-05T01:20:32,Q8ProducerScaleBenchmark-3,naughty_brown,apache/kafka:4.3.1,1.92,"1.154GiB / 7.737GiB"
1791130832,2026-10-05T01:20:32,Q8ProducerScaleBenchmark-3,testcontainers-ryuk-be678e2c-6422-4f92-8eb0-d5fb3066e5ee,testcontainers/ryuk:0.14.0,0.00,"8.969MiB / 7.737GiB"
1791130832,2026-10-05T01:20:32,Q8ProducerScaleBenchmark-3,external-clickhouse,clickhouse/clickhouse-server:latest,42.67,"956.2MiB / 7.737GiB"
1791130832,2026-10-05T01:20:32,Q8ProducerScaleBenchmark-3,external-kafka,apache/kafka:latest,1.27,"1.054GiB / 7.737GiB"
1791130839,2026-10-05T01:20:39,Q8ProducerScaleBenchmark-3,naughty_brown,apache/kafka:4.3.1,0.95,"1.154GiB / 7.737GiB"
1791130839,2026-10-05T01:20:39,Q8ProducerScaleBenchmark-3,testcontainers-ryuk-be678e2c-6422-4f92-8eb0-d5fb3066e5ee,testcontainers/ryuk:0.14.0,0.00,"8.969MiB / 7.737GiB"
1791130839,2026-10-05T01:20:39,Q8ProducerScaleBenchmark-3,external-clickhouse,clickhouse/clickhouse-server:latest,12.19,"875.1MiB / 7.737GiB"
1791130839,2026-10-05T01:20:39,Q8ProducerScaleBenchmark-3,external-kafka,apache/kafka:latest,3.34,"1.054GiB / 7.737GiB"
1791130846,2026-10-05T01:20:46,Q8ProducerScaleBenchmark-3,naughty_brown,apache/kafka:4.3.1,3.64,"1.154GiB / 7.737GiB"
1791130846,2026-10-05T01:20:46,Q8ProducerScaleBenchmark-3,testcontainers-ryuk-be678e2c-6422-4f92-8eb0-d5fb3066e5ee,testcontainers/ryuk:0.14.0,0.00,"8.969MiB / 7.737GiB"
1791130846,2026-10-05T01:20:46,Q8ProducerScaleBenchmark-3,external-clickhouse,clickhouse/clickhouse-server:latest,6.30,"869.8MiB / 7.737GiB"
1791130846,2026-10-05T01:20:46,Q8ProducerScaleBenchmark-3,external-kafka,apache/kafka:latest,2.09,"1.054GiB / 7.737GiB"
1791130853,2026-10-05T01:20:53,Q8ProducerScaleBenchmark-3,naughty_brown,apache/kafka:4.3.1,2.12,"1.154GiB / 7.737GiB"
1791130853,2026-10-05T01:20:53,Q8ProducerScaleBenchmark-3,testcontainers-ryuk-be678e2c-6422-4f92-8eb0-d5fb3066e5ee,testcontainers/ryuk:0.14.0,0.00,"8.969MiB / 7.737GiB"
1791130853,2026-10-05T01:20:53,Q8ProducerScaleBenchmark-3,external-clickhouse,clickhouse/clickhouse-server:latest,5.56,"881.4MiB / 7.737GiB"
1791130853,2026-10-05T01:20:53,Q8ProducerScaleBenchmark-3,external-kafka,apache/kafka:latest,1.53,"1.054GiB / 7.737GiB"
1791130861,2026-10-05T01:21:01,Q8ProducerScaleBenchmark-3,naughty_brown,apache/kafka:4.3.1,6.60,"1.156GiB / 7.737GiB"
1791130861,2026-10-05T01:21:01,Q8ProducerScaleBenchmark-3,testcontainers-ryuk-be678e2c-6422-4f92-8eb0-d5fb3066e5ee,testcontainers/ryuk:0.14.0,0.00,"8.969MiB / 7.737GiB"
1791130861,2026-10-05T01:21:01,Q8ProducerScaleBenchmark-3,external-clickhouse,clickhouse/clickhouse-server:latest,3.79,"877.6MiB / 7.737GiB"
1791130861,2026-10-05T01:21:01,Q8ProducerScaleBenchmark-3,external-kafka,apache/kafka:latest,2.81,"1.054GiB / 7.737GiB"
1791130868,2026-10-05T01:21:08,Q8ProducerScaleBenchmark-3,naughty_brown,apache/kafka:4.3.1,1.91,"1.154GiB / 7.737GiB"
1791130868,2026-10-05T01:21:08,Q8ProducerScaleBenchmark-3,testcontainers-ryuk-be678e2c-6422-4f92-8eb0-d5fb3066e5ee,testcontainers/ryuk:0.14.0,0.00,"8.969MiB / 7.737GiB"
1791130868,2026-10-05T01:21:08,Q8ProducerScaleBenchmark-3,external-clickhouse,clickhouse/clickhouse-server:latest,3.22,"874.6MiB / 7.737GiB"
1791130868,2026-10-05T01:21:08,Q8ProducerScaleBenchmark-3,external-kafka,apache/kafka:latest,1.93,"1.054GiB / 7.737GiB"
1791130875,2026-10-05T01:21:15,Q8ProducerScaleBenchmark-3,naughty_brown,apache/kafka:4.3.1,1.84,"1.155GiB / 7.737GiB"
1791130875,2026-10-05T01:21:15,Q8ProducerScaleBenchmark-3,testcontainers-ryuk-be678e2c-6422-4f92-8eb0-d5fb3066e5ee,testcontainers/ryuk:0.14.0,0.00,"8.969MiB / 7.737GiB"
1791130875,2026-10-05T01:21:15,Q8ProducerScaleBenchmark-3,external-clickhouse,clickhouse/clickhouse-server:latest,3.99,"896.1MiB / 7.737GiB"
1791130875,2026-10-05T01:21:15,Q8ProducerScaleBenchmark-3,external-kafka,apache/kafka:latest,1.71,"1.054GiB / 7.737GiB"
1791130882,2026-10-05T01:21:22,Q8ProducerScaleBenchmark-3,naughty_brown,apache/kafka:4.3.1,1.23,"1.154GiB / 7.737GiB"
1791130882,2026-10-05T01:21:22,Q8ProducerScaleBenchmark-3,testcontainers-ryuk-be678e2c-6422-4f92-8eb0-d5fb3066e5ee,testcontainers/ryuk:0.14.0,0.00,"8.969MiB / 7.737GiB"
1791130882,2026-10-05T01:21:22,Q8ProducerScaleBenchmark-3,external-clickhouse,clickhouse/clickhouse-server:latest,3.28,"882.6MiB / 7.737GiB"
1791130882,2026-10-05T01:21:22,Q8ProducerScaleBenchmark-3,external-kafka,apache/kafka:latest,55.63,"1.055GiB / 7.737GiB"
1791130890,2026-10-05T01:21:30,Q8ProducerScaleBenchmark-3,naughty_brown,apache/kafka:4.3.1,2.67,"1.155GiB / 7.737GiB"
1791130890,2026-10-05T01:21:30,Q8ProducerScaleBenchmark-3,testcontainers-ryuk-be678e2c-6422-4f92-8eb0-d5fb3066e5ee,testcontainers/ryuk:0.14.0,0.00,"8.969MiB / 7.737GiB"
1791130890,2026-10-05T01:21:30,Q8ProducerScaleBenchmark-3,external-clickhouse,clickhouse/clickhouse-server:latest,5.35,"892.2MiB / 7.737GiB"
1791130890,2026-10-05T01:21:30,Q8ProducerScaleBenchmark-3,external-kafka,apache/kafka:latest,1.62,"1.054GiB / 7.737GiB"
1791130897,2026-10-05T01:21:37,Q8ProducerScaleBenchmark-3,naughty_brown,apache/kafka:4.3.1,4.99,"1.157GiB / 7.737GiB"
1791130897,2026-10-05T01:21:37,Q8ProducerScaleBenchmark-3,testcontainers-ryuk-be678e2c-6422-4f92-8eb0-d5fb3066e5ee,testcontainers/ryuk:0.14.0,0.00,"8.969MiB / 7.737GiB"
1791130897,2026-10-05T01:21:37,Q8ProducerScaleBenchmark-3,external-clickhouse,clickhouse/clickhouse-server:latest,3.21,"883.2MiB / 7.737GiB"
1791130897,2026-10-05T01:21:37,Q8ProducerScaleBenchmark-3,external-kafka,apache/kafka:latest,1.36,"1.054GiB / 7.737GiB"
1791130904,2026-10-05T01:21:44,Q8ProducerScaleBenchmark-3,naughty_brown,apache/kafka:4.3.1,0.88,"1.155GiB / 7.737GiB"
1791130904,2026-10-05T01:21:44,Q8ProducerScaleBenchmark-3,testcontainers-ryuk-be678e2c-6422-4f92-8eb0-d5fb3066e5ee,testcontainers/ryuk:0.14.0,0.00,"8.969MiB / 7.737GiB"
1791130904,2026-10-05T01:21:44,Q8ProducerScaleBenchmark-3,external-clickhouse,clickhouse/clickhouse-server:latest,2.74,"877MiB / 7.737GiB"
1791130904,2026-10-05T01:21:44,Q8ProducerScaleBenchmark-3,external-kafka,apache/kafka:latest,15.46,"1.072GiB / 7.737GiB"
1791130911,2026-10-05T01:21:51,Q8ProducerScaleBenchmark-3,naughty_brown,apache/kafka:4.3.1,1.46,"1.155GiB / 7.737GiB"
1791130911,2026-10-05T01:21:51,Q8ProducerScaleBenchmark-3,testcontainers-ryuk-be678e2c-6422-4f92-8eb0-d5fb3066e5ee,testcontainers/ryuk:0.14.0,0.00,"8.969MiB / 7.737GiB"
1791130911,2026-10-05T01:21:51,Q8ProducerScaleBenchmark-3,external-clickhouse,clickhouse/clickhouse-server:latest,2.76,"946.7MiB / 7.737GiB"
1791130911,2026-10-05T01:21:51,Q8ProducerScaleBenchmark-3,external-kafka,apache/kafka:latest,1.18,"1.054GiB / 7.737GiB"
1791130918,2026-10-05T01:21:58,Q8ProducerScaleBenchmark-3,naughty_brown,apache/kafka:4.3.1,1.44,"1.155GiB / 7.737GiB"
1791130918,2026-10-05T01:21:58,Q8ProducerScaleBenchmark-3,testcontainers-ryuk-be678e2c-6422-4f92-8eb0-d5fb3066e5ee,testcontainers/ryuk:0.14.0,0.00,"8.969MiB / 7.737GiB"
1791130918,2026-10-05T01:21:58,Q8ProducerScaleBenchmark-3,external-clickhouse,clickhouse/clickhouse-server:latest,3.59,"888MiB / 7.737GiB"
1791130918,2026-10-05T01:21:58,Q8ProducerScaleBenchmark-3,external-kafka,apache/kafka:latest,1.20,"1.054GiB / 7.737GiB"
1791130926,2026-10-05T01:22:06,Q8ProducerScaleBenchmark-3,naughty_brown,apache/kafka:4.3.1,1.70,"1.155GiB / 7.737GiB"
1791130926,2026-10-05T01:22:06,Q8ProducerScaleBenchmark-3,testcontainers-ryuk-be678e2c-6422-4f92-8eb0-d5fb3066e5ee,testcontainers/ryuk:0.14.0,0.00,"8.969MiB / 7.737GiB"
1791130926,2026-10-05T01:22:06,Q8ProducerScaleBenchmark-3,external-clickhouse,clickhouse/clickhouse-server:latest,2.00,"900MiB / 7.737GiB"
1791130926,2026-10-05T01:22:06,Q8ProducerScaleBenchmark-3,external-kafka,apache/kafka:latest,101.10,"1.138GiB / 7.737GiB"
1791130933,2026-10-05T01:22:13,Q8ProducerScaleBenchmark-3,naughty_brown,apache/kafka:4.3.1,1.09,"1.155GiB / 7.737GiB"
1791130933,2026-10-05T01:22:13,Q8ProducerScaleBenchmark-3,testcontainers-ryuk-be678e2c-6422-4f92-8eb0-d5fb3066e5ee,testcontainers/ryuk:0.14.0,0.00,"8.969MiB / 7.737GiB"
1791130933,2026-10-05T01:22:13,Q8ProducerScaleBenchmark-3,external-clickhouse,clickhouse/clickhouse-server:latest,2.78,"900.8MiB / 7.737GiB"
1791130933,2026-10-05T01:22:13,Q8ProducerScaleBenchmark-3,external-kafka,apache/kafka:latest,1.00,"1.054GiB / 7.737GiB"
1791130940,2026-10-05T01:22:20,Q8ProducerScaleBenchmark-3,naughty_brown,apache/kafka:4.3.1,2.58,"1.155GiB / 7.737GiB"
1791130940,2026-10-05T01:22:20,Q8ProducerScaleBenchmark-3,testcontainers-ryuk-be678e2c-6422-4f92-8eb0-d5fb3066e5ee,testcontainers/ryuk:0.14.0,0.00,"8.969MiB / 7.737GiB"
1791130940,2026-10-05T01:22:20,Q8ProducerScaleBenchmark-3,external-clickhouse,clickhouse/clickhouse-server:latest,7.91,"893.2MiB / 7.737GiB"
1791130940,2026-10-05T01:22:20,Q8ProducerScaleBenchmark-3,external-kafka,apache/kafka:latest,1.26,"1.054GiB / 7.737GiB"
1791130947,2026-10-05T01:22:27,Q8ProducerScaleBenchmark-3,naughty_brown,apache/kafka:4.3.1,1.78,"1.155GiB / 7.737GiB"
1791130947,2026-10-05T01:22:27,Q8ProducerScaleBenchmark-3,testcontainers-ryuk-be678e2c-6422-4f92-8eb0-d5fb3066e5ee,testcontainers/ryuk:0.14.0,0.00,"8.969MiB / 7.737GiB"
1791130947,2026-10-05T01:22:27,Q8ProducerScaleBenchmark-3,external-clickhouse,clickhouse/clickhouse-server:latest,3.28,"980.4MiB / 7.737GiB"
1791130947,2026-10-05T01:22:27,Q8ProducerScaleBenchmark-3,external-kafka,apache/kafka:latest,1.13,"1.054GiB / 7.737GiB"
1791130955,2026-10-05T01:22:35,Q8ProducerScaleBenchmark-3,naughty_brown,apache/kafka:4.3.1,1.69,"1.155GiB / 7.737GiB"
1791130955,2026-10-05T01:22:35,Q8ProducerScaleBenchmark-3,testcontainers-ryuk-be678e2c-6422-4f92-8eb0-d5fb3066e5ee,testcontainers/ryuk:0.14.0,0.00,"8.969MiB / 7.737GiB"
1791130955,2026-10-05T01:22:35,Q8ProducerScaleBenchmark-3,external-clickhouse,clickhouse/clickhouse-server:latest,6.09,"899.8MiB / 7.737GiB"
1791130955,2026-10-05T01:22:35,Q8ProducerScaleBenchmark-3,external-kafka,apache/kafka:latest,1.24,"1.054GiB / 7.737GiB"
1791130962,2026-10-05T01:22:42,Q8ProducerScaleBenchmark-3,naughty_brown,apache/kafka:4.3.1,1.81,"1.156GiB / 7.737GiB"
1791130962,2026-10-05T01:22:42,Q8ProducerScaleBenchmark-3,testcontainers-ryuk-be678e2c-6422-4f92-8eb0-d5fb3066e5ee,testcontainers/ryuk:0.14.0,0.00,"8.969MiB / 7.737GiB"
1791130962,2026-10-05T01:22:42,Q8ProducerScaleBenchmark-3,external-clickhouse,clickhouse/clickhouse-server:latest,6.51,"906.7MiB / 7.737GiB"
1791130962,2026-10-05T01:22:42,Q8ProducerScaleBenchmark-3,external-kafka,apache/kafka:latest,1.51,"1.054GiB / 7.737GiB"
1791130969,2026-10-05T01:22:49,Q8ProducerScaleBenchmark-3,naughty_brown,apache/kafka:4.3.1,3.48,"1.16GiB / 7.737GiB"
1791130969,2026-10-05T01:22:49,Q8ProducerScaleBenchmark-3,testcontainers-ryuk-be678e2c-6422-4f92-8eb0-d5fb3066e5ee,testcontainers/ryuk:0.14.0,0.00,"8.969MiB / 7.737GiB"
1791130969,2026-10-05T01:22:49,Q8ProducerScaleBenchmark-3,external-clickhouse,clickhouse/clickhouse-server:latest,3.75,"916.7MiB / 7.737GiB"
1791130969,2026-10-05T01:22:49,Q8ProducerScaleBenchmark-3,external-kafka,apache/kafka:latest,0.97,"1.054GiB / 7.737GiB"
1791130976,2026-10-05T01:22:56,Q8ProducerScaleBenchmark-3,naughty_brown,apache/kafka:4.3.1,1.51,"1.155GiB / 7.737GiB"
1791130976,2026-10-05T01:22:56,Q8ProducerScaleBenchmark-3,testcontainers-ryuk-be678e2c-6422-4f92-8eb0-d5fb3066e5ee,testcontainers/ryuk:0.14.0,0.00,"8.969MiB / 7.737GiB"
1791130976,2026-10-05T01:22:56,Q8ProducerScaleBenchmark-3,external-clickhouse,clickhouse/clickhouse-server:latest,18.36,"908.4MiB / 7.737GiB"
1791130976,2026-10-05T01:22:56,Q8ProducerScaleBenchmark-3,external-kafka,apache/kafka:latest,1.23,"1.054GiB / 7.737GiB"
1791130984,2026-10-05T01:23:04,Q8ProducerScaleBenchmark-3,naughty_brown,apache/kafka:4.3.1,1.20,"1.155GiB / 7.737GiB"
1791130984,2026-10-05T01:23:04,Q8ProducerScaleBenchmark-3,testcontainers-ryuk-be678e2c-6422-4f92-8eb0-d5fb3066e5ee,testcontainers/ryuk:0.14.0,0.00,"8.969MiB / 7.737GiB"
1791130984,2026-10-05T01:23:04,Q8ProducerScaleBenchmark-3,external-clickhouse,clickhouse/clickhouse-server:latest,17.84,"991.3MiB / 7.737GiB"
1791130984,2026-10-05T01:23:04,Q8ProducerScaleBenchmark-3,external-kafka,apache/kafka:latest,0.92,"1.054GiB / 7.737GiB"
1791130991,2026-10-05T01:23:11,Q8ProducerScaleBenchmark-3,naughty_brown,apache/kafka:4.3.1,1.53,"1.155GiB / 7.737GiB"
1791130991,2026-10-05T01:23:11,Q8ProducerScaleBenchmark-3,testcontainers-ryuk-be678e2c-6422-4f92-8eb0-d5fb3066e5ee,testcontainers/ryuk:0.14.0,0.00,"8.969MiB / 7.737GiB"
1791130991,2026-10-05T01:23:11,Q8ProducerScaleBenchmark-3,external-clickhouse,clickhouse/clickhouse-server:latest,16.69,"930.4MiB / 7.737GiB"
1791130991,2026-10-05T01:23:11,Q8ProducerScaleBenchmark-3,external-kafka,apache/kafka:latest,107.63,"1.129GiB / 7.737GiB"
1791130998,2026-10-05T01:23:18,Q8ProducerScaleBenchmark-3,naughty_brown,apache/kafka:4.3.1,4.36,"1.155GiB / 7.737GiB"
1791130998,2026-10-05T01:23:18,Q8ProducerScaleBenchmark-3,testcontainers-ryuk-be678e2c-6422-4f92-8eb0-d5fb3066e5ee,testcontainers/ryuk:0.14.0,0.00,"8.969MiB / 7.737GiB"
1791130998,2026-10-05T01:23:18,Q8ProducerScaleBenchmark-3,external-clickhouse,clickhouse/clickhouse-server:latest,24.33,"920.2MiB / 7.737GiB"
1791130998,2026-10-05T01:23:18,Q8ProducerScaleBenchmark-3,external-kafka,apache/kafka:latest,1.39,"1.054GiB / 7.737GiB"
1791131005,2026-10-05T01:23:25,Q8ProducerScaleBenchmark-3,naughty_brown,apache/kafka:4.3.1,2.33,"1.156GiB / 7.737GiB"
1791131005,2026-10-05T01:23:25,Q8ProducerScaleBenchmark-3,testcontainers-ryuk-be678e2c-6422-4f92-8eb0-d5fb3066e5ee,testcontainers/ryuk:0.14.0,0.00,"8.969MiB / 7.737GiB"
1791131005,2026-10-05T01:23:25,Q8ProducerScaleBenchmark-3,external-clickhouse,clickhouse/clickhouse-server:latest,12.22,"925.1MiB / 7.737GiB"
1791131005,2026-10-05T01:23:25,Q8ProducerScaleBenchmark-3,external-kafka,apache/kafka:latest,1.01,"1.054GiB / 7.737GiB"
1791131013,2026-10-05T01:23:33,Q8ProducerScaleBenchmark-3,naughty_brown,apache/kafka:4.3.1,1.44,"1.155GiB / 7.737GiB"
1791131013,2026-10-05T01:23:33,Q8ProducerScaleBenchmark-3,testcontainers-ryuk-be678e2c-6422-4f92-8eb0-d5fb3066e5ee,testcontainers/ryuk:0.14.0,0.00,"8.969MiB / 7.737GiB"
1791131013,2026-10-05T01:23:33,Q8ProducerScaleBenchmark-3,external-clickhouse,clickhouse/clickhouse-server:latest,11.03,"923.5MiB / 7.737GiB"
1791131013,2026-10-05T01:23:33,Q8ProducerScaleBenchmark-3,external-kafka,apache/kafka:latest,1.07,"1.054GiB / 7.737GiB"
1791131020,2026-10-05T01:23:40,Q8ProducerScaleBenchmark-3,naughty_brown,apache/kafka:4.3.1,1.81,"1.155GiB / 7.737GiB"
1791131020,2026-10-05T01:23:40,Q8ProducerScaleBenchmark-3,testcontainers-ryuk-be678e2c-6422-4f92-8eb0-d5fb3066e5ee,testcontainers/ryuk:0.14.0,0.00,"8.969MiB / 7.737GiB"
1791131020,2026-10-05T01:23:40,Q8ProducerScaleBenchmark-3,external-clickhouse,clickhouse/clickhouse-server:latest,3.12,"924.2MiB / 7.737GiB"
1791131020,2026-10-05T01:23:40,Q8ProducerScaleBenchmark-3,external-kafka,apache/kafka:latest,1.09,"1.054GiB / 7.737GiB"
1791131027,2026-10-05T01:23:47,Q8ProducerScaleBenchmark-3,naughty_brown,apache/kafka:4.3.1,3.11,"1.156GiB / 7.737GiB"
1791131027,2026-10-05T01:23:47,Q8ProducerScaleBenchmark-3,testcontainers-ryuk-be678e2c-6422-4f92-8eb0-d5fb3066e5ee,testcontainers/ryuk:0.14.0,0.00,"8.969MiB / 7.737GiB"
1791131027,2026-10-05T01:23:47,Q8ProducerScaleBenchmark-3,external-clickhouse,clickhouse/clickhouse-server:latest,3.65,"929.8MiB / 7.737GiB"
1791131027,2026-10-05T01:23:47,Q8ProducerScaleBenchmark-3,external-kafka,apache/kafka:latest,1.72,"1.054GiB / 7.737GiB"
1791131034,2026-10-05T01:23:54,Q8ProducerScaleBenchmark-3,naughty_brown,apache/kafka:4.3.1,2.94,"1.156GiB / 7.737GiB"
1791131034,2026-10-05T01:23:54,Q8ProducerScaleBenchmark-3,testcontainers-ryuk-be678e2c-6422-4f92-8eb0-d5fb3066e5ee,testcontainers/ryuk:0.14.0,0.00,"8.969MiB / 7.737GiB"
1791131034,2026-10-05T01:23:54,Q8ProducerScaleBenchmark-3,external-clickhouse,clickhouse/clickhouse-server:latest,4.68,"931.7MiB / 7.737GiB"
1791131034,2026-10-05T01:23:54,Q8ProducerScaleBenchmark-3,external-kafka,apache/kafka:latest,1.17,"1.054GiB / 7.737GiB"
1791131042,2026-10-05T01:24:02,Q8ProducerScaleBenchmark-3,naughty_brown,apache/kafka:4.3.1,1.82,"1.155GiB / 7.737GiB"
1791131042,2026-10-05T01:24:02,Q8ProducerScaleBenchmark-3,testcontainers-ryuk-be678e2c-6422-4f92-8eb0-d5fb3066e5ee,testcontainers/ryuk:0.14.0,0.00,"8.969MiB / 7.737GiB"
1791131042,2026-10-05T01:24:02,Q8ProducerScaleBenchmark-3,external-clickhouse,clickhouse/clickhouse-server:latest,4.45,"946.5MiB / 7.737GiB"
1791131042,2026-10-05T01:24:02,Q8ProducerScaleBenchmark-3,external-kafka,apache/kafka:latest,1.59,"1.054GiB / 7.737GiB"
1791131049,2026-10-05T01:24:09,Q8ProducerScaleBenchmark-3,naughty_brown,apache/kafka:4.3.1,1.39,"1.155GiB / 7.737GiB"
1791131049,2026-10-05T01:24:09,Q8ProducerScaleBenchmark-3,testcontainers-ryuk-be678e2c-6422-4f92-8eb0-d5fb3066e5ee,testcontainers/ryuk:0.14.0,0.00,"8.969MiB / 7.737GiB"
1791131049,2026-10-05T01:24:09,Q8ProducerScaleBenchmark-3,external-clickhouse,clickhouse/clickhouse-server:latest,3.90,"933.9MiB / 7.737GiB"
1791131049,2026-10-05T01:24:09,Q8ProducerScaleBenchmark-3,external-kafka,apache/kafka:latest,1.27,"1.054GiB / 7.737GiB"
1791131056,2026-10-05T01:24:16,Q8ProducerScaleBenchmark-3,naughty_brown,apache/kafka:4.3.1,2.89,"1.155GiB / 7.737GiB"
1791131056,2026-10-05T01:24:16,Q8ProducerScaleBenchmark-3,testcontainers-ryuk-be678e2c-6422-4f92-8eb0-d5fb3066e5ee,testcontainers/ryuk:0.14.0,0.00,"8.969MiB / 7.737GiB"
1791131056,2026-10-05T01:24:16,Q8ProducerScaleBenchmark-3,external-clickhouse,clickhouse/clickhouse-server:latest,7.12,"932.8MiB / 7.737GiB"
1791131056,2026-10-05T01:24:16,Q8ProducerScaleBenchmark-3,external-kafka,apache/kafka:latest,2.16,"1.054GiB / 7.737GiB"
1791131063,2026-10-05T01:24:23,Q8ProducerScaleBenchmark-3,naughty_brown,apache/kafka:4.3.1,2.15,"1.155GiB / 7.737GiB"
1791131063,2026-10-05T01:24:23,Q8ProducerScaleBenchmark-3,testcontainers-ryuk-be678e2c-6422-4f92-8eb0-d5fb3066e5ee,testcontainers/ryuk:0.14.0,0.00,"8.969MiB / 7.737GiB"
1791131063,2026-10-05T01:24:23,Q8ProducerScaleBenchmark-3,external-clickhouse,clickhouse/clickhouse-server:latest,4.34,"940.8MiB / 7.737GiB"
1791131063,2026-10-05T01:24:23,Q8ProducerScaleBenchmark-3,external-kafka,apache/kafka:latest,1.19,"1.054GiB / 7.737GiB"
1791131071,2026-10-05T01:24:31,Q8ProducerScaleBenchmark-3,naughty_brown,apache/kafka:4.3.1,3.15,"1.155GiB / 7.737GiB"
1791131071,2026-10-05T01:24:31,Q8ProducerScaleBenchmark-3,testcontainers-ryuk-be678e2c-6422-4f92-8eb0-d5fb3066e5ee,testcontainers/ryuk:0.14.0,0.00,"8.969MiB / 7.737GiB"
1791131071,2026-10-05T01:24:31,Q8ProducerScaleBenchmark-3,external-clickhouse,clickhouse/clickhouse-server:latest,6.62,"937.9MiB / 7.737GiB"
1791131071,2026-10-05T01:24:31,Q8ProducerScaleBenchmark-3,external-kafka,apache/kafka:latest,1.68,"1.054GiB / 7.737GiB"
1791131078,2026-10-05T01:24:38,Q8ProducerScaleBenchmark-3,naughty_brown,apache/kafka:4.3.1,2.13,"1.155GiB / 7.737GiB"
1791131078,2026-10-05T01:24:38,Q8ProducerScaleBenchmark-3,testcontainers-ryuk-be678e2c-6422-4f92-8eb0-d5fb3066e5ee,testcontainers/ryuk:0.14.0,0.00,"8.969MiB / 7.737GiB"
1791131078,2026-10-05T01:24:38,Q8ProducerScaleBenchmark-3,external-clickhouse,clickhouse/clickhouse-server:latest,4.33,"952.1MiB / 7.737GiB"
1791131078,2026-10-05T01:24:38,Q8ProducerScaleBenchmark-3,external-kafka,apache/kafka:latest,1.61,"1.054GiB / 7.737GiB"
1791131085,2026-10-05T01:24:45,Q8ProducerScaleBenchmark-3,naughty_brown,apache/kafka:4.3.1,2.50,"1.155GiB / 7.737GiB"
1791131085,2026-10-05T01:24:45,Q8ProducerScaleBenchmark-3,testcontainers-ryuk-be678e2c-6422-4f92-8eb0-d5fb3066e5ee,testcontainers/ryuk:0.14.0,0.00,"8.969MiB / 7.737GiB"
1791131085,2026-10-05T01:24:45,Q8ProducerScaleBenchmark-3,external-clickhouse,clickhouse/clickhouse-server:latest,4.50,"949.5MiB / 7.737GiB"
1791131085,2026-10-05T01:24:45,Q8ProducerScaleBenchmark-3,external-kafka,apache/kafka:latest,1.64,"1.054GiB / 7.737GiB"
1791131092,2026-10-05T01:24:52,Q8ProducerScaleBenchmark-3,naughty_brown,apache/kafka:4.3.1,1.81,"1.156GiB / 7.737GiB"
1791131092,2026-10-05T01:24:52,Q8ProducerScaleBenchmark-3,testcontainers-ryuk-be678e2c-6422-4f92-8eb0-d5fb3066e5ee,testcontainers/ryuk:0.14.0,0.00,"8.969MiB / 7.737GiB"
1791131092,2026-10-05T01:24:52,Q8ProducerScaleBenchmark-3,external-clickhouse,clickhouse/clickhouse-server:latest,3.88,"947.2MiB / 7.737GiB"
1791131092,2026-10-05T01:24:52,Q8ProducerScaleBenchmark-3,external-kafka,apache/kafka:latest,1.29,"1.054GiB / 7.737GiB"
1791131100,2026-10-05T01:25:00,Q8ProducerScaleBenchmark-3,naughty_brown,apache/kafka:4.3.1,2.59,"1.155GiB / 7.737GiB"
1791131100,2026-10-05T01:25:00,Q8ProducerScaleBenchmark-3,testcontainers-ryuk-be678e2c-6422-4f92-8eb0-d5fb3066e5ee,testcontainers/ryuk:0.14.0,0.03,"8.969MiB / 7.737GiB"
1791131100,2026-10-05T01:25:00,Q8ProducerScaleBenchmark-3,external-clickhouse,clickhouse/clickhouse-server:latest,4.99,"1.005GiB / 7.737GiB"
1791131100,2026-10-05T01:25:00,Q8ProducerScaleBenchmark-3,external-kafka,apache/kafka:latest,1.85,"1.054GiB / 7.737GiB"
1791131107,2026-10-05T01:25:07,Q8ProducerScaleBenchmark-3,naughty_brown,apache/kafka:4.3.1,2.04,"1.156GiB / 7.737GiB"
1791131107,2026-10-05T01:25:07,Q8ProducerScaleBenchmark-3,testcontainers-ryuk-be678e2c-6422-4f92-8eb0-d5fb3066e5ee,testcontainers/ryuk:0.14.0,0.00,"8.969MiB / 7.737GiB"
1791131107,2026-10-05T01:25:07,Q8ProducerScaleBenchmark-3,external-clickhouse,clickhouse/clickhouse-server:latest,4.65,"953.2MiB / 7.737GiB"
1791131107,2026-10-05T01:25:07,Q8ProducerScaleBenchmark-3,external-kafka,apache/kafka:latest,1.76,"1.054GiB / 7.737GiB"
1791131114,2026-10-05T01:25:14,Q8ProducerScaleBenchmark-3,naughty_brown,apache/kafka:4.3.1,3.35,"1.155GiB / 7.737GiB"
1791131114,2026-10-05T01:25:14,Q8ProducerScaleBenchmark-3,testcontainers-ryuk-be678e2c-6422-4f92-8eb0-d5fb3066e5ee,testcontainers/ryuk:0.14.0,0.00,"8.969MiB / 7.737GiB"
1791131114,2026-10-05T01:25:14,Q8ProducerScaleBenchmark-3,external-clickhouse,clickhouse/clickhouse-server:latest,4.78,"970.3MiB / 7.737GiB"
1791131114,2026-10-05T01:25:14,Q8ProducerScaleBenchmark-3,external-kafka,apache/kafka:latest,2.69,"1.054GiB / 7.737GiB"
1791131121,2026-10-05T01:25:21,Q8ProducerScaleBenchmark-3,naughty_brown,apache/kafka:4.3.1,1.93,"1.155GiB / 7.737GiB"
1791131121,2026-10-05T01:25:21,Q8ProducerScaleBenchmark-3,testcontainers-ryuk-be678e2c-6422-4f92-8eb0-d5fb3066e5ee,testcontainers/ryuk:0.14.0,0.00,"8.969MiB / 7.737GiB"
1791131121,2026-10-05T01:25:21,Q8ProducerScaleBenchmark-3,external-clickhouse,clickhouse/clickhouse-server:latest,5.52,"962.1MiB / 7.737GiB"
1791131121,2026-10-05T01:25:21,Q8ProducerScaleBenchmark-3,external-kafka,apache/kafka:latest,1.54,"1.054GiB / 7.737GiB"
1791131129,2026-10-05T01:25:29,Q8ProducerScaleBenchmark-3,naughty_brown,apache/kafka:4.3.1,3.32,"1.159GiB / 7.737GiB"
1791131129,2026-10-05T01:25:29,Q8ProducerScaleBenchmark-3,testcontainers-ryuk-be678e2c-6422-4f92-8eb0-d5fb3066e5ee,testcontainers/ryuk:0.14.0,0.00,"8.969MiB / 7.737GiB"
1791131129,2026-10-05T01:25:29,Q8ProducerScaleBenchmark-3,external-clickhouse,clickhouse/clickhouse-server:latest,4.47,"960MiB / 7.737GiB"
1791131129,2026-10-05T01:25:29,Q8ProducerScaleBenchmark-3,external-kafka,apache/kafka:latest,1.60,"1.054GiB / 7.737GiB"
1791131136,2026-10-05T01:25:36,Q8ProducerScaleBenchmark-3,naughty_brown,apache/kafka:4.3.1,2.84,"1.155GiB / 7.737GiB"
1791131136,2026-10-05T01:25:36,Q8ProducerScaleBenchmark-3,testcontainers-ryuk-be678e2c-6422-4f92-8eb0-d5fb3066e5ee,testcontainers/ryuk:0.14.0,0.00,"8.969MiB / 7.737GiB"
1791131136,2026-10-05T01:25:36,Q8ProducerScaleBenchmark-3,external-clickhouse,clickhouse/clickhouse-server:latest,6.74,"961.9MiB / 7.737GiB"
1791131136,2026-10-05T01:25:36,Q8ProducerScaleBenchmark-3,external-kafka,apache/kafka:latest,6.33,"1.054GiB / 7.737GiB"
1791131143,2026-10-05T01:25:43,Q8ProducerScaleBenchmark-3,naughty_brown,apache/kafka:4.3.1,2.26,"1.155GiB / 7.737GiB"
1791131143,2026-10-05T01:25:43,Q8ProducerScaleBenchmark-3,testcontainers-ryuk-be678e2c-6422-4f92-8eb0-d5fb3066e5ee,testcontainers/ryuk:0.14.0,0.00,"8.969MiB / 7.737GiB"
1791131143,2026-10-05T01:25:43,Q8ProducerScaleBenchmark-3,external-clickhouse,clickhouse/clickhouse-server:latest,6.32,"1019MiB / 7.737GiB"
1791131143,2026-10-05T01:25:43,Q8ProducerScaleBenchmark-3,external-kafka,apache/kafka:latest,0.80,"1.054GiB / 7.737GiB"
1791131150,2026-10-05T01:25:50,Q8ProducerScaleBenchmark-3,naughty_brown,apache/kafka:4.3.1,22.80,"1.156GiB / 7.737GiB"
1791131150,2026-10-05T01:25:50,Q8ProducerScaleBenchmark-3,testcontainers-ryuk-be678e2c-6422-4f92-8eb0-d5fb3066e5ee,testcontainers/ryuk:0.14.0,0.00,"8.969MiB / 7.737GiB"
1791131150,2026-10-05T01:25:50,Q8ProducerScaleBenchmark-3,external-clickhouse,clickhouse/clickhouse-server:latest,12.21,"1000MiB / 7.737GiB"
1791131150,2026-10-05T01:25:50,Q8ProducerScaleBenchmark-3,external-kafka,apache/kafka:latest,2.23,"1.054GiB / 7.737GiB"
1791131158,2026-10-05T01:25:58,Q8ProducerScaleBenchmark-3,naughty_brown,apache/kafka:4.3.1,1.37,"1.155GiB / 7.737GiB"
1791131158,2026-10-05T01:25:58,Q8ProducerScaleBenchmark-3,testcontainers-ryuk-be678e2c-6422-4f92-8eb0-d5fb3066e5ee,testcontainers/ryuk:0.14.0,0.00,"8.969MiB / 7.737GiB"
1791131158,2026-10-05T01:25:58,Q8ProducerScaleBenchmark-3,external-clickhouse,clickhouse/clickhouse-server:latest,7.97,"974.9MiB / 7.737GiB"
1791131158,2026-10-05T01:25:58,Q8ProducerScaleBenchmark-3,external-kafka,apache/kafka:latest,20.17,"1.054GiB / 7.737GiB"
1791131165,2026-10-05T01:26:05,Q8ProducerScaleBenchmark-3,naughty_brown,apache/kafka:4.3.1,2.02,"1.155GiB / 7.737GiB"
1791131165,2026-10-05T01:26:05,Q8ProducerScaleBenchmark-3,testcontainers-ryuk-be678e2c-6422-4f92-8eb0-d5fb3066e5ee,testcontainers/ryuk:0.14.0,0.00,"8.969MiB / 7.737GiB"
1791131165,2026-10-05T01:26:05,Q8ProducerScaleBenchmark-3,external-clickhouse,clickhouse/clickhouse-server:latest,13.92,"975.4MiB / 7.737GiB"
1791131165,2026-10-05T01:26:05,Q8ProducerScaleBenchmark-3,external-kafka,apache/kafka:latest,1.48,"1.054GiB / 7.737GiB"
1791131172,2026-10-05T01:26:12,Q8ProducerScaleBenchmark-3,naughty_brown,apache/kafka:4.3.1,1.35,"1.155GiB / 7.737GiB"
1791131172,2026-10-05T01:26:12,Q8ProducerScaleBenchmark-3,testcontainers-ryuk-be678e2c-6422-4f92-8eb0-d5fb3066e5ee,testcontainers/ryuk:0.14.0,0.00,"8.969MiB / 7.737GiB"
1791131172,2026-10-05T01:26:12,Q8ProducerScaleBenchmark-3,external-clickhouse,clickhouse/clickhouse-server:latest,3.73,"974.3MiB / 7.737GiB"
1791131172,2026-10-05T01:26:12,Q8ProducerScaleBenchmark-3,external-kafka,apache/kafka:latest,1.05,"1.054GiB / 7.737GiB"
1791131179,2026-10-05T01:26:19,Q8ProducerScaleBenchmark-3,naughty_brown,apache/kafka:4.3.1,2.94,"1.155GiB / 7.737GiB"
1791131179,2026-10-05T01:26:19,Q8ProducerScaleBenchmark-3,testcontainers-ryuk-be678e2c-6422-4f92-8eb0-d5fb3066e5ee,testcontainers/ryuk:0.14.0,0.00,"8.969MiB / 7.737GiB"
1791131179,2026-10-05T01:26:19,Q8ProducerScaleBenchmark-3,external-clickhouse,clickhouse/clickhouse-server:latest,18.70,"988.6MiB / 7.737GiB"
1791131179,2026-10-05T01:26:19,Q8ProducerScaleBenchmark-3,external-kafka,apache/kafka:latest,47.89,"1.054GiB / 7.737GiB"
1791131186,2026-10-05T01:26:26,Q8ProducerScaleBenchmark-3,naughty_brown,apache/kafka:4.3.1,1.58,"1.155GiB / 7.737GiB"
1791131186,2026-10-05T01:26:26,Q8ProducerScaleBenchmark-3,testcontainers-ryuk-be678e2c-6422-4f92-8eb0-d5fb3066e5ee,testcontainers/ryuk:0.14.0,0.00,"8.969MiB / 7.737GiB"
1791131186,2026-10-05T01:26:26,Q8ProducerScaleBenchmark-3,external-clickhouse,clickhouse/clickhouse-server:latest,10.82,"988MiB / 7.737GiB"
1791131186,2026-10-05T01:26:26,Q8ProducerScaleBenchmark-3,external-kafka,apache/kafka:latest,1.92,"1.054GiB / 7.737GiB"
1791131194,2026-10-05T01:26:34,Q8ProducerScaleBenchmark-3,naughty_brown,apache/kafka:4.3.1,1.69,"1.155GiB / 7.737GiB"
1791131194,2026-10-05T01:26:34,Q8ProducerScaleBenchmark-3,testcontainers-ryuk-be678e2c-6422-4f92-8eb0-d5fb3066e5ee,testcontainers/ryuk:0.14.0,0.00,"8.969MiB / 7.737GiB"
1791131194,2026-10-05T01:26:34,Q8ProducerScaleBenchmark-3,external-clickhouse,clickhouse/clickhouse-server:latest,20.21,"986.2MiB / 7.737GiB"
1791131194,2026-10-05T01:26:34,Q8ProducerScaleBenchmark-3,external-kafka,apache/kafka:latest,1.26,"1.054GiB / 7.737GiB"
1791131201,2026-10-05T01:26:41,Q8ProducerScaleBenchmark-3,naughty_brown,apache/kafka:4.3.1,2.35,"1.155GiB / 7.737GiB"
1791131201,2026-10-05T01:26:41,Q8ProducerScaleBenchmark-3,testcontainers-ryuk-be678e2c-6422-4f92-8eb0-d5fb3066e5ee,testcontainers/ryuk:0.14.0,0.00,"8.969MiB / 7.737GiB"
1791131201,2026-10-05T01:26:41,Q8ProducerScaleBenchmark-3,external-clickhouse,clickhouse/clickhouse-server:latest,21.81,"994.1MiB / 7.737GiB"
1791131201,2026-10-05T01:26:41,Q8ProducerScaleBenchmark-3,external-kafka,apache/kafka:latest,89.52,"1.054GiB / 7.737GiB"
1791131208,2026-10-05T01:26:48,Q8ProducerScaleBenchmark-3,naughty_brown,apache/kafka:4.3.1,1.61,"1.155GiB / 7.737GiB"
1791131208,2026-10-05T01:26:48,Q8ProducerScaleBenchmark-3,testcontainers-ryuk-be678e2c-6422-4f92-8eb0-d5fb3066e5ee,testcontainers/ryuk:0.14.0,0.00,"8.969MiB / 7.737GiB"
1791131208,2026-10-05T01:26:48,Q8ProducerScaleBenchmark-3,external-clickhouse,clickhouse/clickhouse-server:latest,20.93,"992.9MiB / 7.737GiB"
1791131208,2026-10-05T01:26:48,Q8ProducerScaleBenchmark-3,external-kafka,apache/kafka:latest,5.15,"1.054GiB / 7.737GiB"
1791131215,2026-10-05T01:26:55,Q8ProducerScaleBenchmark-3,naughty_brown,apache/kafka:4.3.1,2.21,"1.155GiB / 7.737GiB"
1791131215,2026-10-05T01:26:55,Q8ProducerScaleBenchmark-3,testcontainers-ryuk-be678e2c-6422-4f92-8eb0-d5fb3066e5ee,testcontainers/ryuk:0.14.0,0.00,"8.969MiB / 7.737GiB"
1791131215,2026-10-05T01:26:55,Q8ProducerScaleBenchmark-3,external-clickhouse,clickhouse/clickhouse-server:latest,19.90,"1018MiB / 7.737GiB"
1791131215,2026-10-05T01:26:55,Q8ProducerScaleBenchmark-3,external-kafka,apache/kafka:latest,1.09,"1.054GiB / 7.737GiB"
1791131223,2026-10-05T01:27:03,Q8ProducerScaleBenchmark-3,naughty_brown,apache/kafka:4.3.1,1.61,"1.155GiB / 7.737GiB"
1791131223,2026-10-05T01:27:03,Q8ProducerScaleBenchmark-3,testcontainers-ryuk-be678e2c-6422-4f92-8eb0-d5fb3066e5ee,testcontainers/ryuk:0.14.0,0.00,"8.969MiB / 7.737GiB"
1791131223,2026-10-05T01:27:03,Q8ProducerScaleBenchmark-3,external-clickhouse,clickhouse/clickhouse-server:latest,3.98,"992.2MiB / 7.737GiB"
1791131223,2026-10-05T01:27:03,Q8ProducerScaleBenchmark-3,external-kafka,apache/kafka:latest,1.14,"1.054GiB / 7.737GiB"
1791131230,2026-10-05T01:27:10,Q8ProducerScaleBenchmark-3,naughty_brown,apache/kafka:4.3.1,1.96,"1.155GiB / 7.737GiB"
1791131230,2026-10-05T01:27:10,Q8ProducerScaleBenchmark-3,testcontainers-ryuk-be678e2c-6422-4f92-8eb0-d5fb3066e5ee,testcontainers/ryuk:0.14.0,0.00,"8.969MiB / 7.737GiB"
1791131230,2026-10-05T01:27:10,Q8ProducerScaleBenchmark-3,external-clickhouse,clickhouse/clickhouse-server:latest,4.38,"999.7MiB / 7.737GiB"
1791131230,2026-10-05T01:27:10,Q8ProducerScaleBenchmark-3,external-kafka,apache/kafka:latest,1.96,"1.054GiB / 7.737GiB"
1791131237,2026-10-05T01:27:17,Q8ProducerScaleBenchmark-3,naughty_brown,apache/kafka:4.3.1,1.58,"1.155GiB / 7.737GiB"
1791131237,2026-10-05T01:27:17,Q8ProducerScaleBenchmark-3,testcontainers-ryuk-be678e2c-6422-4f92-8eb0-d5fb3066e5ee,testcontainers/ryuk:0.14.0,0.00,"8.969MiB / 7.737GiB"
1791131237,2026-10-05T01:27:17,Q8ProducerScaleBenchmark-3,external-clickhouse,clickhouse/clickhouse-server:latest,7.42,"991.3MiB / 7.737GiB"
1791131237,2026-10-05T01:27:17,Q8ProducerScaleBenchmark-3,external-kafka,apache/kafka:latest,1.04,"1.054GiB / 7.737GiB"
1791131244,2026-10-05T01:27:24,Q8ProducerScaleBenchmark-3,naughty_brown,apache/kafka:4.3.1,1.48,"1.155GiB / 7.737GiB"
1791131244,2026-10-05T01:27:24,Q8ProducerScaleBenchmark-3,testcontainers-ryuk-be678e2c-6422-4f92-8eb0-d5fb3066e5ee,testcontainers/ryuk:0.14.0,0.00,"8.969MiB / 7.737GiB"
1791131244,2026-10-05T01:27:24,Q8ProducerScaleBenchmark-3,external-clickhouse,clickhouse/clickhouse-server:latest,6.30,"991.5MiB / 7.737GiB"
1791131244,2026-10-05T01:27:24,Q8ProducerScaleBenchmark-3,external-kafka,apache/kafka:latest,106.46,"1.137GiB / 7.737GiB"
1791131252,2026-10-05T01:27:32,Q8ProducerScaleBenchmark-3,naughty_brown,apache/kafka:4.3.1,3.55,"1.155GiB / 7.737GiB"
1791131252,2026-10-05T01:27:32,Q8ProducerScaleBenchmark-3,testcontainers-ryuk-be678e2c-6422-4f92-8eb0-d5fb3066e5ee,testcontainers/ryuk:0.14.0,0.00,"8.969MiB / 7.737GiB"
1791131252,2026-10-05T01:27:32,Q8ProducerScaleBenchmark-3,external-clickhouse,clickhouse/clickhouse-server:latest,3.63,"991.8MiB / 7.737GiB"
1791131252,2026-10-05T01:27:32,Q8ProducerScaleBenchmark-3,external-kafka,apache/kafka:latest,1.12,"1.054GiB / 7.737GiB"
1791131259,2026-10-05T01:27:39,Q8ProducerScaleBenchmark-3,naughty_brown,apache/kafka:4.3.1,1.48,"1.155GiB / 7.737GiB"
1791131259,2026-10-05T01:27:39,Q8ProducerScaleBenchmark-3,testcontainers-ryuk-be678e2c-6422-4f92-8eb0-d5fb3066e5ee,testcontainers/ryuk:0.14.0,0.00,"8.969MiB / 7.737GiB"
1791131259,2026-10-05T01:27:39,Q8ProducerScaleBenchmark-3,external-clickhouse,clickhouse/clickhouse-server:latest,3.65,"1.024GiB / 7.737GiB"
1791131259,2026-10-05T01:27:39,Q8ProducerScaleBenchmark-3,external-kafka,apache/kafka:latest,1.16,"1.054GiB / 7.737GiB"
1791131266,2026-10-05T01:27:46,Q8ProducerScaleBenchmark-3,naughty_brown,apache/kafka:4.3.1,1.47,"1.155GiB / 7.737GiB"
1791131266,2026-10-05T01:27:46,Q8ProducerScaleBenchmark-3,testcontainers-ryuk-be678e2c-6422-4f92-8eb0-d5fb3066e5ee,testcontainers/ryuk:0.14.0,0.00,"8.969MiB / 7.737GiB"
1791131266,2026-10-05T01:27:46,Q8ProducerScaleBenchmark-3,external-clickhouse,clickhouse/clickhouse-server:latest,3.51,"1001MiB / 7.737GiB"
1791131266,2026-10-05T01:27:46,Q8ProducerScaleBenchmark-3,external-kafka,apache/kafka:latest,110.61,"1.137GiB / 7.737GiB"
1791131273,2026-10-05T01:27:53,Q8ProducerScaleBenchmark-3,naughty_brown,apache/kafka:4.3.1,1.83,"1.156GiB / 7.737GiB"
1791131273,2026-10-05T01:27:53,Q8ProducerScaleBenchmark-3,testcontainers-ryuk-be678e2c-6422-4f92-8eb0-d5fb3066e5ee,testcontainers/ryuk:0.14.0,0.00,"8.969MiB / 7.737GiB"
1791131273,2026-10-05T01:27:53,Q8ProducerScaleBenchmark-3,external-clickhouse,clickhouse/clickhouse-server:latest,4.24,"997.8MiB / 7.737GiB"
1791131273,2026-10-05T01:27:53,Q8ProducerScaleBenchmark-3,external-kafka,apache/kafka:latest,0.98,"1.054GiB / 7.737GiB"
1791131281,2026-10-05T01:28:01,Q8ProducerScaleBenchmark-3,naughty_brown,apache/kafka:4.3.1,6.98,"1.155GiB / 7.737GiB"
1791131281,2026-10-05T01:28:01,Q8ProducerScaleBenchmark-3,testcontainers-ryuk-be678e2c-6422-4f92-8eb0-d5fb3066e5ee,testcontainers/ryuk:0.14.0,0.00,"8.969MiB / 7.737GiB"
1791131281,2026-10-05T01:28:01,Q8ProducerScaleBenchmark-3,external-clickhouse,clickhouse/clickhouse-server:latest,4.77,"994MiB / 7.737GiB"
1791131281,2026-10-05T01:28:01,Q8ProducerScaleBenchmark-3,external-kafka,apache/kafka:latest,2.31,"1.055GiB / 7.737GiB"
1791131288,2026-10-05T01:28:08,Q8ProducerScaleBenchmark-3,naughty_brown,apache/kafka:4.3.1,1.76,"1.155GiB / 7.737GiB"
1791131288,2026-10-05T01:28:08,Q8ProducerScaleBenchmark-3,testcontainers-ryuk-be678e2c-6422-4f92-8eb0-d5fb3066e5ee,testcontainers/ryuk:0.14.0,0.00,"8.969MiB / 7.737GiB"
1791131288,2026-10-05T01:28:08,Q8ProducerScaleBenchmark-3,external-clickhouse,clickhouse/clickhouse-server:latest,4.38,"992.6MiB / 7.737GiB"
1791131288,2026-10-05T01:28:08,Q8ProducerScaleBenchmark-3,external-kafka,apache/kafka:latest,89.80,"1.134GiB / 7.737GiB"
1791131295,2026-10-05T01:28:15,Q8ProducerScaleBenchmark-3,naughty_brown,apache/kafka:4.3.1,1.85,"1.155GiB / 7.737GiB"
1791131295,2026-10-05T01:28:15,Q8ProducerScaleBenchmark-3,testcontainers-ryuk-be678e2c-6422-4f92-8eb0-d5fb3066e5ee,testcontainers/ryuk:0.14.0,0.00,"8.969MiB / 7.737GiB"
1791131295,2026-10-05T01:28:15,Q8ProducerScaleBenchmark-3,external-clickhouse,clickhouse/clickhouse-server:latest,4.85,"1.023GiB / 7.737GiB"
1791131295,2026-10-05T01:28:15,Q8ProducerScaleBenchmark-3,external-kafka,apache/kafka:latest,2.04,"1.054GiB / 7.737GiB"
1791131302,2026-10-05T01:28:22,Q8ProducerScaleBenchmark-3,naughty_brown,apache/kafka:4.3.1,1.30,"1.155GiB / 7.737GiB"
1791131302,2026-10-05T01:28:22,Q8ProducerScaleBenchmark-3,testcontainers-ryuk-be678e2c-6422-4f92-8eb0-d5fb3066e5ee,testcontainers/ryuk:0.14.0,0.00,"8.969MiB / 7.737GiB"
1791131302,2026-10-05T01:28:22,Q8ProducerScaleBenchmark-3,external-clickhouse,clickhouse/clickhouse-server:latest,4.44,"993.5MiB / 7.737GiB"
1791131302,2026-10-05T01:28:22,Q8ProducerScaleBenchmark-3,external-kafka,apache/kafka:latest,1.12,"1.054GiB / 7.737GiB"
1791131310,2026-10-05T01:28:30,Q8ProducerScaleBenchmark-3,naughty_brown,apache/kafka:4.3.1,1.15,"1.155GiB / 7.737GiB"
1791131310,2026-10-05T01:28:30,Q8ProducerScaleBenchmark-3,testcontainers-ryuk-be678e2c-6422-4f92-8eb0-d5fb3066e5ee,testcontainers/ryuk:0.14.0,0.00,"8.969MiB / 7.737GiB"
1791131310,2026-10-05T01:28:30,Q8ProducerScaleBenchmark-3,external-clickhouse,clickhouse/clickhouse-server:latest,9.37,"1003MiB / 7.737GiB"
1791131310,2026-10-05T01:28:30,Q8ProducerScaleBenchmark-3,external-kafka,apache/kafka:latest,50.79,"1.054GiB / 7.737GiB"
1791131317,2026-10-05T01:28:37,Q8ProducerScaleBenchmark-3,naughty_brown,apache/kafka:4.3.1,1.97,"1.155GiB / 7.737GiB"
1791131317,2026-10-05T01:28:37,Q8ProducerScaleBenchmark-3,testcontainers-ryuk-be678e2c-6422-4f92-8eb0-d5fb3066e5ee,testcontainers/ryuk:0.14.0,0.00,"8.969MiB / 7.737GiB"
1791131317,2026-10-05T01:28:37,Q8ProducerScaleBenchmark-3,external-clickhouse,clickhouse/clickhouse-server:latest,4.61,"993.4MiB / 7.737GiB"
1791131317,2026-10-05T01:28:37,Q8ProducerScaleBenchmark-3,external-kafka,apache/kafka:latest,1.44,"1.054GiB / 7.737GiB"
1791131324,2026-10-05T01:28:44,Q8ProducerScaleBenchmark-3,naughty_brown,apache/kafka:4.3.1,1.70,"1.155GiB / 7.737GiB"
1791131324,2026-10-05T01:28:44,Q8ProducerScaleBenchmark-3,testcontainers-ryuk-be678e2c-6422-4f92-8eb0-d5fb3066e5ee,testcontainers/ryuk:0.14.0,0.00,"8.969MiB / 7.737GiB"
1791131324,2026-10-05T01:28:44,Q8ProducerScaleBenchmark-3,external-clickhouse,clickhouse/clickhouse-server:latest,6.25,"994.9MiB / 7.737GiB"
1791131324,2026-10-05T01:28:44,Q8ProducerScaleBenchmark-3,external-kafka,apache/kafka:latest,1.40,"1.054GiB / 7.737GiB"
1791131331,2026-10-05T01:28:51,Q8ProducerScaleBenchmark-3,naughty_brown,apache/kafka:4.3.1,0.81,"1.155GiB / 7.737GiB"
1791131331,2026-10-05T01:28:51,Q8ProducerScaleBenchmark-3,testcontainers-ryuk-be678e2c-6422-4f92-8eb0-d5fb3066e5ee,testcontainers/ryuk:0.14.0,0.00,"8.969MiB / 7.737GiB"
1791131331,2026-10-05T01:28:51,Q8ProducerScaleBenchmark-3,external-clickhouse,clickhouse/clickhouse-server:latest,21.09,"1.026GiB / 7.737GiB"
1791131331,2026-10-05T01:28:51,Q8ProducerScaleBenchmark-3,external-kafka,apache/kafka:latest,16.82,"1.073GiB / 7.737GiB"
1791131339,2026-10-05T01:28:59,Q8ProducerScaleBenchmark-3,naughty_brown,apache/kafka:4.3.1,1.80,"1.155GiB / 7.737GiB"
1791131339,2026-10-05T01:28:59,Q8ProducerScaleBenchmark-3,testcontainers-ryuk-be678e2c-6422-4f92-8eb0-d5fb3066e5ee,testcontainers/ryuk:0.14.0,0.00,"8.969MiB / 7.737GiB"
1791131339,2026-10-05T01:28:59,Q8ProducerScaleBenchmark-3,external-clickhouse,clickhouse/clickhouse-server:latest,12.92,"1021MiB / 7.737GiB"
1791131339,2026-10-05T01:28:59,Q8ProducerScaleBenchmark-3,external-kafka,apache/kafka:latest,1.54,"1.054GiB / 7.737GiB"
1791131346,2026-10-05T01:29:06,Q8ProducerScaleBenchmark-3,naughty_brown,apache/kafka:4.3.1,3.30,"1.156GiB / 7.737GiB"
1791131346,2026-10-05T01:29:06,Q8ProducerScaleBenchmark-3,testcontainers-ryuk-be678e2c-6422-4f92-8eb0-d5fb3066e5ee,testcontainers/ryuk:0.14.0,0.00,"8.969MiB / 7.737GiB"
1791131346,2026-10-05T01:29:06,Q8ProducerScaleBenchmark-3,external-clickhouse,clickhouse/clickhouse-server:latest,14.96,"1011MiB / 7.737GiB"
1791131346,2026-10-05T01:29:06,Q8ProducerScaleBenchmark-3,external-kafka,apache/kafka:latest,2.03,"1.054GiB / 7.737GiB"
1791131353,2026-10-05T01:29:13,Q8ProducerScaleBenchmark-3,naughty_brown,apache/kafka:4.3.1,1.64,"1.156GiB / 7.737GiB"
1791131353,2026-10-05T01:29:13,Q8ProducerScaleBenchmark-3,testcontainers-ryuk-be678e2c-6422-4f92-8eb0-d5fb3066e5ee,testcontainers/ryuk:0.14.0,0.00,"8.969MiB / 7.737GiB"
1791131353,2026-10-05T01:29:13,Q8ProducerScaleBenchmark-3,external-clickhouse,clickhouse/clickhouse-server:latest,6.23,"1007MiB / 7.737GiB"
1791131353,2026-10-05T01:29:13,Q8ProducerScaleBenchmark-3,external-kafka,apache/kafka:latest,1.23,"1.054GiB / 7.737GiB"
1791131360,2026-10-05T01:29:20,Q8ProducerScaleBenchmark-3,naughty_brown,apache/kafka:4.3.1,4.42,"1.156GiB / 7.737GiB"
1791131360,2026-10-05T01:29:20,Q8ProducerScaleBenchmark-3,testcontainers-ryuk-be678e2c-6422-4f92-8eb0-d5fb3066e5ee,testcontainers/ryuk:0.14.0,0.00,"8.969MiB / 7.737GiB"
1791131360,2026-10-05T01:29:20,Q8ProducerScaleBenchmark-3,external-clickhouse,clickhouse/clickhouse-server:latest,7.15,"1002MiB / 7.737GiB"
1791131360,2026-10-05T01:29:20,Q8ProducerScaleBenchmark-3,external-kafka,apache/kafka:latest,1.86,"1.054GiB / 7.737GiB"
1791131367,2026-10-05T01:29:27,Q8ProducerScaleBenchmark-3,naughty_brown,apache/kafka:4.3.1,2.05,"1.156GiB / 7.737GiB"
1791131367,2026-10-05T01:29:27,Q8ProducerScaleBenchmark-3,testcontainers-ryuk-be678e2c-6422-4f92-8eb0-d5fb3066e5ee,testcontainers/ryuk:0.14.0,0.00,"8.969MiB / 7.737GiB"
1791131367,2026-10-05T01:29:27,Q8ProducerScaleBenchmark-3,external-clickhouse,clickhouse/clickhouse-server:latest,7.78,"1005MiB / 7.737GiB"
1791131367,2026-10-05T01:29:27,Q8ProducerScaleBenchmark-3,external-kafka,apache/kafka:latest,1.60,"1.054GiB / 7.737GiB"
1791131375,2026-10-05T01:29:35,Q8ProducerScaleBenchmark-3,naughty_brown,apache/kafka:4.3.1,2.08,"1.156GiB / 7.737GiB"
1791131375,2026-10-05T01:29:35,Q8ProducerScaleBenchmark-3,testcontainers-ryuk-be678e2c-6422-4f92-8eb0-d5fb3066e5ee,testcontainers/ryuk:0.14.0,0.00,"8.969MiB / 7.737GiB"
1791131375,2026-10-05T01:29:35,Q8ProducerScaleBenchmark-3,external-clickhouse,clickhouse/clickhouse-server:latest,3.53,"1015MiB / 7.737GiB"
1791131375,2026-10-05T01:29:35,Q8ProducerScaleBenchmark-3,external-kafka,apache/kafka:latest,91.60,"1.128GiB / 7.737GiB"
1791131382,2026-10-05T01:29:42,Q8ProducerScaleBenchmark-3,naughty_brown,apache/kafka:4.3.1,1.16,"1.156GiB / 7.737GiB"
1791131382,2026-10-05T01:29:42,Q8ProducerScaleBenchmark-3,testcontainers-ryuk-be678e2c-6422-4f92-8eb0-d5fb3066e5ee,testcontainers/ryuk:0.14.0,0.00,"8.969MiB / 7.737GiB"
1791131382,2026-10-05T01:29:42,Q8ProducerScaleBenchmark-3,external-clickhouse,clickhouse/clickhouse-server:latest,6.09,"1022MiB / 7.737GiB"
1791131382,2026-10-05T01:29:42,Q8ProducerScaleBenchmark-3,external-kafka,apache/kafka:latest,1.34,"1.054GiB / 7.737GiB"
1791131389,2026-10-05T01:29:49,Q8ProducerScaleBenchmark-3,naughty_brown,apache/kafka:4.3.1,1.91,"1.156GiB / 7.737GiB"
1791131389,2026-10-05T01:29:49,Q8ProducerScaleBenchmark-3,testcontainers-ryuk-be678e2c-6422-4f92-8eb0-d5fb3066e5ee,testcontainers/ryuk:0.14.0,0.00,"8.969MiB / 7.737GiB"
1791131389,2026-10-05T01:29:49,Q8ProducerScaleBenchmark-3,external-clickhouse,clickhouse/clickhouse-server:latest,6.71,"1013MiB / 7.737GiB"
1791131389,2026-10-05T01:29:49,Q8ProducerScaleBenchmark-3,external-kafka,apache/kafka:latest,1.46,"1.054GiB / 7.737GiB"
1791131397,2026-10-05T01:29:57,Q8ProducerScaleBenchmark-3,naughty_brown,apache/kafka:4.3.1,1.62,"1.156GiB / 7.737GiB"
1791131397,2026-10-05T01:29:57,Q8ProducerScaleBenchmark-3,testcontainers-ryuk-be678e2c-6422-4f92-8eb0-d5fb3066e5ee,testcontainers/ryuk:0.14.0,0.00,"8.969MiB / 7.737GiB"
1791131397,2026-10-05T01:29:57,Q8ProducerScaleBenchmark-3,external-clickhouse,clickhouse/clickhouse-server:latest,3.64,"1016MiB / 7.737GiB"
1791131397,2026-10-05T01:29:57,Q8ProducerScaleBenchmark-3,external-kafka,apache/kafka:latest,1.97,"1.054GiB / 7.737GiB"
1791131404,2026-10-05T01:30:04,Q8ProducerScaleBenchmark-3,naughty_brown,apache/kafka:4.3.1,1.72,"1.156GiB / 7.737GiB"
1791131404,2026-10-05T01:30:04,Q8ProducerScaleBenchmark-3,testcontainers-ryuk-be678e2c-6422-4f92-8eb0-d5fb3066e5ee,testcontainers/ryuk:0.14.0,0.00,"8.969MiB / 7.737GiB"
1791131404,2026-10-05T01:30:04,Q8ProducerScaleBenchmark-3,external-clickhouse,clickhouse/clickhouse-server:latest,12.86,"1018MiB / 7.737GiB"
1791131404,2026-10-05T01:30:04,Q8ProducerScaleBenchmark-3,external-kafka,apache/kafka:latest,1.43,"1.054GiB / 7.737GiB"
1791131411,2026-10-05T01:30:11,Q8ProducerScaleBenchmark-3,naughty_brown,apache/kafka:4.3.1,2.33,"1.156GiB / 7.737GiB"
1791131411,2026-10-05T01:30:11,Q8ProducerScaleBenchmark-3,testcontainers-ryuk-be678e2c-6422-4f92-8eb0-d5fb3066e5ee,testcontainers/ryuk:0.14.0,0.00,"8.969MiB / 7.737GiB"
1791131411,2026-10-05T01:30:11,Q8ProducerScaleBenchmark-3,external-clickhouse,clickhouse/clickhouse-server:latest,24.36,"1.017GiB / 7.737GiB"
1791131411,2026-10-05T01:30:11,Q8ProducerScaleBenchmark-3,external-kafka,apache/kafka:latest,1.08,"1.054GiB / 7.737GiB"
1791131418,2026-10-05T01:30:18,Q8ProducerScaleBenchmark-3,naughty_brown,apache/kafka:4.3.1,1.49,"1.156GiB / 7.737GiB"
1791131418,2026-10-05T01:30:18,Q8ProducerScaleBenchmark-3,testcontainers-ryuk-be678e2c-6422-4f92-8eb0-d5fb3066e5ee,testcontainers/ryuk:0.14.0,0.00,"8.969MiB / 7.737GiB"
1791131418,2026-10-05T01:30:18,Q8ProducerScaleBenchmark-3,external-clickhouse,clickhouse/clickhouse-server:latest,22.19,"1.007GiB / 7.737GiB"
1791131418,2026-10-05T01:30:18,Q8ProducerScaleBenchmark-3,external-kafka,apache/kafka:latest,1.75,"1.054GiB / 7.737GiB"
1791131425,2026-10-05T01:30:25,Q8ProducerScaleBenchmark-3,naughty_brown,apache/kafka:4.3.1,7.11,"1.158GiB / 7.737GiB"
1791131425,2026-10-05T01:30:25,Q8ProducerScaleBenchmark-3,testcontainers-ryuk-be678e2c-6422-4f92-8eb0-d5fb3066e5ee,testcontainers/ryuk:0.14.0,0.00,"8.969MiB / 7.737GiB"
1791131425,2026-10-05T01:30:25,Q8ProducerScaleBenchmark-3,external-clickhouse,clickhouse/clickhouse-server:latest,20.98,"1.007GiB / 7.737GiB"
1791131425,2026-10-05T01:30:25,Q8ProducerScaleBenchmark-3,external-kafka,apache/kafka:latest,1.87,"1.054GiB / 7.737GiB"
1791131433,2026-10-05T01:30:33,Q8ProducerScaleBenchmark-3,naughty_brown,apache/kafka:4.3.1,1.87,"1.156GiB / 7.737GiB"
1791131433,2026-10-05T01:30:33,Q8ProducerScaleBenchmark-3,testcontainers-ryuk-be678e2c-6422-4f92-8eb0-d5fb3066e5ee,testcontainers/ryuk:0.14.0,0.00,"8.969MiB / 7.737GiB"
1791131433,2026-10-05T01:30:33,Q8ProducerScaleBenchmark-3,external-clickhouse,clickhouse/clickhouse-server:latest,19.61,"1.009GiB / 7.737GiB"
1791131433,2026-10-05T01:30:33,Q8ProducerScaleBenchmark-3,external-kafka,apache/kafka:latest,1.31,"1.054GiB / 7.737GiB"
1791131440,2026-10-05T01:30:40,Q8ProducerScaleBenchmark-3,naughty_brown,apache/kafka:4.3.1,2.31,"1.156GiB / 7.737GiB"
1791131440,2026-10-05T01:30:40,Q8ProducerScaleBenchmark-3,testcontainers-ryuk-be678e2c-6422-4f92-8eb0-d5fb3066e5ee,testcontainers/ryuk:0.14.0,0.00,"8.969MiB / 7.737GiB"
1791131440,2026-10-05T01:30:40,Q8ProducerScaleBenchmark-3,external-clickhouse,clickhouse/clickhouse-server:latest,5.03,"1.008GiB / 7.737GiB"
1791131440,2026-10-05T01:30:40,Q8ProducerScaleBenchmark-3,external-kafka,apache/kafka:latest,1.62,"1.054GiB / 7.737GiB"
1791131447,2026-10-05T01:30:47,Q8ProducerScaleBenchmark-3,naughty_brown,apache/kafka:4.3.1,2.83,"1.156GiB / 7.737GiB"
1791131447,2026-10-05T01:30:47,Q8ProducerScaleBenchmark-3,testcontainers-ryuk-be678e2c-6422-4f92-8eb0-d5fb3066e5ee,testcontainers/ryuk:0.14.0,0.00,"8.969MiB / 7.737GiB"
1791131447,2026-10-05T01:30:47,Q8ProducerScaleBenchmark-3,external-clickhouse,clickhouse/clickhouse-server:latest,6.42,"1.072GiB / 7.737GiB"
1791131447,2026-10-05T01:30:47,Q8ProducerScaleBenchmark-3,external-kafka,apache/kafka:latest,1.20,"1.054GiB / 7.737GiB"
1791131455,2026-10-05T01:30:55,Q8ProducerScaleBenchmark-3,naughty_brown,apache/kafka:4.3.1,3.16,"1.156GiB / 7.737GiB"
1791131455,2026-10-05T01:30:55,Q8ProducerScaleBenchmark-3,testcontainers-ryuk-be678e2c-6422-4f92-8eb0-d5fb3066e5ee,testcontainers/ryuk:0.14.0,0.00,"8.969MiB / 7.737GiB"
1791131455,2026-10-05T01:30:55,Q8ProducerScaleBenchmark-3,external-clickhouse,clickhouse/clickhouse-server:latest,5.78,"1.02GiB / 7.737GiB"
1791131455,2026-10-05T01:30:55,Q8ProducerScaleBenchmark-3,external-kafka,apache/kafka:latest,1.42,"1.054GiB / 7.737GiB"
1791131462,2026-10-05T01:31:02,Q8ProducerScaleBenchmark-3,naughty_brown,apache/kafka:4.3.1,1.27,"1.156GiB / 7.737GiB"
1791131462,2026-10-05T01:31:02,Q8ProducerScaleBenchmark-3,testcontainers-ryuk-be678e2c-6422-4f92-8eb0-d5fb3066e5ee,testcontainers/ryuk:0.14.0,0.00,"8.969MiB / 7.737GiB"
1791131462,2026-10-05T01:31:02,Q8ProducerScaleBenchmark-3,external-clickhouse,clickhouse/clickhouse-server:latest,3.92,"1.031GiB / 7.737GiB"
1791131462,2026-10-05T01:31:02,Q8ProducerScaleBenchmark-3,external-kafka,apache/kafka:latest,1.28,"1.054GiB / 7.737GiB"
1791131469,2026-10-05T01:31:09,Q8ProducerScaleBenchmark-3,naughty_brown,apache/kafka:4.3.1,2.19,"1.156GiB / 7.737GiB"
1791131469,2026-10-05T01:31:09,Q8ProducerScaleBenchmark-3,testcontainers-ryuk-be678e2c-6422-4f92-8eb0-d5fb3066e5ee,testcontainers/ryuk:0.14.0,0.00,"8.969MiB / 7.737GiB"
1791131469,2026-10-05T01:31:09,Q8ProducerScaleBenchmark-3,external-clickhouse,clickhouse/clickhouse-server:latest,6.31,"1.018GiB / 7.737GiB"
1791131469,2026-10-05T01:31:09,Q8ProducerScaleBenchmark-3,external-kafka,apache/kafka:latest,1.51,"1.054GiB / 7.737GiB"
1791131476,2026-10-05T01:31:16,Q8ProducerScaleBenchmark-3,naughty_brown,apache/kafka:4.3.1,1.78,"1.156GiB / 7.737GiB"
1791131476,2026-10-05T01:31:16,Q8ProducerScaleBenchmark-3,testcontainers-ryuk-be678e2c-6422-4f92-8eb0-d5fb3066e5ee,testcontainers/ryuk:0.14.0,0.00,"8.969MiB / 7.737GiB"
1791131476,2026-10-05T01:31:16,Q8ProducerScaleBenchmark-3,external-clickhouse,clickhouse/clickhouse-server:latest,4.47,"1.021GiB / 7.737GiB"
1791131476,2026-10-05T01:31:16,Q8ProducerScaleBenchmark-3,external-kafka,apache/kafka:latest,2.20,"1.054GiB / 7.737GiB"
1791131484,2026-10-05T01:31:24,Q8ProducerScaleBenchmark-3,naughty_brown,apache/kafka:4.3.1,1.56,"1.156GiB / 7.737GiB"
1791131484,2026-10-05T01:31:24,Q8ProducerScaleBenchmark-3,testcontainers-ryuk-be678e2c-6422-4f92-8eb0-d5fb3066e5ee,testcontainers/ryuk:0.14.0,0.00,"8.969MiB / 7.737GiB"
1791131484,2026-10-05T01:31:24,Q8ProducerScaleBenchmark-3,external-clickhouse,clickhouse/clickhouse-server:latest,4.40,"1.08GiB / 7.737GiB"
1791131484,2026-10-05T01:31:24,Q8ProducerScaleBenchmark-3,external-kafka,apache/kafka:latest,1.68,"1.054GiB / 7.737GiB"
1791131491,2026-10-05T01:31:31,Q8ProducerScaleBenchmark-3,naughty_brown,apache/kafka:4.3.1,3.22,"1.156GiB / 7.737GiB"
1791131491,2026-10-05T01:31:31,Q8ProducerScaleBenchmark-3,testcontainers-ryuk-be678e2c-6422-4f92-8eb0-d5fb3066e5ee,testcontainers/ryuk:0.14.0,0.00,"8.969MiB / 7.737GiB"
1791131491,2026-10-05T01:31:31,Q8ProducerScaleBenchmark-3,external-clickhouse,clickhouse/clickhouse-server:latest,4.97,"1.035GiB / 7.737GiB"
1791131491,2026-10-05T01:31:31,Q8ProducerScaleBenchmark-3,external-kafka,apache/kafka:latest,1.95,"1.054GiB / 7.737GiB"
1791131498,2026-10-05T01:31:38,Q8ProducerScaleBenchmark-3,naughty_brown,apache/kafka:4.3.1,1.54,"1.156GiB / 7.737GiB"
1791131498,2026-10-05T01:31:38,Q8ProducerScaleBenchmark-3,testcontainers-ryuk-be678e2c-6422-4f92-8eb0-d5fb3066e5ee,testcontainers/ryuk:0.14.0,0.00,"8.969MiB / 7.737GiB"
1791131498,2026-10-05T01:31:38,Q8ProducerScaleBenchmark-3,external-clickhouse,clickhouse/clickhouse-server:latest,12.47,"1.038GiB / 7.737GiB"
1791131498,2026-10-05T01:31:38,Q8ProducerScaleBenchmark-3,external-kafka,apache/kafka:latest,3.11,"1.054GiB / 7.737GiB"
1791131505,2026-10-05T01:31:45,Q8ProducerScaleBenchmark-3,naughty_brown,apache/kafka:4.3.1,2.53,"1.156GiB / 7.737GiB"
1791131505,2026-10-05T01:31:45,Q8ProducerScaleBenchmark-3,testcontainers-ryuk-be678e2c-6422-4f92-8eb0-d5fb3066e5ee,testcontainers/ryuk:0.14.0,0.00,"8.969MiB / 7.737GiB"
1791131505,2026-10-05T01:31:45,Q8ProducerScaleBenchmark-3,external-clickhouse,clickhouse/clickhouse-server:latest,9.92,"1.037GiB / 7.737GiB"
1791131505,2026-10-05T01:31:45,Q8ProducerScaleBenchmark-3,external-kafka,apache/kafka:latest,1.91,"1.054GiB / 7.737GiB"
1791131513,2026-10-05T01:31:53,Q8ProducerScaleBenchmark-3,naughty_brown,apache/kafka:4.3.1,1.21,"1.156GiB / 7.737GiB"
1791131513,2026-10-05T01:31:53,Q8ProducerScaleBenchmark-3,testcontainers-ryuk-be678e2c-6422-4f92-8eb0-d5fb3066e5ee,testcontainers/ryuk:0.14.0,0.00,"8.969MiB / 7.737GiB"
1791131513,2026-10-05T01:31:53,Q8ProducerScaleBenchmark-3,external-clickhouse,clickhouse/clickhouse-server:latest,12.71,"1.041GiB / 7.737GiB"
1791131513,2026-10-05T01:31:53,Q8ProducerScaleBenchmark-3,external-kafka,apache/kafka:latest,1.06,"1.055GiB / 7.737GiB"
1791131520,2026-10-05T01:32:00,Q8ProducerScaleBenchmark-3,naughty_brown,apache/kafka:4.3.1,2.34,"1.156GiB / 7.737GiB"
1791131520,2026-10-05T01:32:00,Q8ProducerScaleBenchmark-3,testcontainers-ryuk-be678e2c-6422-4f92-8eb0-d5fb3066e5ee,testcontainers/ryuk:0.14.0,0.00,"8.969MiB / 7.737GiB"
1791131520,2026-10-05T01:32:00,Q8ProducerScaleBenchmark-3,external-clickhouse,clickhouse/clickhouse-server:latest,8.99,"1.034GiB / 7.737GiB"
1791131520,2026-10-05T01:32:00,Q8ProducerScaleBenchmark-3,external-kafka,apache/kafka:latest,4.18,"1.054GiB / 7.737GiB"
1791131527,2026-10-05T01:32:07,Q8ProducerScaleBenchmark-3,naughty_brown,apache/kafka:4.3.1,2.29,"1.156GiB / 7.737GiB"
1791131527,2026-10-05T01:32:07,Q8ProducerScaleBenchmark-3,testcontainers-ryuk-be678e2c-6422-4f92-8eb0-d5fb3066e5ee,testcontainers/ryuk:0.14.0,0.00,"8.969MiB / 7.737GiB"
1791131527,2026-10-05T01:32:07,Q8ProducerScaleBenchmark-3,external-clickhouse,clickhouse/clickhouse-server:latest,4.15,"1.051GiB / 7.737GiB"
1791131527,2026-10-05T01:32:07,Q8ProducerScaleBenchmark-3,external-kafka,apache/kafka:latest,1.34,"1.054GiB / 7.737GiB"
1791131534,2026-10-05T01:32:14,Q8ProducerScaleBenchmark-3,naughty_brown,apache/kafka:4.3.1,1.85,"1.156GiB / 7.737GiB"
1791131534,2026-10-05T01:32:14,Q8ProducerScaleBenchmark-3,testcontainers-ryuk-be678e2c-6422-4f92-8eb0-d5fb3066e5ee,testcontainers/ryuk:0.14.0,0.00,"8.969MiB / 7.737GiB"
1791131534,2026-10-05T01:32:14,Q8ProducerScaleBenchmark-3,external-clickhouse,clickhouse/clickhouse-server:latest,6.98,"1.006GiB / 7.737GiB"
1791131534,2026-10-05T01:32:14,Q8ProducerScaleBenchmark-3,external-kafka,apache/kafka:latest,1.31,"1.054GiB / 7.737GiB"
1791131542,2026-10-05T01:32:22,Q8ProducerScaleBenchmark-3,naughty_brown,apache/kafka:4.3.1,1.40,"1.156GiB / 7.737GiB"
1791131542,2026-10-05T01:32:22,Q8ProducerScaleBenchmark-3,testcontainers-ryuk-be678e2c-6422-4f92-8eb0-d5fb3066e5ee,testcontainers/ryuk:0.14.0,0.00,"8.969MiB / 7.737GiB"
1791131542,2026-10-05T01:32:22,Q8ProducerScaleBenchmark-3,external-clickhouse,clickhouse/clickhouse-server:latest,3.54,"1017MiB / 7.737GiB"
1791131542,2026-10-05T01:32:22,Q8ProducerScaleBenchmark-3,external-kafka,apache/kafka:latest,11.33,"1.054GiB / 7.737GiB"
1791131549,2026-10-05T01:32:29,Q8ProducerScaleBenchmark-3,naughty_brown,apache/kafka:4.3.1,2.15,"1.156GiB / 7.737GiB"
1791131549,2026-10-05T01:32:29,Q8ProducerScaleBenchmark-3,testcontainers-ryuk-be678e2c-6422-4f92-8eb0-d5fb3066e5ee,testcontainers/ryuk:0.14.0,0.00,"8.969MiB / 7.737GiB"
1791131549,2026-10-05T01:32:29,Q8ProducerScaleBenchmark-3,external-clickhouse,clickhouse/clickhouse-server:latest,5.54,"1017MiB / 7.737GiB"
1791131549,2026-10-05T01:32:29,Q8ProducerScaleBenchmark-3,external-kafka,apache/kafka:latest,1.30,"1.054GiB / 7.737GiB"
1791131556,2026-10-05T01:32:36,Q8ProducerScaleBenchmark-3,naughty_brown,apache/kafka:4.3.1,2.17,"1.156GiB / 7.737GiB"
1791131556,2026-10-05T01:32:36,Q8ProducerScaleBenchmark-3,testcontainers-ryuk-be678e2c-6422-4f92-8eb0-d5fb3066e5ee,testcontainers/ryuk:0.14.0,0.00,"8.969MiB / 7.737GiB"
1791131556,2026-10-05T01:32:36,Q8ProducerScaleBenchmark-3,external-clickhouse,clickhouse/clickhouse-server:latest,5.85,"1014MiB / 7.737GiB"
1791131556,2026-10-05T01:32:36,Q8ProducerScaleBenchmark-3,external-kafka,apache/kafka:latest,1.95,"1.054GiB / 7.737GiB"
1791131563,2026-10-05T01:32:43,Q8ProducerScaleBenchmark-3,naughty_brown,apache/kafka:4.3.1,0.96,"1.157GiB / 7.737GiB"
1791131563,2026-10-05T01:32:43,Q8ProducerScaleBenchmark-3,testcontainers-ryuk-be678e2c-6422-4f92-8eb0-d5fb3066e5ee,testcontainers/ryuk:0.14.0,0.00,"8.969MiB / 7.737GiB"
1791131563,2026-10-05T01:32:43,Q8ProducerScaleBenchmark-3,external-clickhouse,clickhouse/clickhouse-server:latest,8.74,"1.039GiB / 7.737GiB"
1791131563,2026-10-05T01:32:43,Q8ProducerScaleBenchmark-3,external-kafka,apache/kafka:latest,1.97,"1.054GiB / 7.737GiB"
1791131571,2026-10-05T01:32:51,Q8ProducerScaleBenchmark-3,naughty_brown,apache/kafka:4.3.1,2.68,"1.157GiB / 7.737GiB"
1791131571,2026-10-05T01:32:51,Q8ProducerScaleBenchmark-3,testcontainers-ryuk-be678e2c-6422-4f92-8eb0-d5fb3066e5ee,testcontainers/ryuk:0.14.0,0.00,"8.969MiB / 7.737GiB"
1791131571,2026-10-05T01:32:51,Q8ProducerScaleBenchmark-3,external-clickhouse,clickhouse/clickhouse-server:latest,10.99,"1.004GiB / 7.737GiB"
1791131571,2026-10-05T01:32:51,Q8ProducerScaleBenchmark-3,external-kafka,apache/kafka:latest,2.28,"1.055GiB / 7.737GiB"
1791131578,2026-10-05T01:32:58,Q8ProducerScaleBenchmark-3,naughty_brown,apache/kafka:4.3.1,1.49,"1.156GiB / 7.737GiB"
1791131578,2026-10-05T01:32:58,Q8ProducerScaleBenchmark-3,testcontainers-ryuk-be678e2c-6422-4f92-8eb0-d5fb3066e5ee,testcontainers/ryuk:0.14.0,0.00,"8.969MiB / 7.737GiB"
1791131578,2026-10-05T01:32:58,Q8ProducerScaleBenchmark-3,external-clickhouse,clickhouse/clickhouse-server:latest,5.05,"1.009GiB / 7.737GiB"
1791131578,2026-10-05T01:32:58,Q8ProducerScaleBenchmark-3,external-kafka,apache/kafka:latest,1.40,"1.054GiB / 7.737GiB"
1791131585,2026-10-05T01:33:05,Q8ProducerScaleBenchmark-3,naughty_brown,apache/kafka:4.3.1,1.94,"1.156GiB / 7.737GiB"
1791131585,2026-10-05T01:33:05,Q8ProducerScaleBenchmark-3,testcontainers-ryuk-be678e2c-6422-4f92-8eb0-d5fb3066e5ee,testcontainers/ryuk:0.14.0,0.00,"8.969MiB / 7.737GiB"
1791131585,2026-10-05T01:33:05,Q8ProducerScaleBenchmark-3,external-clickhouse,clickhouse/clickhouse-server:latest,6.80,"1018MiB / 7.737GiB"
1791131585,2026-10-05T01:33:05,Q8ProducerScaleBenchmark-3,external-kafka,apache/kafka:latest,100.12,"1.139GiB / 7.737GiB"
1791131592,2026-10-05T01:33:12,Q8ProducerScaleBenchmark-3,naughty_brown,apache/kafka:4.3.1,0.98,"1.156GiB / 7.737GiB"
1791131592,2026-10-05T01:33:12,Q8ProducerScaleBenchmark-3,testcontainers-ryuk-be678e2c-6422-4f92-8eb0-d5fb3066e5ee,testcontainers/ryuk:0.14.0,0.00,"8.969MiB / 7.737GiB"
1791131592,2026-10-05T01:33:12,Q8ProducerScaleBenchmark-3,external-clickhouse,clickhouse/clickhouse-server:latest,4.00,"1020MiB / 7.737GiB"
1791131592,2026-10-05T01:33:12,Q8ProducerScaleBenchmark-3,external-kafka,apache/kafka:latest,0.97,"1.054GiB / 7.737GiB"
1791131599,2026-10-05T01:33:19,Q8ProducerScaleBenchmark-3,naughty_brown,apache/kafka:4.3.1,1.86,"1.156GiB / 7.737GiB"
1791131599,2026-10-05T01:33:19,Q8ProducerScaleBenchmark-3,testcontainers-ryuk-be678e2c-6422-4f92-8eb0-d5fb3066e5ee,testcontainers/ryuk:0.14.0,0.00,"8.969MiB / 7.737GiB"
1791131599,2026-10-05T01:33:19,Q8ProducerScaleBenchmark-3,external-clickhouse,clickhouse/clickhouse-server:latest,3.88,"1.052GiB / 7.737GiB"
1791131599,2026-10-05T01:33:19,Q8ProducerScaleBenchmark-3,external-kafka,apache/kafka:latest,1.30,"1.054GiB / 7.737GiB"
1791131607,2026-10-05T01:33:27,Q8ProducerScaleBenchmark-3,naughty_brown,apache/kafka:4.3.1,1.00,"1.156GiB / 7.737GiB"
1791131607,2026-10-05T01:33:27,Q8ProducerScaleBenchmark-3,testcontainers-ryuk-be678e2c-6422-4f92-8eb0-d5fb3066e5ee,testcontainers/ryuk:0.14.0,0.00,"8.969MiB / 7.737GiB"
1791131607,2026-10-05T01:33:27,Q8ProducerScaleBenchmark-3,external-clickhouse,clickhouse/clickhouse-server:latest,2.27,"1019MiB / 7.737GiB"
1791131607,2026-10-05T01:33:27,Q8ProducerScaleBenchmark-3,external-kafka,apache/kafka:latest,99.22,"1.126GiB / 7.737GiB"
1791131614,2026-10-05T01:33:34,Q8ProducerScaleBenchmark-3,naughty_brown,apache/kafka:4.3.1,2.01,"1.156GiB / 7.737GiB"
1791131614,2026-10-05T01:33:34,Q8ProducerScaleBenchmark-3,testcontainers-ryuk-be678e2c-6422-4f92-8eb0-d5fb3066e5ee,testcontainers/ryuk:0.14.0,0.00,"8.969MiB / 7.737GiB"
1791131614,2026-10-05T01:33:34,Q8ProducerScaleBenchmark-3,external-clickhouse,clickhouse/clickhouse-server:latest,4.80,"1021MiB / 7.737GiB"
1791131614,2026-10-05T01:33:34,Q8ProducerScaleBenchmark-3,external-kafka,apache/kafka:latest,1.66,"1.054GiB / 7.737GiB"
1791131621,2026-10-05T01:33:41,Q8ProducerScaleBenchmark-3,naughty_brown,apache/kafka:4.3.1,1.84,"1.156GiB / 7.737GiB"
1791131621,2026-10-05T01:33:41,Q8ProducerScaleBenchmark-3,testcontainers-ryuk-be678e2c-6422-4f92-8eb0-d5fb3066e5ee,testcontainers/ryuk:0.14.0,0.00,"8.969MiB / 7.737GiB"
1791131621,2026-10-05T01:33:41,Q8ProducerScaleBenchmark-3,external-clickhouse,clickhouse/clickhouse-server:latest,16.99,"1021MiB / 7.737GiB"
1791131621,2026-10-05T01:33:41,Q8ProducerScaleBenchmark-3,external-kafka,apache/kafka:latest,1.43,"1.054GiB / 7.737GiB"
1791131628,2026-10-05T01:33:48,Q8ProducerScaleBenchmark-3,naughty_brown,apache/kafka:4.3.1,0.93,"1.156GiB / 7.737GiB"
1791131628,2026-10-05T01:33:48,Q8ProducerScaleBenchmark-3,testcontainers-ryuk-be678e2c-6422-4f92-8eb0-d5fb3066e5ee,testcontainers/ryuk:0.14.0,0.00,"8.969MiB / 7.737GiB"
1791131628,2026-10-05T01:33:48,Q8ProducerScaleBenchmark-3,external-clickhouse,clickhouse/clickhouse-server:latest,20.05,"1GiB / 7.737GiB"
1791131628,2026-10-05T01:33:48,Q8ProducerScaleBenchmark-3,external-kafka,apache/kafka:latest,70.84,"1.111GiB / 7.737GiB"
1791131636,2026-10-05T01:33:56,Q8ProducerScaleBenchmark-3,naughty_brown,apache/kafka:4.3.1,1.42,"1.156GiB / 7.737GiB"
1791131636,2026-10-05T01:33:56,Q8ProducerScaleBenchmark-3,testcontainers-ryuk-be678e2c-6422-4f92-8eb0-d5fb3066e5ee,testcontainers/ryuk:0.14.0,0.00,"8.969MiB / 7.737GiB"
1791131636,2026-10-05T01:33:56,Q8ProducerScaleBenchmark-3,external-clickhouse,clickhouse/clickhouse-server:latest,20.14,"1.06GiB / 7.737GiB"
1791131636,2026-10-05T01:33:56,Q8ProducerScaleBenchmark-3,external-kafka,apache/kafka:latest,1.62,"1.054GiB / 7.737GiB"
1791131643,2026-10-05T01:34:03,Q8ProducerScaleBenchmark-3,naughty_brown,apache/kafka:4.3.1,1.56,"1.157GiB / 7.737GiB"
1791131643,2026-10-05T01:34:03,Q8ProducerScaleBenchmark-3,testcontainers-ryuk-be678e2c-6422-4f92-8eb0-d5fb3066e5ee,testcontainers/ryuk:0.14.0,0.00,"8.969MiB / 7.737GiB"
1791131643,2026-10-05T01:34:03,Q8ProducerScaleBenchmark-3,external-clickhouse,clickhouse/clickhouse-server:latest,22.23,"1.01GiB / 7.737GiB"
1791131643,2026-10-05T01:34:03,Q8ProducerScaleBenchmark-3,external-kafka,apache/kafka:latest,1.67,"1.054GiB / 7.737GiB"
1791131650,2026-10-05T01:34:10,Q8ProducerScaleBenchmark-3,naughty_brown,apache/kafka:4.3.1,2.88,"1.157GiB / 7.737GiB"
1791131650,2026-10-05T01:34:10,Q8ProducerScaleBenchmark-3,testcontainers-ryuk-be678e2c-6422-4f92-8eb0-d5fb3066e5ee,testcontainers/ryuk:0.14.0,0.00,"8.969MiB / 7.737GiB"
1791131650,2026-10-05T01:34:10,Q8ProducerScaleBenchmark-3,external-clickhouse,clickhouse/clickhouse-server:latest,9.68,"1.005GiB / 7.737GiB"
1791131650,2026-10-05T01:34:10,Q8ProducerScaleBenchmark-3,external-kafka,apache/kafka:latest,34.31,"1.096GiB / 7.737GiB"
1791131657,2026-10-05T01:34:17,Q8ProducerScaleBenchmark-3,naughty_brown,apache/kafka:4.3.1,1.97,"1.156GiB / 7.737GiB"
1791131657,2026-10-05T01:34:17,Q8ProducerScaleBenchmark-3,testcontainers-ryuk-be678e2c-6422-4f92-8eb0-d5fb3066e5ee,testcontainers/ryuk:0.14.0,0.00,"8.969MiB / 7.737GiB"
1791131657,2026-10-05T01:34:17,Q8ProducerScaleBenchmark-3,external-clickhouse,clickhouse/clickhouse-server:latest,5.85,"1.005GiB / 7.737GiB"
1791131657,2026-10-05T01:34:17,Q8ProducerScaleBenchmark-3,external-kafka,apache/kafka:latest,1.24,"1.054GiB / 7.737GiB"
1791131665,2026-10-05T01:34:25,Q8ProducerScaleBenchmark-3,naughty_brown,apache/kafka:4.3.1,1.44,"1.156GiB / 7.737GiB"
1791131665,2026-10-05T01:34:25,Q8ProducerScaleBenchmark-3,testcontainers-ryuk-be678e2c-6422-4f92-8eb0-d5fb3066e5ee,testcontainers/ryuk:0.14.0,0.00,"8.969MiB / 7.737GiB"
1791131665,2026-10-05T01:34:25,Q8ProducerScaleBenchmark-3,external-clickhouse,clickhouse/clickhouse-server:latest,13.18,"1.005GiB / 7.737GiB"
1791131665,2026-10-05T01:34:25,Q8ProducerScaleBenchmark-3,external-kafka,apache/kafka:latest,1.57,"1.054GiB / 7.737GiB"
1791131672,2026-10-05T01:34:32,Q8ProducerScaleBenchmark-3,naughty_brown,apache/kafka:4.3.1,2.46,"1.156GiB / 7.737GiB"
1791131672,2026-10-05T01:34:32,Q8ProducerScaleBenchmark-3,testcontainers-ryuk-be678e2c-6422-4f92-8eb0-d5fb3066e5ee,testcontainers/ryuk:0.14.0,0.00,"8.969MiB / 7.737GiB"
1791131672,2026-10-05T01:34:32,Q8ProducerScaleBenchmark-3,external-clickhouse,clickhouse/clickhouse-server:latest,40.95,"1.066GiB / 7.737GiB"
1791131672,2026-10-05T01:34:32,Q8ProducerScaleBenchmark-3,external-kafka,apache/kafka:latest,11.48,"1.057GiB / 7.737GiB"
1791131679,2026-10-05T01:34:39,Q8ProducerScaleBenchmark-3,naughty_brown,apache/kafka:4.3.1,1.12,"1.156GiB / 7.737GiB"
1791131679,2026-10-05T01:34:39,Q8ProducerScaleBenchmark-3,testcontainers-ryuk-be678e2c-6422-4f92-8eb0-d5fb3066e5ee,testcontainers/ryuk:0.14.0,0.00,"8.969MiB / 7.737GiB"
1791131679,2026-10-05T01:34:39,Q8ProducerScaleBenchmark-3,external-clickhouse,clickhouse/clickhouse-server:latest,12.08,"1.036GiB / 7.737GiB"
1791131679,2026-10-05T01:34:39,Q8ProducerScaleBenchmark-3,external-kafka,apache/kafka:latest,1.38,"1.054GiB / 7.737GiB"
1791131686,2026-10-05T01:34:46,Q8ProducerScaleBenchmark-3,naughty_brown,apache/kafka:4.3.1,1.51,"1.156GiB / 7.737GiB"
1791131686,2026-10-05T01:34:46,Q8ProducerScaleBenchmark-3,testcontainers-ryuk-be678e2c-6422-4f92-8eb0-d5fb3066e5ee,testcontainers/ryuk:0.14.0,0.00,"8.969MiB / 7.737GiB"
1791131686,2026-10-05T01:34:46,Q8ProducerScaleBenchmark-3,external-clickhouse,clickhouse/clickhouse-server:latest,5.29,"1.01GiB / 7.737GiB"
1791131686,2026-10-05T01:34:46,Q8ProducerScaleBenchmark-3,external-kafka,apache/kafka:latest,1.83,"1.054GiB / 7.737GiB"
1791131694,2026-10-05T01:34:54,Q8ProducerScaleBenchmark-3,naughty_brown,apache/kafka:4.3.1,1.42,"1.157GiB / 7.737GiB"
1791131694,2026-10-05T01:34:54,Q8ProducerScaleBenchmark-3,testcontainers-ryuk-be678e2c-6422-4f92-8eb0-d5fb3066e5ee,testcontainers/ryuk:0.14.0,0.00,"8.969MiB / 7.737GiB"
1791131694,2026-10-05T01:34:54,Q8ProducerScaleBenchmark-3,external-clickhouse,clickhouse/clickhouse-server:latest,2.66,"1.009GiB / 7.737GiB"
1791131694,2026-10-05T01:34:54,Q8ProducerScaleBenchmark-3,external-kafka,apache/kafka:latest,82.78,"1.122GiB / 7.737GiB"
1791131701,2026-10-05T01:35:01,Q8ProducerScaleBenchmark-3,naughty_brown,apache/kafka:4.3.1,3.19,"1.156GiB / 7.737GiB"
1791131701,2026-10-05T01:35:01,Q8ProducerScaleBenchmark-3,testcontainers-ryuk-be678e2c-6422-4f92-8eb0-d5fb3066e5ee,testcontainers/ryuk:0.14.0,0.00,"8.969MiB / 7.737GiB"
1791131701,2026-10-05T01:35:01,Q8ProducerScaleBenchmark-3,external-clickhouse,clickhouse/clickhouse-server:latest,4.37,"1.007GiB / 7.737GiB"
1791131701,2026-10-05T01:35:01,Q8ProducerScaleBenchmark-3,external-kafka,apache/kafka:latest,1.50,"1.054GiB / 7.737GiB"
1791131708,2026-10-05T01:35:08,Q8ProducerScaleBenchmark-3,naughty_brown,apache/kafka:4.3.1,1.62,"1.156GiB / 7.737GiB"
1791131708,2026-10-05T01:35:08,Q8ProducerScaleBenchmark-3,testcontainers-ryuk-be678e2c-6422-4f92-8eb0-d5fb3066e5ee,testcontainers/ryuk:0.14.0,0.00,"8.969MiB / 7.737GiB"
1791131708,2026-10-05T01:35:08,Q8ProducerScaleBenchmark-3,external-clickhouse,clickhouse/clickhouse-server:latest,4.40,"1.011GiB / 7.737GiB"
1791131708,2026-10-05T01:35:08,Q8ProducerScaleBenchmark-3,external-kafka,apache/kafka:latest,1.46,"1.054GiB / 7.737GiB"
1791131715,2026-10-05T01:35:15,Q8ProducerScaleBenchmark-3,naughty_brown,apache/kafka:4.3.1,3.17,"1.156GiB / 7.737GiB"
1791131715,2026-10-05T01:35:15,Q8ProducerScaleBenchmark-3,testcontainers-ryuk-be678e2c-6422-4f92-8eb0-d5fb3066e5ee,testcontainers/ryuk:0.14.0,0.00,"8.969MiB / 7.737GiB"
1791131715,2026-10-05T01:35:15,Q8ProducerScaleBenchmark-3,external-clickhouse,clickhouse/clickhouse-server:latest,3.67,"1.039GiB / 7.737GiB"
1791131715,2026-10-05T01:35:15,Q8ProducerScaleBenchmark-3,external-kafka,apache/kafka:latest,1.48,"1.054GiB / 7.737GiB"
1791131723,2026-10-05T01:35:23,Q8ProducerScaleBenchmark-3,naughty_brown,apache/kafka:4.3.1,1.44,"1.156GiB / 7.737GiB"
1791131723,2026-10-05T01:35:23,Q8ProducerScaleBenchmark-3,testcontainers-ryuk-be678e2c-6422-4f92-8eb0-d5fb3066e5ee,testcontainers/ryuk:0.14.0,0.00,"8.969MiB / 7.737GiB"
1791131723,2026-10-05T01:35:23,Q8ProducerScaleBenchmark-3,external-clickhouse,clickhouse/clickhouse-server:latest,4.01,"1.025GiB / 7.737GiB"
1791131723,2026-10-05T01:35:23,Q8ProducerScaleBenchmark-3,external-kafka,apache/kafka:latest,1.02,"1.054GiB / 7.737GiB"
1791131730,2026-10-05T01:35:30,Q8ProducerScaleBenchmark-3,naughty_brown,apache/kafka:4.3.1,1.76,"1.156GiB / 7.737GiB"
1791131730,2026-10-05T01:35:30,Q8ProducerScaleBenchmark-3,testcontainers-ryuk-be678e2c-6422-4f92-8eb0-d5fb3066e5ee,testcontainers/ryuk:0.14.0,0.00,"8.969MiB / 7.737GiB"
1791131730,2026-10-05T01:35:30,Q8ProducerScaleBenchmark-3,external-clickhouse,clickhouse/clickhouse-server:latest,4.24,"1.017GiB / 7.737GiB"
1791131730,2026-10-05T01:35:30,Q8ProducerScaleBenchmark-3,external-kafka,apache/kafka:latest,1.64,"1.054GiB / 7.737GiB"
1791131737,2026-10-05T01:35:37,Q8ProducerScaleBenchmark-3,naughty_brown,apache/kafka:4.3.1,1.59,"1.156GiB / 7.737GiB"
1791131737,2026-10-05T01:35:37,Q8ProducerScaleBenchmark-3,testcontainers-ryuk-be678e2c-6422-4f92-8eb0-d5fb3066e5ee,testcontainers/ryuk:0.14.0,0.00,"8.969MiB / 7.737GiB"
1791131737,2026-10-05T01:35:37,Q8ProducerScaleBenchmark-3,external-clickhouse,clickhouse/clickhouse-server:latest,3.76,"1.016GiB / 7.737GiB"
1791131737,2026-10-05T01:35:37,Q8ProducerScaleBenchmark-3,external-kafka,apache/kafka:latest,30.88,"1.091GiB / 7.737GiB"
1791131744,2026-10-05T01:35:44,Q8ProducerScaleBenchmark-3,naughty_brown,apache/kafka:4.3.1,1.52,"1.156GiB / 7.737GiB"
1791131744,2026-10-05T01:35:44,Q8ProducerScaleBenchmark-3,testcontainers-ryuk-be678e2c-6422-4f92-8eb0-d5fb3066e5ee,testcontainers/ryuk:0.14.0,0.00,"8.969MiB / 7.737GiB"
1791131744,2026-10-05T01:35:44,Q8ProducerScaleBenchmark-3,external-clickhouse,clickhouse/clickhouse-server:latest,4.13,"1.052GiB / 7.737GiB"
1791131744,2026-10-05T01:35:44,Q8ProducerScaleBenchmark-3,external-kafka,apache/kafka:latest,1.62,"1.054GiB / 7.737GiB"
1791131752,2026-10-05T01:35:52,Q8ProducerScaleBenchmark-3,naughty_brown,apache/kafka:4.3.1,1.47,"1.158GiB / 7.737GiB"
1791131752,2026-10-05T01:35:52,Q8ProducerScaleBenchmark-3,testcontainers-ryuk-be678e2c-6422-4f92-8eb0-d5fb3066e5ee,testcontainers/ryuk:0.14.0,0.00,"8.969MiB / 7.737GiB"
1791131752,2026-10-05T01:35:52,Q8ProducerScaleBenchmark-3,external-clickhouse,clickhouse/clickhouse-server:latest,9.23,"1.032GiB / 7.737GiB"
1791131752,2026-10-05T01:35:52,Q8ProducerScaleBenchmark-3,external-kafka,apache/kafka:latest,2.04,"1.054GiB / 7.737GiB"
1791131759,2026-10-05T01:35:59,Q8ProducerScaleBenchmark-3,naughty_brown,apache/kafka:4.3.1,2.13,"1.156GiB / 7.737GiB"
1791131759,2026-10-05T01:35:59,Q8ProducerScaleBenchmark-3,testcontainers-ryuk-be678e2c-6422-4f92-8eb0-d5fb3066e5ee,testcontainers/ryuk:0.14.0,0.05,"8.969MiB / 7.737GiB"
1791131759,2026-10-05T01:35:59,Q8ProducerScaleBenchmark-3,external-clickhouse,clickhouse/clickhouse-server:latest,9.68,"1.036GiB / 7.737GiB"
1791131759,2026-10-05T01:35:59,Q8ProducerScaleBenchmark-3,external-kafka,apache/kafka:latest,2.01,"1.054GiB / 7.737GiB"
1791131766,2026-10-05T01:36:06,Q8ProducerScaleBenchmark-3,naughty_brown,apache/kafka:4.3.1,1.82,"1.156GiB / 7.737GiB"
1791131766,2026-10-05T01:36:06,Q8ProducerScaleBenchmark-3,testcontainers-ryuk-be678e2c-6422-4f92-8eb0-d5fb3066e5ee,testcontainers/ryuk:0.14.0,0.00,"8.969MiB / 7.737GiB"
1791131766,2026-10-05T01:36:06,Q8ProducerScaleBenchmark-3,external-clickhouse,clickhouse/clickhouse-server:latest,7.38,"1.028GiB / 7.737GiB"
1791131766,2026-10-05T01:36:06,Q8ProducerScaleBenchmark-3,external-kafka,apache/kafka:latest,2.24,"1.054GiB / 7.737GiB"
1791131773,2026-10-05T01:36:13,Q8ProducerScaleBenchmark-3,naughty_brown,apache/kafka:4.3.1,1.77,"1.156GiB / 7.737GiB"
1791131773,2026-10-05T01:36:13,Q8ProducerScaleBenchmark-3,testcontainers-ryuk-be678e2c-6422-4f92-8eb0-d5fb3066e5ee,testcontainers/ryuk:0.14.0,0.00,"8.969MiB / 7.737GiB"
1791131773,2026-10-05T01:36:13,Q8ProducerScaleBenchmark-3,external-clickhouse,clickhouse/clickhouse-server:latest,6.84,"1.028GiB / 7.737GiB"
1791131773,2026-10-05T01:36:13,Q8ProducerScaleBenchmark-3,external-kafka,apache/kafka:latest,1.55,"1.054GiB / 7.737GiB"
1791131781,2026-10-05T01:36:21,Q8ProducerScaleBenchmark-3,naughty_brown,apache/kafka:4.3.1,5.17,"1.158GiB / 7.737GiB"
1791131781,2026-10-05T01:36:21,Q8ProducerScaleBenchmark-3,testcontainers-ryuk-be678e2c-6422-4f92-8eb0-d5fb3066e5ee,testcontainers/ryuk:0.14.0,0.00,"8.969MiB / 7.737GiB"
1791131781,2026-10-05T01:36:21,Q8ProducerScaleBenchmark-3,external-clickhouse,clickhouse/clickhouse-server:latest,5.11,"1.033GiB / 7.737GiB"
1791131781,2026-10-05T01:36:21,Q8ProducerScaleBenchmark-3,external-kafka,apache/kafka:latest,2.04,"1.054GiB / 7.737GiB"
1791131788,2026-10-05T01:36:28,Q8ProducerScaleBenchmark-3,naughty_brown,apache/kafka:4.3.1,2.20,"1.156GiB / 7.737GiB"
1791131788,2026-10-05T01:36:28,Q8ProducerScaleBenchmark-3,testcontainers-ryuk-be678e2c-6422-4f92-8eb0-d5fb3066e5ee,testcontainers/ryuk:0.14.0,0.00,"8.969MiB / 7.737GiB"
1791131788,2026-10-05T01:36:28,Q8ProducerScaleBenchmark-3,external-clickhouse,clickhouse/clickhouse-server:latest,6.07,"1.085GiB / 7.737GiB"
1791131788,2026-10-05T01:36:28,Q8ProducerScaleBenchmark-3,external-kafka,apache/kafka:latest,1.73,"1.054GiB / 7.737GiB"
1791131795,2026-10-05T01:36:35,Q8ProducerScaleBenchmark-3,naughty_brown,apache/kafka:4.3.1,2.62,"1.156GiB / 7.737GiB"
1791131795,2026-10-05T01:36:35,Q8ProducerScaleBenchmark-3,testcontainers-ryuk-be678e2c-6422-4f92-8eb0-d5fb3066e5ee,testcontainers/ryuk:0.14.0,0.00,"8.969MiB / 7.737GiB"
1791131795,2026-10-05T01:36:35,Q8ProducerScaleBenchmark-3,external-clickhouse,clickhouse/clickhouse-server:latest,8.99,"1.047GiB / 7.737GiB"
1791131795,2026-10-05T01:36:35,Q8ProducerScaleBenchmark-3,external-kafka,apache/kafka:latest,1.83,"1.054GiB / 7.737GiB"
1791131802,2026-10-05T01:36:42,Q8ProducerScaleBenchmark-3,naughty_brown,apache/kafka:4.3.1,1.79,"1.156GiB / 7.737GiB"
1791131802,2026-10-05T01:36:42,Q8ProducerScaleBenchmark-3,testcontainers-ryuk-be678e2c-6422-4f92-8eb0-d5fb3066e5ee,testcontainers/ryuk:0.14.0,0.00,"8.969MiB / 7.737GiB"
1791131802,2026-10-05T01:36:42,Q8ProducerScaleBenchmark-3,external-clickhouse,clickhouse/clickhouse-server:latest,3.37,"1.04GiB / 7.737GiB"
1791131802,2026-10-05T01:36:42,Q8ProducerScaleBenchmark-3,external-kafka,apache/kafka:latest,1.33,"1.054GiB / 7.737GiB"
1791131810,2026-10-05T01:36:50,Q8ProducerScaleBenchmark-3,naughty_brown,apache/kafka:4.3.1,1.56,"1.156GiB / 7.737GiB"
1791131810,2026-10-05T01:36:50,Q8ProducerScaleBenchmark-3,testcontainers-ryuk-be678e2c-6422-4f92-8eb0-d5fb3066e5ee,testcontainers/ryuk:0.14.0,0.00,"8.969MiB / 7.737GiB"
1791131810,2026-10-05T01:36:50,Q8ProducerScaleBenchmark-3,external-clickhouse,clickhouse/clickhouse-server:latest,3.13,"1.037GiB / 7.737GiB"
1791131810,2026-10-05T01:36:50,Q8ProducerScaleBenchmark-3,external-kafka,apache/kafka:latest,1.76,"1.054GiB / 7.737GiB"
1791131817,2026-10-05T01:36:57,Q8ProducerScaleBenchmark-3,naughty_brown,apache/kafka:4.3.1,1.66,"1.156GiB / 7.737GiB"
1791131817,2026-10-05T01:36:57,Q8ProducerScaleBenchmark-3,testcontainers-ryuk-be678e2c-6422-4f92-8eb0-d5fb3066e5ee,testcontainers/ryuk:0.14.0,0.00,"8.969MiB / 7.737GiB"
1791131817,2026-10-05T01:36:57,Q8ProducerScaleBenchmark-3,external-clickhouse,clickhouse/clickhouse-server:latest,6.64,"1.039GiB / 7.737GiB"
1791131817,2026-10-05T01:36:57,Q8ProducerScaleBenchmark-3,external-kafka,apache/kafka:latest,0.99,"1.054GiB / 7.737GiB"
1791131824,2026-10-05T01:37:04,Q8ProducerScaleBenchmark-3,naughty_brown,apache/kafka:4.3.1,1.31,"1.156GiB / 7.737GiB"
1791131824,2026-10-05T01:37:04,Q8ProducerScaleBenchmark-3,testcontainers-ryuk-be678e2c-6422-4f92-8eb0-d5fb3066e5ee,testcontainers/ryuk:0.14.0,0.00,"8.969MiB / 7.737GiB"
1791131824,2026-10-05T01:37:04,Q8ProducerScaleBenchmark-3,external-clickhouse,clickhouse/clickhouse-server:latest,4.17,"1.094GiB / 7.737GiB"
1791131824,2026-10-05T01:37:04,Q8ProducerScaleBenchmark-3,external-kafka,apache/kafka:latest,1.66,"1.054GiB / 7.737GiB"
1791131831,2026-10-05T01:37:11,Q8ProducerScaleBenchmark-3,naughty_brown,apache/kafka:4.3.1,2.25,"1.156GiB / 7.737GiB"
1791131831,2026-10-05T01:37:11,Q8ProducerScaleBenchmark-3,testcontainers-ryuk-be678e2c-6422-4f92-8eb0-d5fb3066e5ee,testcontainers/ryuk:0.14.0,0.00,"8.969MiB / 7.737GiB"
1791131831,2026-10-05T01:37:11,Q8ProducerScaleBenchmark-3,external-clickhouse,clickhouse/clickhouse-server:latest,26.35,"1.049GiB / 7.737GiB"
1791131831,2026-10-05T01:37:11,Q8ProducerScaleBenchmark-3,external-kafka,apache/kafka:latest,1.69,"1.054GiB / 7.737GiB"
1791131839,2026-10-05T01:37:19,Q8ProducerScaleBenchmark-3,naughty_brown,apache/kafka:4.3.1,0.97,"1.156GiB / 7.737GiB"
1791131839,2026-10-05T01:37:19,Q8ProducerScaleBenchmark-3,testcontainers-ryuk-be678e2c-6422-4f92-8eb0-d5fb3066e5ee,testcontainers/ryuk:0.14.0,0.00,"8.969MiB / 7.737GiB"
1791131839,2026-10-05T01:37:19,Q8ProducerScaleBenchmark-3,external-clickhouse,clickhouse/clickhouse-server:latest,28.89,"1022MiB / 7.737GiB"
1791131839,2026-10-05T01:37:19,Q8ProducerScaleBenchmark-3,external-kafka,apache/kafka:latest,1.04,"1.054GiB / 7.737GiB"
1791131846,2026-10-05T01:37:26,Q8ProducerScaleBenchmark-3,naughty_brown,apache/kafka:4.3.1,1.58,"1.156GiB / 7.737GiB"
1791131846,2026-10-05T01:37:26,Q8ProducerScaleBenchmark-3,testcontainers-ryuk-be678e2c-6422-4f92-8eb0-d5fb3066e5ee,testcontainers/ryuk:0.14.0,0.00,"8.969MiB / 7.737GiB"
1791131846,2026-10-05T01:37:26,Q8ProducerScaleBenchmark-3,external-clickhouse,clickhouse/clickhouse-server:latest,23.83,"1022MiB / 7.737GiB"
1791131846,2026-10-05T01:37:26,Q8ProducerScaleBenchmark-3,external-kafka,apache/kafka:latest,1.58,"1.054GiB / 7.737GiB"
1791131853,2026-10-05T01:37:33,Q8ProducerScaleBenchmark-3,naughty_brown,apache/kafka:4.3.1,2.69,"1.156GiB / 7.737GiB"
1791131853,2026-10-05T01:37:33,Q8ProducerScaleBenchmark-3,testcontainers-ryuk-be678e2c-6422-4f92-8eb0-d5fb3066e5ee,testcontainers/ryuk:0.14.0,0.00,"8.969MiB / 7.737GiB"
1791131853,2026-10-05T01:37:33,Q8ProducerScaleBenchmark-3,external-clickhouse,clickhouse/clickhouse-server:latest,20.77,"1010MiB / 7.737GiB"
1791131853,2026-10-05T01:37:33,Q8ProducerScaleBenchmark-3,external-kafka,apache/kafka:latest,1.10,"1.054GiB / 7.737GiB"
1791131860,2026-10-05T01:37:40,Q8ProducerScaleBenchmark-3,naughty_brown,apache/kafka:4.3.1,2.27,"1.156GiB / 7.737GiB"
1791131860,2026-10-05T01:37:40,Q8ProducerScaleBenchmark-3,testcontainers-ryuk-be678e2c-6422-4f92-8eb0-d5fb3066e5ee,testcontainers/ryuk:0.14.0,0.00,"8.969MiB / 7.737GiB"
1791131860,2026-10-05T01:37:40,Q8ProducerScaleBenchmark-3,external-clickhouse,clickhouse/clickhouse-server:latest,15.55,"1010MiB / 7.737GiB"
1791131860,2026-10-05T01:37:40,Q8ProducerScaleBenchmark-3,external-kafka,apache/kafka:latest,3.09,"1.054GiB / 7.737GiB"
1791131868,2026-10-05T01:37:48,Q8ProducerScaleBenchmark-3,naughty_brown,apache/kafka:4.3.1,1.70,"1.156GiB / 7.737GiB"
1791131868,2026-10-05T01:37:48,Q8ProducerScaleBenchmark-3,testcontainers-ryuk-be678e2c-6422-4f92-8eb0-d5fb3066e5ee,testcontainers/ryuk:0.14.0,0.00,"8.965MiB / 7.737GiB"
1791131868,2026-10-05T01:37:48,Q8ProducerScaleBenchmark-3,external-clickhouse,clickhouse/clickhouse-server:latest,7.12,"1.034GiB / 7.737GiB"
1791131868,2026-10-05T01:37:48,Q8ProducerScaleBenchmark-3,external-kafka,apache/kafka:latest,1.32,"1.054GiB / 7.737GiB"
1791131875,2026-10-05T01:37:55,idle,external-clickhouse,clickhouse/clickhouse-server:latest,2.90,"1016MiB / 7.737GiB"
1791131875,2026-10-05T01:37:55,idle,external-kafka,apache/kafka:latest,1.23,"1.054GiB / 7.737GiB"
1791131882,2026-10-05T01:38:02,idle,external-clickhouse,clickhouse/clickhouse-server:latest,4.52,"1013MiB / 7.737GiB"
1791131882,2026-10-05T01:38:02,idle,external-kafka,apache/kafka:latest,41.50,"1.054GiB / 7.737GiB"
1791131889,2026-10-05T01:38:09,idle,external-clickhouse,clickhouse/clickhouse-server:latest,21.80,"1015MiB / 7.737GiB"
1791131889,2026-10-05T01:38:09,idle,external-kafka,apache/kafka:latest,1.94,"1.054GiB / 7.737GiB"
1791131896,2026-10-05T01:38:16,idle,external-clickhouse,clickhouse/clickhouse-server:latest,4.60,"1019MiB / 7.737GiB"
1791131896,2026-10-05T01:38:16,idle,external-kafka,apache/kafka:latest,1.41,"1.054GiB / 7.737GiB"
1791131904,2026-10-05T01:38:24,Q8ProducerScaleBenchmark-4,external-clickhouse,clickhouse/clickhouse-server:latest,2.00,"1019MiB / 7.737GiB"
1791131904,2026-10-05T01:38:24,Q8ProducerScaleBenchmark-4,external-kafka,apache/kafka:latest,177.19,"1.121GiB / 7.737GiB"
1791131904,2026-10-05T01:38:24,Q8ProducerScaleBenchmark-4,testcontainers-ryuk-578bacfa-c35c-4e72-8864-ead9c3506435,testcontainers/ryuk:0.14.0,0.00,"10.71MiB / 7.737GiB"
1791131904,2026-10-05T01:38:24,Q8ProducerScaleBenchmark-4,hopeful_golick,apache/kafka:4.3.1,156.16,"165.2MiB / 7.737GiB"
1791131912,2026-10-05T01:38:32,Q8ProducerScaleBenchmark-4,goofy_noether,apache/kafka:4.3.1,104.69,"207.9MiB / 7.737GiB"
1791131912,2026-10-05T01:38:32,Q8ProducerScaleBenchmark-4,hopeful_golick,apache/kafka:4.3.1,246.62,"742.9MiB / 7.737GiB"
1791131912,2026-10-05T01:38:32,Q8ProducerScaleBenchmark-4,testcontainers-ryuk-578bacfa-c35c-4e72-8864-ead9c3506435,testcontainers/ryuk:0.14.0,0.00,"10.71MiB / 7.737GiB"
1791131912,2026-10-05T01:38:32,Q8ProducerScaleBenchmark-4,external-clickhouse,clickhouse/clickhouse-server:latest,2.45,"1.005GiB / 7.737GiB"
1791131912,2026-10-05T01:38:32,Q8ProducerScaleBenchmark-4,external-kafka,apache/kafka:latest,0.59,"1.054GiB / 7.737GiB"
1791131919,2026-10-05T01:38:39,Q8ProducerScaleBenchmark-4,goofy_noether,apache/kafka:4.3.1,65.29,"193.3MiB / 7.737GiB"
1791131919,2026-10-05T01:38:39,Q8ProducerScaleBenchmark-4,hopeful_golick,apache/kafka:4.3.1,282.14,"955.1MiB / 7.737GiB"
1791131919,2026-10-05T01:38:39,Q8ProducerScaleBenchmark-4,testcontainers-ryuk-578bacfa-c35c-4e72-8864-ead9c3506435,testcontainers/ryuk:0.14.0,0.00,"10.71MiB / 7.737GiB"
1791131919,2026-10-05T01:38:39,Q8ProducerScaleBenchmark-4,external-clickhouse,clickhouse/clickhouse-server:latest,2.33,"1011MiB / 7.737GiB"
1791131919,2026-10-05T01:38:39,Q8ProducerScaleBenchmark-4,external-kafka,apache/kafka:latest,0.74,"1.054GiB / 7.737GiB"
1791131927,2026-10-05T01:38:47,Q8ProducerScaleBenchmark-4,goofy_noether,apache/kafka:4.3.1,45.89,"187.3MiB / 7.737GiB"
1791131927,2026-10-05T01:38:47,Q8ProducerScaleBenchmark-4,hopeful_golick,apache/kafka:4.3.1,79.62,"926.7MiB / 7.737GiB"
1791131927,2026-10-05T01:38:47,Q8ProducerScaleBenchmark-4,testcontainers-ryuk-578bacfa-c35c-4e72-8864-ead9c3506435,testcontainers/ryuk:0.14.0,0.00,"10.71MiB / 7.737GiB"
1791131927,2026-10-05T01:38:47,Q8ProducerScaleBenchmark-4,external-clickhouse,clickhouse/clickhouse-server:latest,2.49,"1016MiB / 7.737GiB"
1791131927,2026-10-05T01:38:47,Q8ProducerScaleBenchmark-4,external-kafka,apache/kafka:latest,1.48,"1.054GiB / 7.737GiB"
1791131934,2026-10-05T01:38:54,Q8ProducerScaleBenchmark-4,goofy_noether,apache/kafka:4.3.1,98.56,"187.4MiB / 7.737GiB"
1791131934,2026-10-05T01:38:54,Q8ProducerScaleBenchmark-4,hopeful_golick,apache/kafka:4.3.1,143.29,"925.7MiB / 7.737GiB"
1791131934,2026-10-05T01:38:54,Q8ProducerScaleBenchmark-4,testcontainers-ryuk-578bacfa-c35c-4e72-8864-ead9c3506435,testcontainers/ryuk:0.14.0,0.00,"10.71MiB / 7.737GiB"
1791131934,2026-10-05T01:38:54,Q8ProducerScaleBenchmark-4,external-clickhouse,clickhouse/clickhouse-server:latest,5.97,"1016MiB / 7.737GiB"
1791131934,2026-10-05T01:38:54,Q8ProducerScaleBenchmark-4,external-kafka,apache/kafka:latest,3.16,"1.054GiB / 7.737GiB"
1791131943,2026-10-05T01:39:03,Q8ProducerScaleBenchmark-4,goofy_noether,apache/kafka:4.3.1,82.66,"187.7MiB / 7.737GiB"
1791131943,2026-10-05T01:39:03,Q8ProducerScaleBenchmark-4,hopeful_golick,apache/kafka:4.3.1,199.86,"926.1MiB / 7.737GiB"
1791131943,2026-10-05T01:39:03,Q8ProducerScaleBenchmark-4,testcontainers-ryuk-578bacfa-c35c-4e72-8864-ead9c3506435,testcontainers/ryuk:0.14.0,0.00,"10.71MiB / 7.737GiB"
1791131943,2026-10-05T01:39:03,Q8ProducerScaleBenchmark-4,external-clickhouse,clickhouse/clickhouse-server:latest,5.52,"1.002GiB / 7.737GiB"
1791131943,2026-10-05T01:39:03,Q8ProducerScaleBenchmark-4,external-kafka,apache/kafka:latest,11.03,"1.054GiB / 7.737GiB"
1791131951,2026-10-05T01:39:11,Q8ProducerScaleBenchmark-4,goofy_noether,apache/kafka:4.3.1,37.36,"222.3MiB / 7.737GiB"
1791131951,2026-10-05T01:39:11,Q8ProducerScaleBenchmark-4,hopeful_golick,apache/kafka:4.3.1,55.71,"926.7MiB / 7.737GiB"
1791131951,2026-10-05T01:39:11,Q8ProducerScaleBenchmark-4,testcontainers-ryuk-578bacfa-c35c-4e72-8864-ead9c3506435,testcontainers/ryuk:0.14.0,0.00,"10.71MiB / 7.737GiB"
1791131951,2026-10-05T01:39:11,Q8ProducerScaleBenchmark-4,external-clickhouse,clickhouse/clickhouse-server:latest,23.92,"1019MiB / 7.737GiB"
1791131951,2026-10-05T01:39:11,Q8ProducerScaleBenchmark-4,external-kafka,apache/kafka:latest,120.44,"1.054GiB / 7.737GiB"
1791131958,2026-10-05T01:39:18,Q8ProducerScaleBenchmark-4,goofy_noether,apache/kafka:4.3.1,35.22,"294.5MiB / 7.737GiB"
1791131958,2026-10-05T01:39:18,Q8ProducerScaleBenchmark-4,hopeful_golick,apache/kafka:4.3.1,33.37,"961.2MiB / 7.737GiB"
1791131958,2026-10-05T01:39:18,Q8ProducerScaleBenchmark-4,testcontainers-ryuk-578bacfa-c35c-4e72-8864-ead9c3506435,testcontainers/ryuk:0.14.0,0.00,"10.71MiB / 7.737GiB"
1791131958,2026-10-05T01:39:18,Q8ProducerScaleBenchmark-4,external-clickhouse,clickhouse/clickhouse-server:latest,4.84,"1017MiB / 7.737GiB"
1791131958,2026-10-05T01:39:18,Q8ProducerScaleBenchmark-4,external-kafka,apache/kafka:latest,0.76,"1.054GiB / 7.737GiB"
1791131965,2026-10-05T01:39:25,Q8ProducerScaleBenchmark-4,goofy_noether,apache/kafka:4.3.1,137.82,"425.4MiB / 7.737GiB"
1791131965,2026-10-05T01:39:25,Q8ProducerScaleBenchmark-4,hopeful_golick,apache/kafka:4.3.1,143.15,"948.5MiB / 7.737GiB"
1791131965,2026-10-05T01:39:25,Q8ProducerScaleBenchmark-4,testcontainers-ryuk-578bacfa-c35c-4e72-8864-ead9c3506435,testcontainers/ryuk:0.14.0,0.00,"10.71MiB / 7.737GiB"
1791131965,2026-10-05T01:39:25,Q8ProducerScaleBenchmark-4,external-clickhouse,clickhouse/clickhouse-server:latest,43.92,"1021MiB / 7.737GiB"
1791131965,2026-10-05T01:39:25,Q8ProducerScaleBenchmark-4,external-kafka,apache/kafka:latest,1.31,"1.054GiB / 7.737GiB"
1791131973,2026-10-05T01:39:33,Q8ProducerScaleBenchmark-4,goofy_noether,apache/kafka:4.3.1,2.36,"416.8MiB / 7.737GiB"
1791131973,2026-10-05T01:39:33,Q8ProducerScaleBenchmark-4,hopeful_golick,apache/kafka:4.3.1,12.77,"952.1MiB / 7.737GiB"
1791131973,2026-10-05T01:39:33,Q8ProducerScaleBenchmark-4,testcontainers-ryuk-578bacfa-c35c-4e72-8864-ead9c3506435,testcontainers/ryuk:0.14.0,0.00,"10.71MiB / 7.737GiB"
1791131973,2026-10-05T01:39:33,Q8ProducerScaleBenchmark-4,external-clickhouse,clickhouse/clickhouse-server:latest,12.85,"1016MiB / 7.737GiB"
1791131973,2026-10-05T01:39:33,Q8ProducerScaleBenchmark-4,external-kafka,apache/kafka:latest,1.12,"1.054GiB / 7.737GiB"
1791131981,2026-10-05T01:39:41,Q8ProducerScaleBenchmark-4,goofy_noether,apache/kafka:4.3.1,138.25,"429.6MiB / 7.737GiB"
1791131981,2026-10-05T01:39:41,Q8ProducerScaleBenchmark-4,hopeful_golick,apache/kafka:4.3.1,178.37,"954.1MiB / 7.737GiB"
1791131981,2026-10-05T01:39:41,Q8ProducerScaleBenchmark-4,testcontainers-ryuk-578bacfa-c35c-4e72-8864-ead9c3506435,testcontainers/ryuk:0.14.0,0.00,"10.71MiB / 7.737GiB"
1791131981,2026-10-05T01:39:41,Q8ProducerScaleBenchmark-4,external-clickhouse,clickhouse/clickhouse-server:latest,3.05,"1.051GiB / 7.737GiB"
1791131981,2026-10-05T01:39:41,Q8ProducerScaleBenchmark-4,external-kafka,apache/kafka:latest,0.83,"1.054GiB / 7.737GiB"
1791131988,2026-10-05T01:39:48,Q8ProducerScaleBenchmark-4,goofy_noether,apache/kafka:4.3.1,6.30,"598.1MiB / 7.737GiB"
1791131988,2026-10-05T01:39:48,Q8ProducerScaleBenchmark-4,hopeful_golick,apache/kafka:4.3.1,6.61,"957.6MiB / 7.737GiB"
1791131988,2026-10-05T01:39:48,Q8ProducerScaleBenchmark-4,testcontainers-ryuk-578bacfa-c35c-4e72-8864-ead9c3506435,testcontainers/ryuk:0.14.0,0.00,"10.71MiB / 7.737GiB"
1791131988,2026-10-05T01:39:48,Q8ProducerScaleBenchmark-4,external-clickhouse,clickhouse/clickhouse-server:latest,2.96,"1.001GiB / 7.737GiB"
1791131988,2026-10-05T01:39:48,Q8ProducerScaleBenchmark-4,external-kafka,apache/kafka:latest,51.83,"1.078GiB / 7.737GiB"
1791131997,2026-10-05T01:39:57,Q8ProducerScaleBenchmark-4,goofy_noether,apache/kafka:4.3.1,175.29,"654MiB / 7.737GiB"
1791131997,2026-10-05T01:39:57,Q8ProducerScaleBenchmark-4,hopeful_golick,apache/kafka:4.3.1,177.69,"958.3MiB / 7.737GiB"
1791131997,2026-10-05T01:39:57,Q8ProducerScaleBenchmark-4,testcontainers-ryuk-578bacfa-c35c-4e72-8864-ead9c3506435,testcontainers/ryuk:0.14.0,0.00,"10.71MiB / 7.737GiB"
1791131997,2026-10-05T01:39:57,Q8ProducerScaleBenchmark-4,external-clickhouse,clickhouse/clickhouse-server:latest,3.38,"1017MiB / 7.737GiB"
1791131997,2026-10-05T01:39:57,Q8ProducerScaleBenchmark-4,external-kafka,apache/kafka:latest,1.92,"1.054GiB / 7.737GiB"
1791132004,2026-10-05T01:40:04,Q8ProducerScaleBenchmark-4,goofy_noether,apache/kafka:4.3.1,236.18,"643.1MiB / 7.737GiB"
1791132004,2026-10-05T01:40:04,Q8ProducerScaleBenchmark-4,hopeful_golick,apache/kafka:4.3.1,66.06,"957.3MiB / 7.737GiB"
1791132004,2026-10-05T01:40:04,Q8ProducerScaleBenchmark-4,testcontainers-ryuk-578bacfa-c35c-4e72-8864-ead9c3506435,testcontainers/ryuk:0.14.0,0.00,"10.71MiB / 7.737GiB"
1791132004,2026-10-05T01:40:04,Q8ProducerScaleBenchmark-4,external-clickhouse,clickhouse/clickhouse-server:latest,9.51,"1017MiB / 7.737GiB"
1791132004,2026-10-05T01:40:04,Q8ProducerScaleBenchmark-4,external-kafka,apache/kafka:latest,108.94,"1.125GiB / 7.737GiB"
1791132013,2026-10-05T01:40:13,Q8ProducerScaleBenchmark-4,goofy_noether,apache/kafka:4.3.1,216.03,"970.6MiB / 7.737GiB"
1791132013,2026-10-05T01:40:13,Q8ProducerScaleBenchmark-4,hopeful_golick,apache/kafka:4.3.1,153.05,"981.5MiB / 7.737GiB"
1791132013,2026-10-05T01:40:13,Q8ProducerScaleBenchmark-4,testcontainers-ryuk-578bacfa-c35c-4e72-8864-ead9c3506435,testcontainers/ryuk:0.14.0,0.00,"10.71MiB / 7.737GiB"
1791132013,2026-10-05T01:40:13,Q8ProducerScaleBenchmark-4,external-clickhouse,clickhouse/clickhouse-server:latest,5.18,"1011MiB / 7.737GiB"
1791132013,2026-10-05T01:40:13,Q8ProducerScaleBenchmark-4,external-kafka,apache/kafka:latest,1.62,"1.054GiB / 7.737GiB"
1791132021,2026-10-05T01:40:22,Q8ProducerScaleBenchmark-4,goofy_noether,apache/kafka:4.3.1,209.28,"1.288GiB / 7.737GiB"
1791132021,2026-10-05T01:40:22,Q8ProducerScaleBenchmark-4,hopeful_golick,apache/kafka:4.3.1,127.84,"980.5MiB / 7.737GiB"
1791132021,2026-10-05T01:40:22,Q8ProducerScaleBenchmark-4,testcontainers-ryuk-578bacfa-c35c-4e72-8864-ead9c3506435,testcontainers/ryuk:0.14.0,0.00,"10.71MiB / 7.737GiB"
1791132021,2026-10-05T01:40:22,Q8ProducerScaleBenchmark-4,external-clickhouse,clickhouse/clickhouse-server:latest,78.37,"1.036GiB / 7.737GiB"
1791132021,2026-10-05T01:40:22,Q8ProducerScaleBenchmark-4,external-kafka,apache/kafka:latest,1.38,"1.054GiB / 7.737GiB"
1791132029,2026-10-05T01:40:29,Q8ProducerScaleBenchmark-4,goofy_noether,apache/kafka:4.3.1,180.10,"1.322GiB / 7.737GiB"
1791132029,2026-10-05T01:40:29,Q8ProducerScaleBenchmark-4,hopeful_golick,apache/kafka:4.3.1,151.16,"988.3MiB / 7.737GiB"
1791132029,2026-10-05T01:40:29,Q8ProducerScaleBenchmark-4,testcontainers-ryuk-578bacfa-c35c-4e72-8864-ead9c3506435,testcontainers/ryuk:0.14.0,0.00,"10.71MiB / 7.737GiB"
1791132029,2026-10-05T01:40:29,Q8ProducerScaleBenchmark-4,external-clickhouse,clickhouse/clickhouse-server:latest,1.97,"1023MiB / 7.737GiB"
1791132029,2026-10-05T01:40:29,Q8ProducerScaleBenchmark-4,external-kafka,apache/kafka:latest,1.29,"1.054GiB / 7.737GiB"
1791132037,2026-10-05T01:40:37,Q8ProducerScaleBenchmark-4,goofy_noether,apache/kafka:4.3.1,216.64,"1.332GiB / 7.737GiB"
1791132037,2026-10-05T01:40:37,Q8ProducerScaleBenchmark-4,hopeful_golick,apache/kafka:4.3.1,123.15,"987.6MiB / 7.737GiB"
1791132037,2026-10-05T01:40:37,Q8ProducerScaleBenchmark-4,testcontainers-ryuk-578bacfa-c35c-4e72-8864-ead9c3506435,testcontainers/ryuk:0.14.0,0.00,"10.71MiB / 7.737GiB"
1791132037,2026-10-05T01:40:37,Q8ProducerScaleBenchmark-4,external-clickhouse,clickhouse/clickhouse-server:latest,4.73,"1021MiB / 7.737GiB"
1791132037,2026-10-05T01:40:37,Q8ProducerScaleBenchmark-4,external-kafka,apache/kafka:latest,15.43,"1.054GiB / 7.737GiB"
1791132044,2026-10-05T01:40:44,Q8ProducerScaleBenchmark-4,goofy_noether,apache/kafka:4.3.1,166.99,"1.332GiB / 7.737GiB"
1791132044,2026-10-05T01:40:44,Q8ProducerScaleBenchmark-4,hopeful_golick,apache/kafka:4.3.1,94.51,"988.9MiB / 7.737GiB"
1791132044,2026-10-05T01:40:44,Q8ProducerScaleBenchmark-4,testcontainers-ryuk-578bacfa-c35c-4e72-8864-ead9c3506435,testcontainers/ryuk:0.14.0,0.00,"10.71MiB / 7.737GiB"
1791132044,2026-10-05T01:40:44,Q8ProducerScaleBenchmark-4,external-clickhouse,clickhouse/clickhouse-server:latest,7.71,"1.003GiB / 7.737GiB"
1791132044,2026-10-05T01:40:44,Q8ProducerScaleBenchmark-4,external-kafka,apache/kafka:latest,3.39,"1.054GiB / 7.737GiB"
1791132052,2026-10-05T01:40:52,Q8ProducerScaleBenchmark-4,goofy_noether,apache/kafka:4.3.1,327.00,"1.345GiB / 7.737GiB"
1791132052,2026-10-05T01:40:52,Q8ProducerScaleBenchmark-4,hopeful_golick,apache/kafka:4.3.1,159.54,"991MiB / 7.737GiB"
1791132052,2026-10-05T01:40:52,Q8ProducerScaleBenchmark-4,testcontainers-ryuk-578bacfa-c35c-4e72-8864-ead9c3506435,testcontainers/ryuk:0.14.0,0.00,"10.71MiB / 7.737GiB"
1791132052,2026-10-05T01:40:52,Q8ProducerScaleBenchmark-4,external-clickhouse,clickhouse/clickhouse-server:latest,30.24,"1.006GiB / 7.737GiB"
1791132052,2026-10-05T01:40:52,Q8ProducerScaleBenchmark-4,external-kafka,apache/kafka:latest,5.65,"1.054GiB / 7.737GiB"
1791132061,2026-10-05T01:41:01,Q8ProducerScaleBenchmark-4,goofy_noether,apache/kafka:4.3.1,171.83,"1.348GiB / 7.737GiB"
1791132061,2026-10-05T01:41:01,Q8ProducerScaleBenchmark-4,hopeful_golick,apache/kafka:4.3.1,90.55,"999.7MiB / 7.737GiB"
1791132061,2026-10-05T01:41:01,Q8ProducerScaleBenchmark-4,testcontainers-ryuk-578bacfa-c35c-4e72-8864-ead9c3506435,testcontainers/ryuk:0.14.0,0.00,"10.71MiB / 7.737GiB"
1791132061,2026-10-05T01:41:01,Q8ProducerScaleBenchmark-4,external-clickhouse,clickhouse/clickhouse-server:latest,3.03,"1.029GiB / 7.737GiB"
1791132061,2026-10-05T01:41:01,Q8ProducerScaleBenchmark-4,external-kafka,apache/kafka:latest,81.70,"1.122GiB / 7.737GiB"
1791132068,2026-10-05T01:41:08,Q8ProducerScaleBenchmark-4,goofy_noether,apache/kafka:4.3.1,56.44,"1.191GiB / 7.737GiB"
1791132068,2026-10-05T01:41:08,Q8ProducerScaleBenchmark-4,hopeful_golick,apache/kafka:4.3.1,50.60,"1009MiB / 7.737GiB"
1791132068,2026-10-05T01:41:08,Q8ProducerScaleBenchmark-4,testcontainers-ryuk-578bacfa-c35c-4e72-8864-ead9c3506435,testcontainers/ryuk:0.14.0,0.00,"10.71MiB / 7.737GiB"
1791132068,2026-10-05T01:41:08,Q8ProducerScaleBenchmark-4,external-clickhouse,clickhouse/clickhouse-server:latest,3.14,"1.006GiB / 7.737GiB"
1791132068,2026-10-05T01:41:08,Q8ProducerScaleBenchmark-4,external-kafka,apache/kafka:latest,1.58,"1.054GiB / 7.737GiB"
1791132075,2026-10-05T01:41:15,Q8ProducerScaleBenchmark-4,goofy_noether,apache/kafka:4.3.1,80.39,"1.182GiB / 7.737GiB"
1791132075,2026-10-05T01:41:15,Q8ProducerScaleBenchmark-4,hopeful_golick,apache/kafka:4.3.1,184.63,"1008MiB / 7.737GiB"
1791132075,2026-10-05T01:41:15,Q8ProducerScaleBenchmark-4,testcontainers-ryuk-578bacfa-c35c-4e72-8864-ead9c3506435,testcontainers/ryuk:0.14.0,0.00,"10.71MiB / 7.737GiB"
1791132075,2026-10-05T01:41:15,Q8ProducerScaleBenchmark-4,external-clickhouse,clickhouse/clickhouse-server:latest,3.19,"1.004GiB / 7.737GiB"
1791132075,2026-10-05T01:41:15,Q8ProducerScaleBenchmark-4,external-kafka,apache/kafka:latest,2.36,"1.054GiB / 7.737GiB"
1791132083,2026-10-05T01:41:23,Q8ProducerScaleBenchmark-4,goofy_noether,apache/kafka:4.3.1,0.23,"1.182GiB / 7.737GiB"
1791132083,2026-10-05T01:41:23,Q8ProducerScaleBenchmark-4,hopeful_golick,apache/kafka:4.3.1,70.92,"1008MiB / 7.737GiB"
1791132083,2026-10-05T01:41:23,Q8ProducerScaleBenchmark-4,testcontainers-ryuk-578bacfa-c35c-4e72-8864-ead9c3506435,testcontainers/ryuk:0.14.0,0.00,"10.71MiB / 7.737GiB"
1791132083,2026-10-05T01:41:23,Q8ProducerScaleBenchmark-4,external-clickhouse,clickhouse/clickhouse-server:latest,13.20,"1.006GiB / 7.737GiB"
1791132083,2026-10-05T01:41:23,Q8ProducerScaleBenchmark-4,external-kafka,apache/kafka:latest,155.65,"1.09GiB / 7.737GiB"
1791132092,2026-10-05T01:41:32,Q8ProducerScaleBenchmark-4,goofy_noether,apache/kafka:4.3.1,52.75,"1.183GiB / 7.737GiB"
1791132092,2026-10-05T01:41:32,Q8ProducerScaleBenchmark-4,hopeful_golick,apache/kafka:4.3.1,89.04,"1009MiB / 7.737GiB"
1791132092,2026-10-05T01:41:32,Q8ProducerScaleBenchmark-4,testcontainers-ryuk-578bacfa-c35c-4e72-8864-ead9c3506435,testcontainers/ryuk:0.14.0,0.00,"10.71MiB / 7.737GiB"
1791132092,2026-10-05T01:41:32,Q8ProducerScaleBenchmark-4,external-clickhouse,clickhouse/clickhouse-server:latest,17.11,"1.022GiB / 7.737GiB"
1791132092,2026-10-05T01:41:32,Q8ProducerScaleBenchmark-4,external-kafka,apache/kafka:latest,0.47,"1.054GiB / 7.737GiB"
1791132099,2026-10-05T01:41:39,Q8ProducerScaleBenchmark-4,goofy_noether,apache/kafka:4.3.1,42.92,"1.183GiB / 7.737GiB"
1791132099,2026-10-05T01:41:39,Q8ProducerScaleBenchmark-4,hopeful_golick,apache/kafka:4.3.1,62.03,"1.002GiB / 7.737GiB"
1791132099,2026-10-05T01:41:39,Q8ProducerScaleBenchmark-4,testcontainers-ryuk-578bacfa-c35c-4e72-8864-ead9c3506435,testcontainers/ryuk:0.14.0,0.00,"10.71MiB / 7.737GiB"
1791132099,2026-10-05T01:41:39,Q8ProducerScaleBenchmark-4,external-clickhouse,clickhouse/clickhouse-server:latest,1.90,"1.048GiB / 7.737GiB"
1791132099,2026-10-05T01:41:39,Q8ProducerScaleBenchmark-4,external-kafka,apache/kafka:latest,1.22,"1.054GiB / 7.737GiB"
1791132107,2026-10-05T01:41:47,Q8ProducerScaleBenchmark-4,goofy_noether,apache/kafka:4.3.1,38.99,"1.183GiB / 7.737GiB"
1791132107,2026-10-05T01:41:47,Q8ProducerScaleBenchmark-4,hopeful_golick,apache/kafka:4.3.1,52.21,"1.003GiB / 7.737GiB"
1791132107,2026-10-05T01:41:47,Q8ProducerScaleBenchmark-4,testcontainers-ryuk-578bacfa-c35c-4e72-8864-ead9c3506435,testcontainers/ryuk:0.14.0,0.00,"10.71MiB / 7.737GiB"
1791132107,2026-10-05T01:41:47,Q8ProducerScaleBenchmark-4,external-clickhouse,clickhouse/clickhouse-server:latest,3.06,"1.021GiB / 7.737GiB"
1791132107,2026-10-05T01:41:47,Q8ProducerScaleBenchmark-4,external-kafka,apache/kafka:latest,0.61,"1.054GiB / 7.737GiB"
1791132114,2026-10-05T01:41:54,Q8ProducerScaleBenchmark-4,goofy_noether,apache/kafka:4.3.1,16.67,"1.208GiB / 7.737GiB"
1791132114,2026-10-05T01:41:54,Q8ProducerScaleBenchmark-4,hopeful_golick,apache/kafka:4.3.1,104.85,"1.008GiB / 7.737GiB"
1791132114,2026-10-05T01:41:54,Q8ProducerScaleBenchmark-4,testcontainers-ryuk-578bacfa-c35c-4e72-8864-ead9c3506435,testcontainers/ryuk:0.14.0,0.03,"10.71MiB / 7.737GiB"
1791132114,2026-10-05T01:41:54,Q8ProducerScaleBenchmark-4,external-clickhouse,clickhouse/clickhouse-server:latest,22.25,"1.025GiB / 7.737GiB"
1791132114,2026-10-05T01:41:54,Q8ProducerScaleBenchmark-4,external-kafka,apache/kafka:latest,6.55,"1.054GiB / 7.737GiB"
1791132122,2026-10-05T01:42:02,Q8ProducerScaleBenchmark-4,goofy_noether,apache/kafka:4.3.1,157.74,"1.234GiB / 7.737GiB"
1791132122,2026-10-05T01:42:02,Q8ProducerScaleBenchmark-4,hopeful_golick,apache/kafka:4.3.1,131.60,"1.015GiB / 7.737GiB"
1791132122,2026-10-05T01:42:02,Q8ProducerScaleBenchmark-4,testcontainers-ryuk-578bacfa-c35c-4e72-8864-ead9c3506435,testcontainers/ryuk:0.14.0,0.00,"10.71MiB / 7.737GiB"
1791132122,2026-10-05T01:42:02,Q8ProducerScaleBenchmark-4,external-clickhouse,clickhouse/clickhouse-server:latest,12.90,"1.029GiB / 7.737GiB"
1791132122,2026-10-05T01:42:02,Q8ProducerScaleBenchmark-4,external-kafka,apache/kafka:latest,0.57,"1.054GiB / 7.737GiB"
1791132131,2026-10-05T01:42:11,Q8ProducerScaleBenchmark-4,goofy_noether,apache/kafka:4.3.1,0.71,"576.7MiB / 7.737GiB"
1791132131,2026-10-05T01:42:11,Q8ProducerScaleBenchmark-4,hopeful_golick,apache/kafka:4.3.1,2.81,"1.015GiB / 7.737GiB"
1791132131,2026-10-05T01:42:11,Q8ProducerScaleBenchmark-4,testcontainers-ryuk-578bacfa-c35c-4e72-8864-ead9c3506435,testcontainers/ryuk:0.14.0,0.00,"10.71MiB / 7.737GiB"
1791132131,2026-10-05T01:42:11,Q8ProducerScaleBenchmark-4,external-clickhouse,clickhouse/clickhouse-server:latest,20.11,"1.033GiB / 7.737GiB"
1791132131,2026-10-05T01:42:11,Q8ProducerScaleBenchmark-4,external-kafka,apache/kafka:latest,0.67,"1.054GiB / 7.737GiB"
1791132138,2026-10-05T01:42:18,Q8ProducerScaleBenchmark-4,goofy_noether,apache/kafka:4.3.1,148.54,"723MiB / 7.737GiB"
1791132138,2026-10-05T01:42:18,Q8ProducerScaleBenchmark-4,hopeful_golick,apache/kafka:4.3.1,186.35,"1.034GiB / 7.737GiB"
1791132138,2026-10-05T01:42:18,Q8ProducerScaleBenchmark-4,testcontainers-ryuk-578bacfa-c35c-4e72-8864-ead9c3506435,testcontainers/ryuk:0.14.0,0.00,"10.71MiB / 7.737GiB"
1791132138,2026-10-05T01:42:18,Q8ProducerScaleBenchmark-4,external-clickhouse,clickhouse/clickhouse-server:latest,3.62,"1.029GiB / 7.737GiB"
1791132138,2026-10-05T01:42:18,Q8ProducerScaleBenchmark-4,external-kafka,apache/kafka:latest,0.64,"1.054GiB / 7.737GiB"
1791132146,2026-10-05T01:42:26,Q8ProducerScaleBenchmark-4,goofy_noether,apache/kafka:4.3.1,31.43,"820.1MiB / 7.737GiB"
1791132146,2026-10-05T01:42:26,Q8ProducerScaleBenchmark-4,hopeful_golick,apache/kafka:4.3.1,46.11,"1.018GiB / 7.737GiB"
1791132146,2026-10-05T01:42:26,Q8ProducerScaleBenchmark-4,testcontainers-ryuk-578bacfa-c35c-4e72-8864-ead9c3506435,testcontainers/ryuk:0.14.0,0.00,"10.71MiB / 7.737GiB"
1791132146,2026-10-05T01:42:26,Q8ProducerScaleBenchmark-4,external-clickhouse,clickhouse/clickhouse-server:latest,10.03,"996.8MiB / 7.737GiB"
1791132146,2026-10-05T01:42:26,Q8ProducerScaleBenchmark-4,external-kafka,apache/kafka:latest,109.93,"1.102GiB / 7.737GiB"
1791132153,2026-10-05T01:42:33,Q8ProducerScaleBenchmark-4,goofy_noether,apache/kafka:4.3.1,197.71,"821.2MiB / 7.737GiB"
1791132153,2026-10-05T01:42:33,Q8ProducerScaleBenchmark-4,hopeful_golick,apache/kafka:4.3.1,203.44,"1.029GiB / 7.737GiB"
1791132153,2026-10-05T01:42:33,Q8ProducerScaleBenchmark-4,testcontainers-ryuk-578bacfa-c35c-4e72-8864-ead9c3506435,testcontainers/ryuk:0.14.0,0.00,"10.71MiB / 7.737GiB"
1791132153,2026-10-05T01:42:33,Q8ProducerScaleBenchmark-4,external-clickhouse,clickhouse/clickhouse-server:latest,129.45,"995.1MiB / 7.737GiB"
1791132153,2026-10-05T01:42:33,Q8ProducerScaleBenchmark-4,external-kafka,apache/kafka:latest,4.98,"1.054GiB / 7.737GiB"
1791132162,2026-10-05T01:42:42,Q8ProducerScaleBenchmark-4,goofy_noether,apache/kafka:4.3.1,139.56,"827MiB / 7.737GiB"
1791132162,2026-10-05T01:42:42,Q8ProducerScaleBenchmark-4,hopeful_golick,apache/kafka:4.3.1,45.50,"1.038GiB / 7.737GiB"
1791132162,2026-10-05T01:42:42,Q8ProducerScaleBenchmark-4,testcontainers-ryuk-578bacfa-c35c-4e72-8864-ead9c3506435,testcontainers/ryuk:0.14.0,0.00,"10.71MiB / 7.737GiB"
1791132162,2026-10-05T01:42:42,Q8ProducerScaleBenchmark-4,external-clickhouse,clickhouse/clickhouse-server:latest,31.78,"1001MiB / 7.737GiB"
1791132162,2026-10-05T01:42:42,Q8ProducerScaleBenchmark-4,external-kafka,apache/kafka:latest,1.42,"1.054GiB / 7.737GiB"
1791132171,2026-10-05T01:42:51,Q8ProducerScaleBenchmark-4,goofy_noether,apache/kafka:4.3.1,167.21,"946.8MiB / 7.737GiB"
1791132171,2026-10-05T01:42:51,Q8ProducerScaleBenchmark-4,hopeful_golick,apache/kafka:4.3.1,142.71,"1.051GiB / 7.737GiB"
1791132171,2026-10-05T01:42:51,Q8ProducerScaleBenchmark-4,testcontainers-ryuk-578bacfa-c35c-4e72-8864-ead9c3506435,testcontainers/ryuk:0.14.0,0.00,"10.71MiB / 7.737GiB"
1791132171,2026-10-05T01:42:51,Q8ProducerScaleBenchmark-4,external-clickhouse,clickhouse/clickhouse-server:latest,18.09,"1.032GiB / 7.737GiB"
1791132171,2026-10-05T01:42:51,Q8ProducerScaleBenchmark-4,external-kafka,apache/kafka:latest,78.40,"1.114GiB / 7.737GiB"
1791132178,2026-10-05T01:42:58,Q8ProducerScaleBenchmark-4,goofy_noether,apache/kafka:4.3.1,202.54,"1.204GiB / 7.737GiB"
1791132178,2026-10-05T01:42:58,Q8ProducerScaleBenchmark-4,hopeful_golick,apache/kafka:4.3.1,119.00,"1.038GiB / 7.737GiB"
1791132178,2026-10-05T01:42:58,Q8ProducerScaleBenchmark-4,testcontainers-ryuk-578bacfa-c35c-4e72-8864-ead9c3506435,testcontainers/ryuk:0.14.0,0.00,"10.71MiB / 7.737GiB"
1791132178,2026-10-05T01:42:58,Q8ProducerScaleBenchmark-4,external-clickhouse,clickhouse/clickhouse-server:latest,11.25,"1013MiB / 7.737GiB"
1791132178,2026-10-05T01:42:58,Q8ProducerScaleBenchmark-4,external-kafka,apache/kafka:latest,0.62,"1.054GiB / 7.737GiB"
1791132185,2026-10-05T01:43:05,Q8ProducerScaleBenchmark-4,goofy_noether,apache/kafka:4.3.1,132.78,"1.21GiB / 7.737GiB"
1791132185,2026-10-05T01:43:05,Q8ProducerScaleBenchmark-4,hopeful_golick,apache/kafka:4.3.1,80.17,"1.036GiB / 7.737GiB"
1791132185,2026-10-05T01:43:05,Q8ProducerScaleBenchmark-4,testcontainers-ryuk-578bacfa-c35c-4e72-8864-ead9c3506435,testcontainers/ryuk:0.14.0,0.00,"10.71MiB / 7.737GiB"
1791132185,2026-10-05T01:43:05,Q8ProducerScaleBenchmark-4,external-clickhouse,clickhouse/clickhouse-server:latest,19.35,"998.4MiB / 7.737GiB"
1791132185,2026-10-05T01:43:05,Q8ProducerScaleBenchmark-4,external-kafka,apache/kafka:latest,86.15,"1.107GiB / 7.737GiB"
1791132193,2026-10-05T01:43:13,Q8ProducerScaleBenchmark-4,goofy_noether,apache/kafka:4.3.1,234.50,"1.247GiB / 7.737GiB"
1791132193,2026-10-05T01:43:13,Q8ProducerScaleBenchmark-4,hopeful_golick,apache/kafka:4.3.1,121.94,"1.038GiB / 7.737GiB"
1791132193,2026-10-05T01:43:13,Q8ProducerScaleBenchmark-4,testcontainers-ryuk-578bacfa-c35c-4e72-8864-ead9c3506435,testcontainers/ryuk:0.14.0,0.00,"10.71MiB / 7.737GiB"
1791132193,2026-10-05T01:43:13,Q8ProducerScaleBenchmark-4,external-clickhouse,clickhouse/clickhouse-server:latest,26.20,"997.8MiB / 7.737GiB"
1791132193,2026-10-05T01:43:13,Q8ProducerScaleBenchmark-4,external-kafka,apache/kafka:latest,13.12,"1.054GiB / 7.737GiB"
1791132201,2026-10-05T01:43:21,Q8ProducerScaleBenchmark-4,goofy_noether,apache/kafka:4.3.1,203.83,"1.273GiB / 7.737GiB"
1791132201,2026-10-05T01:43:21,Q8ProducerScaleBenchmark-4,hopeful_golick,apache/kafka:4.3.1,130.17,"1.11GiB / 7.737GiB"
1791132201,2026-10-05T01:43:21,Q8ProducerScaleBenchmark-4,testcontainers-ryuk-578bacfa-c35c-4e72-8864-ead9c3506435,testcontainers/ryuk:0.14.0,0.00,"10.71MiB / 7.737GiB"
1791132201,2026-10-05T01:43:21,Q8ProducerScaleBenchmark-4,external-clickhouse,clickhouse/clickhouse-server:latest,13.17,"992.5MiB / 7.737GiB"
1791132201,2026-10-05T01:43:21,Q8ProducerScaleBenchmark-4,external-kafka,apache/kafka:latest,38.57,"1.054GiB / 7.737GiB"
1791132210,2026-10-05T01:43:30,Q8ProducerScaleBenchmark-4,goofy_noether,apache/kafka:4.3.1,190.47,"1.284GiB / 7.737GiB"
1791132210,2026-10-05T01:43:30,Q8ProducerScaleBenchmark-4,hopeful_golick,apache/kafka:4.3.1,151.00,"1.052GiB / 7.737GiB"
1791132210,2026-10-05T01:43:30,Q8ProducerScaleBenchmark-4,testcontainers-ryuk-578bacfa-c35c-4e72-8864-ead9c3506435,testcontainers/ryuk:0.14.0,0.00,"10.71MiB / 7.737GiB"
1791132210,2026-10-05T01:43:30,Q8ProducerScaleBenchmark-4,external-clickhouse,clickhouse/clickhouse-server:latest,5.93,"1.037GiB / 7.737GiB"
1791132210,2026-10-05T01:43:30,Q8ProducerScaleBenchmark-4,external-kafka,apache/kafka:latest,0.97,"1.054GiB / 7.737GiB"
1791132217,2026-10-05T01:43:37,Q8ProducerScaleBenchmark-4,goofy_noether,apache/kafka:4.3.1,162.50,"1.286GiB / 7.737GiB"
1791132217,2026-10-05T01:43:37,Q8ProducerScaleBenchmark-4,hopeful_golick,apache/kafka:4.3.1,90.47,"1.091GiB / 7.737GiB"
1791132217,2026-10-05T01:43:37,Q8ProducerScaleBenchmark-4,testcontainers-ryuk-578bacfa-c35c-4e72-8864-ead9c3506435,testcontainers/ryuk:0.14.0,0.00,"10.71MiB / 7.737GiB"
1791132217,2026-10-05T01:43:37,Q8ProducerScaleBenchmark-4,external-clickhouse,clickhouse/clickhouse-server:latest,18.89,"997.9MiB / 7.737GiB"
1791132217,2026-10-05T01:43:37,Q8ProducerScaleBenchmark-4,external-kafka,apache/kafka:latest,85.68,"1.114GiB / 7.737GiB"
1791132225,2026-10-05T01:43:45,Q8ProducerScaleBenchmark-4,goofy_noether,apache/kafka:4.3.1,147.51,"1.285GiB / 7.737GiB"
1791132225,2026-10-05T01:43:45,Q8ProducerScaleBenchmark-4,hopeful_golick,apache/kafka:4.3.1,102.64,"1.072GiB / 7.737GiB"
1791132225,2026-10-05T01:43:45,Q8ProducerScaleBenchmark-4,testcontainers-ryuk-578bacfa-c35c-4e72-8864-ead9c3506435,testcontainers/ryuk:0.14.0,0.00,"10.71MiB / 7.737GiB"
1791132225,2026-10-05T01:43:45,Q8ProducerScaleBenchmark-4,external-clickhouse,clickhouse/clickhouse-server:latest,91.65,"998.9MiB / 7.737GiB"
1791132225,2026-10-05T01:43:45,Q8ProducerScaleBenchmark-4,external-kafka,apache/kafka:latest,5.62,"1.054GiB / 7.737GiB"
1791132233,2026-10-05T01:43:53,idle,testcontainers-ryuk-578bacfa-c35c-4e72-8864-ead9c3506435,testcontainers/ryuk:0.14.0,0.00,"10.71MiB / 7.737GiB"
1791132233,2026-10-05T01:43:53,idle,external-clickhouse,clickhouse/clickhouse-server:latest,3.44,"1001MiB / 7.737GiB"
1791132233,2026-10-05T01:43:53,idle,external-kafka,apache/kafka:latest,1.14,"1.054GiB / 7.737GiB"
1791132241,2026-10-05T01:44:01,idle,external-clickhouse,clickhouse/clickhouse-server:latest,6.78,"1013MiB / 7.737GiB"
1791132241,2026-10-05T01:44:01,idle,external-kafka,apache/kafka:latest,1.75,"1.054GiB / 7.737GiB"
1791132248,2026-10-05T01:44:08,idle,external-clickhouse,clickhouse/clickhouse-server:latest,25.08,"1.044GiB / 7.737GiB"
1791132248,2026-10-05T01:44:08,idle,external-kafka,apache/kafka:latest,1.99,"1.054GiB / 7.737GiB"
1791132255,2026-10-05T01:44:15,idle,external-clickhouse,clickhouse/clickhouse-server:latest,7.84,"1023MiB / 7.737GiB"
1791132255,2026-10-05T01:44:15,idle,external-kafka,apache/kafka:latest,2.66,"1.054GiB / 7.737GiB"
1791132263,2026-10-05T01:44:23,idle,external-clickhouse,clickhouse/clickhouse-server:latest,10.94,"1009MiB / 7.737GiB"
1791132263,2026-10-05T01:44:23,idle,external-kafka,apache/kafka:latest,94.18,"1.054GiB / 7.737GiB"
1791132270,2026-10-05T01:44:30,idle,external-clickhouse,clickhouse/clickhouse-server:latest,14.65,"1008MiB / 7.737GiB"
1791132270,2026-10-05T01:44:30,idle,external-kafka,apache/kafka:latest,1.71,"1.054GiB / 7.737GiB"
1791132277,2026-10-05T01:44:37,idle,external-clickhouse,clickhouse/clickhouse-server:latest,5.22,"1004MiB / 7.737GiB"
1791132277,2026-10-05T01:44:37,idle,external-kafka,apache/kafka:latest,1.56,"1.054GiB / 7.737GiB"
1791132284,2026-10-05T01:44:44,Q8ConversationTxThroughputBenchmark-2,external-clickhouse,clickhouse/clickhouse-server:latest,5.27,"1017MiB / 7.737GiB"
1791132284,2026-10-05T01:44:44,Q8ConversationTxThroughputBenchmark-2,external-kafka,apache/kafka:latest,78.95,"1.111GiB / 7.737GiB"
1791132284,2026-10-05T01:44:44,Q8ConversationTxThroughputBenchmark-2,testcontainers-ryuk-ede95643-d20e-4f69-84cc-45732161224c,testcontainers/ryuk:0.14.0,0.00,"9.02MiB / 7.737GiB"
1791132284,2026-10-05T01:44:44,Q8ConversationTxThroughputBenchmark-2,gifted_heisenberg,apache/kafka:4.3.1,143.61,"82.29MiB / 7.737GiB"
1791132292,2026-10-05T01:44:52,Q8ConversationTxThroughputBenchmark-2,gifted_heisenberg,apache/kafka:4.3.1,47.46,"334.8MiB / 7.737GiB"
1791132292,2026-10-05T01:44:52,Q8ConversationTxThroughputBenchmark-2,testcontainers-ryuk-ede95643-d20e-4f69-84cc-45732161224c,testcontainers/ryuk:0.14.0,0.00,"9.02MiB / 7.737GiB"
1791132292,2026-10-05T01:44:52,Q8ConversationTxThroughputBenchmark-2,external-clickhouse,clickhouse/clickhouse-server:latest,20.99,"1020MiB / 7.737GiB"
1791132292,2026-10-05T01:44:52,Q8ConversationTxThroughputBenchmark-2,external-kafka,apache/kafka:latest,1.17,"1.054GiB / 7.737GiB"
1791132301,2026-10-05T01:45:01,Q8ConversationTxThroughputBenchmark-2,gifted_heisenberg,apache/kafka:4.3.1,32.57,"426.1MiB / 7.737GiB"
1791132301,2026-10-05T01:45:01,Q8ConversationTxThroughputBenchmark-2,testcontainers-ryuk-ede95643-d20e-4f69-84cc-45732161224c,testcontainers/ryuk:0.14.0,0.00,"9.02MiB / 7.737GiB"
1791132301,2026-10-05T01:45:01,Q8ConversationTxThroughputBenchmark-2,external-clickhouse,clickhouse/clickhouse-server:latest,2.91,"1013MiB / 7.737GiB"
1791132301,2026-10-05T01:45:01,Q8ConversationTxThroughputBenchmark-2,external-kafka,apache/kafka:latest,0.47,"1.054GiB / 7.737GiB"
1791132308,2026-10-05T01:45:08,Q8ConversationTxThroughputBenchmark-2,gifted_heisenberg,apache/kafka:4.3.1,79.79,"512.8MiB / 7.737GiB"
1791132308,2026-10-05T01:45:08,Q8ConversationTxThroughputBenchmark-2,testcontainers-ryuk-ede95643-d20e-4f69-84cc-45732161224c,testcontainers/ryuk:0.14.0,0.00,"9.02MiB / 7.737GiB"
1791132308,2026-10-05T01:45:08,Q8ConversationTxThroughputBenchmark-2,external-clickhouse,clickhouse/clickhouse-server:latest,21.52,"1014MiB / 7.737GiB"
1791132308,2026-10-05T01:45:08,Q8ConversationTxThroughputBenchmark-2,external-kafka,apache/kafka:latest,133.21,"1.136GiB / 7.737GiB"
1791132316,2026-10-05T01:45:16,Q8ConversationTxThroughputBenchmark-2,gifted_heisenberg,apache/kafka:4.3.1,88.86,"763MiB / 7.737GiB"
1791132316,2026-10-05T01:45:16,Q8ConversationTxThroughputBenchmark-2,testcontainers-ryuk-ede95643-d20e-4f69-84cc-45732161224c,testcontainers/ryuk:0.14.0,0.00,"9.039MiB / 7.737GiB"
1791132316,2026-10-05T01:45:16,Q8ConversationTxThroughputBenchmark-2,external-clickhouse,clickhouse/clickhouse-server:latest,62.24,"1.006GiB / 7.737GiB"
1791132316,2026-10-05T01:45:16,Q8ConversationTxThroughputBenchmark-2,external-kafka,apache/kafka:latest,1.21,"1.054GiB / 7.737GiB"
1791132323,2026-10-05T01:45:23,Q8ConversationTxThroughputBenchmark-2,gifted_heisenberg,apache/kafka:4.3.1,8.76,"901MiB / 7.737GiB"
1791132323,2026-10-05T01:45:23,Q8ConversationTxThroughputBenchmark-2,testcontainers-ryuk-ede95643-d20e-4f69-84cc-45732161224c,testcontainers/ryuk:0.14.0,0.00,"9.039MiB / 7.737GiB"
1791132323,2026-10-05T01:45:23,Q8ConversationTxThroughputBenchmark-2,external-clickhouse,clickhouse/clickhouse-server:latest,149.57,"1.023GiB / 7.737GiB"
1791132323,2026-10-05T01:45:23,Q8ConversationTxThroughputBenchmark-2,external-kafka,apache/kafka:latest,1.08,"1.054GiB / 7.737GiB"
1791132331,2026-10-05T01:45:31,Q8ConversationTxThroughputBenchmark-2,gifted_heisenberg,apache/kafka:4.3.1,69.81,"906.8MiB / 7.737GiB"
1791132331,2026-10-05T01:45:31,Q8ConversationTxThroughputBenchmark-2,testcontainers-ryuk-ede95643-d20e-4f69-84cc-45732161224c,testcontainers/ryuk:0.14.0,0.00,"9.039MiB / 7.737GiB"
1791132331,2026-10-05T01:45:31,Q8ConversationTxThroughputBenchmark-2,external-clickhouse,clickhouse/clickhouse-server:latest,17.91,"1.002GiB / 7.737GiB"
1791132331,2026-10-05T01:45:31,Q8ConversationTxThroughputBenchmark-2,external-kafka,apache/kafka:latest,140.90,"1.108GiB / 7.737GiB"
1791132338,2026-10-05T01:45:38,Q8ConversationTxThroughputBenchmark-2,gifted_heisenberg,apache/kafka:4.3.1,92.78,"918.9MiB / 7.737GiB"
1791132338,2026-10-05T01:45:38,Q8ConversationTxThroughputBenchmark-2,testcontainers-ryuk-ede95643-d20e-4f69-84cc-45732161224c,testcontainers/ryuk:0.14.0,0.00,"9.039MiB / 7.737GiB"
1791132338,2026-10-05T01:45:38,Q8ConversationTxThroughputBenchmark-2,external-clickhouse,clickhouse/clickhouse-server:latest,17.90,"1.003GiB / 7.737GiB"
1791132338,2026-10-05T01:45:38,Q8ConversationTxThroughputBenchmark-2,external-kafka,apache/kafka:latest,0.88,"1.054GiB / 7.737GiB"
1791132346,2026-10-05T01:45:46,Q8ConversationTxThroughputBenchmark-2,gifted_heisenberg,apache/kafka:4.3.1,38.04,"913.5MiB / 7.737GiB"
1791132346,2026-10-05T01:45:46,Q8ConversationTxThroughputBenchmark-2,testcontainers-ryuk-ede95643-d20e-4f69-84cc-45732161224c,testcontainers/ryuk:0.14.0,0.00,"9.039MiB / 7.737GiB"
1791132346,2026-10-05T01:45:46,Q8ConversationTxThroughputBenchmark-2,external-clickhouse,clickhouse/clickhouse-server:latest,17.66,"1.004GiB / 7.737GiB"
1791132346,2026-10-05T01:45:46,Q8ConversationTxThroughputBenchmark-2,external-kafka,apache/kafka:latest,17.05,"1.054GiB / 7.737GiB"
1791132353,2026-10-05T01:45:53,Q8ConversationTxThroughputBenchmark-2,gifted_heisenberg,apache/kafka:4.3.1,15.14,"914.7MiB / 7.737GiB"
1791132353,2026-10-05T01:45:53,Q8ConversationTxThroughputBenchmark-2,testcontainers-ryuk-ede95643-d20e-4f69-84cc-45732161224c,testcontainers/ryuk:0.14.0,0.00,"9.039MiB / 7.737GiB"
1791132353,2026-10-05T01:45:53,Q8ConversationTxThroughputBenchmark-2,external-clickhouse,clickhouse/clickhouse-server:latest,13.91,"1.016GiB / 7.737GiB"
1791132353,2026-10-05T01:45:53,Q8ConversationTxThroughputBenchmark-2,external-kafka,apache/kafka:latest,1.41,"1.054GiB / 7.737GiB"
1791132362,2026-10-05T01:46:02,Q8ConversationTxThroughputBenchmark-2,gifted_heisenberg,apache/kafka:4.3.1,65.57,"914.6MiB / 7.737GiB"
1791132362,2026-10-05T01:46:02,Q8ConversationTxThroughputBenchmark-2,testcontainers-ryuk-ede95643-d20e-4f69-84cc-45732161224c,testcontainers/ryuk:0.14.0,0.00,"9.039MiB / 7.737GiB"
1791132362,2026-10-05T01:46:02,Q8ConversationTxThroughputBenchmark-2,external-clickhouse,clickhouse/clickhouse-server:latest,55.67,"1.084GiB / 7.737GiB"
1791132362,2026-10-05T01:46:02,Q8ConversationTxThroughputBenchmark-2,external-kafka,apache/kafka:latest,0.93,"1.054GiB / 7.737GiB"
1791132370,2026-10-05T01:46:10,Q8ConversationTxThroughputBenchmark-2,gifted_heisenberg,apache/kafka:4.3.1,90.20,"924.7MiB / 7.737GiB"
1791132370,2026-10-05T01:46:10,Q8ConversationTxThroughputBenchmark-2,testcontainers-ryuk-ede95643-d20e-4f69-84cc-45732161224c,testcontainers/ryuk:0.14.0,0.00,"9.039MiB / 7.737GiB"
1791132370,2026-10-05T01:46:10,Q8ConversationTxThroughputBenchmark-2,external-clickhouse,clickhouse/clickhouse-server:latest,3.85,"1.007GiB / 7.737GiB"
1791132370,2026-10-05T01:46:10,Q8ConversationTxThroughputBenchmark-2,external-kafka,apache/kafka:latest,1.84,"1.054GiB / 7.737GiB"
1791132377,2026-10-05T01:46:17,Q8ConversationTxThroughputBenchmark-2,gifted_heisenberg,apache/kafka:4.3.1,89.65,"919.5MiB / 7.737GiB"
1791132377,2026-10-05T01:46:17,Q8ConversationTxThroughputBenchmark-2,testcontainers-ryuk-ede95643-d20e-4f69-84cc-45732161224c,testcontainers/ryuk:0.14.0,0.00,"9.039MiB / 7.737GiB"
1791132377,2026-10-05T01:46:17,Q8ConversationTxThroughputBenchmark-2,external-clickhouse,clickhouse/clickhouse-server:latest,5.64,"1.012GiB / 7.737GiB"
1791132377,2026-10-05T01:46:17,Q8ConversationTxThroughputBenchmark-2,external-kafka,apache/kafka:latest,1.34,"1.054GiB / 7.737GiB"
1791132385,2026-10-05T01:46:25,Q8ConversationTxThroughputBenchmark-2,gifted_heisenberg,apache/kafka:4.3.1,33.87,"940.1MiB / 7.737GiB"
1791132385,2026-10-05T01:46:25,Q8ConversationTxThroughputBenchmark-2,testcontainers-ryuk-ede95643-d20e-4f69-84cc-45732161224c,testcontainers/ryuk:0.14.0,0.00,"9.039MiB / 7.737GiB"
1791132385,2026-10-05T01:46:25,Q8ConversationTxThroughputBenchmark-2,external-clickhouse,clickhouse/clickhouse-server:latest,4.45,"1.013GiB / 7.737GiB"
1791132385,2026-10-05T01:46:25,Q8ConversationTxThroughputBenchmark-2,external-kafka,apache/kafka:latest,1.68,"1.054GiB / 7.737GiB"
1791132392,2026-10-05T01:46:32,Q8ConversationTxThroughputBenchmark-2,gifted_heisenberg,apache/kafka:4.3.1,8.49,"924MiB / 7.737GiB"
1791132392,2026-10-05T01:46:32,Q8ConversationTxThroughputBenchmark-2,testcontainers-ryuk-ede95643-d20e-4f69-84cc-45732161224c,testcontainers/ryuk:0.14.0,0.00,"9.039MiB / 7.737GiB"
1791132392,2026-10-05T01:46:32,Q8ConversationTxThroughputBenchmark-2,external-clickhouse,clickhouse/clickhouse-server:latest,23.74,"1.016GiB / 7.737GiB"
1791132392,2026-10-05T01:46:32,Q8ConversationTxThroughputBenchmark-2,external-kafka,apache/kafka:latest,105.37,"1.054GiB / 7.737GiB"
1791132401,2026-10-05T01:46:41,Q8ConversationTxThroughputBenchmark-2,gifted_heisenberg,apache/kafka:4.3.1,92.58,"929MiB / 7.737GiB"
1791132401,2026-10-05T01:46:41,Q8ConversationTxThroughputBenchmark-2,testcontainers-ryuk-ede95643-d20e-4f69-84cc-45732161224c,testcontainers/ryuk:0.14.0,0.00,"9.039MiB / 7.737GiB"
1791132401,2026-10-05T01:46:41,Q8ConversationTxThroughputBenchmark-2,external-clickhouse,clickhouse/clickhouse-server:latest,37.61,"1.1GiB / 7.737GiB"
1791132401,2026-10-05T01:46:41,Q8ConversationTxThroughputBenchmark-2,external-kafka,apache/kafka:latest,0.87,"1.054GiB / 7.737GiB"
1791132408,2026-10-05T01:46:48,Q8ConversationTxThroughputBenchmark-2,gifted_heisenberg,apache/kafka:4.3.1,112.17,"936.2MiB / 7.737GiB"
1791132408,2026-10-05T01:46:48,Q8ConversationTxThroughputBenchmark-2,testcontainers-ryuk-ede95643-d20e-4f69-84cc-45732161224c,testcontainers/ryuk:0.14.0,0.00,"9.039MiB / 7.737GiB"
1791132408,2026-10-05T01:46:48,Q8ConversationTxThroughputBenchmark-2,external-clickhouse,clickhouse/clickhouse-server:latest,17.39,"1.041GiB / 7.737GiB"
1791132408,2026-10-05T01:46:48,Q8ConversationTxThroughputBenchmark-2,external-kafka,apache/kafka:latest,1.54,"1.054GiB / 7.737GiB"
1791132415,2026-10-05T01:46:55,Q8ConversationTxThroughputBenchmark-2,gifted_heisenberg,apache/kafka:4.3.1,66.21,"928MiB / 7.737GiB"
1791132415,2026-10-05T01:46:55,Q8ConversationTxThroughputBenchmark-2,testcontainers-ryuk-ede95643-d20e-4f69-84cc-45732161224c,testcontainers/ryuk:0.14.0,0.00,"9.039MiB / 7.737GiB"
1791132415,2026-10-05T01:46:55,Q8ConversationTxThroughputBenchmark-2,external-clickhouse,clickhouse/clickhouse-server:latest,4.59,"1.03GiB / 7.737GiB"
1791132415,2026-10-05T01:46:55,Q8ConversationTxThroughputBenchmark-2,external-kafka,apache/kafka:latest,2.45,"1.054GiB / 7.737GiB"
1791132423,2026-10-05T01:47:03,Q8ConversationTxThroughputBenchmark-2,gifted_heisenberg,apache/kafka:4.3.1,5.96,"929MiB / 7.737GiB"
1791132423,2026-10-05T01:47:03,Q8ConversationTxThroughputBenchmark-2,testcontainers-ryuk-ede95643-d20e-4f69-84cc-45732161224c,testcontainers/ryuk:0.14.0,0.00,"9.039MiB / 7.737GiB"
1791132423,2026-10-05T01:47:03,Q8ConversationTxThroughputBenchmark-2,external-clickhouse,clickhouse/clickhouse-server:latest,15.47,"1.034GiB / 7.737GiB"
1791132423,2026-10-05T01:47:03,Q8ConversationTxThroughputBenchmark-2,external-kafka,apache/kafka:latest,1.63,"1.054GiB / 7.737GiB"
1791132431,2026-10-05T01:47:11,Q8ConversationTxThroughputBenchmark-2,gifted_heisenberg,apache/kafka:4.3.1,82.72,"936MiB / 7.737GiB"
1791132431,2026-10-05T01:47:11,Q8ConversationTxThroughputBenchmark-2,testcontainers-ryuk-ede95643-d20e-4f69-84cc-45732161224c,testcontainers/ryuk:0.14.0,0.00,"9.039MiB / 7.737GiB"
1791132431,2026-10-05T01:47:11,Q8ConversationTxThroughputBenchmark-2,external-clickhouse,clickhouse/clickhouse-server:latest,9.39,"1.045GiB / 7.737GiB"
1791132431,2026-10-05T01:47:11,Q8ConversationTxThroughputBenchmark-2,external-kafka,apache/kafka:latest,1.22,"1.054GiB / 7.737GiB"
1791132438,2026-10-05T01:47:18,idle,testcontainers-ryuk-ede95643-d20e-4f69-84cc-45732161224c,testcontainers/ryuk:0.14.0,0.00,"9.039MiB / 7.737GiB"
1791132438,2026-10-05T01:47:18,idle,external-clickhouse,clickhouse/clickhouse-server:latest,7.71,"1.106GiB / 7.737GiB"
1791132438,2026-10-05T01:47:18,idle,external-kafka,apache/kafka:latest,1.11,"1.054GiB / 7.737GiB"
1791132445,2026-10-05T01:47:25,idle,external-clickhouse,clickhouse/clickhouse-server:latest,5.33,"1.033GiB / 7.737GiB"
1791132445,2026-10-05T01:47:25,idle,external-kafka,apache/kafka:latest,1.73,"1.054GiB / 7.737GiB"
1791132453,2026-10-05T01:47:33,full-test,cranky_heisenberg,apache/kafka:4.3.1,9.09,"305.7MiB / 7.737GiB"
1791132453,2026-10-05T01:47:33,full-test,testcontainers-ryuk-1d9696f3-42bb-46d4-bd1a-31f31c825eb9,testcontainers/ryuk:0.14.0,0.00,"8.875MiB / 7.737GiB"
1791132453,2026-10-05T01:47:33,full-test,external-clickhouse,clickhouse/clickhouse-server:latest,29.76,"1.004GiB / 7.737GiB"
1791132453,2026-10-05T01:47:33,full-test,external-kafka,apache/kafka:latest,30.53,"1.054GiB / 7.737GiB"
1791132461,2026-10-05T01:47:41,full-test,testcontainers-ryuk-1d9696f3-42bb-46d4-bd1a-31f31c825eb9,testcontainers/ryuk:0.14.0,0.00,"8.875MiB / 7.737GiB"
1791132461,2026-10-05T01:47:41,full-test,external-clickhouse,clickhouse/clickhouse-server:latest,2.16,"1021MiB / 7.737GiB"
1791132461,2026-10-05T01:47:41,full-test,external-kafka,apache/kafka:latest,0.79,"1.054GiB / 7.737GiB"
1791132461,2026-10-05T01:47:41,full-test,elegant_hertz,apache/kafka:4.3.1,92.06,"84.75MiB / 7.737GiB"
1791132471,2026-10-05T01:47:51,full-test,elegant_hertz,apache/kafka:4.3.1,8.74,"318.2MiB / 7.737GiB"
1791132471,2026-10-05T01:47:51,full-test,testcontainers-ryuk-1d9696f3-42bb-46d4-bd1a-31f31c825eb9,testcontainers/ryuk:0.14.0,0.00,"8.875MiB / 7.737GiB"
1791132471,2026-10-05T01:47:51,full-test,external-clickhouse,clickhouse/clickhouse-server:latest,4.86,"1022MiB / 7.737GiB"
1791132471,2026-10-05T01:47:51,full-test,external-kafka,apache/kafka:latest,1.60,"1.054GiB / 7.737GiB"
1791132478,2026-10-05T01:47:58,full-test,elegant_hertz,apache/kafka:4.3.1,89.28,"319.7MiB / 7.737GiB"
1791132478,2026-10-05T01:47:58,full-test,testcontainers-ryuk-1d9696f3-42bb-46d4-bd1a-31f31c825eb9,testcontainers/ryuk:0.14.0,0.07,"8.879MiB / 7.737GiB"
1791132478,2026-10-05T01:47:58,full-test,external-clickhouse,clickhouse/clickhouse-server:latest,3.55,"1.064GiB / 7.737GiB"
1791132478,2026-10-05T01:47:58,full-test,external-kafka,apache/kafka:latest,0.76,"1.054GiB / 7.737GiB"
1791132485,2026-10-05T01:48:05,full-test,elegant_hertz,apache/kafka:4.3.1,75.26,"364.9MiB / 7.737GiB"
1791132485,2026-10-05T01:48:05,full-test,testcontainers-ryuk-1d9696f3-42bb-46d4-bd1a-31f31c825eb9,testcontainers/ryuk:0.14.0,0.00,"8.879MiB / 7.737GiB"
1791132485,2026-10-05T01:48:05,full-test,external-clickhouse,clickhouse/clickhouse-server:latest,2.58,"1019MiB / 7.737GiB"
1791132485,2026-10-05T01:48:05,full-test,external-kafka,apache/kafka:latest,27.27,"1.089GiB / 7.737GiB"
1791132494,2026-10-05T01:48:14,full-test,magical_swirles,apache/kafka:4.3.1,14.32,"332.4MiB / 7.737GiB"
1791132494,2026-10-05T01:48:14,full-test,testcontainers-ryuk-1d9696f3-42bb-46d4-bd1a-31f31c825eb9,testcontainers/ryuk:0.14.0,0.00,"8.879MiB / 7.737GiB"
1791132494,2026-10-05T01:48:14,full-test,external-clickhouse,clickhouse/clickhouse-server:latest,7.90,"1019MiB / 7.737GiB"
1791132494,2026-10-05T01:48:14,full-test,external-kafka,apache/kafka:latest,3.21,"1.054GiB / 7.737GiB"
1791132502,2026-10-05T01:48:22,full-test,vibrant_khayyam,apache/kafka:4.3.1,43.92,"367.4MiB / 7.737GiB"
1791132502,2026-10-05T01:48:22,full-test,testcontainers-ryuk-1d9696f3-42bb-46d4-bd1a-31f31c825eb9,testcontainers/ryuk:0.14.0,0.00,"8.879MiB / 7.737GiB"
1791132502,2026-10-05T01:48:22,full-test,external-clickhouse,clickhouse/clickhouse-server:latest,3.89,"1017MiB / 7.737GiB"
1791132502,2026-10-05T01:48:22,full-test,external-kafka,apache/kafka:latest,1.67,"1.054GiB / 7.737GiB"
1791132509,2026-10-05T01:48:29,full-test,vibrant_khayyam,apache/kafka:4.3.1,7.05,"318.9MiB / 7.737GiB"
1791132509,2026-10-05T01:48:29,full-test,testcontainers-ryuk-1d9696f3-42bb-46d4-bd1a-31f31c825eb9,testcontainers/ryuk:0.14.0,0.00,"8.879MiB / 7.737GiB"
1791132509,2026-10-05T01:48:29,full-test,external-clickhouse,clickhouse/clickhouse-server:latest,4.70,"1.003GiB / 7.737GiB"
1791132509,2026-10-05T01:48:29,full-test,external-kafka,apache/kafka:latest,96.42,"1.132GiB / 7.737GiB"
1791132516,2026-10-05T01:48:36,full-test,testcontainers-ryuk-1d9696f3-42bb-46d4-bd1a-31f31c825eb9,testcontainers/ryuk:0.14.0,0.00,"8.879MiB / 7.737GiB"
1791132516,2026-10-05T01:48:36,full-test,external-clickhouse,clickhouse/clickhouse-server:latest,3.21,"1.025GiB / 7.737GiB"
1791132516,2026-10-05T01:48:36,full-test,external-kafka,apache/kafka:latest,1.16,"1.054GiB / 7.737GiB"
1791132516,2026-10-05T01:48:36,full-test,magical_perlman,apache/kafka:4.3.1,191.08,"337MiB / 7.737GiB"
1791132525,2026-10-05T01:48:45,full-test,funny_leakey,postgres:16,12.78,"36.69MiB / 7.737GiB"
1791132525,2026-10-05T01:48:45,full-test,testcontainers-ryuk-1d9696f3-42bb-46d4-bd1a-31f31c825eb9,testcontainers/ryuk:0.14.0,0.00,"8.879MiB / 7.737GiB"
1791132525,2026-10-05T01:48:45,full-test,external-clickhouse,clickhouse/clickhouse-server:latest,10.54,"1022MiB / 7.737GiB"
1791132525,2026-10-05T01:48:45,full-test,external-kafka,apache/kafka:latest,2.13,"1.054GiB / 7.737GiB"
1791132533,2026-10-05T01:48:53,full-test,funny_leakey,postgres:16,1.15,"37.96MiB / 7.737GiB"
1791132533,2026-10-05T01:48:53,full-test,testcontainers-ryuk-1d9696f3-42bb-46d4-bd1a-31f31c825eb9,testcontainers/ryuk:0.14.0,0.00,"8.879MiB / 7.737GiB"
1791132533,2026-10-05T01:48:53,full-test,external-clickhouse,clickhouse/clickhouse-server:latest,33.27,"1.012GiB / 7.737GiB"
1791132533,2026-10-05T01:48:53,full-test,external-kafka,apache/kafka:latest,73.14,"1.054GiB / 7.737GiB"
1791132542,2026-10-05T01:49:02,full-test,funny_leakey,postgres:16,11.04,"40.02MiB / 7.737GiB"
1791132542,2026-10-05T01:49:02,full-test,testcontainers-ryuk-1d9696f3-42bb-46d4-bd1a-31f31c825eb9,testcontainers/ryuk:0.14.0,0.00,"8.879MiB / 7.737GiB"
1791132542,2026-10-05T01:49:02,full-test,external-clickhouse,clickhouse/clickhouse-server:latest,2.49,"1.014GiB / 7.737GiB"
1791132542,2026-10-05T01:49:02,full-test,external-kafka,apache/kafka:latest,0.54,"1.054GiB / 7.737GiB"
1791132551,2026-10-05T01:49:12,full-test,funny_leakey,postgres:16,16.17,"41.73MiB / 7.737GiB"
1791132551,2026-10-05T01:49:12,full-test,testcontainers-ryuk-1d9696f3-42bb-46d4-bd1a-31f31c825eb9,testcontainers/ryuk:0.14.0,0.00,"8.879MiB / 7.737GiB"
1791132551,2026-10-05T01:49:12,full-test,external-clickhouse,clickhouse/clickhouse-server:latest,34.50,"1.066GiB / 7.737GiB"
1791132551,2026-10-05T01:49:12,full-test,external-kafka,apache/kafka:latest,0.62,"1.054GiB / 7.737GiB"
1791132560,2026-10-05T01:49:20,full-test,funny_leakey,postgres:16,14.14,"42.87MiB / 7.737GiB"
1791132560,2026-10-05T01:49:20,full-test,testcontainers-ryuk-1d9696f3-42bb-46d4-bd1a-31f31c825eb9,testcontainers/ryuk:0.14.0,0.00,"8.879MiB / 7.737GiB"
1791132560,2026-10-05T01:49:20,full-test,external-clickhouse,clickhouse/clickhouse-server:latest,1.69,"1.028GiB / 7.737GiB"
1791132560,2026-10-05T01:49:20,full-test,external-kafka,apache/kafka:latest,0.47,"1.054GiB / 7.737GiB"
1791132567,2026-10-05T01:49:27,full-test,funny_leakey,postgres:16,13.91,"43.6MiB / 7.737GiB"
1791132567,2026-10-05T01:49:27,full-test,testcontainers-ryuk-1d9696f3-42bb-46d4-bd1a-31f31c825eb9,testcontainers/ryuk:0.14.0,0.00,"8.879MiB / 7.737GiB"
1791132567,2026-10-05T01:49:27,full-test,external-clickhouse,clickhouse/clickhouse-server:latest,10.17,"1.001GiB / 7.737GiB"
1791132567,2026-10-05T01:49:27,full-test,external-kafka,apache/kafka:latest,70.55,"1.108GiB / 7.737GiB"
1791132575,2026-10-05T01:49:35,full-test,funny_leakey,postgres:16,7.84,"45.91MiB / 7.737GiB"
1791132575,2026-10-05T01:49:35,full-test,testcontainers-ryuk-1d9696f3-42bb-46d4-bd1a-31f31c825eb9,testcontainers/ryuk:0.14.0,0.00,"8.879MiB / 7.737GiB"
1791132575,2026-10-05T01:49:35,full-test,external-clickhouse,clickhouse/clickhouse-server:latest,31.21,"1.004GiB / 7.737GiB"
1791132575,2026-10-05T01:49:35,full-test,external-kafka,apache/kafka:latest,1.52,"1.054GiB / 7.737GiB"
1791132582,2026-10-05T01:49:42,full-test,funny_leakey,postgres:16,7.52,"46.16MiB / 7.737GiB"
1791132582,2026-10-05T01:49:42,full-test,testcontainers-ryuk-1d9696f3-42bb-46d4-bd1a-31f31c825eb9,testcontainers/ryuk:0.14.0,0.00,"8.879MiB / 7.737GiB"
1791132582,2026-10-05T01:49:42,full-test,external-clickhouse,clickhouse/clickhouse-server:latest,25.84,"1.014GiB / 7.737GiB"
1791132582,2026-10-05T01:49:42,full-test,external-kafka,apache/kafka:latest,0.90,"1.054GiB / 7.737GiB"
1791132589,2026-10-05T01:49:49,full-test,funny_leakey,postgres:16,9.09,"46.52MiB / 7.737GiB"
1791132589,2026-10-05T01:49:49,full-test,testcontainers-ryuk-1d9696f3-42bb-46d4-bd1a-31f31c825eb9,testcontainers/ryuk:0.14.0,0.00,"8.879MiB / 7.737GiB"
1791132589,2026-10-05T01:49:49,full-test,external-clickhouse,clickhouse/clickhouse-server:latest,35.36,"1.047GiB / 7.737GiB"
1791132589,2026-10-05T01:49:49,full-test,external-kafka,apache/kafka:latest,0.71,"1.054GiB / 7.737GiB"
1791132596,2026-10-05T01:49:56,full-test,funny_leakey,postgres:16,11.10,"47.57MiB / 7.737GiB"
1791132596,2026-10-05T01:49:56,full-test,testcontainers-ryuk-1d9696f3-42bb-46d4-bd1a-31f31c825eb9,testcontainers/ryuk:0.14.0,0.00,"8.879MiB / 7.737GiB"
1791132596,2026-10-05T01:49:56,full-test,external-clickhouse,clickhouse/clickhouse-server:latest,7.34,"1.024GiB / 7.737GiB"
1791132596,2026-10-05T01:49:56,full-test,external-kafka,apache/kafka:latest,1.10,"1.054GiB / 7.737GiB"
1791132604,2026-10-05T01:50:04,full-test,funny_leakey,postgres:16,11.28,"47.98MiB / 7.737GiB"
1791132604,2026-10-05T01:50:04,full-test,testcontainers-ryuk-1d9696f3-42bb-46d4-bd1a-31f31c825eb9,testcontainers/ryuk:0.14.0,0.00,"8.879MiB / 7.737GiB"
1791132604,2026-10-05T01:50:04,full-test,external-clickhouse,clickhouse/clickhouse-server:latest,10.75,"1.018GiB / 7.737GiB"
1791132604,2026-10-05T01:50:04,full-test,external-kafka,apache/kafka:latest,1.57,"1.054GiB / 7.737GiB"
1791132611,2026-10-05T01:50:11,full-test,funny_leakey,postgres:16,9.97,"48.84MiB / 7.737GiB"
1791132611,2026-10-05T01:50:11,full-test,testcontainers-ryuk-1d9696f3-42bb-46d4-bd1a-31f31c825eb9,testcontainers/ryuk:0.14.0,0.00,"8.879MiB / 7.737GiB"
1791132611,2026-10-05T01:50:11,full-test,external-clickhouse,clickhouse/clickhouse-server:latest,3.89,"1.015GiB / 7.737GiB"
1791132611,2026-10-05T01:50:11,full-test,external-kafka,apache/kafka:latest,0.79,"1.054GiB / 7.737GiB"
1791132619,2026-10-05T01:50:19,full-test,funny_leakey,postgres:16,13.08,"49.26MiB / 7.737GiB"
1791132619,2026-10-05T01:50:19,full-test,testcontainers-ryuk-1d9696f3-42bb-46d4-bd1a-31f31c825eb9,testcontainers/ryuk:0.14.0,0.00,"8.879MiB / 7.737GiB"
1791132619,2026-10-05T01:50:19,full-test,external-clickhouse,clickhouse/clickhouse-server:latest,2.97,"1.027GiB / 7.737GiB"
1791132619,2026-10-05T01:50:19,full-test,external-kafka,apache/kafka:latest,1.14,"1.054GiB / 7.737GiB"
1791132626,2026-10-05T01:50:26,full-test,funny_leakey,postgres:16,12.71,"49.61MiB / 7.737GiB"
1791132626,2026-10-05T01:50:26,full-test,testcontainers-ryuk-1d9696f3-42bb-46d4-bd1a-31f31c825eb9,testcontainers/ryuk:0.14.0,0.00,"8.879MiB / 7.737GiB"
1791132626,2026-10-05T01:50:26,full-test,external-clickhouse,clickhouse/clickhouse-server:latest,3.01,"1.014GiB / 7.737GiB"
1791132626,2026-10-05T01:50:26,full-test,external-kafka,apache/kafka:latest,1.40,"1.054GiB / 7.737GiB"
1791132633,2026-10-05T01:50:33,full-test,funny_leakey,postgres:16,11.98,"50.11MiB / 7.737GiB"
1791132633,2026-10-05T01:50:33,full-test,testcontainers-ryuk-1d9696f3-42bb-46d4-bd1a-31f31c825eb9,testcontainers/ryuk:0.14.0,0.00,"8.879MiB / 7.737GiB"
1791132633,2026-10-05T01:50:33,full-test,external-clickhouse,clickhouse/clickhouse-server:latest,2.53,"1.068GiB / 7.737GiB"
1791132633,2026-10-05T01:50:33,full-test,external-kafka,apache/kafka:latest,1.17,"1.054GiB / 7.737GiB"
1791132641,2026-10-05T01:50:41,full-test,funny_leakey,postgres:16,11.63,"50.58MiB / 7.737GiB"
1791132641,2026-10-05T01:50:41,full-test,testcontainers-ryuk-1d9696f3-42bb-46d4-bd1a-31f31c825eb9,testcontainers/ryuk:0.14.0,0.00,"8.879MiB / 7.737GiB"
1791132641,2026-10-05T01:50:41,full-test,external-clickhouse,clickhouse/clickhouse-server:latest,2.74,"1.019GiB / 7.737GiB"
1791132641,2026-10-05T01:50:41,full-test,external-kafka,apache/kafka:latest,1.42,"1.054GiB / 7.737GiB"
1791132648,2026-10-05T01:50:48,full-test,funny_leakey,postgres:16,13.66,"50.97MiB / 7.737GiB"
1791132648,2026-10-05T01:50:48,full-test,testcontainers-ryuk-1d9696f3-42bb-46d4-bd1a-31f31c825eb9,testcontainers/ryuk:0.14.0,0.00,"8.879MiB / 7.737GiB"
1791132648,2026-10-05T01:50:48,full-test,external-clickhouse,clickhouse/clickhouse-server:latest,3.34,"1.021GiB / 7.737GiB"
1791132648,2026-10-05T01:50:48,full-test,external-kafka,apache/kafka:latest,1.04,"1.054GiB / 7.737GiB"
1791132655,2026-10-05T01:50:55,full-test,funny_leakey,postgres:16,11.03,"51.29MiB / 7.737GiB"
1791132655,2026-10-05T01:50:55,full-test,testcontainers-ryuk-1d9696f3-42bb-46d4-bd1a-31f31c825eb9,testcontainers/ryuk:0.14.0,0.00,"8.879MiB / 7.737GiB"
1791132655,2026-10-05T01:50:55,full-test,external-clickhouse,clickhouse/clickhouse-server:latest,4.67,"1.033GiB / 7.737GiB"
1791132655,2026-10-05T01:50:55,full-test,external-kafka,apache/kafka:latest,1.68,"1.054GiB / 7.737GiB"
1791132663,2026-10-05T01:51:03,full-test,funny_leakey,postgres:16,8.88,"51.61MiB / 7.737GiB"
1791132663,2026-10-05T01:51:03,full-test,testcontainers-ryuk-1d9696f3-42bb-46d4-bd1a-31f31c825eb9,testcontainers/ryuk:0.14.0,0.00,"8.879MiB / 7.737GiB"
1791132663,2026-10-05T01:51:03,full-test,external-clickhouse,clickhouse/clickhouse-server:latest,2.26,"1.02GiB / 7.737GiB"
1791132663,2026-10-05T01:51:03,full-test,external-kafka,apache/kafka:latest,0.91,"1.054GiB / 7.737GiB"
1791132670,2026-10-05T01:51:10,full-test,testcontainers-ryuk-1d9696f3-42bb-46d4-bd1a-31f31c825eb9,testcontainers/ryuk:0.14.0,0.00,"8.879MiB / 7.737GiB"
1791132670,2026-10-05T01:51:10,full-test,external-clickhouse,clickhouse/clickhouse-server:latest,5.28,"1.042GiB / 7.737GiB"
1791132670,2026-10-05T01:51:10,full-test,external-kafka,apache/kafka:latest,1.83,"1.054GiB / 7.737GiB"
1791132670,2026-10-05T01:51:10,full-test,pensive_pascal,apache/kafka:4.3.1,117.66,"37.92MiB / 7.737GiB"
1791132678,2026-10-05T01:51:18,full-test,agitated_jennings,postgres:16,0.68,"29.77MiB / 7.737GiB"
1791132678,2026-10-05T01:51:18,full-test,pensive_pascal,apache/kafka:4.3.1,22.42,"297.1MiB / 7.737GiB"
1791132678,2026-10-05T01:51:18,full-test,testcontainers-ryuk-1d9696f3-42bb-46d4-bd1a-31f31c825eb9,testcontainers/ryuk:0.14.0,0.00,"8.879MiB / 7.737GiB"
1791132678,2026-10-05T01:51:18,full-test,external-clickhouse,clickhouse/clickhouse-server:latest,2.36,"1.03GiB / 7.737GiB"
1791132678,2026-10-05T01:51:18,full-test,external-kafka,apache/kafka:latest,1.12,"1.054GiB / 7.737GiB"
1791132686,2026-10-05T01:51:26,full-test,zen_joliot,postgres:16,1.14,"54.81MiB / 7.737GiB"
1791132686,2026-10-05T01:51:26,full-test,loving_newton,apache/kafka:4.3.1,100.23,"317.8MiB / 7.737GiB"
1791132686,2026-10-05T01:51:26,full-test,testcontainers-ryuk-1d9696f3-42bb-46d4-bd1a-31f31c825eb9,testcontainers/ryuk:0.14.0,0.00,"8.879MiB / 7.737GiB"
1791132686,2026-10-05T01:51:26,full-test,external-clickhouse,clickhouse/clickhouse-server:latest,3.83,"1.024GiB / 7.737GiB"
1791132686,2026-10-05T01:51:26,full-test,external-kafka,apache/kafka:latest,1.37,"1.054GiB / 7.737GiB"
1791132694,2026-10-05T01:51:34,idle,testcontainers-ryuk-1d9696f3-42bb-46d4-bd1a-31f31c825eb9,testcontainers/ryuk:0.14.0,0.00,"8.875MiB / 7.737GiB"
1791132694,2026-10-05T01:51:34,idle,external-clickhouse,clickhouse/clickhouse-server:latest,5.70,"1.03GiB / 7.737GiB"
1791132694,2026-10-05T01:51:34,idle,external-kafka,apache/kafka:latest,1.19,"1.054GiB / 7.737GiB"
1791132701,2026-10-05T01:51:41,idle,testcontainers-ryuk-1d9696f3-42bb-46d4-bd1a-31f31c825eb9,testcontainers/ryuk:0.14.0,0.00,"8.875MiB / 7.737GiB"
1791132701,2026-10-05T01:51:41,idle,external-clickhouse,clickhouse/clickhouse-server:latest,21.66,"1.032GiB / 7.737GiB"
1791132701,2026-10-05T01:51:41,idle,external-kafka,apache/kafka:latest,3.70,"1.054GiB / 7.737GiB"
1791132708,2026-10-05T01:51:48,idle,external-clickhouse,clickhouse/clickhouse-server:latest,22.93,"1.03GiB / 7.737GiB"
1791132708,2026-10-05T01:51:48,idle,external-kafka,apache/kafka:latest,1.78,"1.054GiB / 7.737GiB"
1791132715,2026-10-05T01:51:55,idle,external-clickhouse,clickhouse/clickhouse-server:latest,22.14,"1.033GiB / 7.737GiB"
1791132715,2026-10-05T01:51:55,idle,external-kafka,apache/kafka:latest,2.25,"1.054GiB / 7.737GiB"
1791132723,2026-10-05T01:52:03,idle,external-clickhouse,clickhouse/clickhouse-server:latest,22.14,"1.036GiB / 7.737GiB"
1791132723,2026-10-05T01:52:03,idle,external-kafka,apache/kafka:latest,100.95,"1.115GiB / 7.737GiB"
1791132730,2026-10-05T01:52:10,idle,external-clickhouse,clickhouse/clickhouse-server:latest,20.72,"1.056GiB / 7.737GiB"
1791132730,2026-10-05T01:52:10,idle,external-kafka,apache/kafka:latest,1.86,"1.054GiB / 7.737GiB"
1791132737,2026-10-05T01:52:17,idle,external-clickhouse,clickhouse/clickhouse-server:latest,7.97,"1.042GiB / 7.737GiB"
1791132737,2026-10-05T01:52:17,idle,external-kafka,apache/kafka:latest,1.68,"1.054GiB / 7.737GiB"
1791132744,2026-10-05T01:52:24,idle,external-clickhouse,clickhouse/clickhouse-server:latest,54.51,"1.102GiB / 7.737GiB"
1791132744,2026-10-05T01:52:24,idle,external-kafka,apache/kafka:latest,1.52,"1.054GiB / 7.737GiB"
1791132752,2026-10-05T01:52:32,idle,external-clickhouse,clickhouse/clickhouse-server:latest,6.16,"1.045GiB / 7.737GiB"
1791132752,2026-10-05T01:52:32,idle,external-kafka,apache/kafka:latest,1.15,"1.054GiB / 7.737GiB"
1791132760,2026-10-05T01:52:40,idle,external-clickhouse,clickhouse/clickhouse-server:latest,5.79,"1.002GiB / 7.737GiB"
1791132760,2026-10-05T01:52:40,idle,external-kafka,apache/kafka:latest,1.24,"1.054GiB / 7.737GiB"
1791132767,2026-10-05T01:52:47,idle,external-clickhouse,clickhouse/clickhouse-server:latest,4.83,"1.018GiB / 7.737GiB"
1791132767,2026-10-05T01:52:47,idle,external-kafka,apache/kafka:latest,2.12,"1.054GiB / 7.737GiB"
1791132775,2026-10-05T01:52:55,idle,external-clickhouse,clickhouse/clickhouse-server:latest,3.21,"1019MiB / 7.737GiB"
1791132775,2026-10-05T01:52:55,idle,external-kafka,apache/kafka:latest,2.25,"1.054GiB / 7.737GiB"
1791132782,2026-10-05T01:53:02,idle,external-clickhouse,clickhouse/clickhouse-server:latest,3.41,"1.012GiB / 7.737GiB"
1791132782,2026-10-05T01:53:02,idle,external-kafka,apache/kafka:latest,1.23,"1.054GiB / 7.737GiB"
1791132790,2026-10-05T01:53:10,idle,external-clickhouse,clickhouse/clickhouse-server:latest,2.50,"1018MiB / 7.737GiB"
1791132790,2026-10-05T01:53:10,idle,external-kafka,apache/kafka:latest,1.66,"1.054GiB / 7.737GiB"
1791132798,2026-10-05T01:53:18,idle,external-clickhouse,clickhouse/clickhouse-server:latest,3.16,"1016MiB / 7.737GiB"
1791132798,2026-10-05T01:53:18,idle,external-kafka,apache/kafka:latest,1.60,"1.054GiB / 7.737GiB"
1791132805,2026-10-05T01:53:25,idle,external-clickhouse,clickhouse/clickhouse-server:latest,5.61,"1.008GiB / 7.737GiB"
1791132805,2026-10-05T01:53:25,idle,external-kafka,apache/kafka:latest,1.87,"1.054GiB / 7.737GiB"
1791132813,2026-10-05T01:53:33,idle,external-clickhouse,clickhouse/clickhouse-server:latest,20.48,"1017MiB / 7.737GiB"
1791132813,2026-10-05T01:53:33,idle,external-kafka,apache/kafka:latest,94.83,"1.105GiB / 7.737GiB"
1791132820,2026-10-05T01:53:40,idle,external-clickhouse,clickhouse/clickhouse-server:latest,22.73,"1.062GiB / 7.737GiB"
1791132820,2026-10-05T01:53:40,idle,external-kafka,apache/kafka:latest,2.35,"1.054GiB / 7.737GiB"
1791132827,2026-10-05T01:53:47,idle,external-clickhouse,clickhouse/clickhouse-server:latest,7.00,"1GiB / 7.737GiB"
1791132827,2026-10-05T01:53:47,idle,external-kafka,apache/kafka:latest,1.27,"1.054GiB / 7.737GiB"
1791132834,2026-10-05T01:53:54,idle,external-clickhouse,clickhouse/clickhouse-server:latest,17.85,"1023MiB / 7.737GiB"
1791132834,2026-10-05T01:53:54,idle,external-kafka,apache/kafka:latest,2.30,"1.054GiB / 7.737GiB"
1791132842,2026-10-05T01:54:02,idle,external-clickhouse,clickhouse/clickhouse-server:latest,25.47,"1.016GiB / 7.737GiB"
1791132842,2026-10-05T01:54:02,idle,external-kafka,apache/kafka:latest,1.61,"1.054GiB / 7.737GiB"
1791132849,2026-10-05T01:54:09,idle,external-clickhouse,clickhouse/clickhouse-server:latest,24.56,"1.001GiB / 7.737GiB"
1791132849,2026-10-05T01:54:09,idle,external-kafka,apache/kafka:latest,1.91,"1.054GiB / 7.737GiB"
1791132856,2026-10-05T01:54:16,idle,external-clickhouse,clickhouse/clickhouse-server:latest,45.89,"1.076GiB / 7.737GiB"
1791132856,2026-10-05T01:54:16,idle,external-kafka,apache/kafka:latest,101.03,"1.136GiB / 7.737GiB"
1791132863,2026-10-05T01:54:23,idle,external-clickhouse,clickhouse/clickhouse-server:latest,26.98,"1.01GiB / 7.737GiB"
1791132863,2026-10-05T01:54:23,idle,external-kafka,apache/kafka:latest,2.51,"1.055GiB / 7.737GiB"
1791132870,2026-10-05T01:54:30,idle,external-clickhouse,clickhouse/clickhouse-server:latest,22.99,"1.002GiB / 7.737GiB"
1791132870,2026-10-05T01:54:30,idle,external-kafka,apache/kafka:latest,1.42,"1.054GiB / 7.737GiB"
1791132878,2026-10-05T01:54:38,idle,external-clickhouse,clickhouse/clickhouse-server:latest,10.87,"1.005GiB / 7.737GiB"
1791132878,2026-10-05T01:54:38,idle,external-kafka,apache/kafka:latest,1.14,"1.054GiB / 7.737GiB"
1791132885,2026-10-05T01:54:45,idle,external-clickhouse,clickhouse/clickhouse-server:latest,10.34,"1.009GiB / 7.737GiB"
1791132885,2026-10-05T01:54:45,idle,external-kafka,apache/kafka:latest,1.14,"1.054GiB / 7.737GiB"
1791132892,2026-10-05T01:54:52,idle,external-clickhouse,clickhouse/clickhouse-server:latest,3.21,"1.006GiB / 7.737GiB"
1791132892,2026-10-05T01:54:52,idle,external-kafka,apache/kafka:latest,1.32,"1.054GiB / 7.737GiB"
1791132899,2026-10-05T01:54:59,idle,external-clickhouse,clickhouse/clickhouse-server:latest,5.74,"1.008GiB / 7.737GiB"
1791132899,2026-10-05T01:54:59,idle,external-kafka,apache/kafka:latest,2.04,"1.055GiB / 7.737GiB"
1791132906,2026-10-05T01:55:06,idle,external-clickhouse,clickhouse/clickhouse-server:latest,5.00,"1.014GiB / 7.737GiB"
1791132906,2026-10-05T01:55:06,idle,external-kafka,apache/kafka:latest,2.08,"1.054GiB / 7.737GiB"
1791132913,2026-10-05T01:55:13,idle,external-clickhouse,clickhouse/clickhouse-server:latest,3.68,"1.01GiB / 7.737GiB"
1791132913,2026-10-05T01:55:13,idle,external-kafka,apache/kafka:latest,1.20,"1.054GiB / 7.737GiB"
1791132921,2026-10-05T01:55:21,idle,external-clickhouse,clickhouse/clickhouse-server:latest,4.88,"1.025GiB / 7.737GiB"
1791132921,2026-10-05T01:55:21,idle,external-kafka,apache/kafka:latest,1.98,"1.054GiB / 7.737GiB"
1791132928,2026-10-05T01:55:28,idle,external-clickhouse,clickhouse/clickhouse-server:latest,5.41,"1.013GiB / 7.737GiB"
1791132928,2026-10-05T01:55:28,idle,external-kafka,apache/kafka:latest,1.74,"1.054GiB / 7.737GiB"
1791132935,2026-10-05T01:55:35,idle,external-clickhouse,clickhouse/clickhouse-server:latest,5.24,"1.046GiB / 7.737GiB"
1791132935,2026-10-05T01:55:35,idle,external-kafka,apache/kafka:latest,1.55,"1.054GiB / 7.737GiB"
1791132942,2026-10-05T01:55:42,idle,external-clickhouse,clickhouse/clickhouse-server:latest,4.74,"1.022GiB / 7.737GiB"
1791132942,2026-10-05T01:55:42,idle,external-kafka,apache/kafka:latest,1.66,"1.054GiB / 7.737GiB"
1791132949,2026-10-05T01:55:49,idle,external-clickhouse,clickhouse/clickhouse-server:latest,5.75,"1.023GiB / 7.737GiB"
1791132949,2026-10-05T01:55:49,idle,external-kafka,apache/kafka:latest,2.01,"1.054GiB / 7.737GiB"
1791132957,2026-10-05T01:55:57,idle,external-clickhouse,clickhouse/clickhouse-server:latest,6.70,"1.042GiB / 7.737GiB"
1791132957,2026-10-05T01:55:57,idle,external-kafka,apache/kafka:latest,3.75,"1.054GiB / 7.737GiB"
1791132964,2026-10-05T01:56:04,idle,external-clickhouse,clickhouse/clickhouse-server:latest,4.20,"1.019GiB / 7.737GiB"
1791132964,2026-10-05T01:56:04,idle,external-kafka,apache/kafka:latest,1.79,"1.054GiB / 7.737GiB"
1791132971,2026-10-05T01:56:11,idle,external-clickhouse,clickhouse/clickhouse-server:latest,4.11,"1.099GiB / 7.737GiB"
1791132971,2026-10-05T01:56:11,idle,external-kafka,apache/kafka:latest,2.31,"1.054GiB / 7.737GiB"
1791132978,2026-10-05T01:56:18,idle,external-clickhouse,clickhouse/clickhouse-server:latest,4.34,"1.023GiB / 7.737GiB"
1791132978,2026-10-05T01:56:18,idle,external-kafka,apache/kafka:latest,9.48,"1.054GiB / 7.737GiB"
1791132985,2026-10-05T01:56:25,idle,external-clickhouse,clickhouse/clickhouse-server:latest,5.99,"1.029GiB / 7.737GiB"
1791132985,2026-10-05T01:56:25,idle,external-kafka,apache/kafka:latest,1.78,"1.054GiB / 7.737GiB"
1791132992,2026-10-05T01:56:32,idle,external-clickhouse,clickhouse/clickhouse-server:latest,2.72,"1.049GiB / 7.737GiB"
1791132992,2026-10-05T01:56:32,idle,external-kafka,apache/kafka:latest,1.17,"1.054GiB / 7.737GiB"
1791133000,2026-10-05T01:56:40,idle,external-clickhouse,clickhouse/clickhouse-server:latest,5.78,"1.029GiB / 7.737GiB"
1791133000,2026-10-05T01:56:40,idle,external-kafka,apache/kafka:latest,78.83,"1.054GiB / 7.737GiB"
1791133007,2026-10-05T01:56:47,idle,external-clickhouse,clickhouse/clickhouse-server:latest,33.65,"1.113GiB / 7.737GiB"
1791133007,2026-10-05T01:56:47,idle,external-kafka,apache/kafka:latest,1.18,"1.054GiB / 7.737GiB"
