epoch_s,time,phase,container,image,cpu_perc,mem_usage
1791176225,2026-10-05T13:57:05,Q9TimeoutRestartTest,external-redis,redis:8.10.2,194.87,"1.954GiB / 7.737GiB"
1791176231,2026-10-05T13:57:11,Q9TimeoutRestartTest,lab-postgres,postgres:16,0.02,"29.45MiB / 7.737GiB"
1791176231,2026-10-05T13:57:11,Q9TimeoutRestartTest,lab-kafka,apache/kafka:4.3.1,72.54,"332.6MiB / 7.737GiB"
1791176231,2026-10-05T13:57:11,Q9TimeoutRestartTest,lab-ryuk,testcontainers/ryuk:0.14.0,0.00,"8.441MiB / 7.737GiB"
1791176231,2026-10-05T13:57:11,Q9TimeoutRestartTest,external-redis,redis:8.10.2,189.06,"1.954GiB / 7.737GiB"
1791176238,2026-10-05T13:57:18,Q9TimeoutRestartTest,lab-postgres,postgres:16,0.10,"29.45MiB / 7.737GiB"
1791176238,2026-10-05T13:57:18,Q9TimeoutRestartTest,lab-kafka,apache/kafka:4.3.1,14.94,"320.7MiB / 7.737GiB"
1791176238,2026-10-05T13:57:18,Q9TimeoutRestartTest,lab-ryuk,testcontainers/ryuk:0.14.0,0.00,"8.441MiB / 7.737GiB"
1791176238,2026-10-05T13:57:18,Q9TimeoutRestartTest,external-redis,redis:8.10.2,168.94,"1.95GiB / 7.737GiB"
1791176245,2026-10-05T13:57:25,Q9TimeoutRestartTest,external-redis,redis:8.10.2,1.08,"6.934MiB / 7.737GiB"
1791176245,2026-10-05T13:57:25,Q9TimeoutRestartTest,lab-postgres,postgres:16,0.21,"29.48MiB / 7.737GiB"
1791176245,2026-10-05T13:57:25,Q9TimeoutRestartTest,lab-kafka,apache/kafka:4.3.1,14.91,"324MiB / 7.737GiB"
1791176245,2026-10-05T13:57:25,Q9TimeoutRestartTest,lab-ryuk,testcontainers/ryuk:0.14.0,0.00,"8.441MiB / 7.737GiB"
1791176253,2026-10-05T13:57:33,Q9TimeoutRestartTest,external-redis,redis:8.10.2,38.64,"515MiB / 7.737GiB"
1791176253,2026-10-05T13:57:33,Q9TimeoutRestartTest,lab-postgres,postgres:16,0.21,"29.49MiB / 7.737GiB"
1791176253,2026-10-05T13:57:33,Q9TimeoutRestartTest,lab-kafka,apache/kafka:4.3.1,13.33,"329.2MiB / 7.737GiB"
1791176253,2026-10-05T13:57:33,Q9TimeoutRestartTest,lab-ryuk,testcontainers/ryuk:0.14.0,0.00,"8.441MiB / 7.737GiB"
1791176260,2026-10-05T13:57:40,Q9TimeoutRestartTest,external-redis,redis:8.10.2,60.88,"1.164GiB / 7.737GiB"
1791176260,2026-10-05T13:57:40,Q9TimeoutRestartTest,lab-postgres,postgres:16,0.67,"29.53MiB / 7.737GiB"
1791176260,2026-10-05T13:57:40,Q9TimeoutRestartTest,lab-kafka,apache/kafka:4.3.1,115.85,"332.4MiB / 7.737GiB"
1791176260,2026-10-05T13:57:40,Q9TimeoutRestartTest,lab-ryuk,testcontainers/ryuk:0.14.0,0.00,"8.445MiB / 7.737GiB"
1791176267,2026-10-05T13:57:47,Q9TimeoutRestartTest,external-redis,redis:8.10.2,70.10,"1.673GiB / 7.737GiB"
1791176267,2026-10-05T13:57:47,Q9TimeoutRestartTest,lab-postgres,postgres:16,0.11,"29.54MiB / 7.737GiB"
1791176267,2026-10-05T13:57:47,Q9TimeoutRestartTest,lab-kafka,apache/kafka:4.3.1,8.53,"331.3MiB / 7.737GiB"
1791176267,2026-10-05T13:57:47,Q9TimeoutRestartTest,lab-ryuk,testcontainers/ryuk:0.14.0,0.00,"8.445MiB / 7.737GiB"
1791176275,2026-10-05T13:57:55,Q9TimeoutRestartTest,external-redis,redis:8.10.2,24.44,"1.983GiB / 7.737GiB"
1791176275,2026-10-05T13:57:55,Q9TimeoutRestartTest,lab-ryuk,testcontainers/ryuk:0.14.0,0.00,"8.473MiB / 7.737GiB"
1791176282,2026-10-05T13:58:02,Q9TimeoutRestartTest,external-redis,redis:8.10.2,255.10,"2.348GiB / 7.737GiB"
1791176289,2026-10-05T13:58:09,Q9TimeoutRestartTest,external-redis,redis:8.10.2,283.84,"1.986GiB / 7.737GiB"
1791176295,2026-10-05T13:58:15,Q9TimeoutRestartTest,external-redis,redis:8.10.2,207.59,"1.954GiB / 7.737GiB"
1791176302,2026-10-05T13:58:22,Q9WakeTimingBenchmark,lab-kafka,apache/kafka:4.3.1,75.85,"326.1MiB / 7.737GiB"
1791176302,2026-10-05T13:58:22,Q9WakeTimingBenchmark,lab-ryuk,testcontainers/ryuk:0.14.0,0.00,"8.934MiB / 7.737GiB"
1791176302,2026-10-05T13:58:22,Q9WakeTimingBenchmark,external-redis,redis:8.10.2,160.82,"1.955GiB / 7.737GiB"
1791176309,2026-10-05T13:58:29,Q9WakeTimingBenchmark,lab-kafka,apache/kafka:4.3.1,3.77,"316.4MiB / 7.737GiB"
1791176309,2026-10-05T13:58:29,Q9WakeTimingBenchmark,lab-ryuk,testcontainers/ryuk:0.14.0,0.00,"8.934MiB / 7.737GiB"
1791176309,2026-10-05T13:58:29,Q9WakeTimingBenchmark,external-redis,redis:8.10.2,205.29,"1.954GiB / 7.737GiB"
1791176316,2026-10-05T13:58:36,Q9WakeTimingBenchmark,lab-kafka,apache/kafka:4.3.1,40.41,"333.2MiB / 7.737GiB"
1791176316,2026-10-05T13:58:36,Q9WakeTimingBenchmark,lab-ryuk,testcontainers/ryuk:0.14.0,0.00,"8.934MiB / 7.737GiB"
1791176316,2026-10-05T13:58:36,Q9WakeTimingBenchmark,external-redis,redis:8.10.2,124.70,"1.952GiB / 7.737GiB"
1791176324,2026-10-05T13:58:44,Q9WakeTimingBenchmark,external-redis,redis:8.10.2,87.05,"241.3MiB / 7.737GiB"
1791176324,2026-10-05T13:58:44,Q9WakeTimingBenchmark,lab-kafka,apache/kafka:4.3.1,10.02,"328.6MiB / 7.737GiB"
1791176324,2026-10-05T13:58:44,Q9WakeTimingBenchmark,lab-ryuk,testcontainers/ryuk:0.14.0,0.00,"8.934MiB / 7.737GiB"
1791176332,2026-10-05T13:58:52,Q9WakeTimingBenchmark,external-redis,redis:8.10.2,10.79,"758.7MiB / 7.737GiB"
1791176332,2026-10-05T13:58:52,Q9WakeTimingBenchmark,lab-kafka,apache/kafka:4.3.1,6.82,"328.5MiB / 7.737GiB"
1791176332,2026-10-05T13:58:52,Q9WakeTimingBenchmark,lab-ryuk,testcontainers/ryuk:0.14.0,0.00,"8.941MiB / 7.737GiB"
1791176339,2026-10-05T13:58:59,Q9WakeTimingBenchmark,external-redis,redis:8.10.2,65.83,"1.367GiB / 7.737GiB"
1791176339,2026-10-05T13:58:59,Q9WakeTimingBenchmark,lab-kafka,apache/kafka:4.3.1,7.48,"330.3MiB / 7.737GiB"
1791176339,2026-10-05T13:58:59,Q9WakeTimingBenchmark,lab-ryuk,testcontainers/ryuk:0.14.0,0.00,"8.941MiB / 7.737GiB"
1791176347,2026-10-05T13:59:07,Q9WakeTimingBenchmark,external-redis,redis:8.10.2,64.65,"1.936GiB / 7.737GiB"
1791176347,2026-10-05T13:59:07,Q9WakeTimingBenchmark,lab-kafka,apache/kafka:4.3.1,5.22,"333.9MiB / 7.737GiB"
1791176347,2026-10-05T13:59:07,Q9WakeTimingBenchmark,lab-ryuk,testcontainers/ryuk:0.14.0,0.00,"8.941MiB / 7.737GiB"
1791176354,2026-10-05T13:59:14,Q9WakeTimingBenchmark,external-redis,redis:8.10.2,189.89,"1.986GiB / 7.737GiB"
1791176354,2026-10-05T13:59:14,Q9WakeTimingBenchmark,lab-kafka,apache/kafka:4.3.1,11.50,"338.1MiB / 7.737GiB"
1791176354,2026-10-05T13:59:14,Q9WakeTimingBenchmark,lab-ryuk,testcontainers/ryuk:0.14.0,0.00,"8.941MiB / 7.737GiB"
1791176362,2026-10-05T13:59:22,Q9WakeTimingBenchmark,external-redis,redis:8.10.2,274.73,"2.959GiB / 7.737GiB"
1791176362,2026-10-05T13:59:22,Q9WakeTimingBenchmark,lab-kafka,apache/kafka:4.3.1,3.06,"347.9MiB / 7.737GiB"
1791176362,2026-10-05T13:59:22,Q9WakeTimingBenchmark,lab-ryuk,testcontainers/ryuk:0.14.0,0.00,"8.941MiB / 7.737GiB"
1791176369,2026-10-05T13:59:29,Q9WakeTimingBenchmark,external-redis,redis:8.10.2,210.57,"1.954GiB / 7.737GiB"
1791176369,2026-10-05T13:59:29,Q9WakeTimingBenchmark,lab-kafka,apache/kafka:4.3.1,5.44,"339.7MiB / 7.737GiB"
1791176369,2026-10-05T13:59:29,Q9WakeTimingBenchmark,lab-ryuk,testcontainers/ryuk:0.14.0,0.00,"8.941MiB / 7.737GiB"
1791176376,2026-10-05T13:59:36,Q9WakeTimingBenchmark,external-redis,redis:8.10.2,191.19,"1.954GiB / 7.737GiB"
1791176376,2026-10-05T13:59:36,Q9WakeTimingBenchmark,lab-kafka,apache/kafka:4.3.1,2.06,"340.7MiB / 7.737GiB"
1791176376,2026-10-05T13:59:36,Q9WakeTimingBenchmark,lab-ryuk,testcontainers/ryuk:0.14.0,0.00,"8.941MiB / 7.737GiB"
1791176383,2026-10-05T13:59:43,Q9WakeTimingBenchmark,external-redis,redis:8.10.2,199.30,"1.954GiB / 7.737GiB"
1791176383,2026-10-05T13:59:43,Q9WakeTimingBenchmark,lab-kafka,apache/kafka:4.3.1,4.38,"341.5MiB / 7.737GiB"
1791176383,2026-10-05T13:59:43,Q9WakeTimingBenchmark,lab-ryuk,testcontainers/ryuk:0.14.0,0.00,"8.941MiB / 7.737GiB"
1791176392,2026-10-05T13:59:52,Q9WakeTimingBenchmark,external-redis,redis:8.10.2,86.41,"1.95GiB / 7.737GiB"
1791176392,2026-10-05T13:59:52,Q9WakeTimingBenchmark,lab-kafka,apache/kafka:4.3.1,4.70,"343.6MiB / 7.737GiB"
1791176392,2026-10-05T13:59:52,Q9WakeTimingBenchmark,lab-ryuk,testcontainers/ryuk:0.14.0,0.00,"8.941MiB / 7.737GiB"
1791176399,2026-10-05T13:59:59,Q9WakeTimingBenchmark,external-redis,redis:8.10.2,0.29,"1.95GiB / 7.737GiB"
1791176399,2026-10-05T13:59:59,Q9WakeTimingBenchmark,lab-kafka,apache/kafka:4.3.1,7.99,"343.1MiB / 7.737GiB"
1791176399,2026-10-05T13:59:59,Q9WakeTimingBenchmark,lab-ryuk,testcontainers/ryuk:0.14.0,0.00,"8.941MiB / 7.737GiB"
1791176406,2026-10-05T14:00:06,Q9WakeTimingBenchmark,external-redis,redis:8.10.2,0.54,"1.95GiB / 7.737GiB"
1791176406,2026-10-05T14:00:06,Q9WakeTimingBenchmark,lab-kafka,apache/kafka:4.3.1,4.66,"344.3MiB / 7.737GiB"
1791176406,2026-10-05T14:00:06,Q9WakeTimingBenchmark,lab-ryuk,testcontainers/ryuk:0.14.0,0.00,"8.941MiB / 7.737GiB"
1791176414,2026-10-05T14:00:14,Q9WakeTimingBenchmark,external-redis,redis:8.10.2,0.39,"1.95GiB / 7.737GiB"
1791176414,2026-10-05T14:00:14,Q9WakeTimingBenchmark,lab-kafka,apache/kafka:4.3.1,12.19,"345.9MiB / 7.737GiB"
1791176414,2026-10-05T14:00:14,Q9WakeTimingBenchmark,lab-ryuk,testcontainers/ryuk:0.14.0,0.00,"8.941MiB / 7.737GiB"
1791176421,2026-10-05T14:00:21,Q9WakeTimingBenchmark,external-redis,redis:8.10.2,0.23,"1.95GiB / 7.737GiB"
1791176421,2026-10-05T14:00:21,Q9WakeTimingBenchmark,lab-kafka,apache/kafka:4.3.1,12.43,"347.2MiB / 7.737GiB"
1791176421,2026-10-05T14:00:21,Q9WakeTimingBenchmark,lab-ryuk,testcontainers/ryuk:0.14.0,0.00,"8.941MiB / 7.737GiB"
1791176428,2026-10-05T14:00:28,Q9WakeTimingBenchmark,external-redis,redis:8.10.2,0.25,"1.95GiB / 7.737GiB"
1791176428,2026-10-05T14:00:28,Q9WakeTimingBenchmark,lab-kafka,apache/kafka:4.3.1,4.85,"352.7MiB / 7.737GiB"
1791176428,2026-10-05T14:00:28,Q9WakeTimingBenchmark,lab-ryuk,testcontainers/ryuk:0.14.0,0.00,"8.941MiB / 7.737GiB"
1791176435,2026-10-05T14:00:35,Q9WakeTimingBenchmark,external-redis,redis:8.10.2,0.28,"1.95GiB / 7.737GiB"
1791176435,2026-10-05T14:00:35,Q9WakeTimingBenchmark,lab-kafka,apache/kafka:4.3.1,12.23,"347.9MiB / 7.737GiB"
1791176435,2026-10-05T14:00:35,Q9WakeTimingBenchmark,lab-ryuk,testcontainers/ryuk:0.14.0,0.00,"8.941MiB / 7.737GiB"
1791176443,2026-10-05T14:00:43,Q9WakeTimingBenchmark,external-redis,redis:8.10.2,0.39,"1.95GiB / 7.737GiB"
1791176443,2026-10-05T14:00:43,Q9WakeTimingBenchmark,lab-kafka,apache/kafka:4.3.1,8.08,"353.4MiB / 7.737GiB"
1791176443,2026-10-05T14:00:43,Q9WakeTimingBenchmark,lab-ryuk,testcontainers/ryuk:0.14.0,0.00,"8.941MiB / 7.737GiB"
1791176450,2026-10-05T14:00:50,Q9WakeTimingBenchmark,external-redis,redis:8.10.2,0.25,"1.95GiB / 7.737GiB"
1791176450,2026-10-05T14:00:50,Q9WakeTimingBenchmark,lab-kafka,apache/kafka:4.3.1,8.23,"353.8MiB / 7.737GiB"
1791176450,2026-10-05T14:00:50,Q9WakeTimingBenchmark,lab-ryuk,testcontainers/ryuk:0.14.0,0.00,"8.941MiB / 7.737GiB"
1791176457,2026-10-05T14:00:57,Q9WakeTimingBenchmark,external-redis,redis:8.10.2,0.25,"1.95GiB / 7.737GiB"
1791176457,2026-10-05T14:00:57,Q9WakeTimingBenchmark,lab-kafka,apache/kafka:4.3.1,13.93,"358.9MiB / 7.737GiB"
1791176457,2026-10-05T14:00:57,Q9WakeTimingBenchmark,lab-ryuk,testcontainers/ryuk:0.14.0,0.00,"8.941MiB / 7.737GiB"
1791176464,2026-10-05T14:01:04,Q9WakeTimingBenchmark,external-redis,redis:8.10.2,52.24,"165.8MiB / 7.737GiB"
1791176464,2026-10-05T14:01:04,Q9WakeTimingBenchmark,lab-kafka,apache/kafka:4.3.1,3.70,"354.4MiB / 7.737GiB"
1791176464,2026-10-05T14:01:04,Q9WakeTimingBenchmark,lab-ryuk,testcontainers/ryuk:0.14.0,0.00,"8.941MiB / 7.737GiB"
1791176471,2026-10-05T14:01:11,Q9WakeTimingBenchmark,external-redis,redis:8.10.2,20.09,"681.1MiB / 7.737GiB"
1791176471,2026-10-05T14:01:11,Q9WakeTimingBenchmark,lab-kafka,apache/kafka:4.3.1,6.39,"357.3MiB / 7.737GiB"
1791176471,2026-10-05T14:01:11,Q9WakeTimingBenchmark,lab-ryuk,testcontainers/ryuk:0.14.0,0.00,"8.941MiB / 7.737GiB"
1791176479,2026-10-05T14:01:19,Q9WakeTimingBenchmark,external-redis,redis:8.10.2,64.72,"1.147GiB / 7.737GiB"
1791176479,2026-10-05T14:01:19,Q9WakeTimingBenchmark,lab-kafka,apache/kafka:4.3.1,9.44,"358.4MiB / 7.737GiB"
1791176479,2026-10-05T14:01:19,Q9WakeTimingBenchmark,lab-ryuk,testcontainers/ryuk:0.14.0,0.00,"8.941MiB / 7.737GiB"
1791176487,2026-10-05T14:01:27,Q9WakeTimingBenchmark,external-redis,redis:8.10.2,61.97,"1.591GiB / 7.737GiB"
1791176487,2026-10-05T14:01:27,Q9WakeTimingBenchmark,lab-kafka,apache/kafka:4.3.1,8.71,"359.8MiB / 7.737GiB"
1791176487,2026-10-05T14:01:27,Q9WakeTimingBenchmark,lab-ryuk,testcontainers/ryuk:0.14.0,0.00,"8.941MiB / 7.737GiB"
1791176494,2026-10-05T14:01:34,Q9WakeTimingBenchmark,external-redis,redis:8.10.2,1.18,"1.999GiB / 7.737GiB"
1791176494,2026-10-05T14:01:34,Q9WakeTimingBenchmark,lab-kafka,apache/kafka:4.3.1,3.46,"358.6MiB / 7.737GiB"
1791176494,2026-10-05T14:01:34,Q9WakeTimingBenchmark,lab-ryuk,testcontainers/ryuk:0.14.0,0.00,"8.941MiB / 7.737GiB"
1791176502,2026-10-05T14:01:42,Q9WakeTimingBenchmark,external-redis,redis:8.10.2,165.47,"2.02GiB / 7.737GiB"
1791176502,2026-10-05T14:01:42,Q9WakeTimingBenchmark,lab-kafka,apache/kafka:4.3.1,4.24,"366MiB / 7.737GiB"
1791176502,2026-10-05T14:01:42,Q9WakeTimingBenchmark,lab-ryuk,testcontainers/ryuk:0.14.0,0.00,"8.941MiB / 7.737GiB"
1791176509,2026-10-05T14:01:49,Q9WakeTimingBenchmark,external-redis,redis:8.10.2,292.80,"2.265GiB / 7.737GiB"
1791176509,2026-10-05T14:01:49,Q9WakeTimingBenchmark,lab-kafka,apache/kafka:4.3.1,5.95,"359.8MiB / 7.737GiB"
1791176509,2026-10-05T14:01:49,Q9WakeTimingBenchmark,lab-ryuk,testcontainers/ryuk:0.14.0,0.00,"8.941MiB / 7.737GiB"
1791176516,2026-10-05T14:01:56,Q9WakeTimingBenchmark,external-redis,redis:8.10.2,202.38,"2.474GiB / 7.737GiB"
1791176516,2026-10-05T14:01:56,Q9WakeTimingBenchmark,lab-kafka,apache/kafka:4.3.1,1.17,"360.4MiB / 7.737GiB"
1791176516,2026-10-05T14:01:56,Q9WakeTimingBenchmark,lab-ryuk,testcontainers/ryuk:0.14.0,0.00,"8.941MiB / 7.737GiB"
1791176523,2026-10-05T14:02:03,Q9WakeTimingBenchmark,external-redis,redis:8.10.2,183.94,"2.581GiB / 7.737GiB"
1791176523,2026-10-05T14:02:03,Q9WakeTimingBenchmark,lab-kafka,apache/kafka:4.3.1,1.94,"364.6MiB / 7.737GiB"
1791176523,2026-10-05T14:02:03,Q9WakeTimingBenchmark,lab-ryuk,testcontainers/ryuk:0.14.0,0.00,"8.941MiB / 7.737GiB"
1791176531,2026-10-05T14:02:11,Q9WakeTimingBenchmark,external-redis,redis:8.10.2,208.78,"2.703GiB / 7.737GiB"
1791176531,2026-10-05T14:02:11,Q9WakeTimingBenchmark,lab-kafka,apache/kafka:4.3.1,3.71,"371.8MiB / 7.737GiB"
1791176531,2026-10-05T14:02:11,Q9WakeTimingBenchmark,lab-ryuk,testcontainers/ryuk:0.14.0,0.00,"8.941MiB / 7.737GiB"
1791176538,2026-10-05T14:02:18,Q9WakeTimingBenchmark,external-redis,redis:8.10.2,24.03,"2.756GiB / 7.737GiB"
1791176538,2026-10-05T14:02:18,Q9WakeTimingBenchmark,lab-kafka,apache/kafka:4.3.1,4.11,"376.7MiB / 7.737GiB"
1791176538,2026-10-05T14:02:18,Q9WakeTimingBenchmark,lab-ryuk,testcontainers/ryuk:0.14.0,0.00,"8.941MiB / 7.737GiB"
1791176545,2026-10-05T14:02:25,Q9WakeTimingBenchmark,external-redis,redis:8.10.2,28.35,"72.4MiB / 7.737GiB"
1791176545,2026-10-05T14:02:25,Q9WakeTimingBenchmark,lab-kafka,apache/kafka:4.3.1,4.41,"380.6MiB / 7.737GiB"
1791176545,2026-10-05T14:02:25,Q9WakeTimingBenchmark,lab-ryuk,testcontainers/ryuk:0.14.0,0.00,"8.941MiB / 7.737GiB"
1791176552,2026-10-05T14:02:32,Q9WakeTimingBenchmark,external-redis,redis:8.10.2,9.50,"596.9MiB / 7.737GiB"
1791176552,2026-10-05T14:02:32,Q9WakeTimingBenchmark,lab-kafka,apache/kafka:4.3.1,6.22,"387.6MiB / 7.737GiB"
1791176552,2026-10-05T14:02:32,Q9WakeTimingBenchmark,lab-ryuk,testcontainers/ryuk:0.14.0,0.00,"8.941MiB / 7.737GiB"
1791176560,2026-10-05T14:02:40,Q9WakeTimingBenchmark,external-redis,redis:8.10.2,60.90,"1.17GiB / 7.737GiB"
1791176560,2026-10-05T14:02:40,Q9WakeTimingBenchmark,lab-kafka,apache/kafka:4.3.1,3.10,"391MiB / 7.737GiB"
1791176560,2026-10-05T14:02:40,Q9WakeTimingBenchmark,lab-ryuk,testcontainers/ryuk:0.14.0,0.00,"8.941MiB / 7.737GiB"
1791176567,2026-10-05T14:02:47,Q9WakeTimingBenchmark,external-redis,redis:8.10.2,68.10,"1.732GiB / 7.737GiB"
1791176567,2026-10-05T14:02:47,Q9WakeTimingBenchmark,lab-kafka,apache/kafka:4.3.1,4.45,"398.4MiB / 7.737GiB"
1791176567,2026-10-05T14:02:47,Q9WakeTimingBenchmark,lab-ryuk,testcontainers/ryuk:0.14.0,0.00,"8.941MiB / 7.737GiB"
1791176575,2026-10-05T14:02:55,Q9WakeTimingBenchmark,external-redis,redis:8.10.2,57.79,"2.015GiB / 7.737GiB"
1791176575,2026-10-05T14:02:55,Q9WakeTimingBenchmark,lab-kafka,apache/kafka:4.3.1,1.92,"404.9MiB / 7.737GiB"
1791176575,2026-10-05T14:02:55,Q9WakeTimingBenchmark,lab-ryuk,testcontainers/ryuk:0.14.0,0.00,"8.941MiB / 7.737GiB"
1791176582,2026-10-05T14:03:02,Q9WakeTimingBenchmark,external-redis,redis:8.10.2,282.17,"2.077GiB / 7.737GiB"
1791176582,2026-10-05T14:03:02,Q9WakeTimingBenchmark,lab-kafka,apache/kafka:4.3.1,2.17,"413.6MiB / 7.737GiB"
1791176582,2026-10-05T14:03:02,Q9WakeTimingBenchmark,lab-ryuk,testcontainers/ryuk:0.14.0,0.00,"8.941MiB / 7.737GiB"
1791176589,2026-10-05T14:03:09,Q9WakeTimingBenchmark,external-redis,redis:8.10.2,193.05,"2.065GiB / 7.737GiB"
1791176589,2026-10-05T14:03:09,Q9WakeTimingBenchmark,lab-kafka,apache/kafka:4.3.1,2.81,"415.7MiB / 7.737GiB"
1791176589,2026-10-05T14:03:09,Q9WakeTimingBenchmark,lab-ryuk,testcontainers/ryuk:0.14.0,0.00,"8.941MiB / 7.737GiB"
1791176596,2026-10-05T14:03:16,Q9WakeTimingBenchmark,external-redis,redis:8.10.2,192.61,"2.079GiB / 7.737GiB"
1791176596,2026-10-05T14:03:16,Q9WakeTimingBenchmark,lab-kafka,apache/kafka:4.3.1,16.19,"430.9MiB / 7.737GiB"
1791176596,2026-10-05T14:03:16,Q9WakeTimingBenchmark,lab-ryuk,testcontainers/ryuk:0.14.0,0.00,"8.941MiB / 7.737GiB"
1791176603,2026-10-05T14:03:23,Q9WakeTimingBenchmark,external-redis,redis:8.10.2,187.01,"2.092GiB / 7.737GiB"
1791176603,2026-10-05T14:03:23,Q9WakeTimingBenchmark,lab-kafka,apache/kafka:4.3.1,2.58,"427.6MiB / 7.737GiB"
1791176603,2026-10-05T14:03:23,Q9WakeTimingBenchmark,lab-ryuk,testcontainers/ryuk:0.14.0,0.00,"8.941MiB / 7.737GiB"
1791176610,2026-10-05T14:03:30,Q9WakeTimingBenchmark,external-redis,redis:8.10.2,195.14,"2.106GiB / 7.737GiB"
1791176610,2026-10-05T14:03:30,Q9WakeTimingBenchmark,lab-kafka,apache/kafka:4.3.1,2.84,"428.7MiB / 7.737GiB"
1791176610,2026-10-05T14:03:30,Q9WakeTimingBenchmark,lab-ryuk,testcontainers/ryuk:0.14.0,0.00,"8.941MiB / 7.737GiB"
1791176618,2026-10-05T14:03:38,Q9WakeTimingBenchmark,external-redis,redis:8.10.2,14.18,"2.096GiB / 7.737GiB"
1791176618,2026-10-05T14:03:38,Q9WakeTimingBenchmark,lab-kafka,apache/kafka:4.3.1,6.10,"436MiB / 7.737GiB"
1791176618,2026-10-05T14:03:38,Q9WakeTimingBenchmark,lab-ryuk,testcontainers/ryuk:0.14.0,0.00,"8.941MiB / 7.737GiB"
1791176625,2026-10-05T14:03:45,Q9WakeTimingBenchmark,external-redis,redis:8.10.2,70.21,"352.5MiB / 7.737GiB"
1791176625,2026-10-05T14:03:45,Q9WakeTimingBenchmark,lab-kafka,apache/kafka:4.3.1,4.51,"441.2MiB / 7.737GiB"
1791176625,2026-10-05T14:03:45,Q9WakeTimingBenchmark,lab-ryuk,testcontainers/ryuk:0.14.0,0.00,"8.941MiB / 7.737GiB"
1791176632,2026-10-05T14:03:52,Q9WakeTimingBenchmark,external-redis,redis:8.10.2,15.68,"965.4MiB / 7.737GiB"
1791176632,2026-10-05T14:03:52,Q9WakeTimingBenchmark,lab-kafka,apache/kafka:4.3.1,5.30,"448.8MiB / 7.737GiB"
1791176632,2026-10-05T14:03:52,Q9WakeTimingBenchmark,lab-ryuk,testcontainers/ryuk:0.14.0,0.00,"8.941MiB / 7.737GiB"
1791176639,2026-10-05T14:03:59,Q9WakeTimingBenchmark,external-redis,redis:8.10.2,84.95,"1.633GiB / 7.737GiB"
1791176639,2026-10-05T14:03:59,Q9WakeTimingBenchmark,lab-kafka,apache/kafka:4.3.1,6.90,"455MiB / 7.737GiB"
1791176639,2026-10-05T14:03:59,Q9WakeTimingBenchmark,lab-ryuk,testcontainers/ryuk:0.14.0,0.00,"8.941MiB / 7.737GiB"
1791176647,2026-10-05T14:04:07,Q9WakeTimingBenchmark,external-redis,redis:8.10.2,1.26,"1.985GiB / 7.737GiB"
1791176647,2026-10-05T14:04:07,Q9WakeTimingBenchmark,lab-kafka,apache/kafka:4.3.1,2.54,"458.3MiB / 7.737GiB"
1791176647,2026-10-05T14:04:07,Q9WakeTimingBenchmark,lab-ryuk,testcontainers/ryuk:0.14.0,0.00,"8.941MiB / 7.737GiB"
1791176654,2026-10-05T14:04:14,Q9WakeTimingBenchmark,external-redis,redis:8.10.2,288.01,"2.056GiB / 7.737GiB"
1791176654,2026-10-05T14:04:14,Q9WakeTimingBenchmark,lab-kafka,apache/kafka:4.3.1,11.37,"469.1MiB / 7.737GiB"
1791176654,2026-10-05T14:04:14,Q9WakeTimingBenchmark,lab-ryuk,testcontainers/ryuk:0.14.0,0.00,"8.941MiB / 7.737GiB"
1791176662,2026-10-05T14:04:22,Q9WakeTimingBenchmark,external-redis,redis:8.10.2,206.91,"1.998GiB / 7.737GiB"
1791176662,2026-10-05T14:04:22,Q9WakeTimingBenchmark,lab-kafka,apache/kafka:4.3.1,1.96,"466.4MiB / 7.737GiB"
1791176662,2026-10-05T14:04:22,Q9WakeTimingBenchmark,lab-ryuk,testcontainers/ryuk:0.14.0,0.00,"8.941MiB / 7.737GiB"
1791176669,2026-10-05T14:04:29,Q9WakeTimingBenchmark,external-redis,redis:8.10.2,198.90,"1.967GiB / 7.737GiB"
1791176669,2026-10-05T14:04:29,Q9WakeTimingBenchmark,lab-kafka,apache/kafka:4.3.1,2.57,"470.3MiB / 7.737GiB"
1791176669,2026-10-05T14:04:29,Q9WakeTimingBenchmark,lab-ryuk,testcontainers/ryuk:0.14.0,0.00,"8.941MiB / 7.737GiB"
1791176676,2026-10-05T14:04:36,Q9WakeTimingBenchmark,external-redis,redis:8.10.2,199.67,"1.967GiB / 7.737GiB"
1791176676,2026-10-05T14:04:36,Q9WakeTimingBenchmark,lab-kafka,apache/kafka:4.3.1,2.66,"476.1MiB / 7.737GiB"
1791176676,2026-10-05T14:04:36,Q9WakeTimingBenchmark,lab-ryuk,testcontainers/ryuk:0.14.0,0.00,"8.941MiB / 7.737GiB"
1791176683,2026-10-05T14:04:43,Q9WakeTimingBenchmark,external-redis,redis:8.10.2,202.09,"1.967GiB / 7.737GiB"
1791176683,2026-10-05T14:04:43,Q9WakeTimingBenchmark,lab-kafka,apache/kafka:4.3.1,4.16,"479.5MiB / 7.737GiB"
1791176683,2026-10-05T14:04:43,Q9WakeTimingBenchmark,lab-ryuk,testcontainers/ryuk:0.14.0,0.00,"8.941MiB / 7.737GiB"
1791176692,2026-10-05T14:04:52,Q9WakeTimingBenchmark,external-redis,redis:8.10.2,18.94,"1.956GiB / 7.737GiB"
1791176692,2026-10-05T14:04:52,Q9WakeTimingBenchmark,lab-kafka,apache/kafka:4.3.1,3.33,"493.3MiB / 7.737GiB"
1791176692,2026-10-05T14:04:52,Q9WakeTimingBenchmark,lab-ryuk,testcontainers/ryuk:0.14.0,0.00,"8.941MiB / 7.737GiB"
1791176699,2026-10-05T14:04:59,Q9WakeTimingBenchmark,external-redis,redis:8.10.2,0.24,"1.955GiB / 7.737GiB"
1791176699,2026-10-05T14:04:59,Q9WakeTimingBenchmark,lab-kafka,apache/kafka:4.3.1,4.81,"493.4MiB / 7.737GiB"
1791176699,2026-10-05T14:04:59,Q9WakeTimingBenchmark,lab-ryuk,testcontainers/ryuk:0.14.0,0.00,"8.941MiB / 7.737GiB"
1791176706,2026-10-05T14:05:06,Q9WakeTimingBenchmark,external-redis,redis:8.10.2,0.23,"1.955GiB / 7.737GiB"
1791176706,2026-10-05T14:05:06,Q9WakeTimingBenchmark,lab-kafka,apache/kafka:4.3.1,2.45,"493.8MiB / 7.737GiB"
1791176706,2026-10-05T14:05:06,Q9WakeTimingBenchmark,lab-ryuk,testcontainers/ryuk:0.14.0,0.00,"8.941MiB / 7.737GiB"
1791176713,2026-10-05T14:05:13,Q9WakeTimingBenchmark,external-redis,redis:8.10.2,0.27,"1.955GiB / 7.737GiB"
1791176713,2026-10-05T14:05:13,Q9WakeTimingBenchmark,lab-kafka,apache/kafka:4.3.1,4.80,"494.6MiB / 7.737GiB"
1791176713,2026-10-05T14:05:13,Q9WakeTimingBenchmark,lab-ryuk,testcontainers/ryuk:0.14.0,0.00,"8.941MiB / 7.737GiB"
1791176720,2026-10-05T14:05:20,Q9WakeTimingBenchmark,external-redis,redis:8.10.2,0.25,"1.955GiB / 7.737GiB"
1791176720,2026-10-05T14:05:20,Q9WakeTimingBenchmark,lab-kafka,apache/kafka:4.3.1,2.61,"494.7MiB / 7.737GiB"
1791176720,2026-10-05T14:05:20,Q9WakeTimingBenchmark,lab-ryuk,testcontainers/ryuk:0.14.0,0.00,"8.941MiB / 7.737GiB"
1791176727,2026-10-05T14:05:27,Q9WakeTimingBenchmark,lab-kafka,apache/kafka:4.3.1,3.02,"500MiB / 7.737GiB"
1791176727,2026-10-05T14:05:27,Q9WakeTimingBenchmark,lab-ryuk,testcontainers/ryuk:0.14.0,0.00,"8.941MiB / 7.737GiB"
1791176734,2026-10-05T14:05:34,Q9WakeTimingBenchmark,lab-kafka,apache/kafka:4.3.1,5.41,"496.5MiB / 7.737GiB"
1791176734,2026-10-05T14:05:34,Q9WakeTimingBenchmark,lab-ryuk,testcontainers/ryuk:0.14.0,0.00,"8.941MiB / 7.737GiB"
1791176742,2026-10-05T14:05:42,Q9WakeTimingBenchmark,lab-kafka,apache/kafka:4.3.1,2.74,"495.4MiB / 7.737GiB"
1791176742,2026-10-05T14:05:42,Q9WakeTimingBenchmark,lab-ryuk,testcontainers/ryuk:0.14.0,0.00,"8.941MiB / 7.737GiB"
1791176749,2026-10-05T14:05:49,Q9WakeTimingBenchmark,lab-kafka,apache/kafka:4.3.1,4.04,"495.7MiB / 7.737GiB"
1791176749,2026-10-05T14:05:49,Q9WakeTimingBenchmark,lab-ryuk,testcontainers/ryuk:0.14.0,0.00,"8.941MiB / 7.737GiB"
1791176756,2026-10-05T14:05:56,Q9WakeTimingBenchmark,lab-kafka,apache/kafka:4.3.1,4.79,"496.9MiB / 7.737GiB"
1791176756,2026-10-05T14:05:56,Q9WakeTimingBenchmark,lab-ryuk,testcontainers/ryuk:0.14.0,0.00,"8.941MiB / 7.737GiB"
1791176763,2026-10-05T14:06:03,Q9WakeTimingBenchmark,lab-kafka,apache/kafka:4.3.1,6.64,"496.2MiB / 7.737GiB"
1791176763,2026-10-05T14:06:03,Q9WakeTimingBenchmark,lab-ryuk,testcontainers/ryuk:0.14.0,0.00,"8.941MiB / 7.737GiB"
1791176770,2026-10-05T14:06:10,Q9WakeTimingBenchmark,lab-kafka,apache/kafka:4.3.1,2.91,"497.9MiB / 7.737GiB"
1791176770,2026-10-05T14:06:10,Q9WakeTimingBenchmark,lab-ryuk,testcontainers/ryuk:0.14.0,0.00,"8.941MiB / 7.737GiB"
1791176777,2026-10-05T14:06:17,Q9WakeTimingBenchmark,lab-kafka,apache/kafka:4.3.1,8.21,"498.3MiB / 7.737GiB"
1791176777,2026-10-05T14:06:17,Q9WakeTimingBenchmark,lab-ryuk,testcontainers/ryuk:0.14.0,0.00,"8.941MiB / 7.737GiB"
1791176784,2026-10-05T14:06:24,Q9WakeTimingBenchmark,lab-kafka,apache/kafka:4.3.1,5.38,"498.5MiB / 7.737GiB"
1791176784,2026-10-05T14:06:24,Q9WakeTimingBenchmark,lab-ryuk,testcontainers/ryuk:0.14.0,0.00,"8.941MiB / 7.737GiB"
1791176792,2026-10-05T14:06:32,Q9WakeTimingBenchmark,external-redis,redis:8.10.2,24.43,"157.2MiB / 7.737GiB"
1791176792,2026-10-05T14:06:32,Q9WakeTimingBenchmark,lab-kafka,apache/kafka:4.3.1,5.07,"498.9MiB / 7.737GiB"
1791176792,2026-10-05T14:06:32,Q9WakeTimingBenchmark,lab-ryuk,testcontainers/ryuk:0.14.0,0.00,"8.941MiB / 7.737GiB"
1791176799,2026-10-05T14:06:39,Q9WakeTimingBenchmark,external-redis,redis:8.10.2,65.17,"695.3MiB / 7.737GiB"
1791176799,2026-10-05T14:06:39,Q9WakeTimingBenchmark,lab-kafka,apache/kafka:4.3.1,1.91,"502.1MiB / 7.737GiB"
1791176799,2026-10-05T14:06:39,Q9WakeTimingBenchmark,lab-ryuk,testcontainers/ryuk:0.14.0,0.00,"8.941MiB / 7.737GiB"
1791176807,2026-10-05T14:06:47,Q9WakeTimingBenchmark,external-redis,redis:8.10.2,1.30,"1.078GiB / 7.737GiB"
1791176807,2026-10-05T14:06:47,Q9WakeTimingBenchmark,lab-kafka,apache/kafka:4.3.1,7.42,"501.2MiB / 7.737GiB"
1791176807,2026-10-05T14:06:47,Q9WakeTimingBenchmark,lab-ryuk,testcontainers/ryuk:0.14.0,0.00,"8.941MiB / 7.737GiB"
1791176814,2026-10-05T14:06:54,Q9WakeTimingBenchmark,external-redis,redis:8.10.2,186.22,"1.066GiB / 7.737GiB"
1791176814,2026-10-05T14:06:54,Q9WakeTimingBenchmark,lab-kafka,apache/kafka:4.3.1,3.24,"499.3MiB / 7.737GiB"
1791176814,2026-10-05T14:06:54,Q9WakeTimingBenchmark,lab-ryuk,testcontainers/ryuk:0.14.0,0.00,"8.941MiB / 7.737GiB"
1791176814,2026-10-05T14:06:54,Q9WakeTimingBenchmark,external-unknown,unknown,0.15,"6.133MiB / 7.737GiB"
1791176822,2026-10-05T14:07:02,Q9WakeTimingBenchmark,external-redis,redis:8.10.2,60.50,"32.23MiB / 7.737GiB"
1791176822,2026-10-05T14:07:02,Q9WakeTimingBenchmark,external-redis,redis:8.10.2,279.66,"1.07GiB / 7.737GiB"
1791176822,2026-10-05T14:07:02,Q9WakeTimingBenchmark,lab-kafka,apache/kafka:4.3.1,10.20,"507.7MiB / 7.737GiB"
1791176822,2026-10-05T14:07:02,Q9WakeTimingBenchmark,lab-ryuk,testcontainers/ryuk:0.14.0,0.00,"8.941MiB / 7.737GiB"
1791176829,2026-10-05T14:07:09,Q9WakeTimingBenchmark,external-redis,redis:8.10.2,0.14,"1.062GiB / 7.737GiB"
1791176829,2026-10-05T14:07:09,Q9WakeTimingBenchmark,external-redis,redis:8.10.2,191.91,"1.067GiB / 7.737GiB"
1791176829,2026-10-05T14:07:09,Q9WakeTimingBenchmark,lab-kafka,apache/kafka:4.3.1,3.48,"501MiB / 7.737GiB"
1791176829,2026-10-05T14:07:09,Q9WakeTimingBenchmark,lab-ryuk,testcontainers/ryuk:0.14.0,0.00,"8.941MiB / 7.737GiB"
1791176837,2026-10-05T14:07:17,Q9WakeTimingBenchmark,external-redis,redis:8.10.2,0.12,"1.062GiB / 7.737GiB"
1791176837,2026-10-05T14:07:17,Q9WakeTimingBenchmark,external-redis,redis:8.10.2,196.25,"1.067GiB / 7.737GiB"
1791176837,2026-10-05T14:07:17,Q9WakeTimingBenchmark,lab-kafka,apache/kafka:4.3.1,2.20,"502.2MiB / 7.737GiB"
1791176837,2026-10-05T14:07:17,Q9WakeTimingBenchmark,lab-ryuk,testcontainers/ryuk:0.14.0,0.00,"8.941MiB / 7.737GiB"
1791176844,2026-10-05T14:07:24,Q9WakeTimingBenchmark,external-redis,redis:8.10.2,0.14,"1.062GiB / 7.737GiB"
1791176844,2026-10-05T14:07:24,Q9WakeTimingBenchmark,external-redis,redis:8.10.2,191.44,"1.068GiB / 7.737GiB"
1791176844,2026-10-05T14:07:24,Q9WakeTimingBenchmark,lab-kafka,apache/kafka:4.3.1,1.60,"500.7MiB / 7.737GiB"
1791176844,2026-10-05T14:07:24,Q9WakeTimingBenchmark,lab-ryuk,testcontainers/ryuk:0.14.0,0.00,"8.941MiB / 7.737GiB"
1791176851,2026-10-05T14:07:31,Q9WakeTimingBenchmark,external-redis,redis:8.10.2,0.24,"1.062GiB / 7.737GiB"
1791176851,2026-10-05T14:07:31,Q9WakeTimingBenchmark,external-redis,redis:8.10.2,19.95,"1.063GiB / 7.737GiB"
1791176851,2026-10-05T14:07:31,Q9WakeTimingBenchmark,lab-kafka,apache/kafka:4.3.1,7.87,"501.2MiB / 7.737GiB"
1791176851,2026-10-05T14:07:31,Q9WakeTimingBenchmark,lab-ryuk,testcontainers/ryuk:0.14.0,0.00,"8.941MiB / 7.737GiB"
1791176859,2026-10-05T14:07:39,Q9WakeTimingBenchmark,external-redis,redis:8.10.2,66.56,"289.9MiB / 7.737GiB"
1791176859,2026-10-05T14:07:39,Q9WakeTimingBenchmark,lab-kafka,apache/kafka:4.3.1,2.03,"501.2MiB / 7.737GiB"
1791176859,2026-10-05T14:07:39,Q9WakeTimingBenchmark,lab-ryuk,testcontainers/ryuk:0.14.0,0.00,"8.941MiB / 7.737GiB"
1791176866,2026-10-05T14:07:46,Q9WakeTimingBenchmark,external-redis,redis:8.10.2,54.64,"815.1MiB / 7.737GiB"
1791176866,2026-10-05T14:07:46,Q9WakeTimingBenchmark,lab-kafka,apache/kafka:4.3.1,5.96,"505.9MiB / 7.737GiB"
1791176866,2026-10-05T14:07:46,Q9WakeTimingBenchmark,lab-ryuk,testcontainers/ryuk:0.14.0,0.00,"8.941MiB / 7.737GiB"
1791176873,2026-10-05T14:07:53,Q9WakeTimingBenchmark,external-redis,redis:8.10.2,13.97,"1.079GiB / 7.737GiB"
1791176873,2026-10-05T14:07:53,Q9WakeTimingBenchmark,lab-kafka,apache/kafka:4.3.1,6.65,"501.9MiB / 7.737GiB"
1791176873,2026-10-05T14:07:53,Q9WakeTimingBenchmark,lab-ryuk,testcontainers/ryuk:0.14.0,0.00,"8.941MiB / 7.737GiB"
1791176881,2026-10-05T14:08:01,Q9WakeTimingBenchmark,external-redis,redis:8.10.2,0.18,"5.875MiB / 7.737GiB"
1791176881,2026-10-05T14:08:01,Q9WakeTimingBenchmark,external-redis,redis:8.10.2,275.72,"1.083GiB / 7.737GiB"
1791176881,2026-10-05T14:08:01,Q9WakeTimingBenchmark,lab-kafka,apache/kafka:4.3.1,5.11,"503.7MiB / 7.737GiB"
1791176881,2026-10-05T14:08:01,Q9WakeTimingBenchmark,lab-ryuk,testcontainers/ryuk:0.14.0,0.00,"8.941MiB / 7.737GiB"
1791176888,2026-10-05T14:08:08,Q9WakeTimingBenchmark,external-redis,redis:8.10.2,96.47,"971.4MiB / 7.737GiB"
1791176888,2026-10-05T14:08:08,Q9WakeTimingBenchmark,external-redis,redis:8.10.2,180.64,"1.066GiB / 7.737GiB"
1791176888,2026-10-05T14:08:08,Q9WakeTimingBenchmark,lab-kafka,apache/kafka:4.3.1,1.81,"502.4MiB / 7.737GiB"
1791176888,2026-10-05T14:08:08,Q9WakeTimingBenchmark,lab-ryuk,testcontainers/ryuk:0.14.0,0.00,"8.941MiB / 7.737GiB"
1791176895,2026-10-05T14:08:15,Q9RestartRaceBenchmark,external-redis,redis:8.10.2,0.12,"1.062GiB / 7.737GiB"
1791176895,2026-10-05T14:08:15,Q9RestartRaceBenchmark,external-redis,redis:8.10.2,167.32,"1.066GiB / 7.737GiB"
1791176895,2026-10-05T14:08:15,Q9RestartRaceBenchmark,lab-ryuk,testcontainers/ryuk:0.14.0,0.00,"8.938MiB / 7.737GiB"
1791176895,2026-10-05T14:08:15,Q9RestartRaceBenchmark,external-unknown,unknown,0.00,"9.016MiB / 7.737GiB"
1791176895,2026-10-05T14:08:15,Q9RestartRaceBenchmark,external-unknown,unknown,106.69,"101.9MiB / 7.737GiB"
1791176903,2026-10-05T14:08:23,Q9RestartRaceBenchmark,lab-ryuk,testcontainers/ryuk:0.14.0,0.05,"9.016MiB / 7.737GiB"
1791176903,2026-10-05T14:08:23,Q9RestartRaceBenchmark,external-redis,redis:8.10.2,0.15,"1.062GiB / 7.737GiB"
1791176903,2026-10-05T14:08:23,Q9RestartRaceBenchmark,external-redis,redis:8.10.2,151.37,"1.066GiB / 7.737GiB"
1791176911,2026-10-05T14:08:31,idle,lab-ryuk,testcontainers/ryuk:0.14.0,0.00,"9.016MiB / 7.737GiB"
1791176911,2026-10-05T14:08:31,idle,external-redis,redis:8.10.2,0.21,"1.062GiB / 7.737GiB"
1791176911,2026-10-05T14:08:31,idle,external-redis,redis:8.10.2,192.26,"1.066GiB / 7.737GiB"
1791176918,2026-10-05T14:08:38,idle,external-unknown,unknown,--,"-- / --"
1791176925,2026-10-05T14:08:45,idle,external-redis,redis:8.10.2,52.31,"133MiB / 7.737GiB"
1791176932,2026-10-05T14:08:52,idle,external-redis,redis:8.10.2,70.60,"554.6MiB / 7.737GiB"
1791176938,2026-10-05T14:08:58,idle,external-redis,redis:8.10.2,62.71,"977.2MiB / 7.737GiB"
1791176945,2026-10-05T14:09:05,idle,external-redis,redis:8.10.2,16.25,"1.079GiB / 7.737GiB"
1791176951,2026-10-05T14:09:11,Q9RestartRaceBenchmark,lab-postgres,postgres:16,0.02,"35MiB / 7.737GiB"
1791176951,2026-10-05T14:09:11,Q9RestartRaceBenchmark,external-redis,redis:8.10.2,0.14,"5.887MiB / 7.737GiB"
1791176951,2026-10-05T14:09:11,Q9RestartRaceBenchmark,lab-kafka,apache/kafka:4.3.1,54.06,"330.8MiB / 7.737GiB"
1791176951,2026-10-05T14:09:11,Q9RestartRaceBenchmark,lab-ryuk,testcontainers/ryuk:0.14.0,0.00,"8.688MiB / 7.737GiB"
1791176951,2026-10-05T14:09:11,Q9RestartRaceBenchmark,external-redis,redis:8.10.2,180.31,"1.109GiB / 7.737GiB"
1791176958,2026-10-05T14:09:18,Q9RestartRaceBenchmark,lab-postgres,postgres:16,0.12,"35.21MiB / 7.737GiB"
1791176958,2026-10-05T14:09:18,Q9RestartRaceBenchmark,external-redis,redis:8.10.2,46.03,"68.43MiB / 7.737GiB"
1791176958,2026-10-05T14:09:18,Q9RestartRaceBenchmark,lab-kafka,apache/kafka:4.3.1,17.28,"324.4MiB / 7.737GiB"
1791176958,2026-10-05T14:09:18,Q9RestartRaceBenchmark,lab-ryuk,testcontainers/ryuk:0.14.0,0.00,"8.688MiB / 7.737GiB"
1791176958,2026-10-05T14:09:18,Q9RestartRaceBenchmark,external-redis,redis:8.10.2,253.28,"1.187GiB / 7.737GiB"
1791176965,2026-10-05T14:09:25,Q9RestartRaceBenchmark,lab-postgres,postgres:16,0.23,"35.26MiB / 7.737GiB"
1791176965,2026-10-05T14:09:25,Q9RestartRaceBenchmark,external-redis,redis:8.10.2,2.62,"1.204GiB / 7.737GiB"
1791176965,2026-10-05T14:09:25,Q9RestartRaceBenchmark,lab-kafka,apache/kafka:4.3.1,6.39,"320.6MiB / 7.737GiB"
1791176965,2026-10-05T14:09:25,Q9RestartRaceBenchmark,lab-ryuk,testcontainers/ryuk:0.14.0,0.00,"8.688MiB / 7.737GiB"
1791176965,2026-10-05T14:09:25,Q9RestartRaceBenchmark,external-redis,redis:8.10.2,197.84,"1.202GiB / 7.737GiB"
1791176973,2026-10-05T14:09:33,Q9RestartRaceBenchmark,lab-postgres,postgres:16,0.54,"35.36MiB / 7.737GiB"
1791176973,2026-10-05T14:09:33,Q9RestartRaceBenchmark,external-redis,redis:8.10.2,2.66,"1.251GiB / 7.737GiB"
1791176973,2026-10-05T14:09:33,Q9RestartRaceBenchmark,lab-kafka,apache/kafka:4.3.1,5.43,"320.4MiB / 7.737GiB"
1791176973,2026-10-05T14:09:33,Q9RestartRaceBenchmark,lab-ryuk,testcontainers/ryuk:0.14.0,0.00,"8.688MiB / 7.737GiB"
1791176973,2026-10-05T14:09:33,Q9RestartRaceBenchmark,external-redis,redis:8.10.2,183.38,"1.251GiB / 7.737GiB"
1791176980,2026-10-05T14:09:40,Q9RestartRaceBenchmark,lab-postgres,postgres:16,0.30,"35.41MiB / 7.737GiB"
1791176980,2026-10-05T14:09:40,Q9RestartRaceBenchmark,external-redis,redis:8.10.2,3.97,"1.306GiB / 7.737GiB"
1791176980,2026-10-05T14:09:40,Q9RestartRaceBenchmark,lab-kafka,apache/kafka:4.3.1,4.47,"323.6MiB / 7.737GiB"
1791176980,2026-10-05T14:09:40,Q9RestartRaceBenchmark,lab-ryuk,testcontainers/ryuk:0.14.0,0.00,"8.695MiB / 7.737GiB"
1791176980,2026-10-05T14:09:40,Q9RestartRaceBenchmark,external-redis,redis:8.10.2,190.37,"1.304GiB / 7.737GiB"
1791176987,2026-10-05T14:09:47,Q9RestartRaceBenchmark,lab-postgres,postgres:16,0.10,"35.41MiB / 7.737GiB"
1791176987,2026-10-05T14:09:47,Q9RestartRaceBenchmark,external-redis,redis:8.10.2,0.30,"1.318GiB / 7.737GiB"
1791176987,2026-10-05T14:09:47,Q9RestartRaceBenchmark,lab-kafka,apache/kafka:4.3.1,7.50,"329.3MiB / 7.737GiB"
1791176987,2026-10-05T14:09:47,Q9RestartRaceBenchmark,lab-ryuk,testcontainers/ryuk:0.14.0,0.00,"8.695MiB / 7.737GiB"
1791176987,2026-10-05T14:09:47,Q9RestartRaceBenchmark,external-redis,redis:8.10.2,16.68,"1.32GiB / 7.737GiB"
1791176994,2026-10-05T14:09:54,Q9RestartRaceBenchmark,external-redis,redis:8.10.2,87.35,"269.2MiB / 7.737GiB"
1791176994,2026-10-05T14:09:54,Q9RestartRaceBenchmark,lab-postgres,postgres:16,0.41,"35.41MiB / 7.737GiB"
1791176994,2026-10-05T14:09:54,Q9RestartRaceBenchmark,lab-kafka,apache/kafka:4.3.1,5.50,"335.9MiB / 7.737GiB"
1791176994,2026-10-05T14:09:54,Q9RestartRaceBenchmark,lab-ryuk,testcontainers/ryuk:0.14.0,0.00,"8.695MiB / 7.737GiB"
1791177004,2026-10-05T14:10:04,Q9RestartRaceBenchmark,external-redis,redis:8.10.2,46.64,"716.6MiB / 7.737GiB"
1791177004,2026-10-05T14:10:04,Q9RestartRaceBenchmark,lab-postgres,postgres:16,0.10,"37.06MiB / 7.737GiB"
1791177004,2026-10-05T14:10:04,Q9RestartRaceBenchmark,lab-kafka,apache/kafka:4.3.1,4.29,"332.5MiB / 7.737GiB"
1791177004,2026-10-05T14:10:04,Q9RestartRaceBenchmark,lab-ryuk,testcontainers/ryuk:0.14.0,0.00,"8.695MiB / 7.737GiB"
1791177012,2026-10-05T14:10:12,Q9RestartRaceBenchmark,external-redis,redis:8.10.2,20.44,"1.077GiB / 7.737GiB"
1791177012,2026-10-05T14:10:12,Q9RestartRaceBenchmark,lab-postgres,postgres:16,0.42,"37.07MiB / 7.737GiB"
1791177012,2026-10-05T14:10:12,Q9RestartRaceBenchmark,lab-kafka,apache/kafka:4.3.1,10.04,"334.1MiB / 7.737GiB"
1791177012,2026-10-05T14:10:12,Q9RestartRaceBenchmark,lab-ryuk,testcontainers/ryuk:0.14.0,0.00,"8.695MiB / 7.737GiB"
1791177019,2026-10-05T14:10:19,Q9RestartRaceBenchmark,external-redis,redis:8.10.2,186.87,"1.174GiB / 7.737GiB"
1791177019,2026-10-05T14:10:19,Q9RestartRaceBenchmark,lab-postgres,postgres:16,1.15,"37.63MiB / 7.737GiB"
1791177019,2026-10-05T14:10:19,Q9RestartRaceBenchmark,lab-kafka,apache/kafka:4.3.1,3.10,"340.5MiB / 7.737GiB"
1791177019,2026-10-05T14:10:19,Q9RestartRaceBenchmark,lab-ryuk,testcontainers/ryuk:0.14.0,0.00,"8.695MiB / 7.737GiB"
1791177027,2026-10-05T14:10:27,Q9RestartRaceBenchmark,external-redis,redis:8.10.2,32.94,"66.34MiB / 7.737GiB"
1791177027,2026-10-05T14:10:27,Q9RestartRaceBenchmark,external-redis,redis:8.10.2,213.33,"1.666GiB / 7.737GiB"
1791177027,2026-10-05T14:10:27,Q9RestartRaceBenchmark,lab-postgres,postgres:16,0.04,"37.63MiB / 7.737GiB"
1791177027,2026-10-05T14:10:27,Q9RestartRaceBenchmark,lab-kafka,apache/kafka:4.3.1,5.93,"334.7MiB / 7.737GiB"
1791177027,2026-10-05T14:10:27,Q9RestartRaceBenchmark,lab-ryuk,testcontainers/ryuk:0.14.0,0.00,"8.695MiB / 7.737GiB"
1791177034,2026-10-05T14:10:34,Q9RestartRaceBenchmark,external-redis,redis:8.10.2,98.42,"518.5MiB / 7.737GiB"
1791177034,2026-10-05T14:10:34,Q9RestartRaceBenchmark,external-redis,redis:8.10.2,136.48,"2.073GiB / 7.737GiB"
1791177034,2026-10-05T14:10:34,Q9RestartRaceBenchmark,lab-postgres,postgres:16,0.36,"37.63MiB / 7.737GiB"
1791177034,2026-10-05T14:10:34,Q9RestartRaceBenchmark,lab-kafka,apache/kafka:4.3.1,4.64,"335.8MiB / 7.737GiB"
1791177034,2026-10-05T14:10:34,Q9RestartRaceBenchmark,lab-ryuk,testcontainers/ryuk:0.14.0,0.01,"8.695MiB / 7.737GiB"
1791177043,2026-10-05T14:10:43,Q9RestartRaceBenchmark,external-redis,redis:8.10.2,0.15,"1.542GiB / 7.737GiB"
1791177043,2026-10-05T14:10:43,Q9RestartRaceBenchmark,external-redis,redis:8.10.2,185.25,"2.334GiB / 7.737GiB"
1791177043,2026-10-05T14:10:43,Q9RestartRaceBenchmark,lab-postgres,postgres:16,0.17,"37.49MiB / 7.737GiB"
1791177043,2026-10-05T14:10:43,Q9RestartRaceBenchmark,lab-kafka,apache/kafka:4.3.1,8.40,"336.8MiB / 7.737GiB"
1791177043,2026-10-05T14:10:43,Q9RestartRaceBenchmark,lab-ryuk,testcontainers/ryuk:0.14.0,0.00,"8.695MiB / 7.737GiB"
1791177050,2026-10-05T14:10:50,Q9RestartRaceBenchmark,external-redis,redis:8.10.2,56.40,"1.768GiB / 7.737GiB"
1791177050,2026-10-05T14:10:50,Q9RestartRaceBenchmark,external-redis,redis:8.10.2,233.96,"2.764GiB / 7.737GiB"
1791177050,2026-10-05T14:10:50,Q9RestartRaceBenchmark,lab-postgres,postgres:16,0.19,"37.5MiB / 7.737GiB"
1791177050,2026-10-05T14:10:50,Q9RestartRaceBenchmark,lab-kafka,apache/kafka:4.3.1,11.87,"339.8MiB / 7.737GiB"
1791177050,2026-10-05T14:10:50,Q9RestartRaceBenchmark,lab-ryuk,testcontainers/ryuk:0.14.0,0.00,"8.695MiB / 7.737GiB"
1791177058,2026-10-05T14:10:58,Q9RestartRaceBenchmark,external-redis,redis:8.10.2,35.71,"1.886GiB / 7.737GiB"
1791177058,2026-10-05T14:10:58,Q9RestartRaceBenchmark,external-redis,redis:8.10.2,133.38,"3.068GiB / 7.737GiB"
1791177058,2026-10-05T14:10:58,Q9RestartRaceBenchmark,lab-postgres,postgres:16,0.08,"37.74MiB / 7.737GiB"
1791177058,2026-10-05T14:10:58,Q9RestartRaceBenchmark,lab-kafka,apache/kafka:4.3.1,3.86,"343.4MiB / 7.737GiB"
1791177058,2026-10-05T14:10:58,Q9RestartRaceBenchmark,lab-ryuk,testcontainers/ryuk:0.14.0,0.00,"8.695MiB / 7.737GiB"
1791177065,2026-10-05T14:11:05,Q9RestartRaceBenchmark,external-redis,redis:8.10.2,97.67,"1.749GiB / 7.737GiB"
1791177065,2026-10-05T14:11:05,Q9RestartRaceBenchmark,external-redis,redis:8.10.2,0.19,"2.995GiB / 7.737GiB"
1791177065,2026-10-05T14:11:05,Q9RestartRaceBenchmark,lab-postgres,postgres:16,0.08,"36.51MiB / 7.737GiB"
1791177065,2026-10-05T14:11:05,Q9RestartRaceBenchmark,lab-kafka,apache/kafka:4.3.1,5.98,"344.8MiB / 7.737GiB"
1791177065,2026-10-05T14:11:05,Q9RestartRaceBenchmark,lab-ryuk,testcontainers/ryuk:0.14.0,0.00,"8.695MiB / 7.737GiB"
1791177072,2026-10-05T14:11:12,Q9RestartRaceBenchmark,external-redis,redis:8.10.2,0.33,"2.848GiB / 7.737GiB"
1791177072,2026-10-05T14:11:12,Q9RestartRaceBenchmark,external-redis,redis:8.10.2,0.22,"2.993GiB / 7.737GiB"
1791177072,2026-10-05T14:11:12,Q9RestartRaceBenchmark,lab-postgres,postgres:16,0.00,"36.5MiB / 7.737GiB"
1791177072,2026-10-05T14:11:12,Q9RestartRaceBenchmark,lab-kafka,apache/kafka:4.3.1,5.82,"346.3MiB / 7.737GiB"
1791177072,2026-10-05T14:11:12,Q9RestartRaceBenchmark,lab-ryuk,testcontainers/ryuk:0.14.0,0.00,"8.695MiB / 7.737GiB"
1791177079,2026-10-05T14:11:19,Q9RestartRaceBenchmark,external-redis,redis:8.10.2,0.50,"2.848GiB / 7.737GiB"
1791177079,2026-10-05T14:11:19,Q9RestartRaceBenchmark,external-redis,redis:8.10.2,0.52,"2.866GiB / 7.737GiB"
1791177079,2026-10-05T14:11:19,Q9RestartRaceBenchmark,lab-postgres,postgres:16,2.09,"36.51MiB / 7.737GiB"
1791177079,2026-10-05T14:11:19,Q9RestartRaceBenchmark,lab-kafka,apache/kafka:4.3.1,6.04,"350MiB / 7.737GiB"
1791177079,2026-10-05T14:11:19,Q9RestartRaceBenchmark,lab-ryuk,testcontainers/ryuk:0.14.0,0.00,"8.695MiB / 7.737GiB"
1791177087,2026-10-05T14:11:27,Q9RestartRaceBenchmark,external-redis,redis:8.10.2,0.23,"2.848GiB / 7.737GiB"
1791177087,2026-10-05T14:11:27,Q9RestartRaceBenchmark,external-redis,redis:8.10.2,0.29,"2.866GiB / 7.737GiB"
1791177087,2026-10-05T14:11:27,Q9RestartRaceBenchmark,lab-postgres,postgres:16,0.02,"36.51MiB / 7.737GiB"
1791177087,2026-10-05T14:11:27,Q9RestartRaceBenchmark,lab-kafka,apache/kafka:4.3.1,8.16,"352MiB / 7.737GiB"
1791177087,2026-10-05T14:11:27,Q9RestartRaceBenchmark,lab-ryuk,testcontainers/ryuk:0.14.0,0.00,"8.695MiB / 7.737GiB"
1791177094,2026-10-05T14:11:34,Q9RestartRaceBenchmark,external-redis,redis:8.10.2,0.23,"2.848GiB / 7.737GiB"
1791177094,2026-10-05T14:11:34,Q9RestartRaceBenchmark,external-redis,redis:8.10.2,0.21,"2.851GiB / 7.737GiB"
1791177094,2026-10-05T14:11:34,Q9RestartRaceBenchmark,lab-postgres,postgres:16,0.01,"36.51MiB / 7.737GiB"
1791177094,2026-10-05T14:11:34,Q9RestartRaceBenchmark,lab-kafka,apache/kafka:4.3.1,9.38,"355MiB / 7.737GiB"
1791177094,2026-10-05T14:11:34,Q9RestartRaceBenchmark,lab-ryuk,testcontainers/ryuk:0.14.0,0.00,"8.695MiB / 7.737GiB"
1791177101,2026-10-05T14:11:41,Q9RestartRaceBenchmark,external-redis,redis:8.10.2,0.35,"2.848GiB / 7.737GiB"
1791177101,2026-10-05T14:11:41,Q9RestartRaceBenchmark,external-redis,redis:8.10.2,0.22,"2.851GiB / 7.737GiB"
1791177101,2026-10-05T14:11:41,Q9RestartRaceBenchmark,lab-postgres,postgres:16,0.02,"36.51MiB / 7.737GiB"
1791177101,2026-10-05T14:11:41,Q9RestartRaceBenchmark,lab-kafka,apache/kafka:4.3.1,20.33,"362.8MiB / 7.737GiB"
1791177101,2026-10-05T14:11:41,Q9RestartRaceBenchmark,lab-ryuk,testcontainers/ryuk:0.14.0,0.00,"8.695MiB / 7.737GiB"
1791177108,2026-10-05T14:11:48,Q9RestartRaceBenchmark,external-redis,redis:8.10.2,0.32,"2.848GiB / 7.737GiB"
1791177108,2026-10-05T14:11:48,Q9RestartRaceBenchmark,external-redis,redis:8.10.2,0.32,"2.851GiB / 7.737GiB"
1791177108,2026-10-05T14:11:48,Q9RestartRaceBenchmark,lab-postgres,postgres:16,0.02,"36.51MiB / 7.737GiB"
1791177108,2026-10-05T14:11:48,Q9RestartRaceBenchmark,lab-kafka,apache/kafka:4.3.1,4.96,"360.3MiB / 7.737GiB"
1791177108,2026-10-05T14:11:48,Q9RestartRaceBenchmark,lab-ryuk,testcontainers/ryuk:0.14.0,0.00,"8.695MiB / 7.737GiB"
1791177116,2026-10-05T14:11:56,Q9RestartRaceBenchmark,external-redis,redis:8.10.2,0.32,"2.848GiB / 7.737GiB"
1791177116,2026-10-05T14:11:56,Q9RestartRaceBenchmark,external-redis,redis:8.10.2,0.47,"2.851GiB / 7.737GiB"
1791177116,2026-10-05T14:11:56,Q9RestartRaceBenchmark,lab-postgres,postgres:16,0.05,"36.51MiB / 7.737GiB"
1791177116,2026-10-05T14:11:56,Q9RestartRaceBenchmark,lab-kafka,apache/kafka:4.3.1,5.27,"367.7MiB / 7.737GiB"
1791177116,2026-10-05T14:11:56,Q9RestartRaceBenchmark,lab-ryuk,testcontainers/ryuk:0.14.0,0.00,"8.695MiB / 7.737GiB"
1791177123,2026-10-05T14:12:03,Q9RestartRaceBenchmark,lab-postgres,postgres:16,0.07,"36.52MiB / 7.737GiB"
1791177123,2026-10-05T14:12:03,Q9RestartRaceBenchmark,lab-kafka,apache/kafka:4.3.1,8.69,"371.6MiB / 7.737GiB"
1791177123,2026-10-05T14:12:03,Q9RestartRaceBenchmark,lab-ryuk,testcontainers/ryuk:0.14.0,0.00,"8.695MiB / 7.737GiB"
1791177123,2026-10-05T14:12:03,Q9RestartRaceBenchmark,external-unknown,unknown,0.22,"7.754MiB / 7.737GiB"
1791177130,2026-10-05T14:12:10,Q9RestartRaceBenchmark,external-redis,redis:8.10.2,62.95,"427.7MiB / 7.737GiB"
1791177130,2026-10-05T14:12:10,Q9RestartRaceBenchmark,lab-postgres,postgres:16,0.01,"36.52MiB / 7.737GiB"
1791177130,2026-10-05T14:12:10,Q9RestartRaceBenchmark,lab-kafka,apache/kafka:4.3.1,5.54,"380MiB / 7.737GiB"
1791177130,2026-10-05T14:12:10,Q9RestartRaceBenchmark,lab-ryuk,testcontainers/ryuk:0.14.0,0.00,"8.695MiB / 7.737GiB"
1791177138,2026-10-05T14:12:18,Q9RestartRaceBenchmark,external-redis,redis:8.10.2,43.40,"811.5MiB / 7.737GiB"
1791177138,2026-10-05T14:12:18,Q9RestartRaceBenchmark,lab-postgres,postgres:16,0.08,"36.52MiB / 7.737GiB"
1791177138,2026-10-05T14:12:18,Q9RestartRaceBenchmark,lab-kafka,apache/kafka:4.3.1,6.58,"388.7MiB / 7.737GiB"
1791177138,2026-10-05T14:12:18,Q9RestartRaceBenchmark,lab-ryuk,testcontainers/ryuk:0.14.0,0.00,"8.695MiB / 7.737GiB"
1791177145,2026-10-05T14:12:25,Q9RestartRaceBenchmark,external-redis,redis:8.10.2,44.22,"1.022GiB / 7.737GiB"
1791177145,2026-10-05T14:12:25,Q9RestartRaceBenchmark,lab-postgres,postgres:16,0.08,"36.52MiB / 7.737GiB"
1791177145,2026-10-05T14:12:25,Q9RestartRaceBenchmark,lab-kafka,apache/kafka:4.3.1,6.39,"391MiB / 7.737GiB"
1791177145,2026-10-05T14:12:25,Q9RestartRaceBenchmark,lab-ryuk,testcontainers/ryuk:0.14.0,0.00,"8.695MiB / 7.737GiB"
1791177153,2026-10-05T14:12:33,Q9RestartRaceBenchmark,external-redis,redis:8.10.2,30.76,"1.373GiB / 7.737GiB"
1791177153,2026-10-05T14:12:33,Q9RestartRaceBenchmark,lab-postgres,postgres:16,0.10,"36.52MiB / 7.737GiB"
1791177153,2026-10-05T14:12:33,Q9RestartRaceBenchmark,lab-kafka,apache/kafka:4.3.1,8.69,"400.1MiB / 7.737GiB"
1791177153,2026-10-05T14:12:33,Q9RestartRaceBenchmark,lab-ryuk,testcontainers/ryuk:0.14.0,0.00,"8.695MiB / 7.737GiB"
1791177162,2026-10-05T14:12:42,Q9RestartRaceBenchmark,external-redis,redis:8.10.2,8.92,"1.795GiB / 7.737GiB"
1791177162,2026-10-05T14:12:42,Q9RestartRaceBenchmark,lab-postgres,postgres:16,0.08,"36.53MiB / 7.737GiB"
1791177162,2026-10-05T14:12:42,Q9RestartRaceBenchmark,lab-kafka,apache/kafka:4.3.1,4.82,"404.9MiB / 7.737GiB"
1791177162,2026-10-05T14:12:42,Q9RestartRaceBenchmark,lab-ryuk,testcontainers/ryuk:0.14.0,0.00,"8.695MiB / 7.737GiB"
1791177170,2026-10-05T14:12:50,Q9RestartRaceBenchmark,external-redis,redis:8.10.2,45.54,"1.951GiB / 7.737GiB"
1791177170,2026-10-05T14:12:50,Q9RestartRaceBenchmark,lab-postgres,postgres:16,0.08,"36.53MiB / 7.737GiB"
1791177170,2026-10-05T14:12:50,Q9RestartRaceBenchmark,lab-kafka,apache/kafka:4.3.1,3.89,"411.1MiB / 7.737GiB"
1791177170,2026-10-05T14:12:50,Q9RestartRaceBenchmark,lab-ryuk,testcontainers/ryuk:0.14.0,0.00,"8.695MiB / 7.737GiB"
1791177177,2026-10-05T14:12:57,Q9RestartRaceBenchmark,external-redis,redis:8.10.2,157.15,"1.956GiB / 7.737GiB"
1791177177,2026-10-05T14:12:57,Q9RestartRaceBenchmark,lab-postgres,postgres:16,0.43,"36.53MiB / 7.737GiB"
1791177177,2026-10-05T14:12:57,Q9RestartRaceBenchmark,lab-kafka,apache/kafka:4.3.1,11.14,"416.9MiB / 7.737GiB"
1791177177,2026-10-05T14:12:57,Q9RestartRaceBenchmark,lab-ryuk,testcontainers/ryuk:0.14.0,0.00,"8.695MiB / 7.737GiB"
1791177184,2026-10-05T14:13:04,Q9RestartRaceBenchmark,external-redis,redis:8.10.2,283.99,"2.145GiB / 7.737GiB"
1791177184,2026-10-05T14:13:04,Q9RestartRaceBenchmark,lab-postgres,postgres:16,0.09,"36.53MiB / 7.737GiB"
1791177184,2026-10-05T14:13:04,Q9RestartRaceBenchmark,lab-kafka,apache/kafka:4.3.1,3.16,"423.4MiB / 7.737GiB"
1791177184,2026-10-05T14:13:04,Q9RestartRaceBenchmark,lab-ryuk,testcontainers/ryuk:0.14.0,0.00,"8.695MiB / 7.737GiB"
1791177194,2026-10-05T14:13:14,Q9RestartRaceBenchmark,external-redis,redis:8.10.2,203.20,"1.957GiB / 7.737GiB"
1791177194,2026-10-05T14:13:14,Q9RestartRaceBenchmark,lab-postgres,postgres:16,0.08,"36.53MiB / 7.737GiB"
1791177194,2026-10-05T14:13:14,Q9RestartRaceBenchmark,lab-kafka,apache/kafka:4.3.1,4.22,"429.4MiB / 7.737GiB"
1791177194,2026-10-05T14:13:14,Q9RestartRaceBenchmark,lab-ryuk,testcontainers/ryuk:0.14.0,0.00,"8.695MiB / 7.737GiB"
1791177202,2026-10-05T14:13:22,Q9RestartRaceBenchmark,external-redis,redis:8.10.2,147.29,"1.957GiB / 7.737GiB"
1791177202,2026-10-05T14:13:22,Q9RestartRaceBenchmark,lab-postgres,postgres:16,0.02,"36.53MiB / 7.737GiB"
1791177202,2026-10-05T14:13:22,Q9RestartRaceBenchmark,lab-kafka,apache/kafka:4.3.1,3.14,"438MiB / 7.737GiB"
1791177202,2026-10-05T14:13:22,Q9RestartRaceBenchmark,lab-ryuk,testcontainers/ryuk:0.14.0,0.00,"8.695MiB / 7.737GiB"
1791177210,2026-10-05T14:13:30,Q9RestartRaceBenchmark,external-redis,redis:8.10.2,202.37,"1.956GiB / 7.737GiB"
1791177210,2026-10-05T14:13:30,Q9RestartRaceBenchmark,lab-postgres,postgres:16,0.01,"36.53MiB / 7.737GiB"
1791177210,2026-10-05T14:13:30,Q9RestartRaceBenchmark,lab-kafka,apache/kafka:4.3.1,2.51,"443.9MiB / 7.737GiB"
1791177210,2026-10-05T14:13:30,Q9RestartRaceBenchmark,lab-ryuk,testcontainers/ryuk:0.14.0,0.00,"8.695MiB / 7.737GiB"
1791177217,2026-10-05T14:13:37,Q9RestartRaceBenchmark,external-redis,redis:8.10.2,27.16,"1.952GiB / 7.737GiB"
1791177217,2026-10-05T14:13:37,Q9RestartRaceBenchmark,lab-postgres,postgres:16,0.18,"36.53MiB / 7.737GiB"
1791177217,2026-10-05T14:13:37,Q9RestartRaceBenchmark,lab-kafka,apache/kafka:4.3.1,5.25,"450.2MiB / 7.737GiB"
1791177217,2026-10-05T14:13:37,Q9RestartRaceBenchmark,lab-ryuk,testcontainers/ryuk:0.14.0,0.00,"8.695MiB / 7.737GiB"
1791177224,2026-10-05T14:13:44,Q9RestartRaceBenchmark,external-redis,redis:8.10.2,67.09,"237.8MiB / 7.737GiB"
1791177224,2026-10-05T14:13:44,Q9RestartRaceBenchmark,lab-postgres,postgres:16,0.01,"36.53MiB / 7.737GiB"
1791177224,2026-10-05T14:13:44,Q9RestartRaceBenchmark,lab-kafka,apache/kafka:4.3.1,6.55,"458.6MiB / 7.737GiB"
1791177224,2026-10-05T14:13:44,Q9RestartRaceBenchmark,lab-ryuk,testcontainers/ryuk:0.14.0,0.00,"8.695MiB / 7.737GiB"
1791177232,2026-10-05T14:13:52,Q9RestartRaceBenchmark,external-redis,redis:8.10.2,11.60,"617.1MiB / 7.737GiB"
1791177232,2026-10-05T14:13:52,Q9RestartRaceBenchmark,lab-postgres,postgres:16,0.23,"36.53MiB / 7.737GiB"
1791177232,2026-10-05T14:13:52,Q9RestartRaceBenchmark,lab-kafka,apache/kafka:4.3.1,5.27,"465.4MiB / 7.737GiB"
1791177232,2026-10-05T14:13:52,Q9RestartRaceBenchmark,lab-ryuk,testcontainers/ryuk:0.14.0,0.00,"8.695MiB / 7.737GiB"
1791177240,2026-10-05T14:14:00,Q9RestartRaceBenchmark,external-redis,redis:8.10.2,46.09,"1.017GiB / 7.737GiB"
1791177240,2026-10-05T14:14:00,Q9RestartRaceBenchmark,lab-postgres,postgres:16,0.42,"36.53MiB / 7.737GiB"
1791177240,2026-10-05T14:14:00,Q9RestartRaceBenchmark,lab-kafka,apache/kafka:4.3.1,6.26,"472.8MiB / 7.737GiB"
1791177240,2026-10-05T14:14:00,Q9RestartRaceBenchmark,lab-ryuk,testcontainers/ryuk:0.14.0,0.00,"8.695MiB / 7.737GiB"
1791177247,2026-10-05T14:14:07,Q9RestartRaceBenchmark,external-redis,redis:8.10.2,53.02,"1.399GiB / 7.737GiB"
1791177247,2026-10-05T14:14:07,Q9RestartRaceBenchmark,lab-postgres,postgres:16,0.67,"36.53MiB / 7.737GiB"
1791177247,2026-10-05T14:14:07,Q9RestartRaceBenchmark,lab-kafka,apache/kafka:4.3.1,4.49,"483.3MiB / 7.737GiB"
1791177247,2026-10-05T14:14:07,Q9RestartRaceBenchmark,lab-ryuk,testcontainers/ryuk:0.14.0,0.00,"8.695MiB / 7.737GiB"
1791177255,2026-10-05T14:14:15,Q9RestartRaceBenchmark,external-redis,redis:8.10.2,50.59,"1.733GiB / 7.737GiB"
1791177255,2026-10-05T14:14:15,Q9RestartRaceBenchmark,lab-postgres,postgres:16,0.81,"36.64MiB / 7.737GiB"
1791177255,2026-10-05T14:14:15,Q9RestartRaceBenchmark,lab-kafka,apache/kafka:4.3.1,9.28,"483.4MiB / 7.737GiB"
1791177255,2026-10-05T14:14:15,Q9RestartRaceBenchmark,lab-ryuk,testcontainers/ryuk:0.14.0,0.00,"8.695MiB / 7.737GiB"
1791177263,2026-10-05T14:14:23,Q9RestartRaceBenchmark,external-redis,redis:8.10.2,11.95,"1.981GiB / 7.737GiB"
1791177263,2026-10-05T14:14:23,Q9RestartRaceBenchmark,lab-postgres,postgres:16,0.43,"36.67MiB / 7.737GiB"
1791177263,2026-10-05T14:14:23,Q9RestartRaceBenchmark,lab-kafka,apache/kafka:4.3.1,6.15,"484MiB / 7.737GiB"
1791177263,2026-10-05T14:14:23,Q9RestartRaceBenchmark,lab-ryuk,testcontainers/ryuk:0.14.0,0.00,"8.695MiB / 7.737GiB"
1791177270,2026-10-05T14:14:30,Q9RestartRaceBenchmark,external-redis,redis:8.10.2,275.40,"2.206GiB / 7.737GiB"
1791177270,2026-10-05T14:14:30,Q9RestartRaceBenchmark,lab-postgres,postgres:16,0.27,"36.67MiB / 7.737GiB"
1791177270,2026-10-05T14:14:30,Q9RestartRaceBenchmark,lab-kafka,apache/kafka:4.3.1,8.81,"488.1MiB / 7.737GiB"
1791177270,2026-10-05T14:14:30,Q9RestartRaceBenchmark,lab-ryuk,testcontainers/ryuk:0.14.0,0.00,"8.695MiB / 7.737GiB"
1791177277,2026-10-05T14:14:37,Q9RestartRaceBenchmark,external-redis,redis:8.10.2,301.54,"2.296GiB / 7.737GiB"
1791177277,2026-10-05T14:14:37,Q9RestartRaceBenchmark,lab-postgres,postgres:16,0.01,"36.67MiB / 7.737GiB"
1791177277,2026-10-05T14:14:37,Q9RestartRaceBenchmark,lab-kafka,apache/kafka:4.3.1,2.55,"485.5MiB / 7.737GiB"
1791177277,2026-10-05T14:14:37,Q9RestartRaceBenchmark,lab-ryuk,testcontainers/ryuk:0.14.0,0.00,"8.695MiB / 7.737GiB"
1791177284,2026-10-05T14:14:44,Q9RestartRaceBenchmark,external-redis,redis:8.10.2,206.57,"1.955GiB / 7.737GiB"
1791177284,2026-10-05T14:14:44,Q9RestartRaceBenchmark,lab-postgres,postgres:16,0.08,"36.67MiB / 7.737GiB"
1791177284,2026-10-05T14:14:44,Q9RestartRaceBenchmark,lab-kafka,apache/kafka:4.3.1,4.60,"486.2MiB / 7.737GiB"
1791177284,2026-10-05T14:14:44,Q9RestartRaceBenchmark,lab-ryuk,testcontainers/ryuk:0.14.0,0.00,"8.695MiB / 7.737GiB"
1791177292,2026-10-05T14:14:52,Q9RestartRaceBenchmark,external-redis,redis:8.10.2,170.57,"1.954GiB / 7.737GiB"
1791177292,2026-10-05T14:14:52,Q9RestartRaceBenchmark,lab-postgres,postgres:16,0.11,"36.67MiB / 7.737GiB"
1791177292,2026-10-05T14:14:52,Q9RestartRaceBenchmark,lab-kafka,apache/kafka:4.3.1,3.62,"486.9MiB / 7.737GiB"
1791177292,2026-10-05T14:14:52,Q9RestartRaceBenchmark,lab-ryuk,testcontainers/ryuk:0.14.0,0.00,"8.695MiB / 7.737GiB"
1791177299,2026-10-05T14:14:59,Q9RestartRaceBenchmark,external-redis,redis:8.10.2,205.71,"1.954GiB / 7.737GiB"
1791177299,2026-10-05T14:14:59,Q9RestartRaceBenchmark,lab-postgres,postgres:16,0.68,"36.67MiB / 7.737GiB"
1791177299,2026-10-05T14:14:59,Q9RestartRaceBenchmark,lab-kafka,apache/kafka:4.3.1,4.02,"490.6MiB / 7.737GiB"
1791177299,2026-10-05T14:14:59,Q9RestartRaceBenchmark,lab-ryuk,testcontainers/ryuk:0.14.0,0.00,"8.695MiB / 7.737GiB"
1791177306,2026-10-05T14:15:06,Q9RestartRaceBenchmark,external-redis,redis:8.10.2,25.31,"1.95GiB / 7.737GiB"
1791177306,2026-10-05T14:15:06,Q9RestartRaceBenchmark,lab-postgres,postgres:16,0.09,"36.67MiB / 7.737GiB"
1791177306,2026-10-05T14:15:06,Q9RestartRaceBenchmark,lab-kafka,apache/kafka:4.3.1,11.86,"490.9MiB / 7.737GiB"
1791177306,2026-10-05T14:15:06,Q9RestartRaceBenchmark,lab-ryuk,testcontainers/ryuk:0.14.0,0.00,"8.695MiB / 7.737GiB"
1791177314,2026-10-05T14:15:14,Q9RestartRaceBenchmark,external-redis,redis:8.10.2,0.37,"1.95GiB / 7.737GiB"
1791177314,2026-10-05T14:15:14,Q9RestartRaceBenchmark,lab-postgres,postgres:16,0.73,"36.68MiB / 7.737GiB"
1791177314,2026-10-05T14:15:14,Q9RestartRaceBenchmark,lab-kafka,apache/kafka:4.3.1,8.35,"487.7MiB / 7.737GiB"
1791177314,2026-10-05T14:15:14,Q9RestartRaceBenchmark,lab-ryuk,testcontainers/ryuk:0.14.0,0.00,"8.695MiB / 7.737GiB"
1791177321,2026-10-05T14:15:21,Q9RestartRaceBenchmark,external-redis,redis:8.10.2,0.25,"1.95GiB / 7.737GiB"
1791177321,2026-10-05T14:15:21,Q9RestartRaceBenchmark,lab-postgres,postgres:16,0.09,"36.68MiB / 7.737GiB"
1791177321,2026-10-05T14:15:21,Q9RestartRaceBenchmark,lab-kafka,apache/kafka:4.3.1,8.66,"489.1MiB / 7.737GiB"
1791177321,2026-10-05T14:15:21,Q9RestartRaceBenchmark,lab-ryuk,testcontainers/ryuk:0.14.0,0.00,"8.695MiB / 7.737GiB"
1791177328,2026-10-05T14:15:28,Q9RestartRaceBenchmark,external-redis,redis:8.10.2,0.33,"1.95GiB / 7.737GiB"
1791177328,2026-10-05T14:15:28,Q9RestartRaceBenchmark,lab-postgres,postgres:16,0.08,"36.68MiB / 7.737GiB"
1791177328,2026-10-05T14:15:28,Q9RestartRaceBenchmark,lab-kafka,apache/kafka:4.3.1,5.91,"491.8MiB / 7.737GiB"
1791177328,2026-10-05T14:15:28,Q9RestartRaceBenchmark,lab-ryuk,testcontainers/ryuk:0.14.0,0.00,"8.695MiB / 7.737GiB"
1791177335,2026-10-05T14:15:35,Q9RestartRaceBenchmark,external-redis,redis:8.10.2,0.26,"1.95GiB / 7.737GiB"
1791177335,2026-10-05T14:15:35,Q9RestartRaceBenchmark,lab-postgres,postgres:16,0.07,"36.68MiB / 7.737GiB"
1791177335,2026-10-05T14:15:35,Q9RestartRaceBenchmark,lab-kafka,apache/kafka:4.3.1,7.17,"488.6MiB / 7.737GiB"
1791177335,2026-10-05T14:15:35,Q9RestartRaceBenchmark,lab-ryuk,testcontainers/ryuk:0.14.0,0.00,"8.695MiB / 7.737GiB"
1791177342,2026-10-05T14:15:42,Q9RestartRaceBenchmark,external-redis,redis:8.10.2,0.31,"1.95GiB / 7.737GiB"
1791177342,2026-10-05T14:15:42,Q9RestartRaceBenchmark,lab-postgres,postgres:16,0.20,"36.68MiB / 7.737GiB"
1791177342,2026-10-05T14:15:42,Q9RestartRaceBenchmark,lab-kafka,apache/kafka:4.3.1,8.26,"489.3MiB / 7.737GiB"
1791177342,2026-10-05T14:15:42,Q9RestartRaceBenchmark,lab-ryuk,testcontainers/ryuk:0.14.0,0.00,"8.695MiB / 7.737GiB"
1791177349,2026-10-05T14:15:49,Q9RestartRaceBenchmark,external-redis,redis:8.10.2,0.31,"1.95GiB / 7.737GiB"
1791177349,2026-10-05T14:15:49,Q9RestartRaceBenchmark,lab-postgres,postgres:16,0.10,"36.68MiB / 7.737GiB"
1791177349,2026-10-05T14:15:49,Q9RestartRaceBenchmark,lab-kafka,apache/kafka:4.3.1,9.66,"489.4MiB / 7.737GiB"
1791177349,2026-10-05T14:15:49,Q9RestartRaceBenchmark,lab-ryuk,testcontainers/ryuk:0.14.0,0.00,"8.695MiB / 7.737GiB"
1791177357,2026-10-05T14:15:57,Q9RestartRaceBenchmark,external-redis,redis:8.10.2,0.27,"1.95GiB / 7.737GiB"
1791177357,2026-10-05T14:15:57,Q9RestartRaceBenchmark,lab-postgres,postgres:16,0.00,"36.68MiB / 7.737GiB"
1791177357,2026-10-05T14:15:57,Q9RestartRaceBenchmark,lab-kafka,apache/kafka:4.3.1,8.25,"489.5MiB / 7.737GiB"
1791177357,2026-10-05T14:15:57,Q9RestartRaceBenchmark,lab-ryuk,testcontainers/ryuk:0.14.0,0.00,"8.695MiB / 7.737GiB"
1791177364,2026-10-05T14:16:04,Q9RestartRaceBenchmark,external-redis,redis:8.10.2,0.20,"1.95GiB / 7.737GiB"
1791177364,2026-10-05T14:16:04,Q9RestartRaceBenchmark,lab-postgres,postgres:16,0.02,"36.68MiB / 7.737GiB"
1791177364,2026-10-05T14:16:04,Q9RestartRaceBenchmark,lab-kafka,apache/kafka:4.3.1,10.00,"495.4MiB / 7.737GiB"
1791177364,2026-10-05T14:16:04,Q9RestartRaceBenchmark,lab-ryuk,testcontainers/ryuk:0.14.0,0.00,"8.695MiB / 7.737GiB"
1791177371,2026-10-05T14:16:11,Q9RestartRaceBenchmark,external-redis,redis:8.10.2,0.27,"1.95GiB / 7.737GiB"
1791177371,2026-10-05T14:16:11,Q9RestartRaceBenchmark,lab-postgres,postgres:16,0.00,"36.68MiB / 7.737GiB"
1791177371,2026-10-05T14:16:11,Q9RestartRaceBenchmark,lab-kafka,apache/kafka:4.3.1,12.51,"490.8MiB / 7.737GiB"
1791177371,2026-10-05T14:16:11,Q9RestartRaceBenchmark,lab-ryuk,testcontainers/ryuk:0.14.0,0.00,"8.695MiB / 7.737GiB"
1791177378,2026-10-05T14:16:18,Q9RestartRaceBenchmark,external-redis,redis:8.10.2,0.26,"1.95GiB / 7.737GiB"
1791177378,2026-10-05T14:16:18,Q9RestartRaceBenchmark,lab-postgres,postgres:16,0.12,"36.69MiB / 7.737GiB"
1791177378,2026-10-05T14:16:18,Q9RestartRaceBenchmark,lab-kafka,apache/kafka:4.3.1,8.49,"490.9MiB / 7.737GiB"
1791177378,2026-10-05T14:16:18,Q9RestartRaceBenchmark,lab-ryuk,testcontainers/ryuk:0.14.0,0.00,"8.695MiB / 7.737GiB"
1791177386,2026-10-05T14:16:26,Q9RestartRaceBenchmark,external-redis,redis:8.10.2,0.28,"1.95GiB / 7.737GiB"
1791177386,2026-10-05T14:16:26,Q9RestartRaceBenchmark,lab-postgres,postgres:16,0.03,"36.68MiB / 7.737GiB"
1791177386,2026-10-05T14:16:26,Q9RestartRaceBenchmark,lab-kafka,apache/kafka:4.3.1,8.50,"490.2MiB / 7.737GiB"
1791177386,2026-10-05T14:16:26,Q9RestartRaceBenchmark,lab-ryuk,testcontainers/ryuk:0.14.0,0.00,"8.695MiB / 7.737GiB"
1791177393,2026-10-05T14:16:33,Q9RestartRaceBenchmark,external-redis,redis:8.10.2,0.30,"1.95GiB / 7.737GiB"
1791177393,2026-10-05T14:16:33,Q9RestartRaceBenchmark,lab-postgres,postgres:16,0.20,"36.68MiB / 7.737GiB"
1791177393,2026-10-05T14:16:33,Q9RestartRaceBenchmark,lab-kafka,apache/kafka:4.3.1,5.83,"494.3MiB / 7.737GiB"
1791177393,2026-10-05T14:16:33,Q9RestartRaceBenchmark,lab-ryuk,testcontainers/ryuk:0.14.0,0.00,"8.695MiB / 7.737GiB"
1791177400,2026-10-05T14:16:40,Q9RestartRaceBenchmark,external-redis,redis:8.10.2,0.41,"1.95GiB / 7.737GiB"
1791177400,2026-10-05T14:16:40,Q9RestartRaceBenchmark,lab-postgres,postgres:16,0.14,"36.68MiB / 7.737GiB"
1791177400,2026-10-05T14:16:40,Q9RestartRaceBenchmark,lab-kafka,apache/kafka:4.3.1,10.43,"491MiB / 7.737GiB"
1791177400,2026-10-05T14:16:40,Q9RestartRaceBenchmark,lab-ryuk,testcontainers/ryuk:0.14.0,0.00,"8.695MiB / 7.737GiB"
1791177407,2026-10-05T14:16:47,Q9RestartRaceBenchmark,external-redis,redis:8.10.2,0.30,"1.95GiB / 7.737GiB"
1791177407,2026-10-05T14:16:47,Q9RestartRaceBenchmark,lab-postgres,postgres:16,0.13,"36.68MiB / 7.737GiB"
1791177407,2026-10-05T14:16:47,Q9RestartRaceBenchmark,lab-kafka,apache/kafka:4.3.1,12.20,"493.2MiB / 7.737GiB"
1791177407,2026-10-05T14:16:47,Q9RestartRaceBenchmark,lab-ryuk,testcontainers/ryuk:0.14.0,0.00,"8.695MiB / 7.737GiB"
1791177414,2026-10-05T14:16:54,Q9RestartRaceBenchmark,external-redis,redis:8.10.2,0.31,"1.95GiB / 7.737GiB"
1791177414,2026-10-05T14:16:54,Q9RestartRaceBenchmark,lab-postgres,postgres:16,0.08,"36.68MiB / 7.737GiB"
1791177414,2026-10-05T14:16:54,Q9RestartRaceBenchmark,lab-kafka,apache/kafka:4.3.1,10.51,"495.6MiB / 7.737GiB"
1791177414,2026-10-05T14:16:54,Q9RestartRaceBenchmark,lab-ryuk,testcontainers/ryuk:0.14.0,0.00,"8.695MiB / 7.737GiB"
1791177422,2026-10-05T14:17:02,Q9RestartRaceBenchmark,external-redis,redis:8.10.2,0.25,"1.95GiB / 7.737GiB"
1791177422,2026-10-05T14:17:02,Q9RestartRaceBenchmark,lab-postgres,postgres:16,0.06,"36.68MiB / 7.737GiB"
1791177422,2026-10-05T14:17:02,Q9RestartRaceBenchmark,lab-kafka,apache/kafka:4.3.1,4.61,"494.4MiB / 7.737GiB"
1791177422,2026-10-05T14:17:02,Q9RestartRaceBenchmark,lab-ryuk,testcontainers/ryuk:0.14.0,0.00,"8.695MiB / 7.737GiB"
1791177429,2026-10-05T14:17:09,Q9RestartRaceBenchmark,external-redis,redis:8.10.2,0.27,"1.95GiB / 7.737GiB"
1791177429,2026-10-05T14:17:09,Q9RestartRaceBenchmark,lab-postgres,postgres:16,0.02,"36.68MiB / 7.737GiB"
1791177429,2026-10-05T14:17:09,Q9RestartRaceBenchmark,lab-kafka,apache/kafka:4.3.1,4.34,"494.8MiB / 7.737GiB"
1791177429,2026-10-05T14:17:09,Q9RestartRaceBenchmark,lab-ryuk,testcontainers/ryuk:0.14.0,0.00,"8.695MiB / 7.737GiB"
1791177436,2026-10-05T14:17:16,Q9RestartRaceBenchmark,external-redis,redis:8.10.2,0.41,"1.95GiB / 7.737GiB"
1791177436,2026-10-05T14:17:16,Q9RestartRaceBenchmark,lab-postgres,postgres:16,0.24,"36.69MiB / 7.737GiB"
1791177436,2026-10-05T14:17:16,Q9RestartRaceBenchmark,lab-kafka,apache/kafka:4.3.1,8.27,"502MiB / 7.737GiB"
1791177436,2026-10-05T14:17:16,Q9RestartRaceBenchmark,lab-ryuk,testcontainers/ryuk:0.14.0,0.00,"8.695MiB / 7.737GiB"
1791177443,2026-10-05T14:17:23,Q9RestartRaceBenchmark,external-redis,redis:8.10.2,61.21,"190.6MiB / 7.737GiB"
1791177443,2026-10-05T14:17:23,Q9RestartRaceBenchmark,lab-postgres,postgres:16,0.37,"36.68MiB / 7.737GiB"
1791177443,2026-10-05T14:17:23,Q9RestartRaceBenchmark,lab-kafka,apache/kafka:4.3.1,6.05,"508.2MiB / 7.737GiB"
1791177443,2026-10-05T14:17:23,Q9RestartRaceBenchmark,lab-ryuk,testcontainers/ryuk:0.14.0,0.00,"8.695MiB / 7.737GiB"
1791177452,2026-10-05T14:17:32,Q9RestartRaceBenchmark,external-redis,redis:8.10.2,8.61,"587.6MiB / 7.737GiB"
1791177452,2026-10-05T14:17:32,Q9RestartRaceBenchmark,lab-postgres,postgres:16,0.04,"36.68MiB / 7.737GiB"
1791177452,2026-10-05T14:17:32,Q9RestartRaceBenchmark,lab-kafka,apache/kafka:4.3.1,6.24,"514.3MiB / 7.737GiB"
1791177452,2026-10-05T14:17:32,Q9RestartRaceBenchmark,lab-ryuk,testcontainers/ryuk:0.14.0,0.00,"8.695MiB / 7.737GiB"
1791177460,2026-10-05T14:17:40,Q9RestartRaceBenchmark,external-redis,redis:8.10.2,46.33,"1.084GiB / 7.737GiB"
1791177460,2026-10-05T14:17:40,Q9RestartRaceBenchmark,lab-postgres,postgres:16,1.13,"36.68MiB / 7.737GiB"
1791177460,2026-10-05T14:17:40,Q9RestartRaceBenchmark,lab-kafka,apache/kafka:4.3.1,11.60,"526.8MiB / 7.737GiB"
1791177460,2026-10-05T14:17:40,Q9RestartRaceBenchmark,lab-ryuk,testcontainers/ryuk:0.14.0,0.00,"8.695MiB / 7.737GiB"
1791177467,2026-10-05T14:17:47,Q9RestartRaceBenchmark,external-redis,redis:8.10.2,71.94,"1.592GiB / 7.737GiB"
1791177467,2026-10-05T14:17:47,Q9RestartRaceBenchmark,lab-postgres,postgres:16,0.41,"36.68MiB / 7.737GiB"
1791177467,2026-10-05T14:17:47,Q9RestartRaceBenchmark,lab-kafka,apache/kafka:4.3.1,6.38,"529.8MiB / 7.737GiB"
1791177467,2026-10-05T14:17:47,Q9RestartRaceBenchmark,lab-ryuk,testcontainers/ryuk:0.14.0,0.00,"8.695MiB / 7.737GiB"
1791177474,2026-10-05T14:17:54,Q9RestartRaceBenchmark,external-redis,redis:8.10.2,78.25,"1.953GiB / 7.737GiB"
1791177474,2026-10-05T14:17:54,Q9RestartRaceBenchmark,lab-postgres,postgres:16,0.48,"36.68MiB / 7.737GiB"
1791177474,2026-10-05T14:17:54,Q9RestartRaceBenchmark,lab-kafka,apache/kafka:4.3.1,10.71,"534.6MiB / 7.737GiB"
1791177474,2026-10-05T14:17:54,Q9RestartRaceBenchmark,lab-ryuk,testcontainers/ryuk:0.14.0,0.00,"8.695MiB / 7.737GiB"
1791177482,2026-10-05T14:18:02,Q9RestartRaceBenchmark,external-redis,redis:8.10.2,8.91,"2.421GiB / 7.737GiB"
1791177482,2026-10-05T14:18:02,Q9RestartRaceBenchmark,lab-postgres,postgres:16,0.06,"36.68MiB / 7.737GiB"
1791177482,2026-10-05T14:18:02,Q9RestartRaceBenchmark,lab-kafka,apache/kafka:4.3.1,4.65,"542.7MiB / 7.737GiB"
1791177482,2026-10-05T14:18:02,Q9RestartRaceBenchmark,lab-ryuk,testcontainers/ryuk:0.14.0,0.00,"8.695MiB / 7.737GiB"
1791177490,2026-10-05T14:18:10,Q9RestartRaceBenchmark,external-redis,redis:8.10.2,58.51,"2.905GiB / 7.737GiB"
1791177490,2026-10-05T14:18:10,Q9RestartRaceBenchmark,lab-postgres,postgres:16,0.07,"36.68MiB / 7.737GiB"
1791177490,2026-10-05T14:18:10,Q9RestartRaceBenchmark,lab-kafka,apache/kafka:4.3.1,4.41,"548.9MiB / 7.737GiB"
1791177490,2026-10-05T14:18:10,Q9RestartRaceBenchmark,lab-ryuk,testcontainers/ryuk:0.14.0,0.00,"8.695MiB / 7.737GiB"
1791177497,2026-10-05T14:18:17,Q9RestartRaceBenchmark,external-redis,redis:8.10.2,64.90,"3.35GiB / 7.737GiB"
1791177497,2026-10-05T14:18:17,Q9RestartRaceBenchmark,lab-postgres,postgres:16,0.09,"36.68MiB / 7.737GiB"
1791177497,2026-10-05T14:18:17,Q9RestartRaceBenchmark,lab-kafka,apache/kafka:4.3.1,21.34,"566MiB / 7.737GiB"
1791177497,2026-10-05T14:18:17,Q9RestartRaceBenchmark,lab-ryuk,testcontainers/ryuk:0.14.0,0.00,"8.695MiB / 7.737GiB"
1791177505,2026-10-05T14:18:25,Q9RestartRaceBenchmark,external-redis,redis:8.10.2,76.84,"3.7GiB / 7.737GiB"
1791177505,2026-10-05T14:18:25,Q9RestartRaceBenchmark,lab-postgres,postgres:16,0.61,"36.68MiB / 7.737GiB"
1791177505,2026-10-05T14:18:25,Q9RestartRaceBenchmark,lab-kafka,apache/kafka:4.3.1,3.54,"561.3MiB / 7.737GiB"
1791177505,2026-10-05T14:18:25,Q9RestartRaceBenchmark,lab-ryuk,testcontainers/ryuk:0.14.0,0.00,"8.695MiB / 7.737GiB"
1791177512,2026-10-05T14:18:32,Q9RestartRaceBenchmark,external-redis,redis:8.10.2,16.30,"3.955GiB / 7.737GiB"
1791177512,2026-10-05T14:18:32,Q9RestartRaceBenchmark,lab-postgres,postgres:16,0.05,"36.69MiB / 7.737GiB"
1791177512,2026-10-05T14:18:32,Q9RestartRaceBenchmark,lab-kafka,apache/kafka:4.3.1,4.30,"568.6MiB / 7.737GiB"
1791177512,2026-10-05T14:18:32,Q9RestartRaceBenchmark,lab-ryuk,testcontainers/ryuk:0.14.0,0.00,"8.695MiB / 7.737GiB"
1791177520,2026-10-05T14:18:40,Q9RestartRaceBenchmark,external-redis,redis:8.10.2,79.26,"4.182GiB / 7.737GiB"
1791177520,2026-10-05T14:18:40,Q9RestartRaceBenchmark,lab-postgres,postgres:16,0.00,"36.68MiB / 7.737GiB"
1791177520,2026-10-05T14:18:40,Q9RestartRaceBenchmark,lab-kafka,apache/kafka:4.3.1,4.16,"574.2MiB / 7.737GiB"
1791177520,2026-10-05T14:18:40,Q9RestartRaceBenchmark,lab-ryuk,testcontainers/ryuk:0.14.0,0.00,"8.695MiB / 7.737GiB"
1791177528,2026-10-05T14:18:48,Q9RestartRaceBenchmark,external-postgres,postgres:16,0.04,"22.37MiB / 7.737GiB"
1791177528,2026-10-05T14:18:48,Q9RestartRaceBenchmark,external-redis,redis:8.10.2,1.32,"4.466GiB / 7.737GiB"
1791177528,2026-10-05T14:18:48,Q9RestartRaceBenchmark,lab-postgres,postgres:16,0.02,"36.68MiB / 7.737GiB"
1791177528,2026-10-05T14:18:48,Q9RestartRaceBenchmark,lab-kafka,apache/kafka:4.3.1,4.82,"594MiB / 7.737GiB"
1791177528,2026-10-05T14:18:48,Q9RestartRaceBenchmark,lab-ryuk,testcontainers/ryuk:0.14.0,0.00,"8.695MiB / 7.737GiB"
1791177535,2026-10-05T14:18:55,Q9RestartRaceBenchmark,external-postgres,postgres:16,0.08,"23.07MiB / 7.737GiB"
1791177535,2026-10-05T14:18:55,Q9RestartRaceBenchmark,external-redis,redis:8.10.2,106.52,"4.478GiB / 7.737GiB"
1791177535,2026-10-05T14:18:55,Q9RestartRaceBenchmark,lab-postgres,postgres:16,0.14,"36.68MiB / 7.737GiB"
1791177535,2026-10-05T14:18:55,Q9RestartRaceBenchmark,lab-kafka,apache/kafka:4.3.1,13.13,"608.1MiB / 7.737GiB"
1791177535,2026-10-05T14:18:55,Q9RestartRaceBenchmark,lab-ryuk,testcontainers/ryuk:0.14.0,0.00,"8.695MiB / 7.737GiB"
1791177535,2026-10-05T14:18:55,Q9RestartRaceBenchmark,external-unknown,unknown,23.68,"21.25MiB / 7.737GiB"
1791177543,2026-10-05T14:19:03,Q9RestartRaceBenchmark,external-postgres,postgres:16,0.04,"21.25MiB / 7.737GiB"
1791177543,2026-10-05T14:19:03,Q9RestartRaceBenchmark,external-postgres,postgres:16,0.07,"23.1MiB / 7.737GiB"
1791177543,2026-10-05T14:19:03,Q9RestartRaceBenchmark,external-redis,redis:8.10.2,114.33,"4.478GiB / 7.737GiB"
1791177543,2026-10-05T14:19:03,Q9RestartRaceBenchmark,lab-postgres,postgres:16,0.02,"36.68MiB / 7.737GiB"
1791177543,2026-10-05T14:19:03,Q9RestartRaceBenchmark,lab-kafka,apache/kafka:4.3.1,14.08,"601.6MiB / 7.737GiB"
1791177543,2026-10-05T14:19:03,Q9RestartRaceBenchmark,lab-ryuk,testcontainers/ryuk:0.14.0,0.00,"8.695MiB / 7.737GiB"
1791177550,2026-10-05T14:19:10,Q9RestartRaceBenchmark,external-postgres,postgres:16,0.03,"21.16MiB / 7.737GiB"
1791177550,2026-10-05T14:19:10,Q9RestartRaceBenchmark,external-postgres,postgres:16,0.27,"21.29MiB / 7.737GiB"
1791177550,2026-10-05T14:19:10,Q9RestartRaceBenchmark,external-postgres,postgres:16,0.02,"23.1MiB / 7.737GiB"
1791177550,2026-10-05T14:19:10,Q9RestartRaceBenchmark,external-redis,redis:8.10.2,106.36,"4.478GiB / 7.737GiB"
1791177550,2026-10-05T14:19:10,Q9RestartRaceBenchmark,lab-postgres,postgres:16,0.49,"36.68MiB / 7.737GiB"
1791177550,2026-10-05T14:19:10,Q9RestartRaceBenchmark,lab-kafka,apache/kafka:4.3.1,5.76,"599.5MiB / 7.737GiB"
1791177550,2026-10-05T14:19:10,Q9RestartRaceBenchmark,lab-ryuk,testcontainers/ryuk:0.14.0,0.00,"8.695MiB / 7.737GiB"
1791177557,2026-10-05T14:19:17,Q9RestartRaceBenchmark,external-postgres,postgres:16,0.04,"21.18MiB / 7.737GiB"
1791177557,2026-10-05T14:19:17,Q9RestartRaceBenchmark,external-postgres,postgres:16,0.02,"21.16MiB / 7.737GiB"
1791177557,2026-10-05T14:19:17,Q9RestartRaceBenchmark,external-postgres,postgres:16,0.04,"21.29MiB / 7.737GiB"
1791177557,2026-10-05T14:19:17,Q9RestartRaceBenchmark,external-postgres,postgres:16,0.03,"24.79MiB / 7.737GiB"
1791177557,2026-10-05T14:19:17,Q9RestartRaceBenchmark,external-redis,redis:8.10.2,105.50,"4.479GiB / 7.737GiB"
1791177557,2026-10-05T14:19:17,Q9RestartRaceBenchmark,lab-postgres,postgres:16,0.57,"36.68MiB / 7.737GiB"
1791177557,2026-10-05T14:19:17,Q9RestartRaceBenchmark,lab-kafka,apache/kafka:4.3.1,8.65,"602.5MiB / 7.737GiB"
1791177557,2026-10-05T14:19:17,Q9RestartRaceBenchmark,lab-ryuk,testcontainers/ryuk:0.14.0,0.00,"8.695MiB / 7.737GiB"
1791177565,2026-10-05T14:19:25,Q9RestartRaceBenchmark,external-postgres,postgres:16,0.06,"21.18MiB / 7.737GiB"
1791177565,2026-10-05T14:19:25,Q9RestartRaceBenchmark,external-postgres,postgres:16,0.04,"21.2MiB / 7.737GiB"
1791177565,2026-10-05T14:19:25,Q9RestartRaceBenchmark,external-postgres,postgres:16,4.67,"22.96MiB / 7.737GiB"
1791177565,2026-10-05T14:19:25,Q9RestartRaceBenchmark,external-postgres,postgres:16,0.02,"24.79MiB / 7.737GiB"
1791177565,2026-10-05T14:19:25,Q9RestartRaceBenchmark,external-redis,redis:8.10.2,3.82,"4.466GiB / 7.737GiB"
1791177565,2026-10-05T14:19:25,Q9RestartRaceBenchmark,lab-postgres,postgres:16,0.01,"36.68MiB / 7.737GiB"
1791177565,2026-10-05T14:19:25,Q9RestartRaceBenchmark,lab-kafka,apache/kafka:4.3.1,3.60,"604.6MiB / 7.737GiB"
1791177565,2026-10-05T14:19:25,Q9RestartRaceBenchmark,lab-ryuk,testcontainers/ryuk:0.14.0,0.00,"8.695MiB / 7.737GiB"
1791177573,2026-10-05T14:19:33,Q9RestartRaceBenchmark,external-postgres,postgres:16,0.06,"24.84MiB / 7.737GiB"
1791177573,2026-10-05T14:19:33,Q9RestartRaceBenchmark,external-postgres,postgres:16,0.03,"21.2MiB / 7.737GiB"
1791177573,2026-10-05T14:19:33,Q9RestartRaceBenchmark,external-postgres,postgres:16,0.04,"22.96MiB / 7.737GiB"
1791177573,2026-10-05T14:19:33,Q9RestartRaceBenchmark,external-postgres,postgres:16,0.01,"24.79MiB / 7.737GiB"
1791177573,2026-10-05T14:19:33,Q9RestartRaceBenchmark,external-redis,redis:8.10.2,1.49,"4.466GiB / 7.737GiB"
1791177573,2026-10-05T14:19:33,Q9RestartRaceBenchmark,lab-postgres,postgres:16,0.50,"36.68MiB / 7.737GiB"
1791177573,2026-10-05T14:19:33,Q9RestartRaceBenchmark,lab-kafka,apache/kafka:4.3.1,7.27,"603.5MiB / 7.737GiB"
1791177573,2026-10-05T14:19:33,Q9RestartRaceBenchmark,lab-ryuk,testcontainers/ryuk:0.14.0,0.00,"8.695MiB / 7.737GiB"
1791177580,2026-10-05T14:19:40,Q9RestartRaceBenchmark,external-postgres,postgres:16,0.05,"22.26MiB / 7.737GiB"
1791177580,2026-10-05T14:19:40,Q9RestartRaceBenchmark,external-postgres,postgres:16,0.04,"22.88MiB / 7.737GiB"
1791177580,2026-10-05T14:19:40,Q9RestartRaceBenchmark,external-postgres,postgres:16,0.03,"22.96MiB / 7.737GiB"
1791177580,2026-10-05T14:19:40,Q9RestartRaceBenchmark,external-postgres,postgres:16,0.04,"24.79MiB / 7.737GiB"
1791177580,2026-10-05T14:19:40,Q9RestartRaceBenchmark,external-redis,redis:8.10.2,1.59,"4.466GiB / 7.737GiB"
1791177580,2026-10-05T14:19:40,Q9RestartRaceBenchmark,lab-postgres,postgres:16,1.78,"36.68MiB / 7.737GiB"
1791177580,2026-10-05T14:19:40,Q9RestartRaceBenchmark,lab-kafka,apache/kafka:4.3.1,5.68,"599.5MiB / 7.737GiB"
1791177580,2026-10-05T14:19:40,Q9RestartRaceBenchmark,lab-ryuk,testcontainers/ryuk:0.14.0,0.00,"8.695MiB / 7.737GiB"
1791177587,2026-10-05T14:19:47,Q9RestartRaceBenchmark,external-postgres,postgres:16,0.05,"23.91MiB / 7.737GiB"
1791177587,2026-10-05T14:19:47,Q9RestartRaceBenchmark,external-postgres,postgres:16,0.04,"22.88MiB / 7.737GiB"
1791177587,2026-10-05T14:19:47,Q9RestartRaceBenchmark,external-postgres,postgres:16,0.02,"22.96MiB / 7.737GiB"
1791177587,2026-10-05T14:19:47,Q9RestartRaceBenchmark,external-postgres,postgres:16,2.62,"31.38MiB / 7.737GiB"
1791177587,2026-10-05T14:19:47,Q9RestartRaceBenchmark,external-redis,redis:8.10.2,1.57,"4.466GiB / 7.737GiB"
1791177587,2026-10-05T14:19:47,Q9RestartRaceBenchmark,lab-postgres,postgres:16,0.03,"36.68MiB / 7.737GiB"
1791177587,2026-10-05T14:19:47,Q9RestartRaceBenchmark,lab-kafka,apache/kafka:4.3.1,5.39,"601.6MiB / 7.737GiB"
1791177587,2026-10-05T14:19:47,Q9RestartRaceBenchmark,lab-ryuk,testcontainers/ryuk:0.14.0,0.00,"8.695MiB / 7.737GiB"
1791177595,2026-10-05T14:19:55,Q9RestartRaceBenchmark,external-postgres,postgres:16,0.05,"23.91MiB / 7.737GiB"
1791177595,2026-10-05T14:19:55,Q9RestartRaceBenchmark,external-postgres,postgres:16,0.02,"24.4MiB / 7.737GiB"
1791177595,2026-10-05T14:19:55,Q9RestartRaceBenchmark,external-postgres,postgres:16,0.96,"22.99MiB / 7.737GiB"
1791177595,2026-10-05T14:19:55,Q9RestartRaceBenchmark,external-postgres,postgres:16,0.03,"26.11MiB / 7.737GiB"
1791177595,2026-10-05T14:19:55,Q9RestartRaceBenchmark,lab-postgres,postgres:16,1.05,"36.68MiB / 7.737GiB"
1791177595,2026-10-05T14:19:55,Q9RestartRaceBenchmark,lab-kafka,apache/kafka:4.3.1,7.56,"600.4MiB / 7.737GiB"
1791177595,2026-10-05T14:19:55,Q9RestartRaceBenchmark,lab-ryuk,testcontainers/ryuk:0.14.0,0.00,"8.695MiB / 7.737GiB"
1791177602,2026-10-05T14:20:02,Q9RestartRaceBenchmark,external-postgres,postgres:16,0.02,"23.91MiB / 7.737GiB"
1791177602,2026-10-05T14:20:02,Q9RestartRaceBenchmark,external-postgres,postgres:16,0.03,"24.4MiB / 7.737GiB"
1791177602,2026-10-05T14:20:02,Q9RestartRaceBenchmark,external-postgres,postgres:16,0.03,"22.99MiB / 7.737GiB"
1791177602,2026-10-05T14:20:02,Q9RestartRaceBenchmark,external-postgres,postgres:16,0.06,"26.1MiB / 7.737GiB"
1791177602,2026-10-05T14:20:02,Q9RestartRaceBenchmark,lab-postgres,postgres:16,0.48,"36.68MiB / 7.737GiB"
1791177602,2026-10-05T14:20:02,Q9RestartRaceBenchmark,lab-kafka,apache/kafka:4.3.1,7.16,"609.8MiB / 7.737GiB"
1791177602,2026-10-05T14:20:02,Q9RestartRaceBenchmark,lab-ryuk,testcontainers/ryuk:0.14.0,0.00,"8.695MiB / 7.737GiB"
1791177609,2026-10-05T14:20:09,Q9RestartRaceBenchmark,external-postgres,postgres:16,0.05,"26.54MiB / 7.737GiB"
1791177609,2026-10-05T14:20:09,Q9RestartRaceBenchmark,external-postgres,postgres:16,0.02,"24.44MiB / 7.737GiB"
1791177609,2026-10-05T14:20:09,Q9RestartRaceBenchmark,external-postgres,postgres:16,0.03,"22.99MiB / 7.737GiB"
1791177609,2026-10-05T14:20:09,Q9RestartRaceBenchmark,external-postgres,postgres:16,0.02,"26.1MiB / 7.737GiB"
1791177609,2026-10-05T14:20:09,Q9RestartRaceBenchmark,lab-postgres,postgres:16,0.38,"36.68MiB / 7.737GiB"
1791177609,2026-10-05T14:20:09,Q9RestartRaceBenchmark,lab-kafka,apache/kafka:4.3.1,6.34,"600.5MiB / 7.737GiB"
1791177609,2026-10-05T14:20:09,Q9RestartRaceBenchmark,lab-ryuk,testcontainers/ryuk:0.14.0,0.00,"8.695MiB / 7.737GiB"
1791177617,2026-10-05T14:20:17,Q9RestartRaceBenchmark,external-postgres,postgres:16,0.02,"23.98MiB / 7.737GiB"
1791177617,2026-10-05T14:20:17,Q9RestartRaceBenchmark,external-postgres,postgres:16,0.04,"24.62MiB / 7.737GiB"
1791177617,2026-10-05T14:20:17,Q9RestartRaceBenchmark,external-postgres,postgres:16,3.56,"64.42MiB / 7.737GiB"
1791177617,2026-10-05T14:20:17,Q9RestartRaceBenchmark,external-postgres,postgres:16,0.04,"26.37MiB / 7.737GiB"
1791177617,2026-10-05T14:20:17,Q9RestartRaceBenchmark,lab-postgres,postgres:16,0.57,"36.69MiB / 7.737GiB"
1791177617,2026-10-05T14:20:17,Q9RestartRaceBenchmark,lab-kafka,apache/kafka:4.3.1,5.89,"603MiB / 7.737GiB"
1791177617,2026-10-05T14:20:17,Q9RestartRaceBenchmark,lab-ryuk,testcontainers/ryuk:0.14.0,0.00,"8.695MiB / 7.737GiB"
1791177624,2026-10-05T14:20:24,Q9RestartRaceBenchmark,external-postgres,postgres:16,0.05,"23.98MiB / 7.737GiB"
1791177624,2026-10-05T14:20:24,Q9RestartRaceBenchmark,external-postgres,postgres:16,0.05,"24.62MiB / 7.737GiB"
1791177624,2026-10-05T14:20:24,Q9RestartRaceBenchmark,external-postgres,postgres:16,0.06,"218.3MiB / 7.737GiB"
1791177624,2026-10-05T14:20:24,Q9RestartRaceBenchmark,external-postgres,postgres:16,0.04,"26.37MiB / 7.737GiB"
1791177624,2026-10-05T14:20:24,Q9RestartRaceBenchmark,lab-postgres,postgres:16,0.78,"36.69MiB / 7.737GiB"
1791177624,2026-10-05T14:20:24,Q9RestartRaceBenchmark,lab-kafka,apache/kafka:4.3.1,7.40,"600.6MiB / 7.737GiB"
1791177624,2026-10-05T14:20:24,Q9RestartRaceBenchmark,lab-ryuk,testcontainers/ryuk:0.14.0,0.00,"8.695MiB / 7.737GiB"
1791177631,2026-10-05T14:20:31,Q9RestartRaceBenchmark,external-postgres,postgres:16,0.03,"23.98MiB / 7.737GiB"
1791177631,2026-10-05T14:20:31,Q9RestartRaceBenchmark,external-postgres,postgres:16,0.05,"24.62MiB / 7.737GiB"
1791177631,2026-10-05T14:20:31,Q9RestartRaceBenchmark,external-postgres,postgres:16,0.03,"218.3MiB / 7.737GiB"
1791177631,2026-10-05T14:20:31,Q9RestartRaceBenchmark,external-postgres,postgres:16,0.06,"26.91MiB / 7.737GiB"
1791177631,2026-10-05T14:20:31,Q9RestartRaceBenchmark,lab-postgres,postgres:16,0.04,"36.69MiB / 7.737GiB"
1791177631,2026-10-05T14:20:31,Q9RestartRaceBenchmark,lab-kafka,apache/kafka:4.3.1,6.25,"603.7MiB / 7.737GiB"
1791177631,2026-10-05T14:20:31,Q9RestartRaceBenchmark,lab-ryuk,testcontainers/ryuk:0.14.0,0.00,"8.695MiB / 7.737GiB"
1791177638,2026-10-05T14:20:38,Q9RestartRaceBenchmark,external-postgres,postgres:16,0.06,"23.98MiB / 7.737GiB"
1791177638,2026-10-05T14:20:38,Q9RestartRaceBenchmark,external-postgres,postgres:16,96.38,"173.8MiB / 7.737GiB"
1791177638,2026-10-05T14:20:38,Q9RestartRaceBenchmark,external-postgres,postgres:16,0.00,"218.3MiB / 7.737GiB"
1791177638,2026-10-05T14:20:38,Q9RestartRaceBenchmark,external-postgres,postgres:16,0.04,"26.91MiB / 7.737GiB"
1791177638,2026-10-05T14:20:38,Q9RestartRaceBenchmark,lab-postgres,postgres:16,0.02,"36.69MiB / 7.737GiB"
1791177638,2026-10-05T14:20:38,Q9RestartRaceBenchmark,lab-kafka,apache/kafka:4.3.1,7.93,"601MiB / 7.737GiB"
1791177638,2026-10-05T14:20:38,Q9RestartRaceBenchmark,lab-ryuk,testcontainers/ryuk:0.14.0,0.00,"8.695MiB / 7.737GiB"
1791177645,2026-10-05T14:20:45,Q9RestartRaceBenchmark,external-postgres,postgres:16,2.12,"24.02MiB / 7.737GiB"
1791177645,2026-10-05T14:20:45,Q9RestartRaceBenchmark,external-postgres,postgres:16,95.77,"191.2MiB / 7.737GiB"
1791177645,2026-10-05T14:20:45,Q9RestartRaceBenchmark,external-postgres,postgres:16,0.00,"218.3MiB / 7.737GiB"
1791177645,2026-10-05T14:20:45,Q9RestartRaceBenchmark,external-postgres,postgres:16,0.03,"27.46MiB / 7.737GiB"
1791177645,2026-10-05T14:20:45,Q9RestartRaceBenchmark,lab-postgres,postgres:16,0.04,"36.69MiB / 7.737GiB"
1791177645,2026-10-05T14:20:45,Q9RestartRaceBenchmark,lab-kafka,apache/kafka:4.3.1,5.68,"607.3MiB / 7.737GiB"
1791177645,2026-10-05T14:20:45,Q9RestartRaceBenchmark,lab-ryuk,testcontainers/ryuk:0.14.0,0.00,"8.695MiB / 7.737GiB"
1791177653,2026-10-05T14:20:53,Q9RestartRaceBenchmark,external-postgres,postgres:16,0.06,"24.02MiB / 7.737GiB"
1791177653,2026-10-05T14:20:53,Q9RestartRaceBenchmark,external-postgres,postgres:16,0.40,"199.1MiB / 7.737GiB"
1791177653,2026-10-05T14:20:53,Q9RestartRaceBenchmark,external-postgres,postgres:16,10.68,"228.7MiB / 7.737GiB"
1791177653,2026-10-05T14:20:53,Q9RestartRaceBenchmark,external-postgres,postgres:16,0.11,"27.45MiB / 7.737GiB"
1791177653,2026-10-05T14:20:53,Q9RestartRaceBenchmark,lab-postgres,postgres:16,0.02,"36.71MiB / 7.737GiB"
1791177653,2026-10-05T14:20:53,Q9RestartRaceBenchmark,lab-kafka,apache/kafka:4.3.1,5.07,"602.2MiB / 7.737GiB"
1791177653,2026-10-05T14:20:53,Q9RestartRaceBenchmark,lab-ryuk,testcontainers/ryuk:0.14.0,0.00,"8.695MiB / 7.737GiB"
1791177662,2026-10-05T14:21:02,Q9RestartRaceBenchmark,external-postgres,postgres:16,0.03,"24.02MiB / 7.737GiB"
1791177662,2026-10-05T14:21:02,Q9RestartRaceBenchmark,external-postgres,postgres:16,0.77,"199.1MiB / 7.737GiB"
1791177662,2026-10-05T14:21:02,Q9RestartRaceBenchmark,external-postgres,postgres:16,0.91,"229.3MiB / 7.737GiB"
1791177662,2026-10-05T14:21:02,Q9RestartRaceBenchmark,external-postgres,postgres:16,0.03,"27.45MiB / 7.737GiB"
1791177662,2026-10-05T14:21:02,Q9RestartRaceBenchmark,lab-postgres,postgres:16,0.23,"36.71MiB / 7.737GiB"
1791177662,2026-10-05T14:21:02,Q9RestartRaceBenchmark,lab-kafka,apache/kafka:4.3.1,4.31,"601.5MiB / 7.737GiB"
1791177662,2026-10-05T14:21:02,Q9RestartRaceBenchmark,lab-ryuk,testcontainers/ryuk:0.14.0,0.00,"8.695MiB / 7.737GiB"
1791177670,2026-10-05T14:21:10,Q9RestartRaceBenchmark,external-postgres,postgres:16,0.02,"24.02MiB / 7.737GiB"
1791177670,2026-10-05T14:21:10,Q9RestartRaceBenchmark,external-postgres,postgres:16,0.50,"199.1MiB / 7.737GiB"
1791177670,2026-10-05T14:21:10,Q9RestartRaceBenchmark,external-postgres,postgres:16,0.58,"229.3MiB / 7.737GiB"
1791177670,2026-10-05T14:21:10,Q9RestartRaceBenchmark,external-postgres,postgres:16,0.00,"27.45MiB / 7.737GiB"
1791177670,2026-10-05T14:21:10,Q9RestartRaceBenchmark,lab-postgres,postgres:16,0.16,"36.71MiB / 7.737GiB"
1791177670,2026-10-05T14:21:10,Q9RestartRaceBenchmark,lab-kafka,apache/kafka:4.3.1,6.97,"601.6MiB / 7.737GiB"
1791177670,2026-10-05T14:21:10,Q9RestartRaceBenchmark,lab-ryuk,testcontainers/ryuk:0.14.0,0.00,"8.695MiB / 7.737GiB"
1791177677,2026-10-05T14:21:17,Q9RestartRaceBenchmark,external-postgres,postgres:16,0.00,"24.03MiB / 7.737GiB"
1791177677,2026-10-05T14:21:17,Q9RestartRaceBenchmark,external-postgres,postgres:16,5.97,"201.9MiB / 7.737GiB"
1791177677,2026-10-05T14:21:17,Q9RestartRaceBenchmark,external-postgres,postgres:16,11.83,"230.8MiB / 7.737GiB"
1791177677,2026-10-05T14:21:17,Q9RestartRaceBenchmark,external-postgres,postgres:16,0.00,"27.46MiB / 7.737GiB"
1791177677,2026-10-05T14:21:17,Q9RestartRaceBenchmark,lab-postgres,postgres:16,0.01,"36.71MiB / 7.737GiB"
1791177677,2026-10-05T14:21:17,Q9RestartRaceBenchmark,lab-kafka,apache/kafka:4.3.1,4.67,"601.7MiB / 7.737GiB"
1791177677,2026-10-05T14:21:17,Q9RestartRaceBenchmark,lab-ryuk,testcontainers/ryuk:0.14.0,0.00,"8.695MiB / 7.737GiB"
1791177685,2026-10-05T14:21:25,Q9RestartRaceBenchmark,external-postgres,postgres:16,0.00,"24.03MiB / 7.737GiB"
1791177685,2026-10-05T14:21:25,Q9RestartRaceBenchmark,external-postgres,postgres:16,0.02,"199.1MiB / 7.737GiB"
1791177685,2026-10-05T14:21:25,Q9RestartRaceBenchmark,external-postgres,postgres:16,2.20,"229.4MiB / 7.737GiB"
1791177685,2026-10-05T14:21:25,Q9RestartRaceBenchmark,external-postgres,postgres:16,0.26,"27.46MiB / 7.737GiB"
1791177685,2026-10-05T14:21:25,Q9RestartRaceBenchmark,lab-postgres,postgres:16,0.03,"36.71MiB / 7.737GiB"
1791177685,2026-10-05T14:21:25,Q9RestartRaceBenchmark,lab-kafka,apache/kafka:4.3.1,6.30,"606.3MiB / 7.737GiB"
1791177685,2026-10-05T14:21:25,Q9RestartRaceBenchmark,lab-ryuk,testcontainers/ryuk:0.14.0,0.00,"8.695MiB / 7.737GiB"
1791177692,2026-10-05T14:21:32,Q9RestartRaceBenchmark,external-postgres,postgres:16,0.00,"24.03MiB / 7.737GiB"
1791177692,2026-10-05T14:21:32,Q9RestartRaceBenchmark,external-postgres,postgres:16,0.09,"199.1MiB / 7.737GiB"
1791177692,2026-10-05T14:21:32,Q9RestartRaceBenchmark,external-postgres,postgres:16,0.88,"229.4MiB / 7.737GiB"
1791177692,2026-10-05T14:21:32,Q9RestartRaceBenchmark,external-postgres,postgres:16,0.00,"27.46MiB / 7.737GiB"
1791177692,2026-10-05T14:21:32,Q9RestartRaceBenchmark,lab-postgres,postgres:16,0.00,"36.71MiB / 7.737GiB"
1791177692,2026-10-05T14:21:32,Q9RestartRaceBenchmark,lab-kafka,apache/kafka:4.3.1,6.46,"603.9MiB / 7.737GiB"
1791177692,2026-10-05T14:21:32,Q9RestartRaceBenchmark,lab-ryuk,testcontainers/ryuk:0.14.0,0.00,"8.695MiB / 7.737GiB"
1791177700,2026-10-05T14:21:40,Q9RestartRaceBenchmark,external-postgres,postgres:16,0.00,"24.03MiB / 7.737GiB"
1791177700,2026-10-05T14:21:40,Q9RestartRaceBenchmark,external-postgres,postgres:16,0.36,"199.1MiB / 7.737GiB"
1791177700,2026-10-05T14:21:40,Q9RestartRaceBenchmark,external-postgres,postgres:16,0.80,"235.5MiB / 7.737GiB"
1791177700,2026-10-05T14:21:40,Q9RestartRaceBenchmark,external-postgres,postgres:16,0.00,"27.46MiB / 7.737GiB"
1791177700,2026-10-05T14:21:40,Q9RestartRaceBenchmark,lab-postgres,postgres:16,0.19,"37.66MiB / 7.737GiB"
1791177700,2026-10-05T14:21:40,Q9RestartRaceBenchmark,lab-kafka,apache/kafka:4.3.1,7.21,"604.3MiB / 7.737GiB"
1791177700,2026-10-05T14:21:40,Q9RestartRaceBenchmark,lab-ryuk,testcontainers/ryuk:0.14.0,0.00,"8.695MiB / 7.737GiB"
1791177707,2026-10-05T14:21:47,Q9RestartRaceBenchmark,external-postgres,postgres:16,0.00,"24.04MiB / 7.737GiB"
1791177707,2026-10-05T14:21:47,Q9RestartRaceBenchmark,external-postgres,postgres:16,0.01,"199.1MiB / 7.737GiB"
1791177707,2026-10-05T14:21:47,Q9RestartRaceBenchmark,external-postgres,postgres:16,0.49,"235.8MiB / 7.737GiB"
1791177707,2026-10-05T14:21:47,Q9RestartRaceBenchmark,external-postgres,postgres:16,0.03,"27.53MiB / 7.737GiB"
1791177707,2026-10-05T14:21:47,Q9RestartRaceBenchmark,lab-postgres,postgres:16,0.10,"36.71MiB / 7.737GiB"
1791177707,2026-10-05T14:21:47,Q9RestartRaceBenchmark,lab-kafka,apache/kafka:4.3.1,4.16,"604.3MiB / 7.737GiB"
1791177707,2026-10-05T14:21:47,Q9RestartRaceBenchmark,lab-ryuk,testcontainers/ryuk:0.14.0,0.00,"8.695MiB / 7.737GiB"
1791177714,2026-10-05T14:21:54,Q9RestartRaceBenchmark,external-postgres,postgres:16,0.01,"24.04MiB / 7.737GiB"
1791177714,2026-10-05T14:21:54,Q9RestartRaceBenchmark,external-postgres,postgres:16,0.05,"199.1MiB / 7.737GiB"
1791177714,2026-10-05T14:21:54,Q9RestartRaceBenchmark,external-postgres,postgres:16,0.05,"229.7MiB / 7.737GiB"
1791177714,2026-10-05T14:21:54,Q9RestartRaceBenchmark,external-postgres,postgres:16,0.03,"27.53MiB / 7.737GiB"
1791177714,2026-10-05T14:21:54,Q9RestartRaceBenchmark,lab-ryuk,testcontainers/ryuk:0.14.0,0.10,"8.691MiB / 7.737GiB"
1791177722,2026-10-05T14:22:02,idle,external-postgres,postgres:16,0.00,"24.04MiB / 7.737GiB"
1791177722,2026-10-05T14:22:02,idle,external-postgres,postgres:16,0.01,"199.1MiB / 7.737GiB"
1791177722,2026-10-05T14:22:02,idle,external-postgres,postgres:16,0.06,"229.5MiB / 7.737GiB"
1791177722,2026-10-05T14:22:02,idle,external-postgres,postgres:16,0.00,"27.53MiB / 7.737GiB"
1791177722,2026-10-05T14:22:02,idle,lab-ryuk,testcontainers/ryuk:0.14.0,0.00,"8.691MiB / 7.737GiB"
1791177729,2026-10-05T14:22:09,idle,external-postgres,postgres:16,0.00,"24.04MiB / 7.737GiB"
1791177729,2026-10-05T14:22:09,idle,external-postgres,postgres:16,0.00,"199.1MiB / 7.737GiB"
1791177729,2026-10-05T14:22:09,idle,external-postgres,postgres:16,0.02,"230MiB / 7.737GiB"
1791177729,2026-10-05T14:22:09,idle,external-postgres,postgres:16,0.02,"27.52MiB / 7.737GiB"
1791177736,2026-10-05T14:22:16,Q9WakeTimingBenchmark,lab-kafka,apache/kafka:4.3.1,116.00,"416.2MiB / 7.737GiB"
1791177736,2026-10-05T14:22:16,Q9WakeTimingBenchmark,lab-ryuk,testcontainers/ryuk:0.14.0,0.00,"10.79MiB / 7.737GiB"
1791177736,2026-10-05T14:22:16,Q9WakeTimingBenchmark,external-postgres,postgres:16,0.72,"24.03MiB / 7.737GiB"
1791177736,2026-10-05T14:22:16,Q9WakeTimingBenchmark,external-postgres,postgres:16,0.02,"199.1MiB / 7.737GiB"
1791177736,2026-10-05T14:22:16,Q9WakeTimingBenchmark,external-postgres,postgres:16,0.01,"230.1MiB / 7.737GiB"
1791177736,2026-10-05T14:22:16,Q9WakeTimingBenchmark,external-postgres,postgres:16,0.02,"27.53MiB / 7.737GiB"
1791177743,2026-10-05T14:22:23,Q9WakeTimingBenchmark,lab-kafka,apache/kafka:4.3.1,6.71,"404.3MiB / 7.737GiB"
1791177743,2026-10-05T14:22:23,Q9WakeTimingBenchmark,lab-ryuk,testcontainers/ryuk:0.14.0,0.00,"10.79MiB / 7.737GiB"
1791177743,2026-10-05T14:22:23,Q9WakeTimingBenchmark,external-postgres,postgres:16,0.00,"24.03MiB / 7.737GiB"
1791177743,2026-10-05T14:22:23,Q9WakeTimingBenchmark,external-postgres,postgres:16,0.00,"199.1MiB / 7.737GiB"
1791177743,2026-10-05T14:22:23,Q9WakeTimingBenchmark,external-postgres,postgres:16,0.00,"230.1MiB / 7.737GiB"
1791177743,2026-10-05T14:22:23,Q9WakeTimingBenchmark,external-postgres,postgres:16,0.00,"27.53MiB / 7.737GiB"
1791177750,2026-10-05T14:22:30,Q9WakeTimingBenchmark,lab-kafka,apache/kafka:4.3.1,17.63,"412MiB / 7.737GiB"
1791177750,2026-10-05T14:22:30,Q9WakeTimingBenchmark,lab-ryuk,testcontainers/ryuk:0.14.0,0.00,"10.79MiB / 7.737GiB"
1791177750,2026-10-05T14:22:30,Q9WakeTimingBenchmark,external-postgres,postgres:16,0.00,"24.03MiB / 7.737GiB"
1791177750,2026-10-05T14:22:30,Q9WakeTimingBenchmark,external-postgres,postgres:16,0.00,"199.1MiB / 7.737GiB"
1791177750,2026-10-05T14:22:30,Q9WakeTimingBenchmark,external-postgres,postgres:16,0.08,"230.6MiB / 7.737GiB"
1791177750,2026-10-05T14:22:30,Q9WakeTimingBenchmark,external-postgres,postgres:16,0.00,"27.53MiB / 7.737GiB"
1791177758,2026-10-05T14:22:38,Q9WakeTimingBenchmark,lab-kafka,apache/kafka:4.3.1,12.76,"408.3MiB / 7.737GiB"
1791177758,2026-10-05T14:22:38,Q9WakeTimingBenchmark,lab-ryuk,testcontainers/ryuk:0.14.0,0.00,"10.79MiB / 7.737GiB"
1791177758,2026-10-05T14:22:38,Q9WakeTimingBenchmark,external-postgres,postgres:16,0.00,"24.03MiB / 7.737GiB"
1791177758,2026-10-05T14:22:38,Q9WakeTimingBenchmark,external-postgres,postgres:16,2.54,"199.1MiB / 7.737GiB"
1791177758,2026-10-05T14:22:38,Q9WakeTimingBenchmark,external-postgres,postgres:16,0.02,"230.6MiB / 7.737GiB"
1791177758,2026-10-05T14:22:38,Q9WakeTimingBenchmark,external-postgres,postgres:16,0.00,"27.53MiB / 7.737GiB"
1791177765,2026-10-05T14:22:45,Q9WakeTimingBenchmark,lab-kafka,apache/kafka:4.3.1,33.76,"414.7MiB / 7.737GiB"
1791177765,2026-10-05T14:22:45,Q9WakeTimingBenchmark,lab-ryuk,testcontainers/ryuk:0.14.0,0.00,"10.8MiB / 7.737GiB"
1791177765,2026-10-05T14:22:45,Q9WakeTimingBenchmark,external-postgres,postgres:16,1.61,"25.27MiB / 7.737GiB"
1791177765,2026-10-05T14:22:45,Q9WakeTimingBenchmark,external-postgres,postgres:16,0.00,"199.1MiB / 7.737GiB"
1791177765,2026-10-05T14:22:45,Q9WakeTimingBenchmark,external-postgres,postgres:16,29.65,"234.1MiB / 7.737GiB"
1791177765,2026-10-05T14:22:45,Q9WakeTimingBenchmark,external-postgres,postgres:16,2.21,"27.73MiB / 7.737GiB"
1791177772,2026-10-05T14:22:52,Q9WakeTimingBenchmark,lab-kafka,apache/kafka:4.3.1,6.97,"416.5MiB / 7.737GiB"
1791177772,2026-10-05T14:22:52,Q9WakeTimingBenchmark,lab-ryuk,testcontainers/ryuk:0.14.0,0.00,"10.8MiB / 7.737GiB"
1791177772,2026-10-05T14:22:52,Q9WakeTimingBenchmark,external-postgres,postgres:16,0.02,"24.19MiB / 7.737GiB"
1791177772,2026-10-05T14:22:52,Q9WakeTimingBenchmark,external-postgres,postgres:16,0.02,"199.1MiB / 7.737GiB"
1791177772,2026-10-05T14:22:52,Q9WakeTimingBenchmark,external-postgres,postgres:16,0.02,"234.4MiB / 7.737GiB"
1791177772,2026-10-05T14:22:52,Q9WakeTimingBenchmark,external-postgres,postgres:16,0.00,"27.54MiB / 7.737GiB"
1791177779,2026-10-05T14:22:59,Q9WakeTimingBenchmark,lab-kafka,apache/kafka:4.3.1,11.75,"417.3MiB / 7.737GiB"
1791177779,2026-10-05T14:22:59,Q9WakeTimingBenchmark,lab-ryuk,testcontainers/ryuk:0.14.0,0.00,"10.8MiB / 7.737GiB"
1791177779,2026-10-05T14:22:59,Q9WakeTimingBenchmark,external-postgres,postgres:16,0.00,"24.19MiB / 7.737GiB"
1791177779,2026-10-05T14:22:59,Q9WakeTimingBenchmark,external-postgres,postgres:16,0.00,"199.1MiB / 7.737GiB"
1791177779,2026-10-05T14:22:59,Q9WakeTimingBenchmark,external-postgres,postgres:16,0.02,"234.1MiB / 7.737GiB"
1791177779,2026-10-05T14:22:59,Q9WakeTimingBenchmark,external-postgres,postgres:16,0.00,"27.54MiB / 7.737GiB"
1791177786,2026-10-05T14:23:06,Q9WakeTimingBenchmark,lab-kafka,apache/kafka:4.3.1,22.54,"424MiB / 7.737GiB"
1791177786,2026-10-05T14:23:06,Q9WakeTimingBenchmark,lab-ryuk,testcontainers/ryuk:0.14.0,0.00,"10.8MiB / 7.737GiB"
1791177786,2026-10-05T14:23:06,Q9WakeTimingBenchmark,external-postgres,postgres:16,0.02,"24.19MiB / 7.737GiB"
1791177786,2026-10-05T14:23:06,Q9WakeTimingBenchmark,external-postgres,postgres:16,0.01,"199.1MiB / 7.737GiB"
1791177786,2026-10-05T14:23:06,Q9WakeTimingBenchmark,external-postgres,postgres:16,0.08,"234.1MiB / 7.737GiB"
1791177786,2026-10-05T14:23:06,Q9WakeTimingBenchmark,external-postgres,postgres:16,0.00,"27.54MiB / 7.737GiB"
1791177794,2026-10-05T14:23:14,Q9WakeTimingBenchmark,lab-kafka,apache/kafka:4.3.1,2.57,"419.3MiB / 7.737GiB"
1791177794,2026-10-05T14:23:14,Q9WakeTimingBenchmark,lab-ryuk,testcontainers/ryuk:0.14.0,0.00,"10.8MiB / 7.737GiB"
1791177794,2026-10-05T14:23:14,Q9WakeTimingBenchmark,external-postgres,postgres:16,0.02,"24.19MiB / 7.737GiB"
1791177794,2026-10-05T14:23:14,Q9WakeTimingBenchmark,external-postgres,postgres:16,0.00,"199.1MiB / 7.737GiB"
1791177794,2026-10-05T14:23:14,Q9WakeTimingBenchmark,external-postgres,postgres:16,0.03,"234.1MiB / 7.737GiB"
1791177794,2026-10-05T14:23:14,Q9WakeTimingBenchmark,external-postgres,postgres:16,0.00,"27.54MiB / 7.737GiB"
1791177801,2026-10-05T14:23:21,Q9WakeTimingBenchmark,lab-kafka,apache/kafka:4.3.1,6.45,"421.8MiB / 7.737GiB"
1791177801,2026-10-05T14:23:21,Q9WakeTimingBenchmark,lab-ryuk,testcontainers/ryuk:0.14.0,0.00,"10.8MiB / 7.737GiB"
1791177801,2026-10-05T14:23:21,Q9WakeTimingBenchmark,external-postgres,postgres:16,0.00,"24.19MiB / 7.737GiB"
1791177801,2026-10-05T14:23:21,Q9WakeTimingBenchmark,external-postgres,postgres:16,0.00,"199.1MiB / 7.737GiB"
1791177801,2026-10-05T14:23:21,Q9WakeTimingBenchmark,external-postgres,postgres:16,0.00,"234.1MiB / 7.737GiB"
1791177801,2026-10-05T14:23:21,Q9WakeTimingBenchmark,external-postgres,postgres:16,0.00,"27.54MiB / 7.737GiB"
1791177808,2026-10-05T14:23:28,Q9WakeTimingBenchmark,lab-kafka,apache/kafka:4.3.1,6.92,"435.2MiB / 7.737GiB"
1791177808,2026-10-05T14:23:28,Q9WakeTimingBenchmark,lab-ryuk,testcontainers/ryuk:0.14.0,0.00,"10.8MiB / 7.737GiB"
1791177808,2026-10-05T14:23:28,Q9WakeTimingBenchmark,external-postgres,postgres:16,0.00,"24.19MiB / 7.737GiB"
1791177808,2026-10-05T14:23:28,Q9WakeTimingBenchmark,external-postgres,postgres:16,0.00,"199.1MiB / 7.737GiB"
1791177808,2026-10-05T14:23:28,Q9WakeTimingBenchmark,external-postgres,postgres:16,0.00,"234.1MiB / 7.737GiB"
1791177808,2026-10-05T14:23:28,Q9WakeTimingBenchmark,external-postgres,postgres:16,0.00,"27.54MiB / 7.737GiB"
1791177815,2026-10-05T14:23:35,Q9WakeTimingBenchmark,lab-kafka,apache/kafka:4.3.1,12.03,"421.8MiB / 7.737GiB"
1791177815,2026-10-05T14:23:35,Q9WakeTimingBenchmark,lab-ryuk,testcontainers/ryuk:0.14.0,0.00,"10.8MiB / 7.737GiB"
1791177815,2026-10-05T14:23:35,Q9WakeTimingBenchmark,external-postgres,postgres:16,0.00,"24.19MiB / 7.737GiB"
1791177815,2026-10-05T14:23:35,Q9WakeTimingBenchmark,external-postgres,postgres:16,0.00,"199.1MiB / 7.737GiB"
1791177815,2026-10-05T14:23:35,Q9WakeTimingBenchmark,external-postgres,postgres:16,0.00,"234.1MiB / 7.737GiB"
1791177815,2026-10-05T14:23:35,Q9WakeTimingBenchmark,external-postgres,postgres:16,0.00,"27.54MiB / 7.737GiB"
1791177822,2026-10-05T14:23:42,Q9WakeTimingBenchmark,lab-kafka,apache/kafka:4.3.1,4.45,"422.7MiB / 7.737GiB"
1791177822,2026-10-05T14:23:42,Q9WakeTimingBenchmark,lab-ryuk,testcontainers/ryuk:0.14.0,0.00,"10.8MiB / 7.737GiB"
1791177822,2026-10-05T14:23:42,Q9WakeTimingBenchmark,external-postgres,postgres:16,0.00,"24.19MiB / 7.737GiB"
1791177822,2026-10-05T14:23:42,Q9WakeTimingBenchmark,external-postgres,postgres:16,0.04,"199.1MiB / 7.737GiB"
1791177822,2026-10-05T14:23:42,Q9WakeTimingBenchmark,external-postgres,postgres:16,0.00,"234.1MiB / 7.737GiB"
1791177822,2026-10-05T14:23:42,Q9WakeTimingBenchmark,external-postgres,postgres:16,0.00,"27.57MiB / 7.737GiB"
1791177830,2026-10-05T14:23:50,Q9WakeTimingBenchmark,lab-kafka,apache/kafka:4.3.1,15.37,"423.9MiB / 7.737GiB"
1791177830,2026-10-05T14:23:50,Q9WakeTimingBenchmark,lab-ryuk,testcontainers/ryuk:0.14.0,0.00,"10.8MiB / 7.737GiB"
1791177830,2026-10-05T14:23:50,Q9WakeTimingBenchmark,external-postgres,postgres:16,0.00,"24.19MiB / 7.737GiB"
1791177830,2026-10-05T14:23:50,Q9WakeTimingBenchmark,external-postgres,postgres:16,0.00,"199.1MiB / 7.737GiB"
1791177830,2026-10-05T14:23:50,Q9WakeTimingBenchmark,external-postgres,postgres:16,0.00,"234.1MiB / 7.737GiB"
1791177830,2026-10-05T14:23:50,Q9WakeTimingBenchmark,external-postgres,postgres:16,0.17,"27.62MiB / 7.737GiB"
1791177837,2026-10-05T14:23:57,Q9WakeTimingBenchmark,lab-kafka,apache/kafka:4.3.1,5.32,"427.3MiB / 7.737GiB"
1791177837,2026-10-05T14:23:57,Q9WakeTimingBenchmark,lab-ryuk,testcontainers/ryuk:0.14.0,0.00,"10.8MiB / 7.737GiB"
1791177837,2026-10-05T14:23:57,Q9WakeTimingBenchmark,external-postgres,postgres:16,0.01,"24.19MiB / 7.737GiB"
1791177837,2026-10-05T14:23:57,Q9WakeTimingBenchmark,external-postgres,postgres:16,0.00,"199.1MiB / 7.737GiB"
1791177837,2026-10-05T14:23:57,Q9WakeTimingBenchmark,external-postgres,postgres:16,0.61,"234.4MiB / 7.737GiB"
1791177837,2026-10-05T14:23:57,Q9WakeTimingBenchmark,external-postgres,postgres:16,0.18,"27.63MiB / 7.737GiB"
1791177844,2026-10-05T14:24:04,Q9WakeTimingBenchmark,lab-kafka,apache/kafka:4.3.1,8.72,"424.8MiB / 7.737GiB"
1791177844,2026-10-05T14:24:04,Q9WakeTimingBenchmark,lab-ryuk,testcontainers/ryuk:0.14.0,0.00,"10.8MiB / 7.737GiB"
1791177844,2026-10-05T14:24:04,Q9WakeTimingBenchmark,external-postgres,postgres:16,0.00,"24.19MiB / 7.737GiB"
1791177844,2026-10-05T14:24:04,Q9WakeTimingBenchmark,external-postgres,postgres:16,0.00,"199.1MiB / 7.737GiB"
1791177844,2026-10-05T14:24:04,Q9WakeTimingBenchmark,external-postgres,postgres:16,0.40,"234.5MiB / 7.737GiB"
1791177844,2026-10-05T14:24:04,Q9WakeTimingBenchmark,external-postgres,postgres:16,0.17,"27.65MiB / 7.737GiB"
1791177851,2026-10-05T14:24:11,Q9WakeTimingBenchmark,lab-kafka,apache/kafka:4.3.1,18.45,"427.6MiB / 7.737GiB"
1791177851,2026-10-05T14:24:11,Q9WakeTimingBenchmark,lab-ryuk,testcontainers/ryuk:0.14.0,0.00,"10.8MiB / 7.737GiB"
1791177851,2026-10-05T14:24:11,Q9WakeTimingBenchmark,external-postgres,postgres:16,0.00,"24.19MiB / 7.737GiB"
1791177851,2026-10-05T14:24:11,Q9WakeTimingBenchmark,external-postgres,postgres:16,0.01,"199.1MiB / 7.737GiB"
1791177851,2026-10-05T14:24:11,Q9WakeTimingBenchmark,external-postgres,postgres:16,0.26,"234.6MiB / 7.737GiB"
1791177851,2026-10-05T14:24:11,Q9WakeTimingBenchmark,external-postgres,postgres:16,0.02,"27.53MiB / 7.737GiB"
1791177858,2026-10-05T14:24:18,Q9WakeTimingBenchmark,lab-kafka,apache/kafka:4.3.1,15.14,"435.7MiB / 7.737GiB"
1791177858,2026-10-05T14:24:18,Q9WakeTimingBenchmark,lab-ryuk,testcontainers/ryuk:0.14.0,0.00,"10.8MiB / 7.737GiB"
1791177858,2026-10-05T14:24:18,Q9WakeTimingBenchmark,external-postgres,postgres:16,0.23,"24.26MiB / 7.737GiB"
1791177858,2026-10-05T14:24:18,Q9WakeTimingBenchmark,external-postgres,postgres:16,0.00,"199.1MiB / 7.737GiB"
1791177858,2026-10-05T14:24:18,Q9WakeTimingBenchmark,external-postgres,postgres:16,0.32,"234.7MiB / 7.737GiB"
1791177858,2026-10-05T14:24:18,Q9WakeTimingBenchmark,external-postgres,postgres:16,0.00,"27.53MiB / 7.737GiB"
1791177866,2026-10-05T14:24:26,Q9WakeTimingBenchmark,lab-kafka,apache/kafka:4.3.1,10.30,"436.5MiB / 7.737GiB"
1791177866,2026-10-05T14:24:26,Q9WakeTimingBenchmark,lab-ryuk,testcontainers/ryuk:0.14.0,0.00,"10.8MiB / 7.737GiB"
1791177866,2026-10-05T14:24:26,Q9WakeTimingBenchmark,external-postgres,postgres:16,0.19,"24.29MiB / 7.737GiB"
1791177866,2026-10-05T14:24:26,Q9WakeTimingBenchmark,external-postgres,postgres:16,0.00,"199.1MiB / 7.737GiB"
1791177866,2026-10-05T14:24:26,Q9WakeTimingBenchmark,external-postgres,postgres:16,1.10,"234.8MiB / 7.737GiB"
1791177866,2026-10-05T14:24:26,Q9WakeTimingBenchmark,external-postgres,postgres:16,0.00,"27.53MiB / 7.737GiB"
1791177873,2026-10-05T14:24:33,Q9WakeTimingBenchmark,lab-kafka,apache/kafka:4.3.1,11.47,"454.7MiB / 7.737GiB"
1791177873,2026-10-05T14:24:33,Q9WakeTimingBenchmark,lab-ryuk,testcontainers/ryuk:0.14.0,0.00,"10.8MiB / 7.737GiB"
1791177873,2026-10-05T14:24:33,Q9WakeTimingBenchmark,external-postgres,postgres:16,0.04,"24.3MiB / 7.737GiB"
1791177873,2026-10-05T14:24:33,Q9WakeTimingBenchmark,external-postgres,postgres:16,0.01,"199.1MiB / 7.737GiB"
1791177873,2026-10-05T14:24:33,Q9WakeTimingBenchmark,external-postgres,postgres:16,0.45,"234.8MiB / 7.737GiB"
1791177873,2026-10-05T14:24:33,Q9WakeTimingBenchmark,external-postgres,postgres:16,0.00,"27.53MiB / 7.737GiB"
1791177880,2026-10-05T14:24:40,Q9WakeTimingBenchmark,lab-kafka,apache/kafka:4.3.1,6.86,"454.2MiB / 7.737GiB"
1791177880,2026-10-05T14:24:40,Q9WakeTimingBenchmark,lab-ryuk,testcontainers/ryuk:0.14.0,0.00,"10.8MiB / 7.737GiB"
1791177880,2026-10-05T14:24:40,Q9WakeTimingBenchmark,external-postgres,postgres:16,0.03,"24.3MiB / 7.737GiB"
1791177880,2026-10-05T14:24:40,Q9WakeTimingBenchmark,external-postgres,postgres:16,0.00,"199.1MiB / 7.737GiB"
1791177880,2026-10-05T14:24:40,Q9WakeTimingBenchmark,external-postgres,postgres:16,0.29,"234.8MiB / 7.737GiB"
1791177880,2026-10-05T14:24:40,Q9WakeTimingBenchmark,external-postgres,postgres:16,0.00,"27.53MiB / 7.737GiB"
1791177887,2026-10-05T14:24:47,Q9WakeTimingBenchmark,lab-kafka,apache/kafka:4.3.1,16.46,"468.9MiB / 7.737GiB"
1791177887,2026-10-05T14:24:47,Q9WakeTimingBenchmark,lab-ryuk,testcontainers/ryuk:0.14.0,0.00,"10.8MiB / 7.737GiB"
1791177887,2026-10-05T14:24:47,Q9WakeTimingBenchmark,external-postgres,postgres:16,0.01,"24.3MiB / 7.737GiB"
1791177887,2026-10-05T14:24:47,Q9WakeTimingBenchmark,external-postgres,postgres:16,0.00,"199.1MiB / 7.737GiB"
1791177887,2026-10-05T14:24:47,Q9WakeTimingBenchmark,external-postgres,postgres:16,0.35,"234.8MiB / 7.737GiB"
1791177887,2026-10-05T14:24:47,Q9WakeTimingBenchmark,external-postgres,postgres:16,0.02,"27.53MiB / 7.737GiB"
1791177894,2026-10-05T14:24:54,Q9WakeTimingBenchmark,lab-kafka,apache/kafka:4.3.1,1.85,"471.7MiB / 7.737GiB"
1791177894,2026-10-05T14:24:54,Q9WakeTimingBenchmark,lab-ryuk,testcontainers/ryuk:0.14.0,0.00,"10.8MiB / 7.737GiB"
1791177894,2026-10-05T14:24:54,Q9WakeTimingBenchmark,external-postgres,postgres:16,0.00,"24.3MiB / 7.737GiB"
1791177894,2026-10-05T14:24:54,Q9WakeTimingBenchmark,external-postgres,postgres:16,0.00,"199.1MiB / 7.737GiB"
1791177894,2026-10-05T14:24:54,Q9WakeTimingBenchmark,external-postgres,postgres:16,0.19,"234.8MiB / 7.737GiB"
1791177894,2026-10-05T14:24:54,Q9WakeTimingBenchmark,external-postgres,postgres:16,0.00,"27.53MiB / 7.737GiB"
1791177901,2026-10-05T14:25:01,Q9WakeTimingBenchmark,lab-kafka,apache/kafka:4.3.1,19.43,"488.5MiB / 7.737GiB"
1791177901,2026-10-05T14:25:01,Q9WakeTimingBenchmark,lab-ryuk,testcontainers/ryuk:0.14.0,0.00,"10.8MiB / 7.737GiB"
1791177901,2026-10-05T14:25:01,Q9WakeTimingBenchmark,external-postgres,postgres:16,0.00,"24.3MiB / 7.737GiB"
1791177901,2026-10-05T14:25:01,Q9WakeTimingBenchmark,external-postgres,postgres:16,0.00,"199.1MiB / 7.737GiB"
1791177901,2026-10-05T14:25:01,Q9WakeTimingBenchmark,external-postgres,postgres:16,0.26,"234.8MiB / 7.737GiB"
1791177901,2026-10-05T14:25:01,Q9WakeTimingBenchmark,external-postgres,postgres:16,0.00,"27.53MiB / 7.737GiB"
1791177909,2026-10-05T14:25:09,Q9WakeTimingBenchmark,lab-kafka,apache/kafka:4.3.1,12.16,"493.3MiB / 7.737GiB"
1791177909,2026-10-05T14:25:09,Q9WakeTimingBenchmark,lab-ryuk,testcontainers/ryuk:0.14.0,0.00,"10.8MiB / 7.737GiB"
1791177909,2026-10-05T14:25:09,Q9WakeTimingBenchmark,external-postgres,postgres:16,0.00,"24.3MiB / 7.737GiB"
1791177909,2026-10-05T14:25:09,Q9WakeTimingBenchmark,external-postgres,postgres:16,0.00,"199.1MiB / 7.737GiB"
1791177909,2026-10-05T14:25:09,Q9WakeTimingBenchmark,external-postgres,postgres:16,0.38,"234.8MiB / 7.737GiB"
1791177909,2026-10-05T14:25:09,Q9WakeTimingBenchmark,external-postgres,postgres:16,0.00,"27.53MiB / 7.737GiB"
1791177916,2026-10-05T14:25:16,Q9WakeTimingBenchmark,lab-kafka,apache/kafka:4.3.1,8.88,"504.3MiB / 7.737GiB"
1791177916,2026-10-05T14:25:16,Q9WakeTimingBenchmark,lab-ryuk,testcontainers/ryuk:0.14.0,0.00,"10.8MiB / 7.737GiB"
1791177916,2026-10-05T14:25:16,Q9WakeTimingBenchmark,external-postgres,postgres:16,0.02,"24.3MiB / 7.737GiB"
1791177916,2026-10-05T14:25:16,Q9WakeTimingBenchmark,external-postgres,postgres:16,0.00,"199.1MiB / 7.737GiB"
1791177916,2026-10-05T14:25:16,Q9WakeTimingBenchmark,external-postgres,postgres:16,0.26,"234.8MiB / 7.737GiB"
1791177916,2026-10-05T14:25:16,Q9WakeTimingBenchmark,external-postgres,postgres:16,0.00,"27.53MiB / 7.737GiB"
1791177923,2026-10-05T14:25:23,Q9WakeTimingBenchmark,lab-kafka,apache/kafka:4.3.1,8.70,"507.9MiB / 7.737GiB"
1791177923,2026-10-05T14:25:23,Q9WakeTimingBenchmark,lab-ryuk,testcontainers/ryuk:0.14.0,0.00,"10.8MiB / 7.737GiB"
1791177923,2026-10-05T14:25:23,Q9WakeTimingBenchmark,external-postgres,postgres:16,0.00,"24.3MiB / 7.737GiB"
1791177923,2026-10-05T14:25:23,Q9WakeTimingBenchmark,external-postgres,postgres:16,0.00,"199.1MiB / 7.737GiB"
1791177923,2026-10-05T14:25:23,Q9WakeTimingBenchmark,external-postgres,postgres:16,0.28,"234.8MiB / 7.737GiB"
1791177923,2026-10-05T14:25:23,Q9WakeTimingBenchmark,external-postgres,postgres:16,0.00,"27.53MiB / 7.737GiB"
1791177930,2026-10-05T14:25:30,Q9WakeTimingBenchmark,lab-kafka,apache/kafka:4.3.1,9.94,"517.3MiB / 7.737GiB"
1791177930,2026-10-05T14:25:30,Q9WakeTimingBenchmark,lab-ryuk,testcontainers/ryuk:0.14.0,0.00,"10.8MiB / 7.737GiB"
1791177930,2026-10-05T14:25:30,Q9WakeTimingBenchmark,external-postgres,postgres:16,0.00,"24.3MiB / 7.737GiB"
1791177930,2026-10-05T14:25:30,Q9WakeTimingBenchmark,external-postgres,postgres:16,0.02,"199.1MiB / 7.737GiB"
1791177930,2026-10-05T14:25:30,Q9WakeTimingBenchmark,external-postgres,postgres:16,0.59,"234.8MiB / 7.737GiB"
1791177930,2026-10-05T14:25:30,Q9WakeTimingBenchmark,external-postgres,postgres:16,0.00,"27.53MiB / 7.737GiB"
1791177937,2026-10-05T14:25:37,Q9WakeTimingBenchmark,lab-kafka,apache/kafka:4.3.1,8.56,"529.9MiB / 7.737GiB"
1791177937,2026-10-05T14:25:37,Q9WakeTimingBenchmark,lab-ryuk,testcontainers/ryuk:0.14.0,0.00,"10.8MiB / 7.737GiB"
1791177937,2026-10-05T14:25:37,Q9WakeTimingBenchmark,external-postgres,postgres:16,0.03,"24.3MiB / 7.737GiB"
1791177937,2026-10-05T14:25:37,Q9WakeTimingBenchmark,external-postgres,postgres:16,2.29,"199.1MiB / 7.737GiB"
1791177937,2026-10-05T14:25:37,Q9WakeTimingBenchmark,external-postgres,postgres:16,0.57,"234.8MiB / 7.737GiB"
1791177937,2026-10-05T14:25:37,Q9WakeTimingBenchmark,external-postgres,postgres:16,0.00,"27.53MiB / 7.737GiB"
1791177945,2026-10-05T14:25:45,Q9WakeTimingBenchmark,lab-kafka,apache/kafka:4.3.1,6.30,"537.7MiB / 7.737GiB"
1791177945,2026-10-05T14:25:45,Q9WakeTimingBenchmark,lab-ryuk,testcontainers/ryuk:0.14.0,0.00,"10.8MiB / 7.737GiB"
1791177945,2026-10-05T14:25:45,Q9WakeTimingBenchmark,external-postgres,postgres:16,0.00,"24.3MiB / 7.737GiB"
1791177945,2026-10-05T14:25:45,Q9WakeTimingBenchmark,external-postgres,postgres:16,0.51,"199.1MiB / 7.737GiB"
1791177945,2026-10-05T14:25:45,Q9WakeTimingBenchmark,external-postgres,postgres:16,0.40,"234.8MiB / 7.737GiB"
1791177945,2026-10-05T14:25:45,Q9WakeTimingBenchmark,external-postgres,postgres:16,0.00,"27.53MiB / 7.737GiB"
1791177952,2026-10-05T14:25:52,Q9WakeTimingBenchmark,lab-kafka,apache/kafka:4.3.1,2.64,"545.9MiB / 7.737GiB"
1791177952,2026-10-05T14:25:52,Q9WakeTimingBenchmark,lab-ryuk,testcontainers/ryuk:0.14.0,0.00,"10.8MiB / 7.737GiB"
1791177952,2026-10-05T14:25:52,Q9WakeTimingBenchmark,external-postgres,postgres:16,0.00,"24.3MiB / 7.737GiB"
1791177952,2026-10-05T14:25:52,Q9WakeTimingBenchmark,external-postgres,postgres:16,0.22,"199.1MiB / 7.737GiB"
1791177952,2026-10-05T14:25:52,Q9WakeTimingBenchmark,external-postgres,postgres:16,0.36,"234.9MiB / 7.737GiB"
1791177952,2026-10-05T14:25:52,Q9WakeTimingBenchmark,external-postgres,postgres:16,0.00,"27.53MiB / 7.737GiB"
1791177959,2026-10-05T14:25:59,Q9WakeTimingBenchmark,lab-kafka,apache/kafka:4.3.1,12.35,"561MiB / 7.737GiB"
1791177959,2026-10-05T14:25:59,Q9WakeTimingBenchmark,lab-ryuk,testcontainers/ryuk:0.14.0,0.00,"10.8MiB / 7.737GiB"
1791177959,2026-10-05T14:25:59,Q9WakeTimingBenchmark,external-postgres,postgres:16,0.00,"24.3MiB / 7.737GiB"
1791177959,2026-10-05T14:25:59,Q9WakeTimingBenchmark,external-postgres,postgres:16,0.22,"199.1MiB / 7.737GiB"
1791177959,2026-10-05T14:25:59,Q9WakeTimingBenchmark,external-postgres,postgres:16,0.17,"234.9MiB / 7.737GiB"
1791177959,2026-10-05T14:25:59,Q9WakeTimingBenchmark,external-postgres,postgres:16,0.00,"27.53MiB / 7.737GiB"
1791177966,2026-10-05T14:26:06,Q9WakeTimingBenchmark,lab-kafka,apache/kafka:4.3.1,6.31,"563.6MiB / 7.737GiB"
1791177966,2026-10-05T14:26:06,Q9WakeTimingBenchmark,lab-ryuk,testcontainers/ryuk:0.14.0,0.00,"10.8MiB / 7.737GiB"
1791177966,2026-10-05T14:26:06,Q9WakeTimingBenchmark,external-postgres,postgres:16,0.01,"24.3MiB / 7.737GiB"
1791177966,2026-10-05T14:26:06,Q9WakeTimingBenchmark,external-postgres,postgres:16,0.24,"199.1MiB / 7.737GiB"
1791177966,2026-10-05T14:26:06,Q9WakeTimingBenchmark,external-postgres,postgres:16,0.34,"234.9MiB / 7.737GiB"
1791177966,2026-10-05T14:26:06,Q9WakeTimingBenchmark,external-postgres,postgres:16,0.00,"27.53MiB / 7.737GiB"
1791177974,2026-10-05T14:26:14,Q9WakeTimingBenchmark,lab-kafka,apache/kafka:4.3.1,10.25,"569.4MiB / 7.737GiB"
1791177974,2026-10-05T14:26:14,Q9WakeTimingBenchmark,lab-ryuk,testcontainers/ryuk:0.14.0,0.00,"10.8MiB / 7.737GiB"
1791177974,2026-10-05T14:26:14,Q9WakeTimingBenchmark,external-postgres,postgres:16,0.00,"24.3MiB / 7.737GiB"
1791177974,2026-10-05T14:26:14,Q9WakeTimingBenchmark,external-postgres,postgres:16,1.11,"199.1MiB / 7.737GiB"
1791177974,2026-10-05T14:26:14,Q9WakeTimingBenchmark,external-postgres,postgres:16,0.33,"234.9MiB / 7.737GiB"
1791177974,2026-10-05T14:26:14,Q9WakeTimingBenchmark,external-postgres,postgres:16,0.00,"27.53MiB / 7.737GiB"
1791177981,2026-10-05T14:26:21,Q9WakeTimingBenchmark,lab-kafka,apache/kafka:4.3.1,14.86,"582.1MiB / 7.737GiB"
1791177981,2026-10-05T14:26:21,Q9WakeTimingBenchmark,lab-ryuk,testcontainers/ryuk:0.14.0,0.00,"10.8MiB / 7.737GiB"
1791177981,2026-10-05T14:26:21,Q9WakeTimingBenchmark,external-postgres,postgres:16,0.00,"24.3MiB / 7.737GiB"
1791177981,2026-10-05T14:26:21,Q9WakeTimingBenchmark,external-postgres,postgres:16,0.18,"199.1MiB / 7.737GiB"
1791177981,2026-10-05T14:26:21,Q9WakeTimingBenchmark,external-postgres,postgres:16,0.31,"234.9MiB / 7.737GiB"
1791177981,2026-10-05T14:26:21,Q9WakeTimingBenchmark,external-postgres,postgres:16,0.00,"27.53MiB / 7.737GiB"
1791177988,2026-10-05T14:26:28,Q9WakeTimingBenchmark,lab-kafka,apache/kafka:4.3.1,15.74,"595.4MiB / 7.737GiB"
1791177988,2026-10-05T14:26:28,Q9WakeTimingBenchmark,lab-ryuk,testcontainers/ryuk:0.14.0,0.00,"10.8MiB / 7.737GiB"
1791177988,2026-10-05T14:26:28,Q9WakeTimingBenchmark,external-postgres,postgres:16,0.01,"24.3MiB / 7.737GiB"
1791177988,2026-10-05T14:26:28,Q9WakeTimingBenchmark,external-postgres,postgres:16,0.33,"199.1MiB / 7.737GiB"
1791177988,2026-10-05T14:26:28,Q9WakeTimingBenchmark,external-postgres,postgres:16,0.54,"234.9MiB / 7.737GiB"
1791177988,2026-10-05T14:26:28,Q9WakeTimingBenchmark,external-postgres,postgres:16,0.03,"27.53MiB / 7.737GiB"
1791177995,2026-10-05T14:26:35,Q9WakeTimingBenchmark,lab-kafka,apache/kafka:4.3.1,3.31,"595.2MiB / 7.737GiB"
1791177995,2026-10-05T14:26:35,Q9WakeTimingBenchmark,lab-ryuk,testcontainers/ryuk:0.14.0,0.00,"10.8MiB / 7.737GiB"
1791177995,2026-10-05T14:26:35,Q9WakeTimingBenchmark,external-postgres,postgres:16,0.00,"24.3MiB / 7.737GiB"
1791177995,2026-10-05T14:26:35,Q9WakeTimingBenchmark,external-postgres,postgres:16,0.37,"199.1MiB / 7.737GiB"
1791177995,2026-10-05T14:26:35,Q9WakeTimingBenchmark,external-postgres,postgres:16,0.35,"234.9MiB / 7.737GiB"
1791177995,2026-10-05T14:26:35,Q9WakeTimingBenchmark,external-postgres,postgres:16,0.00,"27.53MiB / 7.737GiB"
1791178003,2026-10-05T14:26:43,Q9WakeTimingBenchmark,lab-kafka,apache/kafka:4.3.1,2.95,"611.9MiB / 7.737GiB"
1791178003,2026-10-05T14:26:43,Q9WakeTimingBenchmark,lab-ryuk,testcontainers/ryuk:0.14.0,0.00,"10.8MiB / 7.737GiB"
1791178003,2026-10-05T14:26:43,Q9WakeTimingBenchmark,external-postgres,postgres:16,0.00,"24.3MiB / 7.737GiB"
1791178003,2026-10-05T14:26:43,Q9WakeTimingBenchmark,external-postgres,postgres:16,0.23,"199.1MiB / 7.737GiB"
1791178003,2026-10-05T14:26:43,Q9WakeTimingBenchmark,external-postgres,postgres:16,0.28,"234.9MiB / 7.737GiB"
1791178003,2026-10-05T14:26:43,Q9WakeTimingBenchmark,external-postgres,postgres:16,0.02,"27.57MiB / 7.737GiB"
1791178010,2026-10-05T14:26:50,Q9WakeTimingBenchmark,lab-kafka,apache/kafka:4.3.1,2.54,"612.5MiB / 7.737GiB"
1791178010,2026-10-05T14:26:50,Q9WakeTimingBenchmark,lab-ryuk,testcontainers/ryuk:0.14.0,0.00,"10.8MiB / 7.737GiB"
1791178010,2026-10-05T14:26:50,Q9WakeTimingBenchmark,external-postgres,postgres:16,0.00,"24.3MiB / 7.737GiB"
1791178010,2026-10-05T14:26:50,Q9WakeTimingBenchmark,external-postgres,postgres:16,0.22,"199.1MiB / 7.737GiB"
1791178010,2026-10-05T14:26:50,Q9WakeTimingBenchmark,external-postgres,postgres:16,0.23,"234.9MiB / 7.737GiB"
1791178010,2026-10-05T14:26:50,Q9WakeTimingBenchmark,external-postgres,postgres:16,0.03,"27.6MiB / 7.737GiB"
1791178017,2026-10-05T14:26:57,Q9WakeTimingBenchmark,lab-kafka,apache/kafka:4.3.1,4.48,"624.3MiB / 7.737GiB"
1791178017,2026-10-05T14:26:57,Q9WakeTimingBenchmark,lab-ryuk,testcontainers/ryuk:0.14.0,0.00,"10.8MiB / 7.737GiB"
1791178017,2026-10-05T14:26:57,Q9WakeTimingBenchmark,external-postgres,postgres:16,0.01,"24.3MiB / 7.737GiB"
1791178017,2026-10-05T14:26:57,Q9WakeTimingBenchmark,external-postgres,postgres:16,0.19,"199.1MiB / 7.737GiB"
1791178017,2026-10-05T14:26:57,Q9WakeTimingBenchmark,external-postgres,postgres:16,0.29,"234.9MiB / 7.737GiB"
1791178017,2026-10-05T14:26:57,Q9WakeTimingBenchmark,external-postgres,postgres:16,0.02,"27.6MiB / 7.737GiB"
1791178024,2026-10-05T14:27:04,Q9WakeTimingBenchmark,lab-kafka,apache/kafka:4.3.1,12.25,"634.1MiB / 7.737GiB"
1791178024,2026-10-05T14:27:04,Q9WakeTimingBenchmark,lab-ryuk,testcontainers/ryuk:0.14.0,0.00,"10.8MiB / 7.737GiB"
1791178024,2026-10-05T14:27:04,Q9WakeTimingBenchmark,external-postgres,postgres:16,0.00,"24.3MiB / 7.737GiB"
1791178024,2026-10-05T14:27:04,Q9WakeTimingBenchmark,external-postgres,postgres:16,0.18,"199.1MiB / 7.737GiB"
1791178024,2026-10-05T14:27:04,Q9WakeTimingBenchmark,external-postgres,postgres:16,0.24,"234.9MiB / 7.737GiB"
1791178024,2026-10-05T14:27:04,Q9WakeTimingBenchmark,external-postgres,postgres:16,0.01,"27.6MiB / 7.737GiB"
1791178032,2026-10-05T14:27:12,Q9WakeTimingBenchmark,lab-kafka,apache/kafka:4.3.1,11.40,"631.7MiB / 7.737GiB"
1791178032,2026-10-05T14:27:12,Q9WakeTimingBenchmark,lab-ryuk,testcontainers/ryuk:0.14.0,0.00,"10.8MiB / 7.737GiB"
1791178032,2026-10-05T14:27:12,Q9WakeTimingBenchmark,external-postgres,postgres:16,0.00,"24.3MiB / 7.737GiB"
1791178032,2026-10-05T14:27:12,Q9WakeTimingBenchmark,external-postgres,postgres:16,0.30,"199.1MiB / 7.737GiB"
1791178032,2026-10-05T14:27:12,Q9WakeTimingBenchmark,external-postgres,postgres:16,0.35,"235MiB / 7.737GiB"
1791178032,2026-10-05T14:27:12,Q9WakeTimingBenchmark,external-postgres,postgres:16,0.00,"27.6MiB / 7.737GiB"
1791178039,2026-10-05T14:27:19,Q9WakeTimingBenchmark,lab-kafka,apache/kafka:4.3.1,4.66,"632.4MiB / 7.737GiB"
1791178039,2026-10-05T14:27:19,Q9WakeTimingBenchmark,lab-ryuk,testcontainers/ryuk:0.14.0,0.00,"10.8MiB / 7.737GiB"
1791178039,2026-10-05T14:27:19,Q9WakeTimingBenchmark,external-postgres,postgres:16,0.00,"24.3MiB / 7.737GiB"
1791178039,2026-10-05T14:27:19,Q9WakeTimingBenchmark,external-postgres,postgres:16,0.25,"199.1MiB / 7.737GiB"
1791178039,2026-10-05T14:27:19,Q9WakeTimingBenchmark,external-postgres,postgres:16,1.05,"235MiB / 7.737GiB"
1791178039,2026-10-05T14:27:19,Q9WakeTimingBenchmark,external-postgres,postgres:16,0.00,"27.6MiB / 7.737GiB"
1791178046,2026-10-05T14:27:26,Q9WakeTimingBenchmark,lab-kafka,apache/kafka:4.3.1,3.49,"632.2MiB / 7.737GiB"
1791178046,2026-10-05T14:27:26,Q9WakeTimingBenchmark,lab-ryuk,testcontainers/ryuk:0.14.0,0.00,"10.8MiB / 7.737GiB"
1791178046,2026-10-05T14:27:26,Q9WakeTimingBenchmark,external-postgres,postgres:16,0.00,"24.3MiB / 7.737GiB"
1791178046,2026-10-05T14:27:26,Q9WakeTimingBenchmark,external-postgres,postgres:16,0.25,"199.1MiB / 7.737GiB"
1791178046,2026-10-05T14:27:26,Q9WakeTimingBenchmark,external-postgres,postgres:16,0.72,"235MiB / 7.737GiB"
1791178046,2026-10-05T14:27:26,Q9WakeTimingBenchmark,external-postgres,postgres:16,0.01,"27.6MiB / 7.737GiB"
1791178053,2026-10-05T14:27:33,Q9WakeTimingBenchmark,lab-kafka,apache/kafka:4.3.1,2.38,"632.7MiB / 7.737GiB"
1791178053,2026-10-05T14:27:33,Q9WakeTimingBenchmark,lab-ryuk,testcontainers/ryuk:0.14.0,0.00,"10.8MiB / 7.737GiB"
1791178053,2026-10-05T14:27:33,Q9WakeTimingBenchmark,external-postgres,postgres:16,0.00,"24.3MiB / 7.737GiB"
1791178053,2026-10-05T14:27:33,Q9WakeTimingBenchmark,external-postgres,postgres:16,0.25,"199.1MiB / 7.737GiB"
1791178053,2026-10-05T14:27:33,Q9WakeTimingBenchmark,external-postgres,postgres:16,0.32,"235MiB / 7.737GiB"
1791178053,2026-10-05T14:27:33,Q9WakeTimingBenchmark,external-postgres,postgres:16,0.00,"27.6MiB / 7.737GiB"
1791178060,2026-10-05T14:27:40,Q9WakeTimingBenchmark,lab-kafka,apache/kafka:4.3.1,3.83,"634.3MiB / 7.737GiB"
1791178060,2026-10-05T14:27:40,Q9WakeTimingBenchmark,lab-ryuk,testcontainers/ryuk:0.14.0,0.00,"10.8MiB / 7.737GiB"
1791178060,2026-10-05T14:27:40,Q9WakeTimingBenchmark,external-postgres,postgres:16,0.00,"24.3MiB / 7.737GiB"
1791178060,2026-10-05T14:27:40,Q9WakeTimingBenchmark,external-postgres,postgres:16,0.40,"199.1MiB / 7.737GiB"
1791178060,2026-10-05T14:27:40,Q9WakeTimingBenchmark,external-postgres,postgres:16,0.33,"235MiB / 7.737GiB"
1791178060,2026-10-05T14:27:40,Q9WakeTimingBenchmark,external-postgres,postgres:16,0.00,"27.6MiB / 7.737GiB"
1791178068,2026-10-05T14:27:48,Q9WakeTimingBenchmark,lab-kafka,apache/kafka:4.3.1,7.56,"636.4MiB / 7.737GiB"
1791178068,2026-10-05T14:27:48,Q9WakeTimingBenchmark,lab-ryuk,testcontainers/ryuk:0.14.0,0.00,"10.8MiB / 7.737GiB"
1791178068,2026-10-05T14:27:48,Q9WakeTimingBenchmark,external-postgres,postgres:16,0.00,"24.3MiB / 7.737GiB"
1791178068,2026-10-05T14:27:48,Q9WakeTimingBenchmark,external-postgres,postgres:16,0.32,"199.1MiB / 7.737GiB"
1791178068,2026-10-05T14:27:48,Q9WakeTimingBenchmark,external-postgres,postgres:16,0.25,"235MiB / 7.737GiB"
1791178068,2026-10-05T14:27:48,Q9WakeTimingBenchmark,external-postgres,postgres:16,0.00,"27.6MiB / 7.737GiB"
1791178075,2026-10-05T14:27:55,Q9WakeTimingBenchmark,lab-kafka,apache/kafka:4.3.1,1.94,"644.6MiB / 7.737GiB"
1791178075,2026-10-05T14:27:55,Q9WakeTimingBenchmark,lab-ryuk,testcontainers/ryuk:0.14.0,0.00,"10.8MiB / 7.737GiB"
1791178075,2026-10-05T14:27:55,Q9WakeTimingBenchmark,external-postgres,postgres:16,0.01,"24.3MiB / 7.737GiB"
1791178075,2026-10-05T14:27:55,Q9WakeTimingBenchmark,external-postgres,postgres:16,0.29,"199.1MiB / 7.737GiB"
1791178075,2026-10-05T14:27:55,Q9WakeTimingBenchmark,external-postgres,postgres:16,0.17,"235MiB / 7.737GiB"
1791178075,2026-10-05T14:27:55,Q9WakeTimingBenchmark,external-postgres,postgres:16,0.00,"27.6MiB / 7.737GiB"
1791178082,2026-10-05T14:28:02,Q9WakeTimingBenchmark,lab-kafka,apache/kafka:4.3.1,5.95,"637.1MiB / 7.737GiB"
1791178082,2026-10-05T14:28:02,Q9WakeTimingBenchmark,lab-ryuk,testcontainers/ryuk:0.14.0,0.00,"10.8MiB / 7.737GiB"
1791178082,2026-10-05T14:28:02,Q9WakeTimingBenchmark,external-postgres,postgres:16,0.00,"24.3MiB / 7.737GiB"
1791178082,2026-10-05T14:28:02,Q9WakeTimingBenchmark,external-postgres,postgres:16,0.24,"199.1MiB / 7.737GiB"
1791178082,2026-10-05T14:28:02,Q9WakeTimingBenchmark,external-postgres,postgres:16,0.21,"235MiB / 7.737GiB"
1791178082,2026-10-05T14:28:02,Q9WakeTimingBenchmark,external-postgres,postgres:16,0.00,"27.6MiB / 7.737GiB"
1791178089,2026-10-05T14:28:09,Q9WakeTimingBenchmark,lab-kafka,apache/kafka:4.3.1,1.88,"635.9MiB / 7.737GiB"
1791178089,2026-10-05T14:28:09,Q9WakeTimingBenchmark,lab-ryuk,testcontainers/ryuk:0.14.0,0.00,"10.8MiB / 7.737GiB"
1791178089,2026-10-05T14:28:09,Q9WakeTimingBenchmark,external-postgres,postgres:16,0.04,"24.3MiB / 7.737GiB"
1791178089,2026-10-05T14:28:09,Q9WakeTimingBenchmark,external-postgres,postgres:16,0.18,"199.1MiB / 7.737GiB"
1791178089,2026-10-05T14:28:09,Q9WakeTimingBenchmark,external-postgres,postgres:16,0.22,"235MiB / 7.737GiB"
1791178089,2026-10-05T14:28:09,Q9WakeTimingBenchmark,external-postgres,postgres:16,0.00,"27.6MiB / 7.737GiB"
1791178096,2026-10-05T14:28:16,Q9WakeTimingBenchmark,lab-kafka,apache/kafka:4.3.1,8.16,"636.7MiB / 7.737GiB"
1791178096,2026-10-05T14:28:16,Q9WakeTimingBenchmark,lab-ryuk,testcontainers/ryuk:0.14.0,0.00,"10.8MiB / 7.737GiB"
1791178096,2026-10-05T14:28:16,Q9WakeTimingBenchmark,external-postgres,postgres:16,0.64,"24.3MiB / 7.737GiB"
1791178096,2026-10-05T14:28:16,Q9WakeTimingBenchmark,external-postgres,postgres:16,0.22,"199.1MiB / 7.737GiB"
1791178096,2026-10-05T14:28:16,Q9WakeTimingBenchmark,external-postgres,postgres:16,0.23,"235MiB / 7.737GiB"
1791178096,2026-10-05T14:28:16,Q9WakeTimingBenchmark,external-postgres,postgres:16,0.01,"27.6MiB / 7.737GiB"
1791178103,2026-10-05T14:28:23,Q9WakeTimingBenchmark,lab-kafka,apache/kafka:4.3.1,5.86,"637.2MiB / 7.737GiB"
1791178103,2026-10-05T14:28:23,Q9WakeTimingBenchmark,lab-ryuk,testcontainers/ryuk:0.14.0,0.00,"10.8MiB / 7.737GiB"
1791178103,2026-10-05T14:28:23,Q9WakeTimingBenchmark,external-postgres,postgres:16,0.00,"24.3MiB / 7.737GiB"
1791178103,2026-10-05T14:28:23,Q9WakeTimingBenchmark,external-postgres,postgres:16,0.26,"199.1MiB / 7.737GiB"
1791178103,2026-10-05T14:28:23,Q9WakeTimingBenchmark,external-postgres,postgres:16,0.20,"235MiB / 7.737GiB"
1791178103,2026-10-05T14:28:23,Q9WakeTimingBenchmark,external-postgres,postgres:16,0.00,"27.6MiB / 7.737GiB"
1791178111,2026-10-05T14:28:31,Q9WakeTimingBenchmark,lab-kafka,apache/kafka:4.3.1,12.39,"639.4MiB / 7.737GiB"
1791178111,2026-10-05T14:28:31,Q9WakeTimingBenchmark,lab-ryuk,testcontainers/ryuk:0.14.0,0.00,"10.8MiB / 7.737GiB"
1791178111,2026-10-05T14:28:31,Q9WakeTimingBenchmark,external-postgres,postgres:16,0.00,"24.3MiB / 7.737GiB"
1791178111,2026-10-05T14:28:31,Q9WakeTimingBenchmark,external-postgres,postgres:16,0.26,"199.1MiB / 7.737GiB"
1791178111,2026-10-05T14:28:31,Q9WakeTimingBenchmark,external-postgres,postgres:16,0.02,"235MiB / 7.737GiB"
1791178111,2026-10-05T14:28:31,Q9WakeTimingBenchmark,external-postgres,postgres:16,0.00,"27.6MiB / 7.737GiB"
1791178118,2026-10-05T14:28:38,Q9WakeTimingBenchmark,lab-kafka,apache/kafka:4.3.1,2.30,"638.3MiB / 7.737GiB"
1791178118,2026-10-05T14:28:38,Q9WakeTimingBenchmark,lab-ryuk,testcontainers/ryuk:0.14.0,0.00,"10.8MiB / 7.737GiB"
1791178118,2026-10-05T14:28:38,Q9WakeTimingBenchmark,external-postgres,postgres:16,0.00,"24.3MiB / 7.737GiB"
1791178118,2026-10-05T14:28:38,Q9WakeTimingBenchmark,external-postgres,postgres:16,2.87,"199.1MiB / 7.737GiB"
1791178118,2026-10-05T14:28:38,Q9WakeTimingBenchmark,external-postgres,postgres:16,0.03,"235MiB / 7.737GiB"
1791178118,2026-10-05T14:28:38,Q9WakeTimingBenchmark,external-postgres,postgres:16,0.00,"27.6MiB / 7.737GiB"
1791178125,2026-10-05T14:28:45,Q9WakeTimingBenchmark,lab-kafka,apache/kafka:4.3.1,5.35,"642.8MiB / 7.737GiB"
1791178125,2026-10-05T14:28:45,Q9WakeTimingBenchmark,lab-ryuk,testcontainers/ryuk:0.14.0,0.00,"10.8MiB / 7.737GiB"
1791178125,2026-10-05T14:28:45,Q9WakeTimingBenchmark,external-postgres,postgres:16,0.00,"24.3MiB / 7.737GiB"
1791178125,2026-10-05T14:28:45,Q9WakeTimingBenchmark,external-postgres,postgres:16,0.22,"199.1MiB / 7.737GiB"
1791178125,2026-10-05T14:28:45,Q9WakeTimingBenchmark,external-postgres,postgres:16,0.00,"235MiB / 7.737GiB"
1791178125,2026-10-05T14:28:45,Q9WakeTimingBenchmark,external-postgres,postgres:16,1.49,"27.6MiB / 7.737GiB"
1791178132,2026-10-05T14:28:52,Q9WakeTimingBenchmark,lab-kafka,apache/kafka:4.3.1,4.14,"639MiB / 7.737GiB"
1791178132,2026-10-05T14:28:52,Q9WakeTimingBenchmark,lab-ryuk,testcontainers/ryuk:0.14.0,0.00,"10.8MiB / 7.737GiB"
1791178132,2026-10-05T14:28:52,Q9WakeTimingBenchmark,external-postgres,postgres:16,0.00,"24.3MiB / 7.737GiB"
1791178132,2026-10-05T14:28:52,Q9WakeTimingBenchmark,external-postgres,postgres:16,0.20,"199.1MiB / 7.737GiB"
1791178132,2026-10-05T14:28:52,Q9WakeTimingBenchmark,external-postgres,postgres:16,0.00,"235MiB / 7.737GiB"
1791178132,2026-10-05T14:28:52,Q9WakeTimingBenchmark,external-postgres,postgres:16,0.28,"27.58MiB / 7.737GiB"
1791178139,2026-10-05T14:28:59,Q9WakeTimingBenchmark,lab-kafka,apache/kafka:4.3.1,2.61,"639.3MiB / 7.737GiB"
1791178139,2026-10-05T14:28:59,Q9WakeTimingBenchmark,lab-ryuk,testcontainers/ryuk:0.14.0,0.00,"10.8MiB / 7.737GiB"
1791178139,2026-10-05T14:28:59,Q9WakeTimingBenchmark,external-postgres,postgres:16,0.01,"24.3MiB / 7.737GiB"
1791178139,2026-10-05T14:28:59,Q9WakeTimingBenchmark,external-postgres,postgres:16,0.42,"199.1MiB / 7.737GiB"
1791178139,2026-10-05T14:28:59,Q9WakeTimingBenchmark,external-postgres,postgres:16,0.01,"235MiB / 7.737GiB"
1791178139,2026-10-05T14:28:59,Q9WakeTimingBenchmark,external-postgres,postgres:16,0.02,"27.58MiB / 7.737GiB"
1791178146,2026-10-05T14:29:06,Q9WakeTimingBenchmark,lab-kafka,apache/kafka:4.3.1,4.94,"641.3MiB / 7.737GiB"
1791178146,2026-10-05T14:29:06,Q9WakeTimingBenchmark,lab-ryuk,testcontainers/ryuk:0.14.0,0.00,"10.8MiB / 7.737GiB"
1791178146,2026-10-05T14:29:06,Q9WakeTimingBenchmark,external-postgres,postgres:16,0.00,"24.3MiB / 7.737GiB"
1791178146,2026-10-05T14:29:06,Q9WakeTimingBenchmark,external-postgres,postgres:16,3.41,"199.1MiB / 7.737GiB"
1791178146,2026-10-05T14:29:06,Q9WakeTimingBenchmark,external-postgres,postgres:16,0.00,"235MiB / 7.737GiB"
1791178146,2026-10-05T14:29:06,Q9WakeTimingBenchmark,external-postgres,postgres:16,0.00,"27.58MiB / 7.737GiB"
1791178154,2026-10-05T14:29:14,Q9WakeTimingBenchmark,lab-kafka,apache/kafka:4.3.1,2.70,"640MiB / 7.737GiB"
1791178154,2026-10-05T14:29:14,Q9WakeTimingBenchmark,lab-ryuk,testcontainers/ryuk:0.14.0,0.00,"10.8MiB / 7.737GiB"
1791178154,2026-10-05T14:29:14,Q9WakeTimingBenchmark,external-postgres,postgres:16,0.01,"24.3MiB / 7.737GiB"
1791178154,2026-10-05T14:29:14,Q9WakeTimingBenchmark,external-postgres,postgres:16,0.56,"199.1MiB / 7.737GiB"
1791178154,2026-10-05T14:29:14,Q9WakeTimingBenchmark,external-postgres,postgres:16,0.00,"235MiB / 7.737GiB"
1791178154,2026-10-05T14:29:14,Q9WakeTimingBenchmark,external-postgres,postgres:16,0.00,"27.58MiB / 7.737GiB"
1791178161,2026-10-05T14:29:21,Q9WakeTimingBenchmark,lab-kafka,apache/kafka:4.3.1,5.61,"640.1MiB / 7.737GiB"
1791178161,2026-10-05T14:29:21,Q9WakeTimingBenchmark,lab-ryuk,testcontainers/ryuk:0.14.0,0.00,"10.8MiB / 7.737GiB"
1791178161,2026-10-05T14:29:21,Q9WakeTimingBenchmark,external-postgres,postgres:16,0.00,"24.3MiB / 7.737GiB"
1791178161,2026-10-05T14:29:21,Q9WakeTimingBenchmark,external-postgres,postgres:16,0.24,"199.1MiB / 7.737GiB"
1791178161,2026-10-05T14:29:21,Q9WakeTimingBenchmark,external-postgres,postgres:16,0.00,"235MiB / 7.737GiB"
1791178161,2026-10-05T14:29:21,Q9WakeTimingBenchmark,external-postgres,postgres:16,0.01,"27.59MiB / 7.737GiB"
1791178168,2026-10-05T14:29:28,Q9WakeTimingBenchmark,lab-kafka,apache/kafka:4.3.1,2.55,"640.8MiB / 7.737GiB"
1791178168,2026-10-05T14:29:28,Q9WakeTimingBenchmark,lab-ryuk,testcontainers/ryuk:0.14.0,0.00,"10.8MiB / 7.737GiB"
1791178168,2026-10-05T14:29:28,Q9WakeTimingBenchmark,external-postgres,postgres:16,0.01,"24.3MiB / 7.737GiB"
1791178168,2026-10-05T14:29:28,Q9WakeTimingBenchmark,external-postgres,postgres:16,0.24,"199.1MiB / 7.737GiB"
1791178168,2026-10-05T14:29:28,Q9WakeTimingBenchmark,external-postgres,postgres:16,0.01,"235MiB / 7.737GiB"
1791178168,2026-10-05T14:29:28,Q9WakeTimingBenchmark,external-postgres,postgres:16,0.00,"27.59MiB / 7.737GiB"
1791178175,2026-10-05T14:29:35,Q9WakeTimingBenchmark,lab-kafka,apache/kafka:4.3.1,4.03,"642.7MiB / 7.737GiB"
1791178175,2026-10-05T14:29:35,Q9WakeTimingBenchmark,lab-ryuk,testcontainers/ryuk:0.14.0,0.00,"10.8MiB / 7.737GiB"
1791178175,2026-10-05T14:29:35,Q9WakeTimingBenchmark,external-postgres,postgres:16,0.00,"24.3MiB / 7.737GiB"
1791178175,2026-10-05T14:29:35,Q9WakeTimingBenchmark,external-postgres,postgres:16,0.28,"199.1MiB / 7.737GiB"
1791178175,2026-10-05T14:29:35,Q9WakeTimingBenchmark,external-postgres,postgres:16,0.00,"235MiB / 7.737GiB"
1791178175,2026-10-05T14:29:35,Q9WakeTimingBenchmark,external-postgres,postgres:16,0.02,"27.59MiB / 7.737GiB"
1791178183,2026-10-05T14:29:43,Q9WakeTimingBenchmark,lab-kafka,apache/kafka:4.3.1,4.38,"641.7MiB / 7.737GiB"
1791178183,2026-10-05T14:29:43,Q9WakeTimingBenchmark,lab-ryuk,testcontainers/ryuk:0.14.0,0.00,"10.8MiB / 7.737GiB"
1791178183,2026-10-05T14:29:43,Q9WakeTimingBenchmark,external-postgres,postgres:16,0.00,"24.3MiB / 7.737GiB"
1791178183,2026-10-05T14:29:43,Q9WakeTimingBenchmark,external-postgres,postgres:16,0.30,"199.1MiB / 7.737GiB"
1791178183,2026-10-05T14:29:43,Q9WakeTimingBenchmark,external-postgres,postgres:16,0.00,"235MiB / 7.737GiB"
1791178183,2026-10-05T14:29:43,Q9WakeTimingBenchmark,external-postgres,postgres:16,0.00,"27.59MiB / 7.737GiB"
1791178190,2026-10-05T14:29:50,Q9WakeTimingBenchmark,lab-kafka,apache/kafka:4.3.1,8.59,"642.1MiB / 7.737GiB"
1791178190,2026-10-05T14:29:50,Q9WakeTimingBenchmark,lab-ryuk,testcontainers/ryuk:0.14.0,0.00,"10.8MiB / 7.737GiB"
1791178190,2026-10-05T14:29:50,Q9WakeTimingBenchmark,external-postgres,postgres:16,0.02,"24.3MiB / 7.737GiB"
1791178190,2026-10-05T14:29:50,Q9WakeTimingBenchmark,external-postgres,postgres:16,0.33,"199.1MiB / 7.737GiB"
1791178190,2026-10-05T14:29:50,Q9WakeTimingBenchmark,external-postgres,postgres:16,0.01,"235MiB / 7.737GiB"
1791178190,2026-10-05T14:29:50,Q9WakeTimingBenchmark,external-postgres,postgres:16,0.00,"27.59MiB / 7.737GiB"
1791178197,2026-10-05T14:29:57,Q9WakeTimingBenchmark,lab-kafka,apache/kafka:4.3.1,3.65,"650.8MiB / 7.737GiB"
1791178197,2026-10-05T14:29:57,Q9WakeTimingBenchmark,lab-ryuk,testcontainers/ryuk:0.14.0,0.00,"10.8MiB / 7.737GiB"
1791178197,2026-10-05T14:29:57,Q9WakeTimingBenchmark,external-postgres,postgres:16,0.00,"24.3MiB / 7.737GiB"
1791178197,2026-10-05T14:29:57,Q9WakeTimingBenchmark,external-postgres,postgres:16,0.31,"199.1MiB / 7.737GiB"
1791178197,2026-10-05T14:29:57,Q9WakeTimingBenchmark,external-postgres,postgres:16,0.00,"235MiB / 7.737GiB"
1791178197,2026-10-05T14:29:57,Q9WakeTimingBenchmark,external-postgres,postgres:16,0.00,"27.59MiB / 7.737GiB"
1791178204,2026-10-05T14:30:04,Q9WakeTimingBenchmark,lab-kafka,apache/kafka:4.3.1,6.62,"649.9MiB / 7.737GiB"
1791178204,2026-10-05T14:30:04,Q9WakeTimingBenchmark,lab-ryuk,testcontainers/ryuk:0.14.0,0.00,"10.8MiB / 7.737GiB"
1791178204,2026-10-05T14:30:04,Q9WakeTimingBenchmark,external-postgres,postgres:16,0.00,"24.3MiB / 7.737GiB"
1791178204,2026-10-05T14:30:04,Q9WakeTimingBenchmark,external-postgres,postgres:16,0.25,"199.1MiB / 7.737GiB"
1791178204,2026-10-05T14:30:04,Q9WakeTimingBenchmark,external-postgres,postgres:16,0.00,"235MiB / 7.737GiB"
1791178211,2026-10-05T14:30:11,Q9WakeTimingBenchmark,lab-kafka,apache/kafka:4.3.1,7.35,"651.3MiB / 7.737GiB"
1791178211,2026-10-05T14:30:11,Q9WakeTimingBenchmark,lab-ryuk,testcontainers/ryuk:0.14.0,0.00,"10.8MiB / 7.737GiB"
1791178211,2026-10-05T14:30:11,Q9WakeTimingBenchmark,external-postgres,postgres:16,0.00,"24.3MiB / 7.737GiB"
1791178211,2026-10-05T14:30:11,Q9WakeTimingBenchmark,external-postgres,postgres:16,0.21,"199.1MiB / 7.737GiB"
1791178211,2026-10-05T14:30:11,Q9WakeTimingBenchmark,external-postgres,postgres:16,0.01,"235MiB / 7.737GiB"
1791178218,2026-10-05T14:30:18,Q9WakeTimingBenchmark,lab-kafka,apache/kafka:4.3.1,12.44,"653.5MiB / 7.737GiB"
1791178218,2026-10-05T14:30:18,Q9WakeTimingBenchmark,lab-ryuk,testcontainers/ryuk:0.14.0,0.00,"10.8MiB / 7.737GiB"
1791178218,2026-10-05T14:30:18,Q9WakeTimingBenchmark,external-postgres,postgres:16,0.00,"24.3MiB / 7.737GiB"
1791178218,2026-10-05T14:30:18,Q9WakeTimingBenchmark,external-postgres,postgres:16,0.02,"199.1MiB / 7.737GiB"
1791178218,2026-10-05T14:30:18,Q9WakeTimingBenchmark,external-postgres,postgres:16,0.01,"235MiB / 7.737GiB"
1791178225,2026-10-05T14:30:25,Q9WakeTimingBenchmark,lab-kafka,apache/kafka:4.3.1,4.38,"652.2MiB / 7.737GiB"
1791178225,2026-10-05T14:30:25,Q9WakeTimingBenchmark,lab-ryuk,testcontainers/ryuk:0.14.0,0.00,"10.8MiB / 7.737GiB"
1791178225,2026-10-05T14:30:25,Q9WakeTimingBenchmark,external-postgres,postgres:16,0.00,"24.3MiB / 7.737GiB"
1791178225,2026-10-05T14:30:25,Q9WakeTimingBenchmark,external-postgres,postgres:16,0.02,"199.1MiB / 7.737GiB"
1791178225,2026-10-05T14:30:25,Q9WakeTimingBenchmark,external-postgres,postgres:16,0.91,"235MiB / 7.737GiB"
1791178233,2026-10-05T14:30:33,Q9WakeTimingBenchmark,lab-kafka,apache/kafka:4.3.1,8.35,"652.3MiB / 7.737GiB"
1791178233,2026-10-05T14:30:33,Q9WakeTimingBenchmark,lab-ryuk,testcontainers/ryuk:0.14.0,0.00,"10.8MiB / 7.737GiB"
1791178233,2026-10-05T14:30:33,Q9WakeTimingBenchmark,external-postgres,postgres:16,0.00,"24.3MiB / 7.737GiB"
1791178233,2026-10-05T14:30:33,Q9WakeTimingBenchmark,external-postgres,postgres:16,0.00,"199.1MiB / 7.737GiB"
1791178233,2026-10-05T14:30:33,Q9WakeTimingBenchmark,external-postgres,postgres:16,0.00,"235MiB / 7.737GiB"
1791178240,2026-10-05T14:30:40,Q9WakeTimingBenchmark,lab-kafka,apache/kafka:4.3.1,5.49,"653.7MiB / 7.737GiB"
1791178240,2026-10-05T14:30:40,Q9WakeTimingBenchmark,lab-ryuk,testcontainers/ryuk:0.14.0,0.00,"10.8MiB / 7.737GiB"
1791178240,2026-10-05T14:30:40,Q9WakeTimingBenchmark,external-postgres,postgres:16,0.00,"199.1MiB / 7.737GiB"
1791178240,2026-10-05T14:30:40,Q9WakeTimingBenchmark,external-postgres,postgres:16,0.00,"235MiB / 7.737GiB"
1791178247,2026-10-05T14:30:47,Q9WakeTimingBenchmark,lab-kafka,apache/kafka:4.3.1,2.14,"662MiB / 7.737GiB"
1791178247,2026-10-05T14:30:47,Q9WakeTimingBenchmark,lab-ryuk,testcontainers/ryuk:0.14.0,0.00,"10.8MiB / 7.737GiB"
1791178247,2026-10-05T14:30:47,Q9WakeTimingBenchmark,external-postgres,postgres:16,0.00,"235MiB / 7.737GiB"
1791178254,2026-10-05T14:30:54,Q9WakeTimingBenchmark,lab-kafka,apache/kafka:4.3.1,10.34,"671.4MiB / 7.737GiB"
1791178254,2026-10-05T14:30:54,Q9WakeTimingBenchmark,lab-ryuk,testcontainers/ryuk:0.14.0,0.00,"10.8MiB / 7.737GiB"
1791178254,2026-10-05T14:30:54,Q9WakeTimingBenchmark,external-postgres,postgres:16,0.00,"235MiB / 7.737GiB"
1791178261,2026-10-05T14:31:01,Q9WakeTimingBenchmark,lab-kafka,apache/kafka:4.3.1,3.84,"677.8MiB / 7.737GiB"
1791178261,2026-10-05T14:31:01,Q9WakeTimingBenchmark,lab-ryuk,testcontainers/ryuk:0.14.0,0.00,"10.8MiB / 7.737GiB"
1791178261,2026-10-05T14:31:01,Q9WakeTimingBenchmark,external-postgres,postgres:16,0.00,"235MiB / 7.737GiB"
1791178269,2026-10-05T14:31:09,Q9WakeTimingBenchmark,lab-kafka,apache/kafka:4.3.1,29.43,"699.2MiB / 7.737GiB"
1791178269,2026-10-05T14:31:09,Q9WakeTimingBenchmark,lab-ryuk,testcontainers/ryuk:0.14.0,0.00,"10.8MiB / 7.737GiB"
1791178269,2026-10-05T14:31:09,Q9WakeTimingBenchmark,external-postgres,postgres:16,0.00,"235MiB / 7.737GiB"
1791178276,2026-10-05T14:31:16,Q9WakeTimingBenchmark,lab-kafka,apache/kafka:4.3.1,5.86,"701.8MiB / 7.737GiB"
1791178276,2026-10-05T14:31:16,Q9WakeTimingBenchmark,lab-ryuk,testcontainers/ryuk:0.14.0,0.00,"10.8MiB / 7.737GiB"
1791178276,2026-10-05T14:31:16,Q9WakeTimingBenchmark,external-postgres,postgres:16,0.00,"235MiB / 7.737GiB"
1791178283,2026-10-05T14:31:23,Q9WakeTimingBenchmark,lab-kafka,apache/kafka:4.3.1,10.29,"701.1MiB / 7.737GiB"
1791178283,2026-10-05T14:31:23,Q9WakeTimingBenchmark,lab-ryuk,testcontainers/ryuk:0.14.0,0.00,"10.8MiB / 7.737GiB"
1791178283,2026-10-05T14:31:23,Q9WakeTimingBenchmark,external-postgres,postgres:16,0.01,"235MiB / 7.737GiB"
1791178290,2026-10-05T14:31:30,Q9WakeTimingBenchmark,lab-kafka,apache/kafka:4.3.1,4.95,"699.3MiB / 7.737GiB"
1791178290,2026-10-05T14:31:30,Q9WakeTimingBenchmark,lab-ryuk,testcontainers/ryuk:0.14.0,0.00,"10.8MiB / 7.737GiB"
1791178290,2026-10-05T14:31:30,Q9WakeTimingBenchmark,external-postgres,postgres:16,0.00,"235MiB / 7.737GiB"
1791178297,2026-10-05T14:31:37,Q9WakeTimingBenchmark,lab-kafka,apache/kafka:4.3.1,12.56,"699.4MiB / 7.737GiB"
1791178297,2026-10-05T14:31:37,Q9WakeTimingBenchmark,lab-ryuk,testcontainers/ryuk:0.14.0,0.00,"10.8MiB / 7.737GiB"
1791178297,2026-10-05T14:31:37,Q9WakeTimingBenchmark,external-postgres,postgres:16,0.01,"235MiB / 7.737GiB"
1791178304,2026-10-05T14:31:44,Q9WakeTimingBenchmark,lab-kafka,apache/kafka:4.3.1,5.50,"699.5MiB / 7.737GiB"
1791178304,2026-10-05T14:31:44,Q9WakeTimingBenchmark,lab-ryuk,testcontainers/ryuk:0.14.0,0.00,"10.8MiB / 7.737GiB"
1791178304,2026-10-05T14:31:44,Q9WakeTimingBenchmark,external-postgres,postgres:16,0.00,"235MiB / 7.737GiB"
1791178312,2026-10-05T14:31:52,Q9WakeTimingBenchmark,lab-kafka,apache/kafka:4.3.1,6.33,"700.7MiB / 7.737GiB"
1791178312,2026-10-05T14:31:52,Q9WakeTimingBenchmark,lab-ryuk,testcontainers/ryuk:0.14.0,0.00,"10.8MiB / 7.737GiB"
1791178312,2026-10-05T14:31:52,Q9WakeTimingBenchmark,external-postgres,postgres:16,0.06,"235MiB / 7.737GiB"
1791178319,2026-10-05T14:31:59,Q9WakeTimingBenchmark,lab-ryuk,testcontainers/ryuk:0.14.0,0.12,"10.8MiB / 7.737GiB"
1791178319,2026-10-05T14:31:59,Q9WakeTimingBenchmark,external-postgres,postgres:16,0.00,"235MiB / 7.737GiB"
1791178325,2026-10-05T14:32:05,idle,external-redis,redis:8.10.2,3.38,"7.797MiB / 7.737GiB"
1791178325,2026-10-05T14:32:05,idle,lab-ryuk,testcontainers/ryuk:0.14.0,0.00,"10.8MiB / 7.737GiB"
1791178325,2026-10-05T14:32:05,idle,external-postgres,postgres:16,0.00,"235MiB / 7.737GiB"
1791178332,2026-10-05T14:32:12,idle,external-redis,redis:8.10.2,17.18,"247.1MiB / 7.737GiB"
1791178332,2026-10-05T14:32:12,idle,external-postgres,postgres:16,0.00,"235MiB / 7.737GiB"
1791178340,2026-10-05T14:32:20,Q9RestartRaceBenchmark,external-redis,redis:8.10.2,53.99,"698.5MiB / 7.737GiB"
1791178340,2026-10-05T14:32:20,Q9RestartRaceBenchmark,external-postgres,postgres:16,0.00,"235MiB / 7.737GiB"
1791178347,2026-10-05T14:32:27,Q9RestartRaceBenchmark,lab-postgres,postgres:16,0.04,"35.18MiB / 7.737GiB"
1791178347,2026-10-05T14:32:27,Q9RestartRaceBenchmark,lab-kafka,apache/kafka:4.3.1,67.26,"301MiB / 7.737GiB"
1791178347,2026-10-05T14:32:27,Q9RestartRaceBenchmark,lab-ryuk,testcontainers/ryuk:0.14.0,0.00,"9.09MiB / 7.737GiB"
1791178347,2026-10-05T14:32:27,Q9RestartRaceBenchmark,external-redis,redis:8.10.2,49.51,"960.3MiB / 7.737GiB"
1791178347,2026-10-05T14:32:27,Q9RestartRaceBenchmark,external-postgres,postgres:16,0.00,"235MiB / 7.737GiB"
1791178355,2026-10-05T14:32:35,Q9RestartRaceBenchmark,lab-postgres,postgres:16,0.09,"35.39MiB / 7.737GiB"
1791178355,2026-10-05T14:32:35,Q9RestartRaceBenchmark,lab-kafka,apache/kafka:4.3.1,16.49,"298.4MiB / 7.737GiB"
1791178355,2026-10-05T14:32:35,Q9RestartRaceBenchmark,lab-ryuk,testcontainers/ryuk:0.14.0,0.00,"9.09MiB / 7.737GiB"
1791178355,2026-10-05T14:32:35,Q9RestartRaceBenchmark,external-redis,redis:8.10.2,56.97,"1.332GiB / 7.737GiB"
1791178355,2026-10-05T14:32:35,Q9RestartRaceBenchmark,external-postgres,postgres:16,0.00,"235MiB / 7.737GiB"
1791178363,2026-10-05T14:32:43,Q9RestartRaceBenchmark,lab-postgres,postgres:16,0.05,"35.42MiB / 7.737GiB"
1791178363,2026-10-05T14:32:43,Q9RestartRaceBenchmark,lab-kafka,apache/kafka:4.3.1,12.48,"295.9MiB / 7.737GiB"
1791178363,2026-10-05T14:32:43,Q9RestartRaceBenchmark,lab-ryuk,testcontainers/ryuk:0.14.0,0.00,"9.09MiB / 7.737GiB"
1791178363,2026-10-05T14:32:43,Q9RestartRaceBenchmark,external-redis,redis:8.10.2,25.87,"1.654GiB / 7.737GiB"
1791178363,2026-10-05T14:32:43,Q9RestartRaceBenchmark,external-postgres,postgres:16,0.00,"235MiB / 7.737GiB"
1791178371,2026-10-05T14:32:51,Q9RestartRaceBenchmark,lab-postgres,postgres:16,0.04,"35.54MiB / 7.737GiB"
1791178371,2026-10-05T14:32:51,Q9RestartRaceBenchmark,lab-kafka,apache/kafka:4.3.1,11.59,"304.2MiB / 7.737GiB"
1791178371,2026-10-05T14:32:51,Q9RestartRaceBenchmark,lab-ryuk,testcontainers/ryuk:0.14.0,0.22,"9.094MiB / 7.737GiB"
1791178371,2026-10-05T14:32:51,Q9RestartRaceBenchmark,external-redis,redis:8.10.2,5.45,"1.98GiB / 7.737GiB"
1791178371,2026-10-05T14:32:51,Q9RestartRaceBenchmark,external-postgres,postgres:16,0.00,"235MiB / 7.737GiB"
1791178378,2026-10-05T14:32:58,Q9RestartRaceBenchmark,lab-postgres,postgres:16,0.16,"35.58MiB / 7.737GiB"
1791178378,2026-10-05T14:32:58,Q9RestartRaceBenchmark,lab-kafka,apache/kafka:4.3.1,7.79,"305.8MiB / 7.737GiB"
1791178378,2026-10-05T14:32:58,Q9RestartRaceBenchmark,lab-ryuk,testcontainers/ryuk:0.14.0,0.00,"9.094MiB / 7.737GiB"
1791178378,2026-10-05T14:32:58,Q9RestartRaceBenchmark,external-redis,redis:8.10.2,276.65,"2.076GiB / 7.737GiB"
1791178378,2026-10-05T14:32:58,Q9RestartRaceBenchmark,external-postgres,postgres:16,0.00,"235MiB / 7.737GiB"
1791178385,2026-10-05T14:33:05,Q9RestartRaceBenchmark,lab-postgres,postgres:16,0.33,"35.59MiB / 7.737GiB"
1791178385,2026-10-05T14:33:05,Q9RestartRaceBenchmark,lab-kafka,apache/kafka:4.3.1,12.56,"323.3MiB / 7.737GiB"
1791178385,2026-10-05T14:33:05,Q9RestartRaceBenchmark,lab-ryuk,testcontainers/ryuk:0.14.0,0.00,"9.094MiB / 7.737GiB"
1791178385,2026-10-05T14:33:05,Q9RestartRaceBenchmark,external-redis,redis:8.10.2,228.94,"2.066GiB / 7.737GiB"
1791178385,2026-10-05T14:33:05,Q9RestartRaceBenchmark,external-postgres,postgres:16,0.00,"235MiB / 7.737GiB"
1791178393,2026-10-05T14:33:13,Q9RestartRaceBenchmark,lab-postgres,postgres:16,0.13,"35.59MiB / 7.737GiB"
1791178393,2026-10-05T14:33:13,Q9RestartRaceBenchmark,lab-kafka,apache/kafka:4.3.1,4.73,"306.1MiB / 7.737GiB"
1791178393,2026-10-05T14:33:13,Q9RestartRaceBenchmark,lab-ryuk,testcontainers/ryuk:0.14.0,0.00,"9.094MiB / 7.737GiB"
1791178393,2026-10-05T14:33:13,Q9RestartRaceBenchmark,external-redis,redis:8.10.2,171.29,"2.111GiB / 7.737GiB"
1791178393,2026-10-05T14:33:13,Q9RestartRaceBenchmark,external-postgres,postgres:16,0.00,"235MiB / 7.737GiB"
1791178400,2026-10-05T14:33:20,Q9RestartRaceBenchmark,lab-postgres,postgres:16,0.03,"37.23MiB / 7.737GiB"
1791178400,2026-10-05T14:33:20,Q9RestartRaceBenchmark,lab-kafka,apache/kafka:4.3.1,4.20,"309.1MiB / 7.737GiB"
1791178400,2026-10-05T14:33:20,Q9RestartRaceBenchmark,lab-ryuk,testcontainers/ryuk:0.14.0,0.00,"9.094MiB / 7.737GiB"
1791178400,2026-10-05T14:33:20,Q9RestartRaceBenchmark,external-redis,redis:8.10.2,203.97,"2.16GiB / 7.737GiB"
1791178400,2026-10-05T14:33:20,Q9RestartRaceBenchmark,external-postgres,postgres:16,0.00,"235MiB / 7.737GiB"
1791178407,2026-10-05T14:33:27,Q9RestartRaceBenchmark,lab-postgres,postgres:16,0.05,"37.24MiB / 7.737GiB"
1791178407,2026-10-05T14:33:27,Q9RestartRaceBenchmark,lab-kafka,apache/kafka:4.3.1,5.75,"315MiB / 7.737GiB"
1791178407,2026-10-05T14:33:27,Q9RestartRaceBenchmark,lab-ryuk,testcontainers/ryuk:0.14.0,0.00,"9.094MiB / 7.737GiB"
1791178407,2026-10-05T14:33:27,Q9RestartRaceBenchmark,external-redis,redis:8.10.2,204.75,"2.195GiB / 7.737GiB"
1791178407,2026-10-05T14:33:27,Q9RestartRaceBenchmark,external-postgres,postgres:16,0.00,"235MiB / 7.737GiB"
1791178414,2026-10-05T14:33:34,Q9RestartRaceBenchmark,lab-postgres,postgres:16,0.12,"37.24MiB / 7.737GiB"
1791178414,2026-10-05T14:33:34,Q9RestartRaceBenchmark,lab-kafka,apache/kafka:4.3.1,10.64,"321.2MiB / 7.737GiB"
1791178414,2026-10-05T14:33:34,Q9RestartRaceBenchmark,lab-ryuk,testcontainers/ryuk:0.14.0,0.00,"9.094MiB / 7.737GiB"
1791178414,2026-10-05T14:33:34,Q9RestartRaceBenchmark,external-redis,redis:8.10.2,22.38,"2.207GiB / 7.737GiB"
1791178414,2026-10-05T14:33:34,Q9RestartRaceBenchmark,external-postgres,postgres:16,0.00,"235MiB / 7.737GiB"
1791178422,2026-10-05T14:33:42,Q9RestartRaceBenchmark,external-redis,redis:8.10.2,1.92,"7.762MiB / 7.737GiB"
1791178422,2026-10-05T14:33:42,Q9RestartRaceBenchmark,lab-postgres,postgres:16,0.15,"37.8MiB / 7.737GiB"
1791178422,2026-10-05T14:33:42,Q9RestartRaceBenchmark,lab-kafka,apache/kafka:4.3.1,13.08,"317.9MiB / 7.737GiB"
1791178422,2026-10-05T14:33:42,Q9RestartRaceBenchmark,lab-ryuk,testcontainers/ryuk:0.14.0,0.00,"9.094MiB / 7.737GiB"
1791178422,2026-10-05T14:33:42,Q9RestartRaceBenchmark,external-postgres,postgres:16,0.00,"235MiB / 7.737GiB"
1791178430,2026-10-05T14:33:50,Q9RestartRaceBenchmark,external-redis,redis:8.10.2,45.57,"384.4MiB / 7.737GiB"
1791178430,2026-10-05T14:33:50,Q9RestartRaceBenchmark,lab-postgres,postgres:16,0.04,"37.8MiB / 7.737GiB"
1791178430,2026-10-05T14:33:50,Q9RestartRaceBenchmark,lab-kafka,apache/kafka:4.3.1,7.85,"317MiB / 7.737GiB"
1791178430,2026-10-05T14:33:50,Q9RestartRaceBenchmark,lab-ryuk,testcontainers/ryuk:0.14.0,0.00,"9.094MiB / 7.737GiB"
1791178430,2026-10-05T14:33:50,Q9RestartRaceBenchmark,external-postgres,postgres:16,0.00,"235MiB / 7.737GiB"
1791178438,2026-10-05T14:33:58,Q9RestartRaceBenchmark,external-redis,redis:8.10.2,67.79,"817.9MiB / 7.737GiB"
1791178438,2026-10-05T14:33:58,Q9RestartRaceBenchmark,lab-postgres,postgres:16,0.15,"37.91MiB / 7.737GiB"
1791178438,2026-10-05T14:33:58,Q9RestartRaceBenchmark,lab-kafka,apache/kafka:4.3.1,9.15,"318.4MiB / 7.737GiB"
1791178438,2026-10-05T14:33:58,Q9RestartRaceBenchmark,lab-ryuk,testcontainers/ryuk:0.14.0,0.00,"9.094MiB / 7.737GiB"
1791178438,2026-10-05T14:33:58,Q9RestartRaceBenchmark,external-postgres,postgres:16,0.00,"235MiB / 7.737GiB"
1791178445,2026-10-05T14:34:05,Q9RestartRaceBenchmark,external-redis,redis:8.10.2,54.16,"1.187GiB / 7.737GiB"
1791178445,2026-10-05T14:34:05,Q9RestartRaceBenchmark,lab-postgres,postgres:16,0.11,"37.93MiB / 7.737GiB"
1791178445,2026-10-05T14:34:05,Q9RestartRaceBenchmark,lab-kafka,apache/kafka:4.3.1,11.77,"328.9MiB / 7.737GiB"
1791178445,2026-10-05T14:34:05,Q9RestartRaceBenchmark,lab-ryuk,testcontainers/ryuk:0.14.0,0.00,"9.094MiB / 7.737GiB"
1791178445,2026-10-05T14:34:05,Q9RestartRaceBenchmark,external-postgres,postgres:16,0.00,"235MiB / 7.737GiB"
1791178453,2026-10-05T14:34:13,Q9RestartRaceBenchmark,external-redis,redis:8.10.2,33.75,"1.627GiB / 7.737GiB"
1791178453,2026-10-05T14:34:13,Q9RestartRaceBenchmark,lab-postgres,postgres:16,0.24,"37.93MiB / 7.737GiB"
1791178453,2026-10-05T14:34:13,Q9RestartRaceBenchmark,lab-kafka,apache/kafka:4.3.1,9.36,"338.5MiB / 7.737GiB"
1791178453,2026-10-05T14:34:13,Q9RestartRaceBenchmark,lab-ryuk,testcontainers/ryuk:0.14.0,0.00,"9.094MiB / 7.737GiB"
1791178453,2026-10-05T14:34:13,Q9RestartRaceBenchmark,external-postgres,postgres:16,0.00,"235MiB / 7.737GiB"
1791178460,2026-10-05T14:34:20,Q9RestartRaceBenchmark,external-redis,redis:8.10.2,1.14,"1.979GiB / 7.737GiB"
1791178460,2026-10-05T14:34:20,Q9RestartRaceBenchmark,lab-postgres,postgres:16,0.25,"37.97MiB / 7.737GiB"
1791178460,2026-10-05T14:34:20,Q9RestartRaceBenchmark,lab-kafka,apache/kafka:4.3.1,9.36,"352.1MiB / 7.737GiB"
1791178460,2026-10-05T14:34:20,Q9RestartRaceBenchmark,lab-ryuk,testcontainers/ryuk:0.14.0,0.00,"9.094MiB / 7.737GiB"
1791178460,2026-10-05T14:34:20,Q9RestartRaceBenchmark,external-postgres,postgres:16,0.00,"235MiB / 7.737GiB"
1791178468,2026-10-05T14:34:28,Q9RestartRaceBenchmark,external-redis,redis:8.10.2,296.22,"2.136GiB / 7.737GiB"
1791178468,2026-10-05T14:34:28,Q9RestartRaceBenchmark,lab-postgres,postgres:16,0.00,"37.97MiB / 7.737GiB"
1791178468,2026-10-05T14:34:28,Q9RestartRaceBenchmark,lab-kafka,apache/kafka:4.3.1,5.87,"363.8MiB / 7.737GiB"
1791178468,2026-10-05T14:34:28,Q9RestartRaceBenchmark,lab-ryuk,testcontainers/ryuk:0.14.0,0.00,"9.094MiB / 7.737GiB"
1791178468,2026-10-05T14:34:28,Q9RestartRaceBenchmark,external-postgres,postgres:16,0.00,"235MiB / 7.737GiB"
1791178476,2026-10-05T14:34:36,Q9RestartRaceBenchmark,external-redis,redis:8.10.2,270.81,"2.746GiB / 7.737GiB"
1791178476,2026-10-05T14:34:36,Q9RestartRaceBenchmark,lab-postgres,postgres:16,0.05,"37.97MiB / 7.737GiB"
1791178476,2026-10-05T14:34:36,Q9RestartRaceBenchmark,lab-kafka,apache/kafka:4.3.1,9.65,"376.9MiB / 7.737GiB"
1791178476,2026-10-05T14:34:36,Q9RestartRaceBenchmark,lab-ryuk,testcontainers/ryuk:0.14.0,0.00,"9.094MiB / 7.737GiB"
1791178476,2026-10-05T14:34:36,Q9RestartRaceBenchmark,external-postgres,postgres:16,0.01,"235MiB / 7.737GiB"
1791178483,2026-10-05T14:34:43,Q9RestartRaceBenchmark,external-redis,redis:8.10.2,154.62,"1.98GiB / 7.737GiB"
1791178483,2026-10-05T14:34:43,Q9RestartRaceBenchmark,lab-postgres,postgres:16,0.04,"37.97MiB / 7.737GiB"
1791178483,2026-10-05T14:34:43,Q9RestartRaceBenchmark,lab-kafka,apache/kafka:4.3.1,15.16,"388MiB / 7.737GiB"
1791178483,2026-10-05T14:34:43,Q9RestartRaceBenchmark,lab-ryuk,testcontainers/ryuk:0.14.0,0.00,"9.094MiB / 7.737GiB"
1791178483,2026-10-05T14:34:43,Q9RestartRaceBenchmark,external-postgres,postgres:16,0.08,"235MiB / 7.737GiB"
1791178490,2026-10-05T14:34:50,Q9RestartRaceBenchmark,external-redis,redis:8.10.2,201.00,"1.977GiB / 7.737GiB"
1791178490,2026-10-05T14:34:50,Q9RestartRaceBenchmark,lab-postgres,postgres:16,0.27,"37.97MiB / 7.737GiB"
1791178490,2026-10-05T14:34:50,Q9RestartRaceBenchmark,lab-kafka,apache/kafka:4.3.1,17.76,"411MiB / 7.737GiB"
1791178490,2026-10-05T14:34:50,Q9RestartRaceBenchmark,lab-ryuk,testcontainers/ryuk:0.14.0,0.00,"9.094MiB / 7.737GiB"
1791178490,2026-10-05T14:34:50,Q9RestartRaceBenchmark,external-postgres,postgres:16,0.00,"235MiB / 7.737GiB"
1791178498,2026-10-05T14:34:58,Q9RestartRaceBenchmark,external-redis,redis:8.10.2,202.16,"1.977GiB / 7.737GiB"
1791178498,2026-10-05T14:34:58,Q9RestartRaceBenchmark,lab-postgres,postgres:16,0.01,"37.97MiB / 7.737GiB"
1791178498,2026-10-05T14:34:58,Q9RestartRaceBenchmark,lab-kafka,apache/kafka:4.3.1,4.32,"408.8MiB / 7.737GiB"
1791178498,2026-10-05T14:34:58,Q9RestartRaceBenchmark,lab-ryuk,testcontainers/ryuk:0.14.0,0.00,"9.094MiB / 7.737GiB"
1791178498,2026-10-05T14:34:58,Q9RestartRaceBenchmark,external-postgres,postgres:16,0.00,"235MiB / 7.737GiB"
1791178505,2026-10-05T14:35:05,Q9RestartRaceBenchmark,external-redis,redis:8.10.2,28.28,"1.955GiB / 7.737GiB"
1791178505,2026-10-05T14:35:05,Q9RestartRaceBenchmark,lab-postgres,postgres:16,0.07,"37.98MiB / 7.737GiB"
1791178505,2026-10-05T14:35:05,Q9RestartRaceBenchmark,lab-kafka,apache/kafka:4.3.1,8.71,"429.4MiB / 7.737GiB"
1791178505,2026-10-05T14:35:05,Q9RestartRaceBenchmark,lab-ryuk,testcontainers/ryuk:0.14.0,0.00,"9.094MiB / 7.737GiB"
1791178505,2026-10-05T14:35:05,Q9RestartRaceBenchmark,external-postgres,postgres:16,0.02,"235MiB / 7.737GiB"
1791178513,2026-10-05T14:35:13,Q9RestartRaceBenchmark,external-redis,redis:8.10.2,0.29,"1.955GiB / 7.737GiB"
1791178513,2026-10-05T14:35:13,Q9RestartRaceBenchmark,lab-postgres,postgres:16,0.08,"37.98MiB / 7.737GiB"
1791178513,2026-10-05T14:35:13,Q9RestartRaceBenchmark,lab-kafka,apache/kafka:4.3.1,5.83,"431.8MiB / 7.737GiB"
1791178513,2026-10-05T14:35:13,Q9RestartRaceBenchmark,lab-ryuk,testcontainers/ryuk:0.14.0,0.00,"9.094MiB / 7.737GiB"
1791178513,2026-10-05T14:35:13,Q9RestartRaceBenchmark,external-postgres,postgres:16,0.02,"235MiB / 7.737GiB"
1791178520,2026-10-05T14:35:20,Q9RestartRaceBenchmark,external-redis,redis:8.10.2,0.28,"1.955GiB / 7.737GiB"
1791178520,2026-10-05T14:35:20,Q9RestartRaceBenchmark,lab-postgres,postgres:16,0.03,"37.98MiB / 7.737GiB"
1791178520,2026-10-05T14:35:20,Q9RestartRaceBenchmark,lab-kafka,apache/kafka:4.3.1,5.62,"443.3MiB / 7.737GiB"
1791178520,2026-10-05T14:35:20,Q9RestartRaceBenchmark,lab-ryuk,testcontainers/ryuk:0.14.0,0.00,"9.094MiB / 7.737GiB"
1791178527,2026-10-05T14:35:27,Q9RestartRaceBenchmark,lab-postgres,postgres:16,0.11,"37.98MiB / 7.737GiB"
1791178527,2026-10-05T14:35:27,Q9RestartRaceBenchmark,lab-kafka,apache/kafka:4.3.1,15.01,"453MiB / 7.737GiB"
1791178527,2026-10-05T14:35:27,Q9RestartRaceBenchmark,lab-ryuk,testcontainers/ryuk:0.14.0,0.00,"9.094MiB / 7.737GiB"
1791178534,2026-10-05T14:35:34,Q9RestartRaceBenchmark,lab-postgres,postgres:16,0.09,"37.99MiB / 7.737GiB"
1791178534,2026-10-05T14:35:34,Q9RestartRaceBenchmark,lab-kafka,apache/kafka:4.3.1,14.42,"468.4MiB / 7.737GiB"
1791178534,2026-10-05T14:35:34,Q9RestartRaceBenchmark,lab-ryuk,testcontainers/ryuk:0.14.0,0.00,"9.094MiB / 7.737GiB"
1791178542,2026-10-05T14:35:42,Q9RestartRaceBenchmark,lab-postgres,postgres:16,0.06,"37.98MiB / 7.737GiB"
1791178542,2026-10-05T14:35:42,Q9RestartRaceBenchmark,lab-kafka,apache/kafka:4.3.1,19.95,"476.7MiB / 7.737GiB"
1791178542,2026-10-05T14:35:42,Q9RestartRaceBenchmark,lab-ryuk,testcontainers/ryuk:0.14.0,0.00,"9.094MiB / 7.737GiB"
1791178550,2026-10-05T14:35:50,Q9RestartRaceBenchmark,lab-postgres,postgres:16,0.07,"37.98MiB / 7.737GiB"
1791178550,2026-10-05T14:35:50,Q9RestartRaceBenchmark,lab-kafka,apache/kafka:4.3.1,5.91,"485.9MiB / 7.737GiB"
1791178550,2026-10-05T14:35:50,Q9RestartRaceBenchmark,lab-ryuk,testcontainers/ryuk:0.14.0,0.03,"9.094MiB / 7.737GiB"
1791178557,2026-10-05T14:35:57,Q9RestartRaceBenchmark,lab-postgres,postgres:16,2.72,"38MiB / 7.737GiB"
1791178557,2026-10-05T14:35:57,Q9RestartRaceBenchmark,lab-kafka,apache/kafka:4.3.1,9.47,"497.6MiB / 7.737GiB"
1791178557,2026-10-05T14:35:57,Q9RestartRaceBenchmark,lab-ryuk,testcontainers/ryuk:0.14.0,0.00,"9.094MiB / 7.737GiB"
1791178564,2026-10-05T14:36:04,Q9RestartRaceBenchmark,lab-postgres,postgres:16,0.18,"37.99MiB / 7.737GiB"
1791178564,2026-10-05T14:36:04,Q9RestartRaceBenchmark,lab-kafka,apache/kafka:4.3.1,8.21,"510.5MiB / 7.737GiB"
1791178564,2026-10-05T14:36:04,Q9RestartRaceBenchmark,lab-ryuk,testcontainers/ryuk:0.14.0,0.00,"9.094MiB / 7.737GiB"
1791178572,2026-10-05T14:36:12,Q9RestartRaceBenchmark,lab-postgres,postgres:16,0.15,"38MiB / 7.737GiB"
1791178572,2026-10-05T14:36:12,Q9RestartRaceBenchmark,lab-kafka,apache/kafka:4.3.1,7.21,"522.1MiB / 7.737GiB"
1791178572,2026-10-05T14:36:12,Q9RestartRaceBenchmark,lab-ryuk,testcontainers/ryuk:0.14.0,0.00,"9.094MiB / 7.737GiB"
1791178579,2026-10-05T14:36:19,Q9RestartRaceBenchmark,lab-postgres,postgres:16,0.04,"37.99MiB / 7.737GiB"
1791178579,2026-10-05T14:36:19,Q9RestartRaceBenchmark,lab-kafka,apache/kafka:4.3.1,5.93,"535.2MiB / 7.737GiB"
1791178579,2026-10-05T14:36:19,Q9RestartRaceBenchmark,lab-ryuk,testcontainers/ryuk:0.14.0,0.00,"9.094MiB / 7.737GiB"
1791178586,2026-10-05T14:36:26,Q9RestartRaceBenchmark,lab-postgres,postgres:16,0.09,"37.99MiB / 7.737GiB"
1791178586,2026-10-05T14:36:26,Q9RestartRaceBenchmark,lab-kafka,apache/kafka:4.3.1,5.96,"551.1MiB / 7.737GiB"
1791178586,2026-10-05T14:36:26,Q9RestartRaceBenchmark,lab-ryuk,testcontainers/ryuk:0.14.0,0.00,"9.094MiB / 7.737GiB"
1791178593,2026-10-05T14:36:33,Q9RestartRaceBenchmark,lab-postgres,postgres:16,0.19,"37.99MiB / 7.737GiB"
1791178593,2026-10-05T14:36:33,Q9RestartRaceBenchmark,lab-kafka,apache/kafka:4.3.1,14.03,"559.2MiB / 7.737GiB"
1791178593,2026-10-05T14:36:33,Q9RestartRaceBenchmark,lab-ryuk,testcontainers/ryuk:0.14.0,0.00,"9.094MiB / 7.737GiB"
1791178601,2026-10-05T14:36:41,Q9RestartRaceBenchmark,lab-postgres,postgres:16,0.03,"37.99MiB / 7.737GiB"
1791178601,2026-10-05T14:36:41,Q9RestartRaceBenchmark,lab-kafka,apache/kafka:4.3.1,6.51,"569.1MiB / 7.737GiB"
1791178601,2026-10-05T14:36:41,Q9RestartRaceBenchmark,lab-ryuk,testcontainers/ryuk:0.14.0,0.00,"9.094MiB / 7.737GiB"
1791178608,2026-10-05T14:36:48,Q9RestartRaceBenchmark,lab-postgres,postgres:16,0.07,"37.99MiB / 7.737GiB"
1791178608,2026-10-05T14:36:48,Q9RestartRaceBenchmark,lab-kafka,apache/kafka:4.3.1,12.83,"580.3MiB / 7.737GiB"
1791178608,2026-10-05T14:36:48,Q9RestartRaceBenchmark,lab-ryuk,testcontainers/ryuk:0.14.0,0.03,"9.094MiB / 7.737GiB"
1791178616,2026-10-05T14:36:56,Q9RestartRaceBenchmark,lab-postgres,postgres:16,0.09,"37.99MiB / 7.737GiB"
1791178616,2026-10-05T14:36:56,Q9RestartRaceBenchmark,lab-kafka,apache/kafka:4.3.1,10.96,"598.3MiB / 7.737GiB"
1791178616,2026-10-05T14:36:56,Q9RestartRaceBenchmark,lab-ryuk,testcontainers/ryuk:0.14.0,0.00,"9.094MiB / 7.737GiB"
1791178623,2026-10-05T14:37:03,Q9RestartRaceBenchmark,lab-postgres,postgres:16,0.08,"37.99MiB / 7.737GiB"
1791178623,2026-10-05T14:37:03,Q9RestartRaceBenchmark,lab-kafka,apache/kafka:4.3.1,6.25,"601.2MiB / 7.737GiB"
1791178623,2026-10-05T14:37:03,Q9RestartRaceBenchmark,lab-ryuk,testcontainers/ryuk:0.14.0,0.00,"9.094MiB / 7.737GiB"
1791178630,2026-10-05T14:37:10,Q9RestartRaceBenchmark,lab-postgres,postgres:16,0.07,"37.99MiB / 7.737GiB"
1791178630,2026-10-05T14:37:10,Q9RestartRaceBenchmark,lab-kafka,apache/kafka:4.3.1,4.65,"612MiB / 7.737GiB"
1791178630,2026-10-05T14:37:10,Q9RestartRaceBenchmark,lab-ryuk,testcontainers/ryuk:0.14.0,0.00,"9.094MiB / 7.737GiB"
1791178637,2026-10-05T14:37:17,Q9RestartRaceBenchmark,lab-postgres,postgres:16,1.37,"37.99MiB / 7.737GiB"
1791178637,2026-10-05T14:37:17,Q9RestartRaceBenchmark,lab-kafka,apache/kafka:4.3.1,5.17,"622.2MiB / 7.737GiB"
1791178637,2026-10-05T14:37:17,Q9RestartRaceBenchmark,lab-ryuk,testcontainers/ryuk:0.14.0,0.00,"9.094MiB / 7.737GiB"
1791178644,2026-10-05T14:37:24,Q9RestartRaceBenchmark,lab-postgres,postgres:16,0.11,"37.99MiB / 7.737GiB"
1791178644,2026-10-05T14:37:24,Q9RestartRaceBenchmark,lab-kafka,apache/kafka:4.3.1,9.99,"633.9MiB / 7.737GiB"
1791178644,2026-10-05T14:37:24,Q9RestartRaceBenchmark,lab-ryuk,testcontainers/ryuk:0.14.0,0.00,"9.094MiB / 7.737GiB"
1791178652,2026-10-05T14:37:32,Q9RestartRaceBenchmark,lab-postgres,postgres:16,0.21,"38.07MiB / 7.737GiB"
1791178652,2026-10-05T14:37:32,Q9RestartRaceBenchmark,lab-kafka,apache/kafka:4.3.1,6.95,"645.9MiB / 7.737GiB"
1791178652,2026-10-05T14:37:32,Q9RestartRaceBenchmark,lab-ryuk,testcontainers/ryuk:0.14.0,0.00,"9.094MiB / 7.737GiB"
1791178660,2026-10-05T14:37:40,Q9RestartRaceBenchmark,lab-postgres,postgres:16,0.08,"38.1MiB / 7.737GiB"
1791178660,2026-10-05T14:37:40,Q9RestartRaceBenchmark,lab-kafka,apache/kafka:4.3.1,8.43,"647.5MiB / 7.737GiB"
1791178660,2026-10-05T14:37:40,Q9RestartRaceBenchmark,lab-ryuk,testcontainers/ryuk:0.14.0,0.00,"9.094MiB / 7.737GiB"
1791178667,2026-10-05T14:37:47,Q9RestartRaceBenchmark,lab-postgres,postgres:16,1.60,"38.1MiB / 7.737GiB"
1791178667,2026-10-05T14:37:47,Q9RestartRaceBenchmark,lab-kafka,apache/kafka:4.3.1,3.99,"649.2MiB / 7.737GiB"
1791178667,2026-10-05T14:37:47,Q9RestartRaceBenchmark,lab-ryuk,testcontainers/ryuk:0.14.0,0.02,"9.094MiB / 7.737GiB"
1791178674,2026-10-05T14:37:54,Q9RestartRaceBenchmark,lab-postgres,postgres:16,0.45,"38.1MiB / 7.737GiB"
1791178674,2026-10-05T14:37:54,Q9RestartRaceBenchmark,lab-kafka,apache/kafka:4.3.1,7.70,"649MiB / 7.737GiB"
1791178674,2026-10-05T14:37:54,Q9RestartRaceBenchmark,lab-ryuk,testcontainers/ryuk:0.14.0,0.00,"9.094MiB / 7.737GiB"
1791178682,2026-10-05T14:38:02,Q9RestartRaceBenchmark,lab-postgres,postgres:16,0.06,"38.1MiB / 7.737GiB"
1791178682,2026-10-05T14:38:02,Q9RestartRaceBenchmark,lab-kafka,apache/kafka:4.3.1,14.38,"647.3MiB / 7.737GiB"
1791178682,2026-10-05T14:38:02,Q9RestartRaceBenchmark,lab-ryuk,testcontainers/ryuk:0.14.0,0.00,"9.094MiB / 7.737GiB"
1791178690,2026-10-05T14:38:10,Q9RestartRaceBenchmark,lab-postgres,postgres:16,0.09,"38.1MiB / 7.737GiB"
1791178690,2026-10-05T14:38:10,Q9RestartRaceBenchmark,lab-kafka,apache/kafka:4.3.1,7.18,"650.5MiB / 7.737GiB"
1791178690,2026-10-05T14:38:10,Q9RestartRaceBenchmark,lab-ryuk,testcontainers/ryuk:0.14.0,0.00,"9.094MiB / 7.737GiB"
1791178697,2026-10-05T14:38:17,Q9RestartRaceBenchmark,lab-postgres,postgres:16,0.07,"38.1MiB / 7.737GiB"
1791178697,2026-10-05T14:38:17,Q9RestartRaceBenchmark,lab-kafka,apache/kafka:4.3.1,7.93,"650.1MiB / 7.737GiB"
1791178697,2026-10-05T14:38:17,Q9RestartRaceBenchmark,lab-ryuk,testcontainers/ryuk:0.14.0,0.00,"9.094MiB / 7.737GiB"
1791178705,2026-10-05T14:38:25,Q9RestartRaceBenchmark,lab-postgres,postgres:16,0.03,"38.11MiB / 7.737GiB"
1791178705,2026-10-05T14:38:25,Q9RestartRaceBenchmark,lab-kafka,apache/kafka:4.3.1,5.88,"651.3MiB / 7.737GiB"
1791178705,2026-10-05T14:38:25,Q9RestartRaceBenchmark,lab-ryuk,testcontainers/ryuk:0.14.0,0.00,"9.094MiB / 7.737GiB"
1791178713,2026-10-05T14:38:33,Q9RestartRaceBenchmark,lab-postgres,postgres:16,0.09,"38.11MiB / 7.737GiB"
1791178713,2026-10-05T14:38:33,Q9RestartRaceBenchmark,lab-kafka,apache/kafka:4.3.1,8.06,"649.7MiB / 7.737GiB"
1791178713,2026-10-05T14:38:33,Q9RestartRaceBenchmark,lab-ryuk,testcontainers/ryuk:0.14.0,0.00,"9.094MiB / 7.737GiB"
1791178720,2026-10-05T14:38:40,Q9RestartRaceBenchmark,lab-postgres,postgres:16,0.03,"38.11MiB / 7.737GiB"
1791178720,2026-10-05T14:38:40,Q9RestartRaceBenchmark,lab-kafka,apache/kafka:4.3.1,9.26,"650.7MiB / 7.737GiB"
1791178720,2026-10-05T14:38:40,Q9RestartRaceBenchmark,lab-ryuk,testcontainers/ryuk:0.14.0,0.00,"9.094MiB / 7.737GiB"
1791178727,2026-10-05T14:38:47,Q9RestartRaceBenchmark,lab-postgres,postgres:16,0.07,"38.11MiB / 7.737GiB"
1791178727,2026-10-05T14:38:47,Q9RestartRaceBenchmark,lab-kafka,apache/kafka:4.3.1,6.25,"650.4MiB / 7.737GiB"
1791178727,2026-10-05T14:38:47,Q9RestartRaceBenchmark,lab-ryuk,testcontainers/ryuk:0.14.0,0.12,"9.094MiB / 7.737GiB"
1791178735,2026-10-05T14:38:55,Q9RestartRaceBenchmark,lab-postgres,postgres:16,0.15,"38.11MiB / 7.737GiB"
1791178735,2026-10-05T14:38:55,Q9RestartRaceBenchmark,lab-kafka,apache/kafka:4.3.1,9.69,"655.8MiB / 7.737GiB"
1791178735,2026-10-05T14:38:55,Q9RestartRaceBenchmark,lab-ryuk,testcontainers/ryuk:0.14.0,0.00,"9.094MiB / 7.737GiB"
1791178743,2026-10-05T14:39:03,Q9RestartRaceBenchmark,lab-postgres,postgres:16,0.04,"38.11MiB / 7.737GiB"
1791178743,2026-10-05T14:39:03,Q9RestartRaceBenchmark,lab-kafka,apache/kafka:4.3.1,7.02,"651.6MiB / 7.737GiB"
1791178743,2026-10-05T14:39:03,Q9RestartRaceBenchmark,lab-ryuk,testcontainers/ryuk:0.14.0,0.00,"9.094MiB / 7.737GiB"
1791178750,2026-10-05T14:39:10,Q9RestartRaceBenchmark,lab-postgres,postgres:16,0.85,"38.11MiB / 7.737GiB"
1791178750,2026-10-05T14:39:10,Q9RestartRaceBenchmark,lab-kafka,apache/kafka:4.3.1,5.06,"656.5MiB / 7.737GiB"
1791178750,2026-10-05T14:39:10,Q9RestartRaceBenchmark,lab-ryuk,testcontainers/ryuk:0.14.0,0.00,"9.094MiB / 7.737GiB"
1791178757,2026-10-05T14:39:17,Q9RestartRaceBenchmark,lab-postgres,postgres:16,4.10,"38.11MiB / 7.737GiB"
1791178757,2026-10-05T14:39:17,Q9RestartRaceBenchmark,lab-kafka,apache/kafka:4.3.1,10.01,"651.9MiB / 7.737GiB"
1791178757,2026-10-05T14:39:17,Q9RestartRaceBenchmark,lab-ryuk,testcontainers/ryuk:0.14.0,0.00,"9.094MiB / 7.737GiB"
1791178764,2026-10-05T14:39:24,Q9RestartRaceBenchmark,lab-postgres,postgres:16,0.57,"38.11MiB / 7.737GiB"
1791178764,2026-10-05T14:39:24,Q9RestartRaceBenchmark,lab-kafka,apache/kafka:4.3.1,9.25,"668MiB / 7.737GiB"
1791178764,2026-10-05T14:39:24,Q9RestartRaceBenchmark,lab-ryuk,testcontainers/ryuk:0.14.0,0.00,"9.094MiB / 7.737GiB"
1791178772,2026-10-05T14:39:32,Q9RestartRaceBenchmark,lab-postgres,postgres:16,0.00,"38.11MiB / 7.737GiB"
1791178772,2026-10-05T14:39:32,Q9RestartRaceBenchmark,lab-kafka,apache/kafka:4.3.1,6.58,"652.4MiB / 7.737GiB"
1791178772,2026-10-05T14:39:32,Q9RestartRaceBenchmark,lab-ryuk,testcontainers/ryuk:0.14.0,0.00,"9.094MiB / 7.737GiB"
1791178779,2026-10-05T14:39:39,Q9RestartRaceBenchmark,lab-postgres,postgres:16,0.13,"38.11MiB / 7.737GiB"
1791178779,2026-10-05T14:39:39,Q9RestartRaceBenchmark,lab-kafka,apache/kafka:4.3.1,8.44,"653.3MiB / 7.737GiB"
1791178779,2026-10-05T14:39:39,Q9RestartRaceBenchmark,lab-ryuk,testcontainers/ryuk:0.14.0,0.00,"9.094MiB / 7.737GiB"
1791178787,2026-10-05T14:39:47,Q9RestartRaceBenchmark,lab-postgres,postgres:16,0.02,"38.11MiB / 7.737GiB"
1791178787,2026-10-05T14:39:47,Q9RestartRaceBenchmark,lab-kafka,apache/kafka:4.3.1,8.01,"653.1MiB / 7.737GiB"
1791178787,2026-10-05T14:39:47,Q9RestartRaceBenchmark,lab-ryuk,testcontainers/ryuk:0.14.0,0.00,"9.094MiB / 7.737GiB"
1791178794,2026-10-05T14:39:54,Q9RestartRaceBenchmark,lab-postgres,postgres:16,0.10,"38.11MiB / 7.737GiB"
1791178794,2026-10-05T14:39:54,Q9RestartRaceBenchmark,lab-kafka,apache/kafka:4.3.1,7.14,"654.2MiB / 7.737GiB"
1791178794,2026-10-05T14:39:54,Q9RestartRaceBenchmark,lab-ryuk,testcontainers/ryuk:0.14.0,0.00,"9.094MiB / 7.737GiB"
1791178802,2026-10-05T14:40:02,Q9RestartRaceBenchmark,lab-postgres,postgres:16,0.14,"38.11MiB / 7.737GiB"
1791178802,2026-10-05T14:40:02,Q9RestartRaceBenchmark,lab-kafka,apache/kafka:4.3.1,10.45,"654.3MiB / 7.737GiB"
1791178802,2026-10-05T14:40:02,Q9RestartRaceBenchmark,lab-ryuk,testcontainers/ryuk:0.14.0,0.00,"9.094MiB / 7.737GiB"
1791178809,2026-10-05T14:40:09,Q9RestartRaceBenchmark,lab-postgres,postgres:16,0.03,"38.12MiB / 7.737GiB"
1791178809,2026-10-05T14:40:09,Q9RestartRaceBenchmark,lab-kafka,apache/kafka:4.3.1,7.92,"655.6MiB / 7.737GiB"
1791178809,2026-10-05T14:40:09,Q9RestartRaceBenchmark,lab-ryuk,testcontainers/ryuk:0.14.0,0.00,"9.094MiB / 7.737GiB"
1791178816,2026-10-05T14:40:16,Q9RestartRaceBenchmark,lab-postgres,postgres:16,0.43,"38.11MiB / 7.737GiB"
1791178816,2026-10-05T14:40:16,Q9RestartRaceBenchmark,lab-kafka,apache/kafka:4.3.1,7.13,"653.7MiB / 7.737GiB"
1791178816,2026-10-05T14:40:16,Q9RestartRaceBenchmark,lab-ryuk,testcontainers/ryuk:0.14.0,0.00,"9.094MiB / 7.737GiB"
1791178824,2026-10-05T14:40:24,Q9RestartRaceBenchmark,lab-postgres,postgres:16,0.04,"38.11MiB / 7.737GiB"
1791178824,2026-10-05T14:40:24,Q9RestartRaceBenchmark,lab-kafka,apache/kafka:4.3.1,9.36,"655MiB / 7.737GiB"
1791178824,2026-10-05T14:40:24,Q9RestartRaceBenchmark,lab-ryuk,testcontainers/ryuk:0.14.0,0.00,"9.094MiB / 7.737GiB"
1791178831,2026-10-05T14:40:31,Q9RestartRaceBenchmark,lab-postgres,postgres:16,0.16,"38.12MiB / 7.737GiB"
1791178831,2026-10-05T14:40:31,Q9RestartRaceBenchmark,lab-kafka,apache/kafka:4.3.1,18.58,"656.4MiB / 7.737GiB"
1791178831,2026-10-05T14:40:31,Q9RestartRaceBenchmark,lab-ryuk,testcontainers/ryuk:0.14.0,0.00,"9.094MiB / 7.737GiB"
1791178838,2026-10-05T14:40:38,Q9RestartRaceBenchmark,lab-postgres,postgres:16,0.11,"38.12MiB / 7.737GiB"
1791178838,2026-10-05T14:40:38,Q9RestartRaceBenchmark,lab-kafka,apache/kafka:4.3.1,9.32,"669MiB / 7.737GiB"
1791178838,2026-10-05T14:40:38,Q9RestartRaceBenchmark,lab-ryuk,testcontainers/ryuk:0.14.0,0.00,"9.094MiB / 7.737GiB"
1791178846,2026-10-05T14:40:46,Q9RestartRaceBenchmark,lab-postgres,postgres:16,0.27,"38.11MiB / 7.737GiB"
1791178846,2026-10-05T14:40:46,Q9RestartRaceBenchmark,lab-kafka,apache/kafka:4.3.1,17.30,"661.2MiB / 7.737GiB"
1791178846,2026-10-05T14:40:46,Q9RestartRaceBenchmark,lab-ryuk,testcontainers/ryuk:0.14.0,0.00,"9.094MiB / 7.737GiB"
1791178853,2026-10-05T14:40:53,Q9RestartRaceBenchmark,lab-postgres,postgres:16,0.10,"38.11MiB / 7.737GiB"
1791178853,2026-10-05T14:40:53,Q9RestartRaceBenchmark,lab-kafka,apache/kafka:4.3.1,7.82,"657.1MiB / 7.737GiB"
1791178853,2026-10-05T14:40:53,Q9RestartRaceBenchmark,lab-ryuk,testcontainers/ryuk:0.14.0,0.00,"9.094MiB / 7.737GiB"
1791178861,2026-10-05T14:41:01,Q9RestartRaceBenchmark,lab-postgres,postgres:16,0.12,"38.11MiB / 7.737GiB"
1791178861,2026-10-05T14:41:01,Q9RestartRaceBenchmark,lab-kafka,apache/kafka:4.3.1,8.51,"655.8MiB / 7.737GiB"
1791178861,2026-10-05T14:41:01,Q9RestartRaceBenchmark,lab-ryuk,testcontainers/ryuk:0.14.0,0.00,"9.094MiB / 7.737GiB"
1791178869,2026-10-05T14:41:09,Q9RestartRaceBenchmark,lab-postgres,postgres:16,0.09,"38.11MiB / 7.737GiB"
1791178869,2026-10-05T14:41:09,Q9RestartRaceBenchmark,lab-kafka,apache/kafka:4.3.1,11.33,"657.2MiB / 7.737GiB"
1791178869,2026-10-05T14:41:09,Q9RestartRaceBenchmark,lab-ryuk,testcontainers/ryuk:0.14.0,0.00,"9.094MiB / 7.737GiB"
1791178876,2026-10-05T14:41:16,Q9RestartRaceBenchmark,lab-postgres,postgres:16,0.07,"38.11MiB / 7.737GiB"
1791178876,2026-10-05T14:41:16,Q9RestartRaceBenchmark,lab-kafka,apache/kafka:4.3.1,9.90,"658.7MiB / 7.737GiB"
1791178876,2026-10-05T14:41:16,Q9RestartRaceBenchmark,lab-ryuk,testcontainers/ryuk:0.14.0,0.00,"9.094MiB / 7.737GiB"
1791178883,2026-10-05T14:41:23,Q9RestartRaceBenchmark,lab-postgres,postgres:16,0.22,"38.12MiB / 7.737GiB"
1791178883,2026-10-05T14:41:23,Q9RestartRaceBenchmark,lab-kafka,apache/kafka:4.3.1,13.20,"659.7MiB / 7.737GiB"
1791178883,2026-10-05T14:41:23,Q9RestartRaceBenchmark,lab-ryuk,testcontainers/ryuk:0.14.0,0.00,"9.094MiB / 7.737GiB"
1791178891,2026-10-05T14:41:31,Q9RestartRaceBenchmark,lab-postgres,postgres:16,0.00,"38.11MiB / 7.737GiB"
1791178891,2026-10-05T14:41:31,Q9RestartRaceBenchmark,lab-kafka,apache/kafka:4.3.1,7.53,"656.8MiB / 7.737GiB"
1791178891,2026-10-05T14:41:31,Q9RestartRaceBenchmark,lab-ryuk,testcontainers/ryuk:0.14.0,0.00,"9.094MiB / 7.737GiB"
1791178898,2026-10-05T14:41:38,Q9RestartRaceBenchmark,lab-postgres,postgres:16,0.08,"38.12MiB / 7.737GiB"
1791178898,2026-10-05T14:41:38,Q9RestartRaceBenchmark,lab-kafka,apache/kafka:4.3.1,6.37,"658MiB / 7.737GiB"
1791178898,2026-10-05T14:41:38,Q9RestartRaceBenchmark,lab-ryuk,testcontainers/ryuk:0.14.0,0.00,"9.094MiB / 7.737GiB"
1791178905,2026-10-05T14:41:45,Q9RestartRaceBenchmark,lab-postgres,postgres:16,0.04,"38.11MiB / 7.737GiB"
1791178905,2026-10-05T14:41:45,Q9RestartRaceBenchmark,lab-kafka,apache/kafka:4.3.1,5.98,"657.2MiB / 7.737GiB"
1791178905,2026-10-05T14:41:45,Q9RestartRaceBenchmark,lab-ryuk,testcontainers/ryuk:0.14.0,0.00,"9.094MiB / 7.737GiB"
1791178913,2026-10-05T14:41:53,Q9RestartRaceBenchmark,lab-postgres,postgres:16,0.00,"38.11MiB / 7.737GiB"
1791178913,2026-10-05T14:41:53,Q9RestartRaceBenchmark,lab-kafka,apache/kafka:4.3.1,4.36,"661MiB / 7.737GiB"
1791178913,2026-10-05T14:41:53,Q9RestartRaceBenchmark,lab-ryuk,testcontainers/ryuk:0.14.0,0.00,"9.094MiB / 7.737GiB"
1791178920,2026-10-05T14:42:00,Q9RestartRaceBenchmark,lab-postgres,postgres:16,0.11,"38.11MiB / 7.737GiB"
1791178920,2026-10-05T14:42:00,Q9RestartRaceBenchmark,lab-kafka,apache/kafka:4.3.1,26.03,"663.4MiB / 7.737GiB"
1791178920,2026-10-05T14:42:00,Q9RestartRaceBenchmark,lab-ryuk,testcontainers/ryuk:0.14.0,0.00,"9.094MiB / 7.737GiB"
1791178927,2026-10-05T14:42:07,Q9RestartRaceBenchmark,lab-postgres,postgres:16,0.12,"38.11MiB / 7.737GiB"
1791178927,2026-10-05T14:42:07,Q9RestartRaceBenchmark,lab-kafka,apache/kafka:4.3.1,11.54,"658.2MiB / 7.737GiB"
1791178927,2026-10-05T14:42:07,Q9RestartRaceBenchmark,lab-ryuk,testcontainers/ryuk:0.14.0,0.00,"9.094MiB / 7.737GiB"
1791178935,2026-10-05T14:42:15,Q9RestartRaceBenchmark,lab-postgres,postgres:16,0.05,"38.11MiB / 7.737GiB"
1791178935,2026-10-05T14:42:15,Q9RestartRaceBenchmark,lab-kafka,apache/kafka:4.3.1,42.32,"670.9MiB / 7.737GiB"
1791178935,2026-10-05T14:42:15,Q9RestartRaceBenchmark,lab-ryuk,testcontainers/ryuk:0.14.0,0.00,"9.094MiB / 7.737GiB"
1791178944,2026-10-05T14:42:24,Q9RestartRaceBenchmark,lab-postgres,postgres:16,0.02,"38.12MiB / 7.737GiB"
1791178944,2026-10-05T14:42:24,Q9RestartRaceBenchmark,lab-kafka,apache/kafka:4.3.1,15.58,"667.3MiB / 7.737GiB"
1791178944,2026-10-05T14:42:24,Q9RestartRaceBenchmark,lab-ryuk,testcontainers/ryuk:0.14.0,0.00,"9.094MiB / 7.737GiB"
1791178951,2026-10-05T14:42:31,Q9RestartRaceBenchmark,lab-postgres,postgres:16,0.21,"38.11MiB / 7.737GiB"
1791178951,2026-10-05T14:42:31,Q9RestartRaceBenchmark,lab-kafka,apache/kafka:4.3.1,8.31,"658.7MiB / 7.737GiB"
1791178951,2026-10-05T14:42:31,Q9RestartRaceBenchmark,lab-ryuk,testcontainers/ryuk:0.14.0,0.00,"9.094MiB / 7.737GiB"
1791178958,2026-10-05T14:42:38,Q9RestartRaceBenchmark,lab-postgres,postgres:16,0.34,"38.11MiB / 7.737GiB"
1791178958,2026-10-05T14:42:38,Q9RestartRaceBenchmark,lab-kafka,apache/kafka:4.3.1,7.01,"660.8MiB / 7.737GiB"
1791178958,2026-10-05T14:42:38,Q9RestartRaceBenchmark,lab-ryuk,testcontainers/ryuk:0.14.0,0.00,"9.094MiB / 7.737GiB"
1791178966,2026-10-05T14:42:46,Q9RestartRaceBenchmark,lab-postgres,postgres:16,0.05,"38.11MiB / 7.737GiB"
1791178966,2026-10-05T14:42:46,Q9RestartRaceBenchmark,lab-kafka,apache/kafka:4.3.1,5.02,"676.3MiB / 7.737GiB"
1791178966,2026-10-05T14:42:46,Q9RestartRaceBenchmark,lab-ryuk,testcontainers/ryuk:0.14.0,0.00,"9.094MiB / 7.737GiB"
1791178973,2026-10-05T14:42:53,Q9RestartRaceBenchmark,lab-postgres,postgres:16,0.00,"38.11MiB / 7.737GiB"
1791178973,2026-10-05T14:42:53,Q9RestartRaceBenchmark,lab-kafka,apache/kafka:4.3.1,7.53,"679.7MiB / 7.737GiB"
1791178973,2026-10-05T14:42:53,Q9RestartRaceBenchmark,lab-ryuk,testcontainers/ryuk:0.14.0,0.00,"9.094MiB / 7.737GiB"
1791178980,2026-10-05T14:43:00,Q9RestartRaceBenchmark,lab-postgres,postgres:16,0.08,"38.11MiB / 7.737GiB"
1791178980,2026-10-05T14:43:00,Q9RestartRaceBenchmark,lab-kafka,apache/kafka:4.3.1,10.98,"676.6MiB / 7.737GiB"
1791178980,2026-10-05T14:43:00,Q9RestartRaceBenchmark,lab-ryuk,testcontainers/ryuk:0.14.0,0.00,"9.094MiB / 7.737GiB"
1791178988,2026-10-05T14:43:08,Q9RestartRaceBenchmark,lab-postgres,postgres:16,0.00,"38.11MiB / 7.737GiB"
1791178988,2026-10-05T14:43:08,Q9RestartRaceBenchmark,lab-kafka,apache/kafka:4.3.1,6.61,"676.7MiB / 7.737GiB"
1791178988,2026-10-05T14:43:08,Q9RestartRaceBenchmark,lab-ryuk,testcontainers/ryuk:0.14.0,0.00,"9.094MiB / 7.737GiB"
1791178995,2026-10-05T14:43:15,Q9RestartRaceBenchmark,lab-postgres,postgres:16,0.02,"38.12MiB / 7.737GiB"
1791178995,2026-10-05T14:43:15,Q9RestartRaceBenchmark,lab-kafka,apache/kafka:4.3.1,13.88,"683.6MiB / 7.737GiB"
1791178995,2026-10-05T14:43:15,Q9RestartRaceBenchmark,lab-ryuk,testcontainers/ryuk:0.14.0,0.00,"9.094MiB / 7.737GiB"
1791179002,2026-10-05T14:43:22,Q9RestartRaceBenchmark,lab-postgres,postgres:16,0.10,"38.11MiB / 7.737GiB"
1791179002,2026-10-05T14:43:22,Q9RestartRaceBenchmark,lab-kafka,apache/kafka:4.3.1,18.99,"678MiB / 7.737GiB"
1791179002,2026-10-05T14:43:22,Q9RestartRaceBenchmark,lab-ryuk,testcontainers/ryuk:0.14.0,0.00,"9.094MiB / 7.737GiB"
1791179009,2026-10-05T14:43:29,Q9RestartRaceBenchmark,lab-postgres,postgres:16,0.12,"38.11MiB / 7.737GiB"
1791179009,2026-10-05T14:43:29,Q9RestartRaceBenchmark,lab-kafka,apache/kafka:4.3.1,8.17,"677.9MiB / 7.737GiB"
1791179009,2026-10-05T14:43:29,Q9RestartRaceBenchmark,lab-ryuk,testcontainers/ryuk:0.14.0,0.00,"9.094MiB / 7.737GiB"
1791179016,2026-10-05T14:43:36,Q9RestartRaceBenchmark,lab-postgres,postgres:16,2.13,"38.11MiB / 7.737GiB"
1791179016,2026-10-05T14:43:36,Q9RestartRaceBenchmark,lab-kafka,apache/kafka:4.3.1,9.42,"677.5MiB / 7.737GiB"
1791179016,2026-10-05T14:43:36,Q9RestartRaceBenchmark,lab-ryuk,testcontainers/ryuk:0.14.0,0.00,"9.094MiB / 7.737GiB"
1791179024,2026-10-05T14:43:44,Q9RestartRaceBenchmark,lab-postgres,postgres:16,0.17,"38.11MiB / 7.737GiB"
1791179024,2026-10-05T14:43:44,Q9RestartRaceBenchmark,lab-kafka,apache/kafka:4.3.1,11.52,"678MiB / 7.737GiB"
1791179024,2026-10-05T14:43:44,Q9RestartRaceBenchmark,lab-ryuk,testcontainers/ryuk:0.14.0,0.00,"9.094MiB / 7.737GiB"
1791179031,2026-10-05T14:43:51,Q9RestartRaceBenchmark,lab-postgres,postgres:16,0.42,"38.11MiB / 7.737GiB"
1791179031,2026-10-05T14:43:51,Q9RestartRaceBenchmark,lab-kafka,apache/kafka:4.3.1,7.77,"677.6MiB / 7.737GiB"
1791179031,2026-10-05T14:43:51,Q9RestartRaceBenchmark,lab-ryuk,testcontainers/ryuk:0.14.0,0.00,"9.094MiB / 7.737GiB"
1791179038,2026-10-05T14:43:58,Q9RestartRaceBenchmark,lab-postgres,postgres:16,0.49,"38.11MiB / 7.737GiB"
1791179038,2026-10-05T14:43:58,Q9RestartRaceBenchmark,lab-kafka,apache/kafka:4.3.1,10.73,"678.3MiB / 7.737GiB"
1791179038,2026-10-05T14:43:58,Q9RestartRaceBenchmark,lab-ryuk,testcontainers/ryuk:0.14.0,0.00,"9.094MiB / 7.737GiB"
1791179045,2026-10-05T14:44:05,Q9RestartRaceBenchmark,lab-postgres,postgres:16,0.12,"38.11MiB / 7.737GiB"
1791179045,2026-10-05T14:44:05,Q9RestartRaceBenchmark,lab-kafka,apache/kafka:4.3.1,9.64,"679.9MiB / 7.737GiB"
1791179045,2026-10-05T14:44:05,Q9RestartRaceBenchmark,lab-ryuk,testcontainers/ryuk:0.14.0,0.00,"9.094MiB / 7.737GiB"
1791179052,2026-10-05T14:44:12,Q9RestartRaceBenchmark,lab-postgres,postgres:16,0.16,"38.15MiB / 7.737GiB"
1791179052,2026-10-05T14:44:12,Q9RestartRaceBenchmark,lab-kafka,apache/kafka:4.3.1,8.25,"678.2MiB / 7.737GiB"
1791179052,2026-10-05T14:44:12,Q9RestartRaceBenchmark,lab-ryuk,testcontainers/ryuk:0.14.0,0.00,"9.094MiB / 7.737GiB"
1791179060,2026-10-05T14:44:20,Q9RestartRaceBenchmark,lab-postgres,postgres:16,0.07,"38.14MiB / 7.737GiB"
1791179060,2026-10-05T14:44:20,Q9RestartRaceBenchmark,lab-kafka,apache/kafka:4.3.1,7.59,"689.1MiB / 7.737GiB"
1791179060,2026-10-05T14:44:20,Q9RestartRaceBenchmark,lab-ryuk,testcontainers/ryuk:0.14.0,0.00,"9.094MiB / 7.737GiB"
1791179067,2026-10-05T14:44:27,Q9RestartRaceBenchmark,lab-postgres,postgres:16,0.00,"38.14MiB / 7.737GiB"
1791179067,2026-10-05T14:44:27,Q9RestartRaceBenchmark,lab-kafka,apache/kafka:4.3.1,11.88,"678.3MiB / 7.737GiB"
1791179067,2026-10-05T14:44:27,Q9RestartRaceBenchmark,lab-ryuk,testcontainers/ryuk:0.14.0,0.00,"9.094MiB / 7.737GiB"
1791179074,2026-10-05T14:44:34,Q9RestartRaceBenchmark,lab-postgres,postgres:16,0.24,"38.14MiB / 7.737GiB"
1791179074,2026-10-05T14:44:34,Q9RestartRaceBenchmark,lab-kafka,apache/kafka:4.3.1,142.01,"679.1MiB / 7.737GiB"
1791179074,2026-10-05T14:44:34,Q9RestartRaceBenchmark,lab-ryuk,testcontainers/ryuk:0.14.0,0.00,"9.094MiB / 7.737GiB"
1791179082,2026-10-05T14:44:42,Q9RestartRaceBenchmark,lab-postgres,postgres:16,0.11,"38.14MiB / 7.737GiB"
1791179082,2026-10-05T14:44:42,Q9RestartRaceBenchmark,lab-kafka,apache/kafka:4.3.1,9.26,"678.5MiB / 7.737GiB"
1791179082,2026-10-05T14:44:42,Q9RestartRaceBenchmark,lab-ryuk,testcontainers/ryuk:0.14.0,0.00,"9.094MiB / 7.737GiB"
1791179089,2026-10-05T14:44:49,Q9RestartRaceBenchmark,lab-postgres,postgres:16,0.00,"38.14MiB / 7.737GiB"
1791179089,2026-10-05T14:44:49,Q9RestartRaceBenchmark,lab-kafka,apache/kafka:4.3.1,14.00,"682.5MiB / 7.737GiB"
1791179089,2026-10-05T14:44:49,Q9RestartRaceBenchmark,lab-ryuk,testcontainers/ryuk:0.14.0,0.00,"9.094MiB / 7.737GiB"
1791179096,2026-10-05T14:44:56,Q9RestartRaceBenchmark,lab-postgres,postgres:16,0.26,"38.14MiB / 7.737GiB"
1791179096,2026-10-05T14:44:56,Q9RestartRaceBenchmark,lab-kafka,apache/kafka:4.3.1,9.83,"680MiB / 7.737GiB"
1791179096,2026-10-05T14:44:56,Q9RestartRaceBenchmark,lab-ryuk,testcontainers/ryuk:0.14.0,0.00,"9.094MiB / 7.737GiB"
1791179103,2026-10-05T14:45:03,Q9RestartRaceBenchmark,lab-postgres,postgres:16,0.06,"38.14MiB / 7.737GiB"
1791179103,2026-10-05T14:45:03,Q9RestartRaceBenchmark,lab-kafka,apache/kafka:4.3.1,14.57,"684MiB / 7.737GiB"
1791179103,2026-10-05T14:45:03,Q9RestartRaceBenchmark,lab-ryuk,testcontainers/ryuk:0.14.0,0.00,"9.094MiB / 7.737GiB"
1791179111,2026-10-05T14:45:11,Q9RestartRaceBenchmark,lab-postgres,postgres:16,0.03,"38.14MiB / 7.737GiB"
1791179111,2026-10-05T14:45:11,Q9RestartRaceBenchmark,lab-kafka,apache/kafka:4.3.1,10.58,"680.1MiB / 7.737GiB"
1791179111,2026-10-05T14:45:11,Q9RestartRaceBenchmark,lab-ryuk,testcontainers/ryuk:0.14.0,0.00,"9.094MiB / 7.737GiB"
1791179118,2026-10-05T14:45:18,Q9RestartRaceBenchmark,lab-ryuk,testcontainers/ryuk:0.14.0,0.00,"9.094MiB / 7.737GiB"
1791179124,2026-10-05T14:45:24,idle,lab-ryuk,testcontainers/ryuk:0.14.0,0.00,"9.09MiB / 7.737GiB"
