trial,policy,e_ms,da_ms,b_acquire_ms,b_init_start_ms,b_init_end_ms,a2_init_start_ms,a2_init_end_ms,init_order,a_wake_commit_error,a_owned_at_check,a_restarts,a_stop,a_acked,a_failed,a_acked_after_b_acquire,b_restarts,b_stop,b_acked,b_failed,b_owner_at_end,b_stopped_while_owner,dup_seqs,gaps,acked_lost,failed_stored,log_order_rejected_acked,writers_in_log,a_events,b_events,requests
0,no_check_after_init+fenced_stops,165,326,165,169,284,330,451,b_first,InvalidTxnStateException,true,0,done,4,0,4,0,stopped_on_fence,0,1,true,true,0,0,0,0,4,A>MARKER(e6)>A2,A2:init@330>A2:ok101>A2:ok102>A2:ok103>A2:ok104,B:init@169>B:marker@285>B:IPE@890>B:abort_PFE,05:32:29.712:A:INIT:16>05:32:29.822:A:INIT:16>05:32:29.945:A:INIT:14>05:32:30.078:A:INIT:0>05:32:30.198:A:END_TXN:0>05:32:32.037:A:END_TXN:48>05:32:32.333:B:INIT:0>05:32:32.351:B:END_TXN:0>05:32:32.501:A2:INIT:0>05:32:32.957:B:END_TXN:90>05:32:33.059:A2:END_TXN:0>05:32:33.103:A2:END_TXN:0>05:32:33.140:A2:END_TXN:0>05:32:33.172:A2:END_TXN:0
1,check_after_init+fenced_stops,267,19,429,431,583,22,163,a2_first,InvalidTxnStateException,true,0,stopped_on_fence,0,1,0,0,done,4,0,true,false,0,0,0,0,0,A>MARKER(e6)>B,A2:init@22>A2:IPE@631>A2:abort_PFE,B:init@431>B:marker@585>B:ok101>B:ok102>B:ok103>B:ok104,05:32:34.022:A:INIT:0>05:32:34.066:A:END_TXN:0>05:32:36.046:A:END_TXN:48>05:32:36.066:A2:INIT:0>05:32:36.493:B:INIT:0>05:32:36.533:B:END_TXN:0>05:32:36.560:A2:END_TXN:90>05:32:37.095:B:END_TXN:0>05:32:37.126:B:END_TXN:0>05:32:37.155:B:END_TXN:0>05:32:37.187:B:END_TXN:0
2,no_check_after_init+fenced_checks_lease,45,326,46,47,164,332,458,b_first,InvalidTxnStateException,true,0,not_owner,0,1,0,1,done,3,1,true,false,0,0,0,0,0,A>MARKER(e6)>B2,A2:init@332>A2:IPE@981>A2:abort_PFE>A2:not_owner,B:init@47>B:marker@164>B:IPE@731>B:abort_PFE>B2:init@759>B2:ok101>B2:ok102>B2:ok103,05:32:37.934:A:INIT:0>05:32:37.948:A:END_TXN:0>05:32:39.904:A:END_TXN:48>05:32:40.073:B:INIT:0>05:32:40.100:B:END_TXN:0>05:32:40.374:A2:INIT:0>05:32:40.664:B:END_TXN:90>05:32:40.827:B2:INIT:0>05:32:40.918:A2:END_TXN:90>05:32:41.375:B2:END_TXN:0>05:32:41.406:B2:END_TXN:0>05:32:41.436:B2:END_TXN:0
3,check_after_init+fenced_checks_lease,19,230,28,30,166,234,592,b_first,InvalidTxnStateException,true,0,not_owner_after_init,0,0,0,1,done,3,1,true,false,0,0,0,0,0,A>MARKER(e6)>B2,A2:init@234>A2:not_owner_after_init,B:init@30>B:marker@169>B:IPE@802>B:abort_PFE>B2:init@947>B2:ok101>B2:ok102>B2:ok103,05:32:42.169:A:INIT:0>05:32:42.194:A:END_TXN:0>05:32:43.903:A:END_TXN:48>05:32:44.081:B:INIT:0>05:32:44.116:B:END_TXN:0>05:32:44.487:A2:INIT:0>05:32:44.862:B:END_TXN:90>05:32:45.276:B2:INIT:0>05:32:45.876:B2:END_TXN:0>05:32:45.928:B2:END_TXN:0>05:32:45.967:B2:END_TXN:0
4,no_check_after_init+fenced_stops,181,279,182,183,327,280,392,overlap,InvalidTxnStateException,true,0,done,4,0,4,0,stopped_on_fence,0,1,true,true,0,0,0,0,4,A>MARKER(e6)>A2,A2:init@280>A2:ok101>A2:ok102>A2:ok103>A2:ok104,B:init@183>B:marker@327>B:IPE@867>B:abort_PFE,05:32:46.616:A:INIT:0>05:32:46.627:A:END_TXN:0>05:32:48.258:A:END_TXN:48>05:32:48.607:B:INIT:0>05:32:48.623:B:END_TXN:0>05:32:48.673:A2:INIT:0>05:32:49.162:B:END_TXN:90>05:32:49.199:A2:END_TXN:0>05:32:49.227:A2:END_TXN:0>05:32:49.259:A2:END_TXN:0>05:32:49.295:A2:END_TXN:0
5,check_after_init+fenced_stops,179,79,178,179,298,85,204,overlap,InvalidTxnStateException,true,0,not_owner_after_init,0,0,0,0,done,4,0,true,false,0,0,0,0,0,A>MARKER(e6)>B,A2:init@85>A2:not_owner_after_init,B:init@179>B:marker@299>B:ok101>B:ok102>B:ok103>B:ok104,05:32:50.003:A:INIT:0>05:32:50.010:A:END_TXN:0>05:32:51.788:A:END_TXN:48>05:32:51.997:A2:INIT:0>05:32:52.092:B:INIT:0>05:32:52.112:B:END_TXN:0>05:32:52.648:B:END_TXN:0>05:32:52.677:B:END_TXN:0>05:32:52.707:B:END_TXN:0>05:32:52.740:B:END_TXN:0
6,no_check_after_init+fenced_checks_lease,298,294,299,300,413,297,413,overlap,InvalidTxnStateException,true,0,not_owner,0,1,0,0,done,4,0,true,false,0,0,0,0,0,A>MARKER(e6)>B,A2:init@297>A2:IPE@431>A2:abort_PFE>A2:not_owner,B:init@300>B:marker@413>B:ok101>B:ok102>B:ok103>B:ok104,05:32:53.452:A:INIT:0>05:32:53.458:A:END_TXN:0>05:32:55.254:A:END_TXN:48>05:32:55.704:A2:INIT:0>05:32:55.705:B:INIT:0>05:32:55.720:B:END_TXN:0>05:32:55.734:A2:END_TXN:90>05:32:56.161:B:END_TXN:0>05:32:56.231:B:END_TXN:0>05:32:56.291:B:END_TXN:0>05:32:56.337:B:END_TXN:0
7,check_after_init+fenced_checks_lease,134,210,141,142,259,216,329,overlap,InvalidTxnStateException,true,0,not_owner_after_init,0,0,0,1,done,3,1,true,false,0,0,0,0,0,A>MARKER(e6)>B2,A2:init@216>A2:not_owner_after_init,B:init@142>B:marker@260>B:IPE@803>B:abort_PFE>B2:init@827>B2:ok101>B2:ok102>B2:ok103,05:32:57.195:A:INIT:0>05:32:57.207:A:END_TXN:0>05:32:59.160:A:END_TXN:48>05:32:59.432:B:INIT:0>05:32:59.455:B:END_TXN:0>05:32:59.501:A2:INIT:0>05:33:00.000:B:END_TXN:90>05:33:00.147:B2:INIT:0>05:33:00.691:B2:END_TXN:0>05:33:00.734:B2:END_TXN:0>05:33:00.775:B2:END_TXN:0
8,no_check_after_init+fenced_stops,229,244,230,231,350,246,365,overlap,InvalidTxnStateException,true,0,done,4,0,4,0,stopped_on_fence,0,0,true,true,0,0,0,0,0,A>A2,A2:init@246>A2:ok101>A2:ok102>A2:ok103>A2:ok104,B:init@231>B:IPE@350>B:abort_PFE,05:33:01.509:A:INIT:0>05:33:01.519:A:END_TXN:0>05:33:03.137:A:END_TXN:48>05:33:03.495:B:INIT:0>05:33:03.509:A2:INIT:0>05:33:03.526:B:END_TXN:90>05:33:04.075:A2:END_TXN:0>05:33:04.290:A2:END_TXN:0>05:33:04.552:A2:END_TXN:0>05:33:04.952:A2:END_TXN:0
9,check_after_init+fenced_stops,243,283,241,242,356,285,397,overlap,InvalidTxnStateException,true,0,not_owner_after_init,0,0,0,0,stopped_on_fence,0,1,true,true,0,0,0,0,0,A>MARKER(e6),A2:init@285>A2:not_owner_after_init,B:init@242>B:marker@356>B:IPE@891>B:abort_PFE,05:33:06.181:A:INIT:0>05:33:06.199:A:END_TXN:0>05:33:07.998:A:END_TXN:48>05:33:08.365:B:INIT:0>05:33:08.379:B:END_TXN:0>05:33:08.407:A2:INIT:0>05:33:08.921:B:END_TXN:90
10,no_check_after_init+fenced_checks_lease,45,183,48,49,167,184,307,b_first,InvalidTxnStateException,true,0,done,4,0,4,1,done,3,1,true,false,0,0,0,0,4,A>MARKER(e6)>A2>B2,A2:init@184>A2:ok101>A2:ok102>A2:ok103>A2:ok104,B:init@49>B:marker@167>B:IPE@710>B:abort_PFE>B2:init@724>B2:ok105>B2:ok106>B2:ok107,05:33:09.619:A:INIT:0>05:33:09.661:A:END_TXN:0>05:33:11.456:A:END_TXN:48>05:33:11.631:B:INIT:0>05:33:11.652:B:END_TXN:0>05:33:11.774:A2:INIT:0>05:33:12.191:B:END_TXN:90>05:33:12.317:A2:END_TXN:0>05:33:12.317:B2:INIT:51>05:33:12.349:A2:END_TXN:0>05:33:12.375:A2:END_TXN:0>05:33:12.403:A2:END_TXN:0>05:33:12.425:B2:INIT:0>05:33:12.960:B2:END_TXN:0>05:33:12.990:B2:END_TXN:0>05:33:13.021:B2:END_TXN:0
11,check_after_init+fenced_checks_lease,164,253,164,165,282,258,369,overlap,InvalidTxnStateException,true,0,not_owner_after_init,0,0,0,1,done,3,1,true,false,0,0,0,0,0,A>MARKER(e6)>B2,A2:init@258>A2:not_owner_after_init,B:init@165>B:marker@283>B:IPE@806>B:abort_PFE>B2:init@814>B2:ok101>B2:ok102>B2:ok103,05:33:13.752:A:INIT:0>05:33:13.766:A:END_TXN:0>05:33:15.481:A:END_TXN:48>05:33:15.770:B:INIT:0>05:33:15.783:B:END_TXN:0>05:33:15.857:A2:INIT:0>05:33:16.164:B:END_TXN:90>05:33:16.279:B2:INIT:0>05:33:16.849:B2:END_TXN:0>05:33:16.878:B2:END_TXN:0>05:33:16.905:B2:END_TXN:0
12,no_check_after_init+fenced_stops,55,327,58,59,177,329,449,b_first,InvalidTxnStateException,true,0,done,4,0,4,0,stopped_on_fence,0,1,true,true,0,0,0,0,4,A>MARKER(e6)>A2,A2:init@329>A2:ok101>A2:ok102>A2:ok103>A2:ok104,B:init@59>B:marker@177>B:IPE@713>B:abort_PFE,05:33:17.625:A:INIT:0>05:33:17.639:A:END_TXN:0>05:33:19.345:A:END_TXN:48>05:33:19.531:B:INIT:0>05:33:19.547:B:END_TXN:0>05:33:19.804:A2:INIT:0>05:33:20.083:B:END_TXN:90>05:33:20.359:A2:END_TXN:0>05:33:20.387:A2:END_TXN:0>05:33:20.414:A2:END_TXN:0>05:33:20.440:A2:END_TXN:0
13,check_after_init+fenced_stops,271,45,271,272,386,48,159,a2_first,InvalidTxnStateException,true,0,stopped_on_fence,0,1,0,0,done,4,0,true,false,0,0,0,0,0,A>MARKER(e6)>B,A2:init@48>A2:IPE@411>A2:abort_PFE,B:init@272>B:marker@388>B:ok101>B:ok102>B:ok103>B:ok104,05:33:21.146:A:INIT:0>05:33:21.153:A:END_TXN:0>05:33:22.829:A:END_TXN:48>05:33:22.991:A2:INIT:0>05:33:23.222:B:INIT:0>05:33:23.243:B:END_TXN:0>05:33:23.253:A2:END_TXN:90>05:33:23.768:B:END_TXN:0>05:33:23.800:B:END_TXN:0>05:33:23.831:B:END_TXN:0>05:33:23.877:B:END_TXN:0
14,no_check_after_init+fenced_checks_lease,239,62,239,240,362,63,172,a2_first,InvalidTxnStateException,true,0,not_owner,0,1,0,0,done,4,0,true,false,0,0,0,0,0,A>MARKER(e6)>B,A2:init@63>A2:IPE@376>A2:abort_PFE>A2:not_owner,B:init@240>B:marker@362>B:ok101>B:ok102>B:ok103>B:ok104,05:33:24.919:A:INIT:0>05:33:25.076:A:END_TXN:0>05:33:27.185:A:END_TXN:48>05:33:27.367:A2:INIT:0>05:33:27.563:B:INIT:0>05:33:27.575:B:END_TXN:0>05:33:27.582:A2:END_TXN:90>05:33:28.099:B:END_TXN:0>05:33:28.129:B:END_TXN:0>05:33:28.182:B:END_TXN:0>05:33:28.221:B:END_TXN:0
15,check_after_init+fenced_checks_lease,164,318,168,168,286,320,430,b_first,InvalidTxnStateException,true,0,not_owner_after_init,0,0,0,1,done,3,1,true,false,0,0,0,0,0,A>MARKER(e6)>B2,A2:init@320>A2:not_owner_after_init,B:init@168>B:marker@291>B:IPE@818>B:abort_PFE>B2:init@832>B2:ok101>B2:ok102>B2:ok103,05:33:28.943:A:INIT:0>05:33:28.954:A:END_TXN:0>05:33:30.730:A:END_TXN:48>05:33:31.021:B:INIT:0>05:33:31.049:B:END_TXN:0>05:33:31.174:A2:INIT:0>05:33:31.573:B:END_TXN:90>05:33:31.808:B2:INIT:0>05:33:32.426:B2:END_TXN:0>05:33:32.463:B2:END_TXN:0>05:33:32.494:B2:END_TXN:0
16,no_check_after_init+fenced_stops,219,341,226,228,342,347,466,b_first,InvalidTxnStateException,true,0,done,4,0,4,0,stopped_on_fence,0,1,true,true,0,0,0,0,4,A>MARKER(e6)>A2,A2:init@347>A2:ok101>A2:ok102>A2:ok103>A2:ok104,B:init@228>B:marker@342>B:IPE@881>B:abort_PFE,05:33:33.966:A:INIT:0>05:33:34.288:A:END_TXN:0>05:33:36.096:A:END_TXN:48>05:33:36.447:B:INIT:0>05:33:36.467:B:END_TXN:0>05:33:36.572:A2:INIT:0>05:33:36.992:B:END_TXN:90>05:33:37.100:A2:END_TXN:0>05:33:37.130:A2:END_TXN:0>05:33:37.160:A2:END_TXN:0>05:33:37.192:A2:END_TXN:0
17,check_after_init+fenced_stops,256,37,259,260,376,44,162,a2_first,InvalidTxnStateException,true,0,stopped_on_fence,0,1,0,0,done,4,0,true,false,0,0,0,0,0,A>MARKER(e6)>B,A2:init@44>A2:IPE@396>A2:abort_PFE,B:init@260>B:marker@376>B:ok101>B:ok102>B:ok103>B:ok104,05:33:37.901:A:INIT:0>05:33:37.908:A:END_TXN:0>05:33:39.567:A:END_TXN:48>05:33:39.742:A2:INIT:0>05:33:39.959:B:INIT:0>05:33:39.977:B:END_TXN:0>05:33:39.990:A2:END_TXN:90>05:33:40.516:B:END_TXN:0>05:33:40.554:B:END_TXN:0>05:33:40.589:B:END_TXN:0>05:33:40.622:B:END_TXN:0
18,no_check_after_init+fenced_checks_lease,70,340,86,89,230,343,468,b_first,InvalidTxnStateException,true,0,not_owner,0,1,0,1,done,3,1,true,false,0,0,0,0,0,A>MARKER(e6)>B2,A2:init@343>A2:IPE@996>A2:abort_PFE>A2:not_owner,B:init@89>B:marker@230>B:IPE@794>B:abort_PFE>B2:init@805>B2:ok101>B2:ok102>B2:ok103,05:33:41.352:A:INIT:0>05:33:41.371:A:END_TXN:0>05:33:43.047:A:END_TXN:48>05:33:43.292:B:INIT:0>05:33:43.325:B:END_TXN:0>05:33:43.528:A2:INIT:0>05:33:43.870:B:END_TXN:90>05:33:43.989:B2:INIT:0>05:33:44.092:A2:END_TXN:90>05:33:44.562:B2:END_TXN:0>05:33:44.628:B2:END_TXN:0>05:33:44.694:B2:END_TXN:0
19,check_after_init+fenced_checks_lease,30,327,31,32,147,328,449,b_first,InvalidTxnStateException,true,0,not_owner_after_init,0,0,0,1,done,3,1,true,false,0,0,0,0,0,A>MARKER(e6)>B2,A2:init@328>A2:not_owner_after_init,B:init@32>B:marker@149>B:IPE@669>B:abort_PFE>B2:init@678>B2:ok101>B2:ok102>B2:ok103,05:33:45.457:A:INIT:0>05:33:45.471:A:END_TXN:0>05:33:47.409:A:END_TXN:48>05:33:47.563:B:INIT:0>05:33:47.579:B:END_TXN:0>05:33:47.872:A2:INIT:0>05:33:48.102:B:END_TXN:90>05:33:48.228:B2:INIT:0>05:33:48.816:B2:END_TXN:0>05:33:48.853:B2:END_TXN:0>05:33:48.888:B2:END_TXN:0
20,no_check_after_init+fenced_stops,202,357,207,209,333,362,478,b_first,InvalidTxnStateException,true,0,done,4,0,4,0,stopped_on_fence,0,1,true,true,0,0,0,0,4,A>MARKER(e6)>A2,A2:init@362>A2:ok101>A2:ok102>A2:ok103>A2:ok104,B:init@209>B:marker@333>B:IPE@867>B:abort_PFE,05:33:49.600:A:INIT:0>05:33:49.611:A:END_TXN:0>05:33:51.407:A:END_TXN:48>05:33:51.855:B:INIT:0>05:33:51.872:B:END_TXN:0>05:33:52.001:A2:INIT:0>05:33:52.401:B:END_TXN:90>05:33:52.539:A2:END_TXN:0>05:33:52.573:A2:END_TXN:0>05:33:52.608:A2:END_TXN:0>05:33:52.648:A2:END_TXN:0
21,check_after_init+fenced_stops,110,200,120,121,239,205,325,overlap,InvalidTxnStateException,true,0,not_owner_after_init,0,0,0,0,stopped_on_fence,0,1,true,true,0,0,0,0,0,A>MARKER(e6),A2:init@205>A2:not_owner_after_init,B:init@121>B:marker@241>B:IPE@785>B:abort_PFE,05:33:53.519:A:INIT:0>05:33:53.536:A:END_TXN:0>05:33:55.524:A:END_TXN:48>05:33:55.800:B:INIT:0>05:33:55.824:B:END_TXN:0>05:33:55.889:A2:INIT:0>05:33:56.233:B:END_TXN:90
22,no_check_after_init+fenced_checks_lease,186,68,192,193,305,74,189,a2_first,InvalidTxnStateException,true,0,not_owner,0,1,0,0,done,4,0,true,false,0,0,0,0,0,A>MARKER(e6)>B,A2:init@74>A2:IPE@329>A2:abort_PFE>A2:not_owner,B:init@193>B:marker@305>B:ok101>B:ok102>B:ok103>B:ok104,05:33:56.928:A:INIT:0>05:33:56.939:A:END_TXN:0>05:33:58.798:A:END_TXN:48>05:33:58.999:A2:INIT:0>05:33:59.114:B:INIT:0>05:33:59.136:B:END_TXN:0>05:33:59.153:A2:END_TXN:90>05:33:59.686:B:END_TXN:0>05:33:59.715:B:END_TXN:0>05:33:59.743:B:END_TXN:0>05:33:59.770:B:END_TXN:0
23,check_after_init+fenced_checks_lease,170,70,172,173,309,72,205,overlap,InvalidTxnStateException,true,0,not_owner_after_init,0,0,0,0,done,4,0,true,false,0,0,0,0,0,A>MARKER(e6)>B,A2:init@72>A2:not_owner_after_init,B:init@173>B:marker@312>B:ok101>B:ok102>B:ok103>B:ok104,05:34:00.477:A:INIT:0>05:34:00.489:A:END_TXN:0>05:34:02.312:A:END_TXN:48>05:34:02.514:A2:INIT:0>05:34:02.628:B:INIT:0>05:34:02.645:B:END_TXN:0>05:34:03.179:B:END_TXN:0>05:34:03.217:B:END_TXN:0>05:34:03.246:B:END_TXN:0>05:34:03.273:B:END_TXN:0
24,no_check_after_init+fenced_stops,59,209,63,65,222,213,373,overlap,InvalidTxnStateException,true,0,done,4,0,4,0,stopped_on_fence,0,1,true,true,0,0,0,0,4,A>MARKER(e6)>A2,A2:init@213>A2:ok101>A2:ok102>A2:ok103>A2:ok104,B:init@65>B:marker@222>B:IPE@820>B:abort_PFE,05:34:03.981:A:INIT:0>05:34:04.019:A:END_TXN:0>05:34:05.784:A:END_TXN:48>05:34:06.003:B:INIT:0>05:34:06.047:B:END_TXN:0>05:34:06.168:A2:INIT:0>05:34:06.623:B:END_TXN:90>05:34:06.699:A2:END_TXN:0>05:34:06.726:A2:END_TXN:0>05:34:06.753:A2:END_TXN:0>05:34:06.783:A2:END_TXN:0
25,check_after_init+fenced_stops,87,146,88,89,202,147,259,overlap,InvalidTxnStateException,true,0,not_owner_after_init,0,0,0,0,stopped_on_fence,0,1,true,true,0,0,0,0,0,A>MARKER(e6),A2:init@147>A2:not_owner_after_init,B:init@89>B:marker@204>B:IPE@756>B:abort_PFE,05:34:07.530:A:INIT:0>05:34:07.540:A:END_TXN:0>05:34:09.288:A:END_TXN:48>05:34:09.499:B:INIT:0>05:34:09.518:B:END_TXN:0>05:34:09.556:A2:INIT:0>05:34:10.058:B:END_TXN:90
26,no_check_after_init+fenced_checks_lease,247,300,245,247,379,301,415,overlap,InvalidTxnStateException,true,0,not_owner,3,1,3,1,done,3,1,true,false,0,0,0,0,3,A>MARKER(e6)>A2>B2,A2:init@301>A2:ok101>A2:ok102>A2:ok103>A2:ITS@1010>A2:not_owner,B:init@247>B:marker@379>B:IPE@900>B:abort_PFE>B2:init@908>B2:ok104>B2:ok105>B2:ok106,05:34:10.737:A:INIT:0>05:34:10.750:A:END_TXN:0>05:34:12.315:A:END_TXN:48>05:34:12.713:B:INIT:0>05:34:12.727:B:END_TXN:0>05:34:12.750:A2:INIT:0>05:34:13.250:B:END_TXN:90>05:34:13.276:A2:END_TXN:0>05:34:13.305:A2:END_TXN:0>05:34:13.338:A2:END_TXN:0>05:34:13.367:B2:INIT:51>05:34:13.370:A2:END_TXN:48>05:34:13.473:B2:INIT:0>05:34:14.025:B2:END_TXN:0>05:34:14.069:B2:END_TXN:0>05:34:14.110:B2:END_TXN:0
27,check_after_init+fenced_checks_lease,274,134,276,277,402,136,255,a2_first,InvalidTxnStateException,true,0,not_owner,0,1,0,0,done,4,0,true,false,0,0,0,0,0,A>MARKER(e6)>B,A2:init@136>A2:IPE@430>A2:abort_PFE>A2:not_owner,B:init@277>B:marker@405>B:ok101>B:ok102>B:ok103>B:ok104,05:34:15.504:A:INIT:0>05:34:15.545:A:END_TXN:0>05:34:17.331:A:END_TXN:48>05:34:17.609:A2:INIT:0>05:34:17.758:B:INIT:0>05:34:17.783:B:END_TXN:0>05:34:17.800:A2:END_TXN:90>05:34:18.334:B:END_TXN:0>05:34:18.369:B:END_TXN:0>05:34:18.398:B:END_TXN:0>05:34:18.427:B:END_TXN:0
28,no_check_after_init+fenced_stops,292,193,293,294,403,196,328,overlap,InvalidTxnStateException,true,0,stopped_on_fence,0,1,0,0,done,4,0,true,false,0,0,0,0,0,A>MARKER(e6)>B,A2:init@196>A2:IPE@425>A2:abort_PFE,B:init@294>B:marker@403>B:ok101>B:ok102>B:ok103>B:ok104,05:34:19.134:A:INIT:0>05:34:19.149:A:END_TXN:0>05:34:20.774:A:END_TXN:48>05:34:21.108:A2:INIT:0>05:34:21.183:B:INIT:0>05:34:21.200:B:END_TXN:0>05:34:21.215:A2:END_TXN:90>05:34:21.743:B:END_TXN:0>05:34:21.774:B:END_TXN:0>05:34:21.805:B:END_TXN:0>05:34:21.831:B:END_TXN:0
29,check_after_init+fenced_stops,178,56,180,182,313,62,179,a2_first,InvalidTxnStateException,true,0,not_owner_after_init,0,0,0,0,done,4,0,true,false,0,0,0,0,0,A>MARKER(e6)>B,A2:init@62>A2:not_owner_after_init,B:init@182>B:marker@316>B:ok101>B:ok102>B:ok103>B:ok104,05:34:22.569:A:INIT:0>05:34:22.581:A:END_TXN:0>05:34:24.303:A:END_TXN:48>05:34:24.490:A2:INIT:0>05:34:24.623:B:INIT:0>05:34:24.652:B:END_TXN:0>05:34:25.211:B:END_TXN:0>05:34:25.268:B:END_TXN:0>05:34:25.322:B:END_TXN:0>05:34:25.354:B:END_TXN:0
30,no_check_after_init+fenced_checks_lease,246,29,246,247,359,34,150,a2_first,InvalidTxnStateException,true,0,not_owner,0,1,0,0,done,4,0,true,false,0,0,0,0,0,A>MARKER(e6)>B,A2:init@34>A2:IPE@377>A2:abort_PFE>A2:not_owner,B:init@247>B:marker@359>B:ok101>B:ok102>B:ok103>B:ok104,05:34:26.057:A:INIT:0>05:34:26.074:A:END_TXN:0>05:34:27.619:A:END_TXN:48>05:34:27.775:A2:INIT:0>05:34:27.990:B:INIT:0>05:34:28.005:B:END_TXN:0>05:34:28.021:A2:END_TXN:90>05:34:28.599:B:END_TXN:0>05:34:28.643:B:END_TXN:0>05:34:28.779:B:END_TXN:0>05:34:28.861:B:END_TXN:0
31,check_after_init+fenced_checks_lease,213,8,215,217,340,9,123,a2_first,InvalidTxnStateException,true,0,not_owner,0,1,0,0,done,4,0,true,false,0,0,0,0,0,A>MARKER(e6)>B,A2:init@9>A2:IPE@365>A2:abort_PFE>A2:not_owner,B:init@217>B:marker@341>B:ok101>B:ok102>B:ok103>B:ok104,05:34:29.613:A:INIT:0>05:34:29.619:A:END_TXN:0>05:34:31.597:A:END_TXN:48>05:34:31.725:A2:INIT:0>05:34:31.941:B:INIT:0>05:34:31.966:B:END_TXN:0>05:34:31.982:A2:END_TXN:90>05:34:32.560:B:END_TXN:0>05:34:32.647:B:END_TXN:0>05:34:32.737:B:END_TXN:0>05:34:32.783:B:END_TXN:0
32,no_check_after_init+fenced_stops,85,143,260,261,390,155,341,overlap,InvalidTxnStateException,true,0,stopped_on_fence,0,1,0,0,done,4,0,true,false,0,0,0,0,0,A>MARKER(e6)>B,A2:init@155>A2:IPE@409>A2:abort_PFE,B:init@261>B:marker@390>B:ok101>B:ok102>B:ok103>B:ok104,05:34:33.831:A:INIT:0>05:34:33.857:A:END_TXN:0>05:34:35.793:A:END_TXN:48>05:34:36.282:A2:INIT:0>05:34:36.330:B:INIT:0>05:34:36.346:B:END_TXN:0>05:34:36.358:A2:END_TXN:90>05:34:36.875:B:END_TXN:0>05:34:36.905:B:END_TXN:0>05:34:36.935:B:END_TXN:0>05:34:36.967:B:END_TXN:0
33,check_after_init+fenced_stops,165,240,169,170,282,243,360,overlap,InvalidTxnStateException,true,0,not_owner_after_init,0,0,0,0,stopped_on_fence,0,1,true,true,0,0,0,0,0,A>MARKER(e6),A2:init@243>A2:not_owner_after_init,B:init@170>B:marker@284>B:IPE@820>B:abort_PFE,05:34:37.960:A:INIT:0>05:34:37.980:A:END_TXN:0>05:34:40.015:A:END_TXN:48>05:34:40.307:B:INIT:0>05:34:40.331:B:END_TXN:0>05:34:40.388:A2:INIT:0>05:34:40.879:B:END_TXN:90
34,no_check_after_init+fenced_checks_lease,74,316,84,86,211,318,478,b_first,InvalidTxnStateException,true,0,not_owner,3,1,3,1,done,3,1,true,false,0,0,0,0,3,A>MARKER(e6)>A2>B2,A2:init@318>A2:ok101>A2:ok102>A2:ok103>A2:ITS@1821>A2:not_owner,B:init@86>B:marker@211>B:IPE@873>B:abort_PFE>B2:init@1505>B2:ok104>B2:ok105>B2:ok106,05:34:41.585:A:INIT:0>05:34:41.597:A:END_TXN:0>05:34:43.500:A:END_TXN:48>05:34:43.724:B:INIT:0>05:34:43.765:B:END_TXN:0>05:34:43.995:A2:INIT:0>05:34:44.734:B:END_TXN:90>05:34:44.995:A2:END_TXN:0>05:34:45.084:A2:END_TXN:0>05:34:45.328:A2:END_TXN:0>05:34:45.461:B2:INIT:51>05:34:45.523:A2:END_TXN:48>05:34:45.628:B2:INIT:0>05:34:46.136:B2:END_TXN:0>05:34:46.163:B2:END_TXN:0>05:34:46.193:B2:END_TXN:0
35,check_after_init+fenced_checks_lease,278,388,276,277,386,393,502,b_first,InvalidTxnStateException,true,0,not_owner_after_init,0,0,0,1,done,3,1,true,false,0,0,0,0,0,A>MARKER(e6)>B2,A2:init@393>A2:not_owner_after_init,B:init@277>B:marker@387>B:IPE@902>B:abort_PFE>B2:init@916>B2:ok101>B2:ok102>B2:ok103,05:34:46.915:A:INIT:0>05:34:46.925:A:END_TXN:0>05:34:48.766:A:END_TXN:48>05:34:49.162:B:INIT:0>05:34:49.175:B:END_TXN:0>05:34:49.281:A2:INIT:0>05:34:49.699:B:END_TXN:90>05:34:49.818:B2:INIT:0>05:34:50.364:B2:END_TXN:0>05:34:50.393:B2:END_TXN:0>05:34:50.419:B2:END_TXN:0
36,no_check_after_init+fenced_stops,139,136,142,143,260,138,367,overlap,InvalidTxnStateException,true,0,done,4,0,4,0,stopped_on_fence,0,1,true,true,0,0,0,0,4,A>MARKER(e6)>A2,A2:init@138>A2:ok101>A2:ok102>A2:ok103>A2:ok104,B:init@143>B:marker@260>B:IPE@783>B:abort_PFE,05:34:51.121:A:INIT:0>05:34:51.129:A:END_TXN:0>05:34:52.765:A:END_TXN:48>05:34:53.034:A2:INIT:51>05:34:53.034:B:INIT:0>05:34:53.049:B:END_TXN:0>05:34:53.142:A2:INIT:0>05:34:53.568:B:END_TXN:90>05:34:53.691:A2:END_TXN:0>05:34:53.720:A2:END_TXN:0>05:34:53.749:A2:END_TXN:0>05:34:53.776:A2:END_TXN:0
37,check_after_init+fenced_stops,264,81,261,262,376,83,200,a2_first,InvalidTxnStateException,true,0,stopped_on_fence,0,1,0,0,done,4,0,true,false,0,0,0,0,0,A>MARKER(e6)>B,A2:init@83>A2:IPE@397>A2:abort_PFE,B:init@262>B:marker@377>B:ok101>B:ok102>B:ok103>B:ok104,05:34:55.125:A:INIT:0>05:34:55.146:A:END_TXN:0>05:34:57.145:A:END_TXN:48>05:34:57.351:A2:INIT:0>05:34:57.534:B:INIT:0>05:34:57.550:B:END_TXN:0>05:34:57.567:A2:END_TXN:90>05:34:58.103:B:END_TXN:0>05:34:58.136:B:END_TXN:0>05:34:58.167:B:END_TXN:0>05:34:58.196:B:END_TXN:0
38,no_check_after_init+fenced_checks_lease,295,315,291,292,406,317,527,overlap,InvalidTxnStateException,true,0,not_owner,1,1,1,1,done,3,1,true,false,0,0,0,0,1,A>MARKER(e6)>A2>B2,A2:init@317>A2:ok101>A2:IPE@1069>A2:abort_PFE>A2:not_owner,B:init@292>B:marker@406>B:IPE@938>B:abort_PFE>B2:init@947>B2:ok102>B2:ok103>B2:ok104,05:34:58.937:A:INIT:0>05:34:58.954:A:END_TXN:0>05:35:00.626:A:END_TXN:48>05:35:01.040:B:INIT:0>05:35:01.059:B:END_TXN:0>05:35:01.062:A2:INIT:51>05:35:01.166:A2:INIT:0>05:35:01.589:B:END_TXN:90>05:35:01.690:A2:END_TXN:0>05:35:01.707:B2:INIT:0>05:35:01.725:A2:END_TXN:90>05:35:02.238:B2:END_TXN:0>05:35:02.265:B2:END_TXN:0>05:35:02.295:B2:END_TXN:0
39,check_after_init+fenced_checks_lease,131,35,144,147,315,40,287,overlap,InvalidTxnStateException,true,0,not_owner_after_init,0,0,0,0,done,4,0,true,false,0,0,0,0,0,A>MARKER(e6)>B,A2:init@40>A2:not_owner_after_init,B:init@147>B:marker@324>B:ok101>B:ok102>B:ok103>B:ok104,05:35:03.100:A:INIT:0>05:35:03.108:A:END_TXN:0>05:35:05.380:A:END_TXN:48>05:35:05.655:A2:INIT:0>05:35:05.678:B:INIT:0>05:35:05.848:B:END_TXN:0>05:35:06.319:B:END_TXN:0>05:35:06.350:B:END_TXN:0>05:35:06.390:B:END_TXN:0>05:35:06.423:B:END_TXN:0
40,no_check_after_init+fenced_stops,203,199,216,217,357,205,351,overlap,InvalidTxnStateException,true,0,stopped_on_fence,0,1,0,0,done,4,0,true,false,0,0,0,0,0,A>MARKER(e6)>B,A2:init@205>A2:IPE@908>A2:abort_PFE,B:init@217>B:marker@357>B:ok101>B:ok102>B:ok103>B:ok104,05:35:07.231:A:INIT:0>05:35:07.241:A:END_TXN:0>05:35:09.010:A:END_TXN:48>05:35:09.373:A2:INIT:0>05:35:09.378:B:INIT:0>05:35:09.416:B:END_TXN:0>05:35:09.957:A2:END_TXN:90>05:35:10.003:B:END_TXN:0>05:35:10.043:B:END_TXN:0>05:35:10.079:B:END_TXN:0>05:35:10.107:B:END_TXN:0
41,check_after_init+fenced_stops,285,317,285,287,402,321,464,overlap,InvalidTxnStateException,true,0,not_owner_after_init,0,0,0,0,stopped_on_fence,0,1,true,true,0,0,0,0,0,A>MARKER(e6),A2:init@321>A2:not_owner_after_init,B:init@287>B:marker@404>B:IPE@962>B:abort_PFE,05:35:10.851:A:INIT:0>05:35:10.873:A:END_TXN:0>05:35:12.502:A:END_TXN:48>05:35:12.914:B:INIT:0>05:35:12.933:B:END_TXN:0>05:35:12.975:A2:INIT:0>05:35:13.488:B:END_TXN:90
42,no_check_after_init+fenced_checks_lease,276,224,475,483,796,233,600,overlap,InvalidTxnStateException,true,0,not_owner,0,1,0,0,done,4,0,true,false,0,0,0,0,0,A>MARKER(e6)>B,A2:init@233>A2:IPE@838>A2:abort_PFE>A2:not_owner,B:init@483>B:marker@796>B:ok101>B:ok102>B:ok103>B:ok104,05:35:14.260:A:INIT:0>05:35:14.317:A:END_TXN:0>05:35:16.016:A:END_TXN:48>05:35:16.540:A2:INIT:0>05:35:16.740:B:INIT:0>05:35:16.776:B:END_TXN:0>05:35:16.806:A2:END_TXN:90>05:35:17.363:B:END_TXN:0>05:35:17.407:B:END_TXN:0>05:35:17.463:B:END_TXN:0>05:35:17.498:B:END_TXN:0
43,check_after_init+fenced_checks_lease,146,19,222,224,397,22,199,a2_first,InvalidTxnStateException,true,0,not_owner_after_init,0,0,0,0,done,4,0,true,false,0,0,0,0,0,A>MARKER(e6)>B,A2:init@22>A2:not_owner_after_init,B:init@224>B:marker@405>B:ok101>B:ok102>B:ok103>B:ok104,05:35:18.245:A:INIT:0>05:35:18.263:A:END_TXN:0>05:35:19.991:A:END_TXN:48>05:35:20.194:A2:INIT:0>05:35:20.374:B:INIT:0>05:35:20.447:B:END_TXN:0>05:35:21.005:B:END_TXN:0>05:35:21.049:B:END_TXN:0>05:35:21.080:B:END_TXN:0>05:35:21.110:B:END_TXN:0
44,no_check_after_init+fenced_stops,71,76,72,73,195,78,210,overlap,InvalidTxnStateException,true,0,done,4,0,4,0,stopped_on_fence,0,0,true,true,0,0,0,0,0,A>A2,A2:init@78>A2:ok101>A2:ok102>A2:ok103>A2:ok104,B:init@73>B:IPE@195>B:abort_PFE,05:35:21.833:A:INIT:0>05:35:21.843:A:END_TXN:0>05:35:23.865:A:END_TXN:48>05:35:24.062:B:INIT:0>05:35:24.076:A2:INIT:0>05:35:24.094:B:END_TXN:90>05:35:24.663:A2:END_TXN:0>05:35:24.722:A2:END_TXN:0>05:35:24.763:A2:END_TXN:0>05:35:24.803:A2:END_TXN:0
45,check_after_init+fenced_stops,95,373,99,100,234,375,495,b_first,InvalidTxnStateException,true,0,not_owner_after_init,0,0,0,0,stopped_on_fence,0,1,true,true,0,0,0,0,0,A>MARKER(e6),A2:init@375>A2:not_owner_after_init,B:init@100>B:marker@235>B:IPE@759>B:abort_PFE,05:35:26.046:A:INIT:0>05:35:26.057:A:END_TXN:0>05:35:27.735:A:END_TXN:48>05:35:27.978:B:INIT:0>05:35:27.994:B:END_TXN:0>05:35:28.245:A2:INIT:0>05:35:28.519:B:END_TXN:90
46,no_check_after_init+fenced_checks_lease,71,260,72,73,197,266,380,b_first,InvalidTxnStateException,true,0,not_owner,0,1,0,1,done,3,1,true,false,0,0,0,0,0,A>MARKER(e6)>B2,A2:init@266>A2:IPE@894>A2:abort_PFE>A2:not_owner,B:init@73>B:marker@197>B:IPE@732>B:abort_PFE>B2:init@741>B2:ok101>B2:ok102>B2:ok103,05:35:29.207:A:INIT:0>05:35:29.214:A:END_TXN:0>05:35:31.247:A:END_TXN:48>05:35:31.451:B:INIT:0>05:35:31.468:B:END_TXN:0>05:35:31.636:A2:INIT:0>05:35:32.000:B:END_TXN:90>05:35:32.120:B2:INIT:0>05:35:32.165:A2:END_TXN:90>05:35:32.704:B2:END_TXN:0>05:35:32.753:B2:END_TXN:0>05:35:32.828:B2:END_TXN:0
47,check_after_init+fenced_checks_lease,147,286,153,157,281,293,410,b_first,InvalidTxnStateException,true,0,not_owner_after_init,0,0,0,1,done,3,1,true,false,0,0,0,0,0,A>MARKER(e6)>B2,A2:init@293>A2:not_owner_after_init,B:init@157>B:marker@282>B:IPE@821>B:abort_PFE>B2:init@836>B2:ok101>B2:ok102>B2:ok103,05:35:33.879:A:INIT:0>05:35:33.891:A:END_TXN:0>05:35:35.718:A:END_TXN:48>05:35:36.070:B:INIT:0>05:35:36.089:B:END_TXN:0>05:35:36.059:A2:INIT:0>05:35:36.480:B:END_TXN:90>05:35:36.599:B2:INIT:0>05:35:37.150:B2:END_TXN:0>05:35:37.184:B2:END_TXN:0>05:35:37.216:B2:END_TXN:0
48,no_check_after_init+fenced_stops,10,216,16,17,134,222,336,b_first,InvalidTxnStateException,true,0,done,4,0,4,0,stopped_on_fence,0,1,true,true,0,0,0,0,4,A>MARKER(e6)>A2,A2:init@222>A2:ok101>A2:ok102>A2:ok103>A2:ok104,B:init@17>B:marker@134>B:IPE@670>B:abort_PFE,05:35:37.938:A:INIT:0>05:35:37.952:A:END_TXN:0>05:35:39.562:A:END_TXN:48>05:35:39.704:B:INIT:0>05:35:39.719:B:END_TXN:0>05:35:39.910:A2:INIT:0>05:35:40.257:B:END_TXN:90>05:35:40.459:A2:END_TXN:0>05:35:40.492:A2:END_TXN:0>05:35:40.521:A2:END_TXN:0>05:35:40.556:A2:END_TXN:0
49,check_after_init+fenced_stops,71,131,86,88,206,133,260,overlap,InvalidTxnStateException,true,0,not_owner_after_init,0,0,0,0,stopped_on_fence,0,1,true,true,0,0,0,0,0,A>MARKER(e6),A2:init@133>A2:not_owner_after_init,B:init@88>B:marker@208>B:IPE@768>B:abort_PFE,05:35:41.282:A:INIT:0>05:35:41.294:A:END_TXN:0>05:35:43.103:A:END_TXN:48>05:35:43.383:B:INIT:0>05:35:43.406:B:END_TXN:0>05:35:43.437:A2:INIT:0>05:35:43.959:B:END_TXN:90
50,no_check_after_init+fenced_checks_lease,269,81,329,330,513,87,241,a2_first,InvalidTxnStateException,true,0,not_owner,0,1,0,0,done,4,0,true,false,0,0,0,0,0,A>MARKER(e6)>B,A2:init@87>A2:IPE@551>A2:abort_PFE>A2:not_owner,B:init@330>B:marker@513>B:ok101>B:ok102>B:ok103>B:ok104,05:35:44.928:A:INIT:0>05:35:45.034:A:END_TXN:0>05:35:46.934:A:END_TXN:48>05:35:47.187:A2:INIT:0>05:35:47.469:B:INIT:0>05:35:47.496:B:END_TXN:0>05:35:47.531:A2:END_TXN:90>05:35:48.080:B:END_TXN:0>05:35:48.116:B:END_TXN:0>05:35:48.149:B:END_TXN:0>05:35:48.188:B:END_TXN:0
51,check_after_init+fenced_checks_lease,272,389,271,273,388,393,510,b_first,InvalidTxnStateException,true,0,not_owner_after_init,0,0,0,1,done,3,1,true,false,0,0,0,0,0,A>MARKER(e6)>B2,A2:init@393>A2:not_owner_after_init,B:init@273>B:marker@389>B:IPE@918>B:abort_PFE>B2:init@925>B2:ok101>B2:ok102>B2:ok103,05:35:48.913:A:INIT:0>05:35:48.925:A:END_TXN:0>05:35:50.928:A:END_TXN:48>05:35:51.326:B:INIT:0>05:35:51.343:B:END_TXN:0>05:35:51.451:A2:INIT:0>05:35:51.869:B:END_TXN:90>05:35:51.985:B2:INIT:0>05:35:52.522:B2:END_TXN:0>05:35:52.551:B2:END_TXN:0>05:35:52.584:B2:END_TXN:0
52,no_check_after_init+fenced_stops,237,62,250,255,408,72,251,a2_first,InvalidTxnStateException,true,0,stopped_on_fence,0,1,0,0,done,4,0,true,false,0,0,0,0,0,A>MARKER(e6)>B,A2:init@72>A2:IPE@474>A2:abort_PFE,B:init@255>B:marker@408>B:ok101>B:ok102>B:ok103>B:ok104,05:35:53.378:A:INIT:0>05:35:53.385:A:END_TXN:0>05:35:54.938:A:END_TXN:48>05:35:55.193:A2:INIT:0>05:35:55.354:B:INIT:0>05:35:55.408:B:END_TXN:0>05:35:55.485:A2:END_TXN:90>05:35:56.063:B:END_TXN:0>05:35:56.105:B:END_TXN:0>05:35:56.019:B:END_TXN:0>05:35:56.068:B:END_TXN:0
53,check_after_init+fenced_stops,265,7,271,272,386,16,131,a2_first,InvalidTxnStateException,true,0,stopped_on_fence,0,1,0,0,done,4,0,true,false,0,0,0,0,0,A>MARKER(e6)>B,A2:init@16>A2:IPE@466>A2:abort_PFE,B:init@272>B:marker@389>B:ok101>B:ok102>B:ok103>B:ok104,05:35:56.955:A:INIT:0>05:35:56.965:A:END_TXN:0>05:35:58.785:A:END_TXN:48>05:35:58.952:A2:INIT:0>05:35:59.212:B:INIT:0>05:35:59.260:B:END_TXN:0>05:35:59.304:A2:END_TXN:90>05:35:59.824:B:END_TXN:0>05:35:59.865:B:END_TXN:0>05:35:59.913:B:END_TXN:0>05:36:00.002:B:END_TXN:0
54,no_check_after_init+fenced_checks_lease,45,372,51,55,177,377,491,b_first,InvalidTxnStateException,true,0,not_owner,0,1,0,1,done,3,1,true,false,0,0,0,0,0,A>MARKER(e6)>B2,A2:init@377>A2:IPE@1003>A2:abort_PFE>A2:not_owner,B:init@55>B:marker@177>B:IPE@755>B:abort_PFE>B2:init@764>B2:ok101>B2:ok102>B2:ok103,05:36:00.795:A:INIT:0>05:36:00.810:A:END_TXN:0>05:36:02.802:A:END_TXN:48>05:36:02.985:B:INIT:0>05:36:03.011:B:END_TXN:0>05:36:03.303:A2:INIT:0>05:36:03.575:B:END_TXN:90>05:36:03.695:B2:INIT:0>05:36:03.827:A2:END_TXN:90>05:36:04.318:B2:END_TXN:0>05:36:04.383:B2:END_TXN:0>05:36:04.433:B2:END_TXN:0
55,check_after_init+fenced_checks_lease,30,328,31,32,147,332,443,b_first,InvalidTxnStateException,true,0,not_owner_after_init,0,0,0,1,done,3,1,true,false,0,0,0,0,0,A>MARKER(e6)>B2,A2:init@332>A2:not_owner_after_init,B:init@32>B:marker@148>B:IPE@672>B:abort_PFE>B2:init@681>B2:ok101>B2:ok102>B2:ok103,05:36:05.354:A:INIT:0>05:36:05.398:A:END_TXN:0>05:36:07.147:A:END_TXN:48>05:36:07.300:B:INIT:0>05:36:07.318:B:END_TXN:0>05:36:07.604:A2:INIT:0>05:36:07.844:B:END_TXN:90>05:36:07.966:B2:INIT:0>05:36:08.506:B2:END_TXN:0>05:36:08.534:B2:END_TXN:0>05:36:08.569:B2:END_TXN:0
56,no_check_after_init+fenced_stops,35,179,39,40,161,181,321,b_first,InvalidTxnStateException,true,0,done,4,0,4,0,stopped_on_fence,0,1,true,true,0,0,0,0,4,A>MARKER(e6)>A2,A2:init@181>A2:ok101>A2:ok102>A2:ok103>A2:ok104,B:init@40>B:marker@161>B:IPE@805>B:abort_PFE,05:36:09.308:A:INIT:0>05:36:09.327:A:END_TXN:0>05:36:11.159:A:END_TXN:48>05:36:11.322:B:INIT:0>05:36:11.353:B:END_TXN:0>05:36:11.487:A2:INIT:0>05:36:11.984:B:END_TXN:90>05:36:12.023:A2:END_TXN:0>05:36:12.053:A2:END_TXN:0>05:36:12.084:A2:END_TXN:0>05:36:12.117:A2:END_TXN:0
57,check_after_init+fenced_stops,122,156,130,134,289,159,289,overlap,InvalidTxnStateException,true,0,not_owner_after_init,0,0,0,0,stopped_on_fence,0,0,true,true,0,0,0,0,0,A,A2:init@159>A2:not_owner_after_init,B:init@134>B:IPE@300>B:abort_PFE,05:36:12.887:A:INIT:0>05:36:12.918:A:END_TXN:0>05:36:14.673:A:END_TXN:48>05:36:14.998:B:INIT:0>05:36:15.000:A2:INIT:0>05:36:15.044:B:END_TXN:90
58,no_check_after_init+fenced_checks_lease,76,397,79,80,202,401,517,b_first,InvalidTxnStateException,true,0,not_owner,0,1,0,1,done,3,1,true,false,0,0,0,0,0,A>MARKER(e6)>B2,A2:init@401>A2:IPE@1018>A2:abort_PFE>A2:not_owner,B:init@80>B:marker@202>B:IPE@721>B:abort_PFE>B2:init@729>B2:ok101>B2:ok102>B2:ok103,05:36:16.028:A:INIT:0>05:36:16.072:A:END_TXN:0>05:36:17.962:A:END_TXN:48>05:36:18.176:B:INIT:0>05:36:18.189:B:END_TXN:0>05:36:18.502:A2:INIT:0>05:36:18.717:B:END_TXN:90>05:36:18.838:B2:INIT:0>05:36:19.025:A2:END_TXN:90>05:36:19.377:B2:END_TXN:0>05:36:19.411:B2:END_TXN:0>05:36:19.449:B2:END_TXN:0
59,check_after_init+fenced_checks_lease,124,324,134,137,274,326,598,b_first,InvalidTxnStateException,true,0,not_owner_after_init,0,0,0,1,done,3,1,true,false,0,0,0,0,0,A>MARKER(e6)>B2,A2:init@326>A2:not_owner_after_init,B:init@137>B:marker@278>B:IPE@1002>B:abort_PFE>B2:init@1038>B2:ok101>B2:ok102>B2:ok103,05:36:20.201:A:INIT:0>05:36:20.212:A:END_TXN:0>05:36:21.989:A:END_TXN:48>05:36:22.277:B:INIT:0>05:36:22.303:B:END_TXN:0>05:36:22.608:A2:INIT:0>05:36:23.051:B:END_TXN:90>05:36:23.173:B2:INIT:0>05:36:23.734:B2:END_TXN:0>05:36:23.773:B2:END_TXN:0>05:36:23.814:B2:END_TXN:0
60,no_check_after_init+fenced_stops,215,115,219,220,333,118,235,overlap,InvalidTxnStateException,true,0,stopped_on_fence,0,1,0,0,done,4,0,true,false,0,0,0,0,0,A>MARKER(e6)>B,A2:init@118>A2:IPE@351>A2:abort_PFE,B:init@220>B:marker@333>B:ok101>B:ok102>B:ok103>B:ok104,05:36:24.636:A:INIT:0>05:36:24.653:A:END_TXN:0>05:36:26.301:A:END_TXN:48>05:36:26.540:A2:INIT:0>05:36:26.637:B:INIT:0>05:36:26.652:B:END_TXN:0>05:36:26.667:A2:END_TXN:90>05:36:27.191:B:END_TXN:0>05:36:27.225:B:END_TXN:0>05:36:27.256:B:END_TXN:0>05:36:27.287:B:END_TXN:0
61,check_after_init+fenced_stops,31,61,34,35,150,67,188,overlap,InvalidTxnStateException,true,0,not_owner_after_init,0,0,0,0,stopped_on_fence,0,1,true,true,0,0,0,0,0,A>MARKER(e6),A2:init@67>A2:not_owner_after_init,B:init@35>B:marker@152>B:IPE@776>B:abort_PFE,05:36:28.027:A:INIT:0>05:36:28.035:A:END_TXN:0>05:36:29.793:A:END_TXN:48>05:36:29.949:B:INIT:0>05:36:29.968:B:END_TXN:0>05:36:29.982:A2:INIT:0>05:36:30.641:B:END_TXN:90
62,no_check_after_init+fenced_checks_lease,219,245,220,222,343,250,376,overlap,InvalidTxnStateException,true,0,done,4,0,4,1,done,3,1,true,false,0,0,0,0,4,A>MARKER(e6)>A2>B2,A2:init@250>A2:ok101>A2:ok102>A2:ok103>A2:ok104,B:init@222>B:marker@343>B:IPE@965>B:abort_PFE>B2:init@1125>B2:ok105>B2:ok106>B2:ok107,05:36:31.375:A:INIT:0>05:36:31.384:A:END_TXN:0>05:36:33.266:A:END_TXN:48>05:36:33.647:B:INIT:0>05:36:33.672:B:END_TXN:0>05:36:33.676:A2:INIT:0>05:36:34.308:B:END_TXN:51>05:36:34.324:A2:END_TXN:0>05:36:34.367:A2:END_TXN:0>05:36:34.421:B:END_TXN:90>05:36:34.431:A2:END_TXN:0>05:36:34.467:A2:END_TXN:0>05:36:34.568:B2:INIT:0>05:36:35.179:B2:END_TXN:0>05:36:35.232:B2:END_TXN:0>05:36:35.312:B2:END_TXN:0
63,check_after_init+fenced_checks_lease,253,86,253,254,376,89,207,a2_first,InvalidTxnStateException,true,0,not_owner,0,1,0,0,done,4,0,true,false,0,0,0,0,0,A>MARKER(e6)>B,A2:init@89>A2:IPE@411>A2:abort_PFE>A2:not_owner,B:init@254>B:marker@377>B:ok101>B:ok102>B:ok103>B:ok104,05:36:35.985:A:INIT:0>05:36:36.016:A:END_TXN:0>05:36:37.648:A:END_TXN:48>05:36:37.864:A2:INIT:0>05:36:38.035:B:INIT:0>05:36:38.070:B:END_TXN:0>05:36:38.079:A2:END_TXN:90>05:36:38.601:B:END_TXN:0>05:36:38.634:B:END_TXN:0>05:36:38.669:B:END_TXN:0>05:36:38.706:B:END_TXN:0
64,no_check_after_init+fenced_stops,39,336,42,43,158,338,460,b_first,InvalidTxnStateException,true,0,done,4,0,4,0,stopped_on_fence,0,1,true,true,0,0,0,0,4,A>MARKER(e6)>A2,A2:init@338>A2:ok101>A2:ok102>A2:ok103>A2:ok104,B:init@43>B:marker@158>B:IPE@692>B:abort_PFE,05:36:39.434:A:INIT:0>05:36:39.443:A:END_TXN:0>05:36:41.122:A:END_TXN:48>05:36:41.350:B:INIT:0>05:36:41.365:B:END_TXN:0>05:36:41.657:A2:INIT:0>05:36:41.900:B:END_TXN:90>05:36:42.192:A2:END_TXN:0>05:36:42.225:A2:END_TXN:0>05:36:42.254:A2:END_TXN:0>05:36:42.287:A2:END_TXN:0
65,check_after_init+fenced_stops,89,324,130,208,407,334,570,overlap,InvalidTxnStateException,true,0,not_owner_after_init,0,0,0,0,stopped_on_fence,0,1,true,true,0,0,0,0,0,A>MARKER(e6),A2:init@334>A2:not_owner_after_init,B:init@208>B:marker@414>B:IPE@1237>B:abort_PFE,05:36:43.035:A:INIT:0>05:36:43.051:A:END_TXN:0>05:36:44.616:A:END_TXN:48>05:36:45.086:B:INIT:0>05:36:45.136:B:END_TXN:0>05:36:45.223:A2:INIT:0>05:36:45.958:B:END_TXN:90
66,no_check_after_init+fenced_checks_lease,247,174,249,250,366,180,317,overlap,InvalidTxnStateException,true,0,not_owner,0,1,0,0,done,4,0,true,false,0,0,0,0,0,A>MARKER(e6)>B,A2:init@180>A2:IPE@382>A2:abort_PFE>A2:not_owner,B:init@250>B:marker@366>B:ok101>B:ok102>B:ok103>B:ok104,05:36:47.306:A:INIT:0>05:36:47.343:A:END_TXN:0>05:36:48.912:A:END_TXN:48>05:36:49.242:A2:INIT:0>05:36:49.293:B:INIT:0>05:36:49.306:B:END_TXN:0>05:36:49.315:A2:END_TXN:90>05:36:49.834:B:END_TXN:0>05:36:49.868:B:END_TXN:0>05:36:49.903:B:END_TXN:0>05:36:49.934:B:END_TXN:0
67,check_after_init+fenced_checks_lease,16,184,21,23,142,188,309,b_first,InvalidTxnStateException,true,0,not_owner_after_init,0,0,0,1,done,3,1,true,false,0,0,0,0,0,A>MARKER(e6)>B2,A2:init@188>A2:not_owner_after_init,B:init@23>B:marker@143>B:IPE@713>B:abort_PFE>B2:init@731>B2:ok101>B2:ok102>B2:ok103,05:36:50.667:A:INIT:0>05:36:50.688:A:END_TXN:0>05:36:52.456:A:END_TXN:48>05:36:52.605:B:INIT:0>05:36:52.649:B:END_TXN:0>05:36:52.773:A2:INIT:0>05:36:53.197:B:END_TXN:90>05:36:53.321:B2:INIT:0>05:36:53.859:B2:END_TXN:0>05:36:53.892:B2:END_TXN:0>05:36:53.929:B2:END_TXN:0
68,no_check_after_init+fenced_stops,257,305,259,260,375,310,428,overlap,InvalidTxnStateException,true,0,done,4,0,4,0,stopped_on_fence,0,1,true,true,0,0,0,0,4,A>MARKER(e6)>A2,A2:init@310>A2:ok101>A2:ok102>A2:ok103>A2:ok104,B:init@260>B:marker@375>B:IPE@918>B:abort_PFE,05:36:54.664:A:INIT:0>05:36:54.692:A:END_TXN:0>05:36:56.340:A:END_TXN:48>05:36:56.717:B:INIT:0>05:36:56.735:B:END_TXN:0>05:36:56.771:A2:INIT:0>05:36:57.276:B:END_TXN:90>05:36:57.301:A2:END_TXN:0>05:36:57.334:A2:END_TXN:0>05:36:57.366:A2:END_TXN:0>05:36:57.398:A2:END_TXN:0
69,check_after_init+fenced_stops,216,122,214,215,333,126,238,overlap,InvalidTxnStateException,true,0,not_owner_after_init,0,0,0,0,done,4,0,true,false,0,0,0,0,0,A>MARKER(e6)>B,A2:init@126>A2:not_owner_after_init,B:init@215>B:marker@334>B:ok101>B:ok102>B:ok103>B:ok104,05:36:58.112:A:INIT:0>05:36:58.121:A:END_TXN:0>05:36:59.801:A:END_TXN:48>05:37:00.051:A2:INIT:0>05:37:00.148:B:INIT:0>05:37:00.165:B:END_TXN:0>05:37:00.691:B:END_TXN:0>05:37:00.721:B:END_TXN:0>05:37:00.757:B:END_TXN:0>05:37:00.789:B:END_TXN:0
70,no_check_after_init+fenced_checks_lease,7,371,18,20,142,378,602,b_first,InvalidTxnStateException,true,0,not_owner,0,1,0,1,done,3,1,true,false,0,0,0,0,0,A>MARKER(e6)>B2,A2:init@378>A2:IPE@1315>A2:abort_PFE>A2:not_owner,B:init@20>B:marker@142>B:IPE@702>B:abort_PFE>B2:init@832>B2:ok101>B2:ok102>B2:ok103,05:37:01.738:A:INIT:0>05:37:01.836:A:END_TXN:0>05:37:03.807:A:END_TXN:48>05:37:03.957:B:INIT:0>05:37:03.973:B:END_TXN:0>05:37:04.419:A2:INIT:0>05:37:04.578:B:END_TXN:90>05:37:04.820:B2:INIT:0>05:37:05.184:A2:END_TXN:90>05:37:05.628:B2:END_TXN:0>05:37:05.721:B2:END_TXN:0>05:37:05.841:B2:END_TXN:0
71,check_after_init+fenced_checks_lease,198,297,196,198,313,298,408,overlap,InvalidTxnStateException,true,0,not_owner_after_init,0,0,0,1,done,3,1,true,false,0,0,0,0,0,A>MARKER(e6)>B2,A2:init@298>A2:not_owner_after_init,B:init@198>B:marker@315>B:IPE@839>B:abort_PFE>B2:init@850>B2:ok101>B2:ok102>B2:ok103,05:37:07.130:A:INIT:0>05:37:07.139:A:END_TXN:0>05:37:09.194:A:END_TXN:48>05:37:09.517:B:INIT:0>05:37:09.533:B:END_TXN:0>05:37:09.613:A2:INIT:0>05:37:10.059:B:END_TXN:90>05:37:10.192:B2:INIT:0>05:37:10.726:B2:END_TXN:0>05:37:10.762:B2:END_TXN:0>05:37:10.800:B2:END_TXN:0
72,no_check_after_init+fenced_stops,245,76,246,247,371,81,191,a2_first,InvalidTxnStateException,true,0,stopped_on_fence,0,1,0,0,done,4,0,true,false,0,0,0,0,0,A>MARKER(e6)>B,A2:init@81>A2:IPE@404>A2:abort_PFE,B:init@247>B:marker@371>B:ok101>B:ok102>B:ok103>B:ok104,05:37:11.541:A:INIT:0>05:37:11.554:A:END_TXN:0>05:37:13.168:A:END_TXN:48>05:37:13.369:A2:INIT:0>05:37:13.550:B:INIT:0>05:37:13.572:B:END_TXN:0>05:37:13.591:A2:END_TXN:90>05:37:14.114:B:END_TXN:0>05:37:14.151:B:END_TXN:0>05:37:14.181:B:END_TXN:0>05:37:14.215:B:END_TXN:0
73,check_after_init+fenced_stops,145,341,139,140,265,345,468,b_first,InvalidTxnStateException,true,0,not_owner_after_init,0,0,0,0,stopped_on_fence,0,1,true,true,0,0,0,0,0,A>MARKER(e6),A2:init@345>A2:not_owner_after_init,B:init@140>B:marker@268>B:IPE@810>B:abort_PFE,05:37:15.313:A:INIT:0>05:37:15.346:A:END_TXN:0>05:37:17.254:A:END_TXN:48>05:37:17.532:B:INIT:0>05:37:17.577:B:END_TXN:0>05:37:17.750:A2:INIT:0>05:37:18.116:B:END_TXN:90
74,no_check_after_init+fenced_checks_lease,235,146,258,261,495,154,293,overlap,InvalidTxnStateException,true,0,not_owner,0,1,0,0,done,4,0,true,false,0,0,0,0,0,A>MARKER(e6)>B,A2:init@154>A2:IPE@514>A2:abort_PFE>A2:not_owner,B:init@261>B:marker@495>B:ok101>B:ok102>B:ok103>B:ok104,05:37:18.826:A:INIT:0>05:37:18.837:A:END_TXN:0>05:37:20.782:A:END_TXN:48>05:37:21.073:A2:INIT:0>05:37:21.297:B:INIT:0>05:37:21.313:B:END_TXN:0>05:37:21.325:A2:END_TXN:90>05:37:21.844:B:END_TXN:0>05:37:21.877:B:END_TXN:0>05:37:21.906:B:END_TXN:0>05:37:21.943:B:END_TXN:0
75,check_after_init+fenced_checks_lease,286,349,287,291,436,357,563,overlap,InvalidTxnStateException,true,0,not_owner_after_init,0,0,0,1,done,3,1,true,false,0,0,0,0,0,A>MARKER(e6)>B2,A2:init@357>A2:not_owner_after_init,B:init@291>B:marker@441>B:IPE@1178>B:abort_PFE>B2:init@1268>B2:ok101>B2:ok102>B2:ok103,05:37:22.698:A:INIT:0>05:37:22.710:A:END_TXN:0>05:37:24.271:A:END_TXN:48>05:37:24.822:B:INIT:0>05:37:24.886:B:END_TXN:0>05:37:24.933:A2:INIT:0>05:37:25.622:B:END_TXN:90>05:37:25.984:B2:INIT:0>05:37:26.697:B2:END_TXN:0>05:37:26.727:B2:END_TXN:0>05:37:26.758:B2:END_TXN:0
76,no_check_after_init+fenced_stops,124,63,226,231,690,226,689,overlap,InvalidTxnStateException,true,0,stopped_on_fence,0,1,0,0,done,4,0,true,false,0,0,0,0,0,A>MARKER(e6)>B,A2:init@226>A2:IPE@1277>A2:abort_PFE,B:init@231>B:marker@690>B:ok101>B:ok102>B:ok103>B:ok104,05:37:27.496:A:INIT:0>05:37:27.517:A:END_TXN:0>05:37:29.258:A:END_TXN:48>05:37:30.134:A2:INIT:0>05:37:30.134:B:INIT:0>05:37:30.210:B:END_TXN:0>05:37:30.738:A2:END_TXN:90>05:37:30.743:B:END_TXN:0>05:37:30.775:B:END_TXN:0>05:37:30.810:B:END_TXN:0>05:37:30.848:B:END_TXN:0
77,check_after_init+fenced_stops,277,59,278,279,396,66,214,a2_first,InvalidTxnStateException,true,0,stopped_on_fence,0,1,0,0,done,4,0,true,false,0,0,0,0,0,A>MARKER(e6)>B,A2:init@66>A2:IPE@415>A2:abort_PFE,B:init@279>B:marker@397>B:ok101>B:ok102>B:ok103>B:ok104,05:37:31.669:A:INIT:0>05:37:31.679:A:END_TXN:0>05:37:33.291:A:END_TXN:48>05:37:33.499:A2:INIT:0>05:37:33.693:B:INIT:0>05:37:33.710:B:END_TXN:0>05:37:33.720:A2:END_TXN:90>05:37:34.245:B:END_TXN:0>05:37:34.277:B:END_TXN:0>05:37:34.314:B:END_TXN:0>05:37:34.419:B:END_TXN:0
78,no_check_after_init+fenced_checks_lease,245,60,241,242,354,61,177,a2_first,InvalidTxnStateException,true,0,not_owner,0,1,0,0,done,4,0,true,false,0,0,0,0,0,A>MARKER(e6)>B,A2:init@61>A2:IPE@377>A2:abort_PFE>A2:not_owner,B:init@242>B:marker@354>B:ok101>B:ok102>B:ok103>B:ok104,05:37:35.310:A:INIT:0>05:37:35.337:A:END_TXN:0>05:37:37.166:A:END_TXN:48>05:37:37.351:A2:INIT:0>05:37:37.533:B:INIT:0>05:37:37.550:B:END_TXN:0>05:37:37.562:A2:END_TXN:90>05:37:38.077:B:END_TXN:0>05:37:38.109:B:END_TXN:0>05:37:38.140:B:END_TXN:0>05:37:38.172:B:END_TXN:0
79,check_after_init+fenced_checks_lease,161,289,161,162,279,295,408,b_first,InvalidTxnStateException,true,0,not_owner_after_init,0,0,0,1,done,3,1,true,false,0,0,0,0,0,A>MARKER(e6)>B2,A2:init@295>A2:not_owner_after_init,B:init@162>B:marker@280>B:IPE@803>B:abort_PFE>B2:init@812>B2:ok101>B2:ok102>B2:ok103,05:37:38.884:A:INIT:0>05:37:38.891:A:END_TXN:0>05:37:40.643:A:END_TXN:48>05:37:40.929:B:INIT:0>05:37:40.944:B:END_TXN:0>05:37:41.060:A2:INIT:0>05:37:41.467:B:END_TXN:90>05:37:41.584:B2:INIT:0>05:37:42.145:B2:END_TXN:0>05:37:42.188:B2:END_TXN:0>05:37:42.255:B2:END_TXN:0
80,no_check_after_init+fenced_stops,219,142,246,253,444,149,332,overlap,InvalidTxnStateException,true,0,stopped_on_fence,0,1,0,0,done,4,0,true,false,0,0,0,0,0,A>MARKER(e6)>B,A2:init@149>A2:IPE@509>A2:abort_PFE,B:init@253>B:marker@444>B:ok101>B:ok102>B:ok103>B:ok104,05:37:43.057:A:INIT:0>05:37:43.071:A:END_TXN:0>05:37:44.652:A:END_TXN:48>05:37:44.969:A2:INIT:0>05:37:45.106:B:INIT:0>05:37:45.145:B:END_TXN:0>05:37:45.208:A2:END_TXN:90>05:37:45.763:B:END_TXN:0>05:37:45.802:B:END_TXN:0>05:37:45.838:B:END_TXN:0>05:37:45.884:B:END_TXN:0
81,check_after_init+fenced_stops,284,179,282,283,390,181,292,overlap,InvalidTxnStateException,true,0,not_owner_after_init,0,0,0,0,done,4,0,true,false,0,0,0,0,0,A>MARKER(e6)>B,A2:init@181>A2:not_owner_after_init,B:init@283>B:marker@391>B:ok101>B:ok102>B:ok103>B:ok104,05:37:46.526:A:INIT:0>05:37:46.538:A:END_TXN:0>05:37:48.488:A:END_TXN:48>05:37:48.793:A2:INIT:0>05:37:48.893:B:INIT:0>05:37:48.909:B:END_TXN:0>05:37:49.677:B:END_TXN:0>05:37:49.718:B:END_TXN:0>05:37:49.803:B:END_TXN:0>05:37:49.860:B:END_TXN:0
82,no_check_after_init+fenced_checks_lease,176,222,198,201,330,229,455,overlap,InvalidTxnStateException,true,0,not_owner,0,1,0,1,done,3,1,true,false,0,0,0,0,0,A>MARKER(e6)>B2,A2:init@229>A2:IPE@1015>A2:abort_PFE>A2:not_owner,B:init@201>B:marker@330>B:IPE@866>B:abort_PFE>B2:init@890>B2:ok101>B2:ok102>B2:ok103,05:37:50.679:A:INIT:0>05:37:50.712:A:END_TXN:0>05:37:52.518:A:END_TXN:48>05:37:52.874:B:INIT:0>05:37:52.892:B:END_TXN:0>05:37:52.893:A2:INIT:51>05:37:53.002:A2:INIT:0>05:37:53.436:B:END_TXN:90>05:37:53.569:B2:INIT:0>05:37:53.593:A2:END_TXN:90>05:37:54.124:B2:END_TXN:0>05:37:54.153:B2:END_TXN:0>05:37:54.186:B2:END_TXN:0
83,check_after_init+fenced_checks_lease,160,342,166,168,283,348,464,b_first,InvalidTxnStateException,true,0,not_owner_after_init,0,0,0,1,done,3,1,true,false,0,0,0,0,0,A>MARKER(e6)>B2,A2:init@348>A2:not_owner_after_init,B:init@168>B:marker@285>B:IPE@819>B:abort_PFE>B2:init@834>B2:ok101>B2:ok102>B2:ok103,05:37:54.992:A:INIT:0>05:37:55.019:A:END_TXN:0>05:37:56.845:A:END_TXN:48>05:37:57.137:B:INIT:0>05:37:57.155:B:END_TXN:0>05:37:57.323:A2:INIT:0>05:37:57.699:B:END_TXN:90>05:37:57.831:B2:INIT:0>05:37:58.418:B2:END_TXN:0>05:37:58.449:B2:END_TXN:0>05:37:58.485:B2:END_TXN:0
84,no_check_after_init+fenced_stops,166,160,168,169,284,162,276,overlap,InvalidTxnStateException,true,0,stopped_on_fence,0,1,0,0,done,4,0,true,false,0,0,0,0,0,A>MARKER(e6)>B,A2:init@162>A2:IPE@306>A2:abort_PFE,B:init@169>B:marker@284>B:ok101>B:ok102>B:ok103>B:ok104,05:37:59.223:A:INIT:0>05:37:59.265:A:END_TXN:0>05:38:00.839:A:END_TXN:48>05:38:01.126:A2:INIT:0>05:38:01.134:B:INIT:0>05:38:01.147:B:END_TXN:0>05:38:01.163:A2:END_TXN:90>05:38:01.679:B:END_TXN:0>05:38:01.711:B:END_TXN:0>05:38:01.746:B:END_TXN:0>05:38:01.779:B:END_TXN:0
85,check_after_init+fenced_stops,180,87,187,193,335,92,222,overlap,InvalidTxnStateException,true,0,not_owner_after_init,0,0,0,0,done,4,0,true,false,0,0,0,0,0,A>MARKER(e6)>B,A2:init@92>A2:not_owner_after_init,B:init@193>B:marker@337>B:ok101>B:ok102>B:ok103>B:ok104,05:38:02.500:A:INIT:0>05:38:02.509:A:END_TXN:0>05:38:04.381:A:END_TXN:48>05:38:04.615:A2:INIT:0>05:38:04.728:B:INIT:0>05:38:04.762:B:END_TXN:0>05:38:05.360:B:END_TXN:0>05:38:05.413:B:END_TXN:0>05:38:05.464:B:END_TXN:0>05:38:05.510:B:END_TXN:0
86,no_check_after_init+fenced_checks_lease,273,50,271,273,383,51,177,a2_first,InvalidTxnStateException,true,0,not_owner,0,1,0,0,done,4,0,true,false,0,0,0,0,0,A>MARKER(e6)>B,A2:init@51>A2:IPE@412>A2:abort_PFE>A2:not_owner,B:init@273>B:marker@383>B:ok101>B:ok102>B:ok103>B:ok104,05:38:06.316:A:INIT:0>05:38:06.348:A:END_TXN:0>05:38:08.190:A:END_TXN:48>05:38:08.372:A2:INIT:0>05:38:08.585:B:INIT:0>05:38:08.600:B:END_TXN:0>05:38:08.624:A2:END_TXN:90>05:38:09.148:B:END_TXN:0>05:38:09.178:B:END_TXN:0>05:38:09.211:B:END_TXN:0>05:38:09.243:B:END_TXN:0
87,check_after_init+fenced_checks_lease,103,85,105,106,222,91,206,overlap,InvalidTxnStateException,true,0,not_owner_after_init,0,0,0,0,done,4,0,true,false,0,0,0,0,0,A>MARKER(e6)>B,A2:init@91>A2:not_owner_after_init,B:init@106>B:marker@222>B:ok101>B:ok102>B:ok103>B:ok104,05:38:09.966:A:INIT:0>05:38:09.979:A:END_TXN:0>05:38:11.727:A:END_TXN:48>05:38:11.941:A2:INIT:0>05:38:11.957:B:INIT:0>05:38:11.971:B:END_TXN:0>05:38:12.494:B:END_TXN:0>05:38:12.523:B:END_TXN:0>05:38:12.552:B:END_TXN:0>05:38:12.585:B:END_TXN:0
88,no_check_after_init+fenced_stops,85,9,107,117,294,16,176,overlap,InvalidTxnStateException,true,0,stopped_on_fence,0,1,0,0,done,4,0,true,false,0,0,0,0,0,A>MARKER(e6)>B,A2:init@16>A2:IPE@348>A2:abort_PFE,B:init@117>B:marker@294>B:ok101>B:ok102>B:ok103>B:ok104,05:38:13.338:A:INIT:0>05:38:13.351:A:END_TXN:0>05:38:15.232:A:END_TXN:48>05:38:15.439:A2:INIT:0>05:38:15.558:B:INIT:0>05:38:15.591:B:END_TXN:0>05:38:15.634:A2:END_TXN:90>05:38:16.044:B:END_TXN:0>05:38:16.082:B:END_TXN:0>05:38:16.131:B:END_TXN:0>05:38:16.187:B:END_TXN:0
89,check_after_init+fenced_stops,11,145,16,18,137,153,280,b_first,InvalidTxnStateException,true,0,not_owner_after_init,0,0,0,0,stopped_on_fence,0,1,true,true,0,0,0,0,0,A>MARKER(e6),A2:init@153>A2:not_owner_after_init,B:init@18>B:marker@139>B:IPE@680>B:abort_PFE,05:38:17.228:A:INIT:0>05:38:17.241:A:END_TXN:0>05:38:19.060:A:END_TXN:48>05:38:19.199:B:INIT:0>05:38:19.224:B:END_TXN:0>05:38:19.346:A2:INIT:0>05:38:19.757:B:END_TXN:90
90,no_check_after_init+fenced_checks_lease,220,123,225,227,346,127,242,overlap,InvalidTxnStateException,true,0,not_owner,0,1,0,0,done,4,0,true,false,0,0,0,0,0,A>MARKER(e6)>B,A2:init@127>A2:IPE@378>A2:abort_PFE>A2:not_owner,B:init@227>B:marker@346>B:ok101>B:ok102>B:ok103>B:ok104,05:38:20.477:A:INIT:0>05:38:20.486:A:END_TXN:0>05:38:22.066:A:END_TXN:48>05:38:22.315:A2:INIT:0>05:38:22.418:B:INIT:0>05:38:22.449:B:END_TXN:0>05:38:22.460:A2:END_TXN:90>05:38:22.980:B:END_TXN:0>05:38:23.010:B:END_TXN:0>05:38:23.044:B:END_TXN:0>05:38:23.085:B:END_TXN:0
91,check_after_init+fenced_checks_lease,32,368,39,41,179,375,507,b_first,InvalidTxnStateException,true,0,not_owner_after_init,0,0,0,1,done,3,1,true,false,0,0,0,0,0,A>MARKER(e6)>B2,A2:init@375>A2:not_owner_after_init,B:init@41>B:marker@189>B:IPE@859>B:abort_PFE>B2:init@872>B2:ok101>B2:ok102>B2:ok103,05:38:23.803:A:INIT:0>05:38:23.822:A:END_TXN:0>05:38:25.558:A:END_TXN:48>05:38:25.767:B:INIT:0>05:38:25.888:B:END_TXN:0>05:38:26.093:A2:INIT:0>05:38:26.353:B:END_TXN:90>05:38:26.474:B2:INIT:0>05:38:27.251:B2:END_TXN:0>05:38:27.342:B2:END_TXN:0>05:38:27.411:B2:END_TXN:0
92,no_check_after_init+fenced_stops,292,329,291,293,420,335,459,overlap,InvalidTxnStateException,true,0,done,4,0,4,0,stopped_on_fence,0,1,true,true,0,0,0,0,4,A>MARKER(e6)>A2,A2:init@335>A2:ok101>A2:ok102>A2:ok103>A2:ok104,B:init@293>B:marker@420>B:IPE@980>B:abort_PFE,05:38:28.362:A:INIT:0>05:38:28.628:A:END_TXN:0>05:38:30.459:A:END_TXN:48>05:38:30.886:B:INIT:0>05:38:30.911:B:END_TXN:0>05:38:30.930:A2:INIT:0>05:38:31.464:B:END_TXN:90>05:38:31.477:A2:END_TXN:0>05:38:31.508:A2:END_TXN:0>05:38:31.535:A2:END_TXN:0>05:38:31.565:A2:END_TXN:0
93,check_after_init+fenced_stops,33,89,35,36,153,95,255,overlap,InvalidTxnStateException,true,0,not_owner_after_init,0,0,0,0,stopped_on_fence,0,1,true,true,0,0,0,0,0,A>MARKER(e6),A2:init@95>A2:not_owner_after_init,B:init@36>B:marker@155>B:IPE@706>B:abort_PFE,05:38:32.383:A:INIT:0>05:38:32.392:A:END_TXN:0>05:38:33.964:A:END_TXN:48>05:38:34.120:B:INIT:0>05:38:34.139:B:END_TXN:0>05:38:34.221:A2:INIT:0>05:38:34.689:B:END_TXN:90
94,no_check_after_init+fenced_checks_lease,158,30,159,160,284,36,158,a2_first,InvalidTxnStateException,true,0,not_owner,0,1,0,0,done,4,0,true,false,0,0,0,0,0,A>MARKER(e6)>B,A2:init@36>A2:IPE@319>A2:abort_PFE>A2:not_owner,B:init@160>B:marker@284>B:ok101>B:ok102>B:ok103>B:ok104,05:38:35.412:A:INIT:0>05:38:35.429:A:END_TXN:0>05:38:37.319:A:END_TXN:48>05:38:37.484:A2:INIT:0>05:38:37.616:B:INIT:0>05:38:37.646:B:END_TXN:0>05:38:37.666:A2:END_TXN:90>05:38:38.192:B:END_TXN:0>05:38:38.221:B:END_TXN:0>05:38:38.253:B:END_TXN:0>05:38:38.283:B:END_TXN:0
95,check_after_init+fenced_checks_lease,101,239,105,107,224,245,378,b_first,InvalidTxnStateException,true,0,not_owner_after_init,0,0,0,1,done,3,1,true,false,0,0,0,0,0,A>MARKER(e6)>B2,A2:init@245>A2:not_owner_after_init,B:init@107>B:marker@226>B:IPE@757>B:abort_PFE>B2:init@768>B2:ok101>B2:ok102>B2:ok103,05:38:39.031:A:INIT:0>05:38:39.045:A:END_TXN:0>05:38:40.822:A:END_TXN:48>05:38:41.052:B:INIT:0>05:38:41.069:B:END_TXN:0>05:38:41.205:A2:INIT:0>05:38:41.600:B:END_TXN:90>05:38:41.735:B2:INIT:0>05:38:42.288:B2:END_TXN:0>05:38:42.351:B2:END_TXN:0>05:38:42.414:B2:END_TXN:0
96,no_check_after_init+fenced_stops,290,208,342,344,580,249,479,overlap,InvalidTxnStateException,true,0,stopped_on_fence,0,1,0,0,done,4,0,true,false,0,0,0,0,0,A>MARKER(e6)>B,A2:init@249>A2:IPE@674>A2:abort_PFE,B:init@344>B:marker@581>B:ok101>B:ok102>B:ok103>B:ok104,05:38:43.227:A:INIT:0>05:38:43.247:A:END_TXN:0>05:38:44.832:A:END_TXN:48>05:38:45.314:A2:INIT:0>05:38:45.433:B:INIT:0>05:38:45.469:B:END_TXN:0>05:38:45.582:A2:END_TXN:90>05:38:46.061:B:END_TXN:0>05:38:46.149:B:END_TXN:0>05:38:46.182:B:END_TXN:0>05:38:46.251:B:END_TXN:0
97,check_after_init+fenced_stops,63,328,64,66,182,332,518,b_first,InvalidTxnStateException,true,0,not_owner_after_init,0,0,0,0,stopped_on_fence,0,1,true,true,0,0,0,0,0,A>MARKER(e6),A2:init@332>A2:not_owner_after_init,B:init@66>B:marker@183>B:IPE@716>B:abort_PFE,05:38:47.027:A:INIT:0>05:38:47.043:A:END_TXN:0>05:38:48.667:A:END_TXN:48>05:38:48.860:B:INIT:0>05:38:48.876:B:END_TXN:0>05:38:49.200:A2:INIT:0>05:38:49.409:B:END_TXN:90
98,no_check_after_init+fenced_checks_lease,270,233,271,273,389,240,353,overlap,InvalidTxnStateException,true,0,not_owner,0,1,0,0,done,4,0,true,false,0,0,0,0,0,A>MARKER(e6)>B,A2:init@240>A2:IPE@423>A2:abort_PFE>A2:not_owner,B:init@273>B:marker@389>B:ok101>B:ok102>B:ok103>B:ok104,05:38:50.346:A:INIT:0>05:38:50.373:A:END_TXN:0>05:38:52.181:A:END_TXN:48>05:38:52.550:A2:INIT:0>05:38:52.586:B:INIT:0>05:38:52.603:B:END_TXN:0>05:38:52.671:A2:END_TXN:90>05:38:53.346:B:END_TXN:0>05:38:53.382:B:END_TXN:0>05:38:53.417:B:END_TXN:0>05:38:53.451:B:END_TXN:0
99,check_after_init+fenced_checks_lease,121,291,179,198,443,337,454,overlap,InvalidTxnStateException,true,0,not_owner_after_init,0,0,0,1,done,3,0,true,false,0,0,0,0,0,A>MARKER(e6)>B2,A2:init@337>A2:not_owner_after_init,B:init@198>B:IPE@444>B:abort_PFE>B2:init@463>B2:marker@575>B2:ok101>B2:ok102>B2:ok103,05:38:54.256:A:INIT:0>05:38:54.284:A:END_TXN:0>05:38:56.098:A:END_TXN:48>05:38:56.600:B:INIT:0>05:38:56.611:A2:INIT:0>05:38:56.616:B:END_TXN:90>05:38:56.731:B2:INIT:0>05:38:56.745:B2:END_TXN:0>05:38:57.269:B2:END_TXN:0>05:38:57.302:B2:END_TXN:0>05:38:57.338:B2:END_TXN:0
100,no_check_after_init+fenced_stops,282,341,285,286,402,343,458,overlap,InvalidTxnStateException,true,0,done,4,0,4,0,stopped_on_fence,0,1,true,true,0,0,0,0,4,A>MARKER(e6)>A2,A2:init@343>A2:ok101>A2:ok102>A2:ok103>A2:ok104,B:init@286>B:marker@402>B:IPE@954>B:abort_PFE,05:38:58.057:A:INIT:0>05:38:58.068:A:END_TXN:0>05:39:00.006:A:END_TXN:48>05:39:00.421:B:INIT:0>05:39:00.448:B:END_TXN:0>05:39:00.476:A2:INIT:0>05:39:00.993:B:END_TXN:90>05:39:01.013:A2:END_TXN:0>05:39:01.049:A2:END_TXN:0>05:39:01.082:A2:END_TXN:0>05:39:01.112:A2:END_TXN:0
101,check_after_init+fenced_stops,39,34,42,43,165,40,164,overlap,InvalidTxnStateException,true,0,not_owner_after_init,0,0,0,0,done,4,0,true,false,0,0,0,0,0,A>MARKER(e6)>B,A2:init@40>A2:not_owner_after_init,B:init@43>B:marker@167>B:ok101>B:ok102>B:ok103>B:ok104,05:39:01.833:A:INIT:0>05:39:01.843:A:END_TXN:0>05:39:03.492:A:END_TXN:48>05:39:03.657:A2:INIT:0>05:39:03.662:B:INIT:0>05:39:03.678:B:END_TXN:0>05:39:04.252:B:END_TXN:0>05:39:04.300:B:END_TXN:0>05:39:04.336:B:END_TXN:0>05:39:04.369:B:END_TXN:0
102,no_check_after_init+fenced_checks_lease,89,59,90,91,212,65,181,overlap,InvalidTxnStateException,true,0,not_owner,0,1,0,0,done,4,0,true,false,0,0,0,0,0,A>MARKER(e6)>B,A2:init@65>A2:IPE@228>A2:abort_PFE>A2:not_owner,B:init@91>B:marker@212>B:ok101>B:ok102>B:ok103>B:ok104,05:39:05.603:A:INIT:0>05:39:05.662:A:END_TXN:0>05:39:07.360:A:END_TXN:48>05:39:07.556:A2:INIT:0>05:39:07.582:B:INIT:0>05:39:07.602:B:END_TXN:0>05:39:07.613:A2:END_TXN:90>05:39:08.129:B:END_TXN:0>05:39:08.157:B:END_TXN:0>05:39:08.190:B:END_TXN:0>05:39:08.216:B:END_TXN:0
103,check_after_init+fenced_checks_lease,246,392,252,254,485,398,567,overlap,InvalidTxnStateException,true,0,not_owner_after_init,0,0,0,1,done,3,1,true,false,0,0,0,0,0,A>MARKER(e6)>B2,A2:init@398>A2:not_owner_after_init,B:init@254>B:marker@486>B:IPE@1035>B:abort_PFE>B2:init@1046>B2:ok101>B2:ok102>B2:ok103,05:39:08.958:A:INIT:0>05:39:08.964:A:END_TXN:0>05:39:10.882:A:END_TXN:48>05:39:11.390:B:INIT:0>05:39:11.409:B:END_TXN:0>05:39:11.473:A2:INIT:0>05:39:11.954:B:END_TXN:90>05:39:12.081:B2:INIT:0>05:39:12.821:B2:END_TXN:0>05:39:12.958:B2:END_TXN:0>05:39:13.071:B2:END_TXN:0
104,no_check_after_init+fenced_stops,97,204,127,131,265,209,380,overlap,InvalidTxnStateException,true,0,done,4,0,4,0,stopped_on_fence,0,1,true,true,0,0,0,0,4,A>MARKER(e6)>A2,A2:init@209>A2:ok101>A2:ok102>A2:ok103>A2:ok104,B:init@131>B:marker@265>B:IPE@856>B:abort_PFE,05:39:13.836:A:INIT:0>05:39:13.846:A:END_TXN:0>05:39:15.922:A:END_TXN:48>05:39:16.046:B:INIT:0>05:39:16.072:B:END_TXN:0>05:39:16.155:A2:INIT:0>05:39:16.645:B:END_TXN:90>05:39:16.715:A2:END_TXN:0>05:39:16.745:A2:END_TXN:0>05:39:16.775:A2:END_TXN:0>05:39:16.803:A2:END_TXN:0
105,check_after_init+fenced_stops,18,16,22,31,327,29,218,overlap,InvalidTxnStateException,true,0,not_owner_after_init,0,0,0,0,done,4,0,true,false,0,0,0,0,0,A>MARKER(e6)>B,A2:init@29>A2:not_owner_after_init,B:init@31>B:marker@330>B:ok101>B:ok102>B:ok103>B:ok104,05:39:17.533:A:INIT:0>05:39:17.547:A:END_TXN:0>05:39:19.206:A:END_TXN:48>05:39:19.434:B:INIT:51>05:39:19.434:A2:INIT:0>05:39:19.548:B:INIT:0>05:39:19.569:B:END_TXN:0>05:39:20.116:B:END_TXN:0>05:39:20.153:B:END_TXN:0>05:39:20.188:B:END_TXN:0>05:39:20.221:B:END_TXN:0
106,no_check_after_init+fenced_checks_lease,278,36,277,279,404,42,159,a2_first,InvalidTxnStateException,true,0,not_owner,0,1,0,0,done,4,0,true,false,0,0,0,0,0,A>MARKER(e6)>B,A2:init@42>A2:IPE@419>A2:abort_PFE>A2:not_owner,B:init@279>B:marker@404>B:ok101>B:ok102>B:ok103>B:ok104,05:39:20.961:A:INIT:0>05:39:20.973:A:END_TXN:0>05:39:22.712:A:END_TXN:48>05:39:22.877:A2:INIT:0>05:39:23.124:B:INIT:0>05:39:23.137:B:END_TXN:0>05:39:23.148:A2:END_TXN:90>05:39:23.672:B:END_TXN:0>05:39:23.705:B:END_TXN:0>05:39:23.738:B:END_TXN:0>05:39:23.776:B:END_TXN:0
107,check_after_init+fenced_checks_lease,149,223,151,156,283,231,369,overlap,InvalidTxnStateException,true,0,not_owner_after_init,0,0,0,1,done,3,1,true,false,0,0,0,0,0,A>MARKER(e6)>B2,A2:init@231>A2:not_owner_after_init,B:init@156>B:marker@285>B:IPE@825>B:abort_PFE>B2:init@910>B2:ok101>B2:ok102>B2:ok103,05:39:24.845:A:INIT:0>05:39:24.887:A:END_TXN:0>05:39:26.625:A:END_TXN:48>05:39:26.915:B:INIT:0>05:39:26.939:B:END_TXN:0>05:39:27.001:A2:INIT:0>05:39:27.540:B:END_TXN:90>05:39:27.686:B2:INIT:0>05:39:28.224:B2:END_TXN:0>05:39:28.315:B2:END_TXN:0>05:39:28.373:B2:END_TXN:0
108,no_check_after_init+fenced_stops,96,330,113,118,258,338,579,b_first,InvalidTxnStateException,true,0,done,4,0,4,0,stopped_on_fence,0,1,true,true,0,0,0,0,4,A>MARKER(e6)>A2,A2:init@338>A2:ok101>A2:ok102>A2:ok103>A2:ok104,B:init@118>B:marker@258>B:IPE@802>B:abort_PFE,05:39:29.130:A:INIT:0>05:39:29.154:A:END_TXN:0>05:39:31.121:A:END_TXN:48>05:39:31.391:B:INIT:0>05:39:31.410:B:END_TXN:0>05:39:31.719:A2:INIT:0>05:39:31.952:B:END_TXN:90>05:39:32.299:A2:END_TXN:0>05:39:32.398:A2:END_TXN:0>05:39:32.436:A2:END_TXN:0>05:39:32.469:A2:END_TXN:0
109,check_after_init+fenced_stops,299,56,312,315,450,65,248,a2_first,InvalidTxnStateException,true,0,stopped_on_fence,0,1,0,0,done,4,0,true,false,0,0,0,0,0,A>MARKER(e6)>B,A2:init@65>A2:IPE@587>A2:abort_PFE,B:init@315>B:marker@470>B:ok101>B:ok102>B:ok103>B:ok104,05:39:33.253:A:INIT:0>05:39:33.265:A:END_TXN:0>05:39:35.104:A:END_TXN:48>05:39:35.420:A2:INIT:0>05:39:35.622:B:INIT:0>05:39:35.726:B:END_TXN:0>05:39:35.838:A2:END_TXN:90>05:39:36.279:B:END_TXN:0>05:39:36.323:B:END_TXN:0>05:39:36.391:B:END_TXN:0>05:39:36.462:B:END_TXN:0
110,no_check_after_init+fenced_checks_lease,98,85,124,126,548,91,383,overlap,InvalidTxnStateException,true,0,not_owner,0,1,0,0,done,4,0,true,false,0,0,0,0,0,A>MARKER(e6)>B,A2:init@91>A2:IPE@581>A2:abort_PFE>A2:not_owner,B:init@126>B:marker@548>B:ok101>B:ok102>B:ok103>B:ok104,05:39:37.404:A:INIT:0>05:39:37.415:A:END_TXN:0>05:39:39.432:A:END_TXN:48>05:39:39.826:B:INIT:51>05:39:39.826:A2:INIT:0>05:39:39.991:B:INIT:0>05:39:40.022:B:END_TXN:0>05:39:40.056:A2:END_TXN:90>05:39:40.585:B:END_TXN:0>05:39:40.620:B:END_TXN:0>05:39:40.743:B:END_TXN:0>05:39:40.952:B:END_TXN:0
111,check_after_init+fenced_checks_lease,137,360,140,142,316,364,483,b_first,InvalidTxnStateException,true,0,not_owner_after_init,0,0,0,1,done,3,1,true,false,0,0,0,0,0,A>MARKER(e6)>B2,A2:init@364>A2:not_owner_after_init,B:init@142>B:marker@317>B:IPE@861>B:abort_PFE>B2:init@890>B2:ok101>B2:ok102>B2:ok103,05:39:41.839:A:INIT:0>05:39:41.851:A:END_TXN:0>05:39:43.407:A:END_TXN:48>05:39:43.733:B:INIT:0>05:39:43.749:B:END_TXN:0>05:39:43.902:A2:INIT:0>05:39:44.306:B:END_TXN:90>05:39:44.441:B2:INIT:0>05:39:45.140:B2:END_TXN:0>05:39:45.241:B2:END_TXN:0>05:39:45.284:B2:END_TXN:0
112,no_check_after_init+fenced_stops,42,20,45,46,211,22,143,overlap,InvalidTxnStateException,true,0,stopped_on_fence,0,1,0,0,done,4,0,true,false,0,0,0,0,0,A>MARKER(e6)>B,A2:init@22>A2:IPE@228>A2:abort_PFE,B:init@46>B:marker@211>B:ok101>B:ok102>B:ok103>B:ok104,05:39:46.194:A:INIT:0>05:39:46.255:A:END_TXN:0>05:39:48.261:A:END_TXN:48>05:39:48.412:A2:INIT:0>05:39:48.483:B:INIT:0>05:39:48.498:B:END_TXN:0>05:39:48.510:A2:END_TXN:90>05:39:49.028:B:END_TXN:0>05:39:49.063:B:END_TXN:0>05:39:49.099:B:END_TXN:0>05:39:49.136:B:END_TXN:0
113,check_after_init+fenced_stops,42,103,45,46,162,108,221,overlap,InvalidTxnStateException,true,0,not_owner_after_init,0,0,0,0,stopped_on_fence,0,1,true,true,0,0,0,0,0,A>MARKER(e6),A2:init@108>A2:not_owner_after_init,B:init@46>B:marker@164>B:IPE@692>B:abort_PFE,05:39:49.888:A:INIT:0>05:39:49.897:A:END_TXN:0>05:39:51.756:A:END_TXN:48>05:39:51.924:B:INIT:0>05:39:51.938:B:END_TXN:0>05:39:51.983:A2:INIT:0>05:39:52.471:B:END_TXN:90
114,no_check_after_init+fenced_checks_lease,36,374,100,132,367,383,529,b_first,InvalidTxnStateException,true,0,not_owner,1,1,1,1,done,3,1,true,false,0,0,0,0,1,A>MARKER(e6)>A2>B2,A2:init@383>A2:ok101>A2:IPE@1163>A2:abort_PFE>A2:not_owner,B:init@132>B:marker@367>B:IPE@956>B:abort_PFE>B2:init@1003>B2:ok102>B2:ok103>B2:ok104,05:39:53.165:A:INIT:0>05:39:53.173:A:END_TXN:0>05:39:54.801:A:END_TXN:48>05:39:55.213:B:INIT:0>05:39:55.248:B:END_TXN:0>05:39:55.373:A2:INIT:0>05:39:55.830:B:END_TXN:90>05:39:55.988:A2:END_TXN:0>05:39:56.001:B2:INIT:0>05:39:56.081:A2:END_TXN:90>05:39:56.529:B2:END_TXN:0>05:39:56.568:B2:END_TXN:0>05:39:56.598:B2:END_TXN:0
115,check_after_init+fenced_checks_lease,191,156,195,196,312,162,274,overlap,InvalidTxnStateException,true,0,not_owner_after_init,0,0,0,0,done,4,0,true,false,0,0,0,0,0,A>MARKER(e6)>B,A2:init@162>A2:not_owner_after_init,B:init@196>B:marker@315>B:ok101>B:ok102>B:ok103>B:ok104,05:39:57.312:A:INIT:0>05:39:57.321:A:END_TXN:0>05:39:59.119:A:END_TXN:48>05:39:59.402:A2:INIT:0>05:39:59.441:B:INIT:0>05:39:59.463:B:END_TXN:0>05:39:59.999:B:END_TXN:0>05:40:00.031:B:END_TXN:0>05:40:00.060:B:END_TXN:0>05:40:00.093:B:END_TXN:0
116,no_check_after_init+fenced_stops,13,178,22,31,188,184,313,overlap,InvalidTxnStateException,true,0,done,4,0,4,0,stopped_on_fence,0,1,true,true,0,0,0,0,4,A>MARKER(e6)>A2,A2:init@184>A2:ok101>A2:ok102>A2:ok103>A2:ok104,B:init@31>B:marker@188>B:IPE@740>B:abort_PFE,05:40:00.810:A:INIT:0>05:40:00.824:A:END_TXN:0>05:40:02.628:A:END_TXN:48>05:40:02.832:B:INIT:0>05:40:02.854:B:END_TXN:0>05:40:02.960:A2:INIT:0>05:40:03.405:B:END_TXN:90>05:40:03.535:A2:END_TXN:0>05:40:03.580:A2:END_TXN:0>05:40:03.652:A2:END_TXN:0>05:40:03.717:A2:END_TXN:0
117,check_after_init+fenced_stops,33,19,41,42,158,24,141,overlap,InvalidTxnStateException,true,0,not_owner_after_init,0,0,0,0,done,4,0,true,false,0,0,0,0,0,A>MARKER(e6)>B,A2:init@24>A2:not_owner_after_init,B:init@42>B:marker@159>B:ok101>B:ok102>B:ok103>B:ok104,05:40:04.694:A:INIT:0>05:40:04.726:A:END_TXN:0>05:40:06.459:A:END_TXN:48>05:40:06.603:A2:INIT:0>05:40:06.620:B:INIT:0>05:40:06.634:B:END_TXN:0>05:40:07.160:B:END_TXN:0>05:40:07.193:B:END_TXN:0>05:40:07.224:B:END_TXN:0>05:40:07.251:B:END_TXN:0
118,no_check_after_init+fenced_checks_lease,273,172,270,271,458,176,291,overlap,InvalidTxnStateException,true,0,not_owner,0,1,0,0,done,4,0,true,false,0,0,0,0,0,A>MARKER(e6)>B,A2:init@176>A2:IPE@596>A2:abort_PFE>A2:not_owner,B:init@271>B:marker@458>B:ok101>B:ok102>B:ok103>B:ok104,05:40:07.984:A:INIT:0>05:40:07.994:A:END_TXN:0>05:40:09.943:A:END_TXN:48>05:40:10.243:A2:INIT:0>05:40:10.350:B:INIT:0>05:40:10.520:B:END_TXN:0>05:40:10.564:A2:END_TXN:90>05:40:11.078:B:END_TXN:0>05:40:11.111:B:END_TXN:0>05:40:11.144:B:END_TXN:0>05:40:11.175:B:END_TXN:0
119,check_after_init+fenced_checks_lease,229,344,231,232,354,349,473,overlap,InvalidTxnStateException,true,0,not_owner_after_init,0,0,0,1,done,3,1,true,false,0,0,0,0,0,A>MARKER(e6)>B2,A2:init@349>A2:not_owner_after_init,B:init@232>B:marker@356>B:IPE@902>B:abort_PFE>B2:init@989>B2:ok101>B2:ok102>B2:ok103,05:40:11.950:A:INIT:0>05:40:12.052:A:END_TXN:0>05:40:13.930:A:END_TXN:48>05:40:14.289:B:INIT:0>05:40:14.308:B:END_TXN:0>05:40:14.410:A2:INIT:0>05:40:14.881:B:END_TXN:90>05:40:15.184:B2:INIT:0>05:40:15.854:B2:END_TXN:0>05:40:15.892:B2:END_TXN:0>05:40:15.930:B2:END_TXN:0
120,no_check_after_init+fenced_stops,106,221,106,108,225,226,353,b_first,InvalidTxnStateException,true,0,done,4,0,4,0,stopped_on_fence,0,1,true,true,0,0,0,0,4,A>MARKER(e6)>A2,A2:init@226>A2:ok101>A2:ok102>A2:ok103>A2:ok104,B:init@108>B:marker@225>B:IPE@841>B:abort_PFE,05:40:16.694:A:INIT:0>05:40:16.736:A:END_TXN:0>05:40:18.316:A:END_TXN:48>05:40:18.551:B:INIT:0>05:40:18.566:B:END_TXN:0>05:40:18.671:A2:INIT:0>05:40:19.192:B:END_TXN:90>05:40:19.225:A2:END_TXN:0>05:40:19.258:A2:END_TXN:0>05:40:19.290:A2:END_TXN:0>05:40:19.319:A2:END_TXN:0
121,check_after_init+fenced_stops,12,254,17,19,142,257,391,b_first,InvalidTxnStateException,true,0,not_owner_after_init,0,0,0,0,stopped_on_fence,0,1,true,true,0,0,0,0,0,A>MARKER(e6),A2:init@257>A2:not_owner_after_init,B:init@19>B:marker@143>B:IPE@674>B:abort_PFE,05:40:20.049:A:INIT:0>05:40:20.072:A:END_TXN:0>05:40:21.838:A:END_TXN:48>05:40:21.986:B:INIT:0>05:40:22.000:B:END_TXN:0>05:40:22.228:A2:INIT:0>05:40:22.531:B:END_TXN:90
122,no_check_after_init+fenced_checks_lease,129,86,145,149,358,94,289,overlap,InvalidTxnStateException,true,0,not_owner,0,1,0,0,done,4,0,true,false,0,0,0,0,0,A>MARKER(e6)>B,A2:init@94>A2:IPE@456>A2:abort_PFE>A2:not_owner,B:init@149>B:marker@358>B:ok101>B:ok102>B:ok103>B:ok104,05:40:23.238:A:INIT:0>05:40:23.246:A:END_TXN:0>05:40:24.796:A:END_TXN:48>05:40:25.092:A2:INIT:0>05:40:25.148:B:INIT:0>05:40:25.199:B:END_TXN:0>05:40:25.335:A2:END_TXN:90>05:40:25.916:B:END_TXN:0>05:40:25.960:B:END_TXN:0>05:40:26.007:B:END_TXN:0>05:40:26.103:B:END_TXN:0
123,check_after_init+fenced_checks_lease,148,10,150,152,381,14,144,a2_first,InvalidTxnStateException,true,0,not_owner_after_init,0,0,0,0,done,4,0,true,false,0,0,0,0,0,A>MARKER(e6)>B,A2:init@14>A2:not_owner_after_init,B:init@152>B:marker@382>B:ok101>B:ok102>B:ok103>B:ok104,05:40:26.823:A:INIT:0>05:40:26.868:A:END_TXN:0>05:40:28.654:A:END_TXN:48>05:40:28.806:A2:INIT:0>05:40:29.049:B:INIT:0>05:40:29.064:B:END_TXN:0>05:40:29.591:B:END_TXN:0>05:40:29.626:B:END_TXN:0>05:40:29.659:B:END_TXN:0>05:40:29.693:B:END_TXN:0
124,no_check_after_init+fenced_stops,172,137,177,179,329,143,269,overlap,InvalidTxnStateException,true,0,stopped_on_fence,0,1,0,0,done,4,0,true,false,0,0,0,0,0,A>MARKER(e6)>B,A2:init@143>A2:IPE@354>A2:abort_PFE,B:init@179>B:marker@329>B:ok101>B:ok102>B:ok103>B:ok104,05:40:30.478:A:INIT:0>05:40:30.501:A:END_TXN:0>05:40:32.139:A:END_TXN:48>05:40:32.407:A2:INIT:0>05:40:32.453:B:INIT:0>05:40:32.496:B:END_TXN:0>05:40:32.510:A2:END_TXN:90>05:40:33.039:B:END_TXN:0>05:40:33.070:B:END_TXN:0>05:40:33.102:B:END_TXN:0>05:40:33.147:B:END_TXN:0
125,check_after_init+fenced_stops,255,353,259,261,476,357,558,overlap,InvalidTxnStateException,true,0,not_owner_after_init,0,0,0,0,stopped_on_fence,0,1,true,true,0,0,0,0,0,A>MARKER(e6),A2:init@357>A2:not_owner_after_init,B:init@261>B:marker@482>B:IPE@1099>B:abort_PFE,05:40:33.927:A:INIT:0>05:40:33.938:A:END_TXN:0>05:40:35.670:A:END_TXN:48>05:40:35.996:B:INIT:0>05:40:36.040:B:END_TXN:0>05:40:36.078:A2:INIT:0>05:40:36.650:B:END_TXN:90
126,no_check_after_init+fenced_checks_lease,85,21,95,96,267,27,191,overlap,InvalidTxnStateException,true,0,not_owner,0,1,0,0,done,4,0,true,false,0,0,0,0,0,A>MARKER(e6)>B,A2:init@27>A2:IPE@286>A2:abort_PFE>A2:not_owner,B:init@96>B:marker@267>B:ok101>B:ok102>B:ok103>B:ok104,05:40:37.394:A:INIT:0>05:40:37.405:A:END_TXN:0>05:40:39.098:A:END_TXN:48>05:40:39.312:A2:INIT:0>05:40:39.393:B:INIT:0>05:40:39.408:B:END_TXN:0>05:40:39.426:A2:END_TXN:90>05:40:39.954:B:END_TXN:0>05:40:39.984:B:END_TXN:0>05:40:40.018:B:END_TXN:0>05:40:40.050:B:END_TXN:0
127,check_after_init+fenced_checks_lease,70,71,75,78,298,78,191,overlap,InvalidTxnStateException,true,0,not_owner_after_init,0,0,0,0,done,4,0,true,false,0,0,0,0,0,A>MARKER(e6)>B,A2:init@78>A2:not_owner_after_init,B:init@78>B:marker@300>B:ok101>B:ok102>B:ok103>B:ok104,05:40:40.849:A:INIT:0>05:40:40.863:A:END_TXN:0>05:40:42.470:A:END_TXN:48>05:40:42.665:B:INIT:51>05:40:42.666:A2:INIT:0>05:40:42.776:B:INIT:0>05:40:42.797:B:END_TXN:0>05:40:43.380:B:END_TXN:0>05:40:43.418:B:END_TXN:0>05:40:43.512:B:END_TXN:0>05:40:43.555:B:END_TXN:0
128,no_check_after_init+fenced_stops,56,42,150,151,366,49,357,overlap,InvalidTxnStateException,true,0,stopped_on_fence,0,1,0,0,done,4,0,true,false,0,0,0,0,0,A>MARKER(e6)>B,A2:init@49>A2:IPE@920>A2:abort_PFE,B:init@151>B:marker@366>B:ok101>B:ok102>B:ok103>B:ok104,05:40:44.432:A:INIT:0>05:40:44.454:A:END_TXN:0>05:40:46.021:A:END_TXN:48>05:40:46.134:A2:INIT:0>05:40:46.220:B:INIT:0>05:40:46.257:B:END_TXN:0>05:40:46.801:A2:END_TXN:90>05:40:46.810:B:END_TXN:0>05:40:46.847:B:END_TXN:0>05:40:46.880:B:END_TXN:0>05:40:46.910:B:END_TXN:0
129,check_after_init+fenced_stops,88,266,90,91,218,271,393,b_first,InvalidTxnStateException,true,0,not_owner_after_init,0,0,0,0,stopped_on_fence,0,1,true,true,0,0,0,0,0,A>MARKER(e6),A2:init@271>A2:not_owner_after_init,B:init@91>B:marker@257>B:IPE@820>B:abort_PFE,05:40:47.645:A:INIT:0>05:40:47.670:A:END_TXN:0>05:40:49.313:A:END_TXN:48>05:40:49.549:B:INIT:0>05:40:49.610:B:END_TXN:0>05:40:49.727:A2:INIT:0>05:40:50.202:B:END_TXN:90
130,no_check_after_init+fenced_checks_lease,292,62,296,297,411,68,192,a2_first,InvalidTxnStateException,true,0,not_owner,0,1,0,0,done,4,0,true,false,0,0,0,0,0,A>MARKER(e6)>B,A2:init@68>A2:IPE@436>A2:abort_PFE>A2:not_owner,B:init@297>B:marker@411>B:ok101>B:ok102>B:ok103>B:ok104,05:40:51.099:A:INIT:0>05:40:51.291:A:END_TXN:0>05:40:53.336:A:END_TXN:48>05:40:53.544:A2:INIT:0>05:40:53.766:B:INIT:0>05:40:53.783:B:END_TXN:0>05:40:53.804:A2:END_TXN:90>05:40:54.366:B:END_TXN:0>05:40:54.416:B:END_TXN:0>05:40:54.457:B:END_TXN:0>05:40:54.496:B:END_TXN:0
131,check_after_init+fenced_checks_lease,102,305,120,121,242,311,427,b_first,InvalidTxnStateException,true,0,not_owner_after_init,0,0,0,1,done,3,1,true,false,0,0,0,0,0,A>MARKER(e6)>B2,A2:init@311>A2:not_owner_after_init,B:init@121>B:marker@244>B:IPE@765>B:abort_PFE>B2:init@778>B2:ok101>B2:ok102>B2:ok103,05:40:55.524:A:INIT:0>05:40:55.558:A:END_TXN:0>05:40:57.204:A:END_TXN:48>05:40:57.460:B:INIT:0>05:40:57.475:B:END_TXN:0>05:40:57.648:A2:INIT:0>05:40:58.001:B:END_TXN:90>05:40:58.157:B2:INIT:0>05:40:58.686:B2:END_TXN:0>05:40:58.721:B2:END_TXN:0>05:40:58.755:B2:END_TXN:0
132,no_check_after_init+fenced_stops,253,117,259,260,388,130,290,overlap,InvalidTxnStateException,true,0,stopped_on_fence,0,1,0,0,done,4,0,true,false,0,0,0,0,0,A>MARKER(e6)>B,A2:init@130>A2:IPE@426>A2:abort_PFE,B:init@260>B:marker@388>B:ok101>B:ok102>B:ok103>B:ok104,05:40:59.485:A:INIT:0>05:40:59.496:A:END_TXN:0>05:41:01.519:A:END_TXN:48>05:41:01.903:A2:INIT:0>05:41:02.003:B:INIT:0>05:41:02.029:B:END_TXN:0>05:41:02.077:A2:END_TXN:90>05:41:02.602:B:END_TXN:0>05:41:02.633:B:END_TXN:0>05:41:02.666:B:END_TXN:0>05:41:02.701:B:END_TXN:0
133,check_after_init+fenced_stops,166,373,175,181,406,379,762,overlap,InvalidTxnStateException,true,0,not_owner_after_init,0,0,0,0,stopped_on_fence,0,1,true,true,0,0,0,0,0,A>MARKER(e6),A2:init@379>A2:not_owner_after_init,B:init@181>B:marker@410>B:IPE@1164>B:abort_PFE,05:41:03.462:A:INIT:0>05:41:03.472:A:END_TXN:0>05:41:05.232:A:END_TXN:48>05:41:05.600:B:INIT:0>05:41:05.779:B:END_TXN:0>05:41:06.015:A2:INIT:0>05:41:06.289:B:END_TXN:90
134,no_check_after_init+fenced_checks_lease,6,398,9,10,156,403,520,b_first,InvalidTxnStateException,true,0,not_owner,0,1,0,1,done,3,1,true,false,0,0,0,0,0,A>MARKER(e6)>B2,A2:init@403>A2:IPE@1034>A2:abort_PFE>A2:not_owner,B:init@10>B:marker@156>B:IPE@740>B:abort_PFE>B2:init@750>B2:ok101>B2:ok102>B2:ok103,05:41:07.044:A:INIT:0>05:41:07.052:A:END_TXN:0>05:41:09.052:A:END_TXN:48>05:41:09.200:B:INIT:0>05:41:09.249:B:END_TXN:0>05:41:09.587:A2:INIT:0>05:41:09.819:B:END_TXN:90>05:41:09.946:B2:INIT:0>05:41:10.120:A2:END_TXN:90>05:41:10.508:B2:END_TXN:0>05:41:10.533:B2:END_TXN:0>05:41:10.564:B2:END_TXN:0
135,check_after_init+fenced_checks_lease,198,257,203,204,321,263,379,overlap,InvalidTxnStateException,true,0,not_owner_after_init,0,0,0,1,done,3,1,true,false,0,0,0,0,0,A>MARKER(e6)>B2,A2:init@263>A2:not_owner_after_init,B:init@204>B:marker@329>B:IPE@858>B:abort_PFE>B2:init@868>B2:ok101>B2:ok102>B2:ok103,05:41:11.287:A:INIT:0>05:41:11.295:A:END_TXN:0>05:41:13.029:A:END_TXN:48>05:41:13.356:B:INIT:0>05:41:13.386:B:END_TXN:0>05:41:13.418:A2:INIT:0>05:41:13.911:B:END_TXN:90>05:41:14.028:B2:INIT:0>05:41:14.590:B2:END_TXN:0>05:41:14.672:B2:END_TXN:0>05:41:14.714:B2:END_TXN:0
136,no_check_after_init+fenced_stops,299,273,298,301,422,279,407,overlap,InvalidTxnStateException,true,0,stopped_on_fence,0,1,0,0,done,4,0,true,false,0,0,0,0,0,A>MARKER(e6)>B,A2:init@279>A2:IPE@450>A2:abort_PFE,B:init@301>B:marker@422>B:ok101>B:ok102>B:ok103>B:ok104,05:41:15.715:A:INIT:0>05:41:15.739:A:END_TXN:0>05:41:17.349:A:END_TXN:48>05:41:17.769:A2:INIT:0>05:41:17.785:B:INIT:0>05:41:17.803:B:END_TXN:0>05:41:17.825:A2:END_TXN:90>05:41:18.347:B:END_TXN:0>05:41:18.374:B:END_TXN:0>05:41:18.407:B:END_TXN:0>05:41:18.446:B:END_TXN:0
137,check_after_init+fenced_stops,158,190,160,161,274,196,318,overlap,InvalidTxnStateException,true,0,not_owner_after_init,0,0,0,0,stopped_on_fence,0,1,true,true,0,0,0,0,0,A>MARKER(e6),A2:init@196>A2:not_owner_after_init,B:init@161>B:marker@276>B:IPE@954>B:abort_PFE,05:41:19.213:A:INIT:0>05:41:19.221:A:END_TXN:0>05:41:20.863:A:END_TXN:48>05:41:21.167:B:INIT:0>05:41:21.186:B:END_TXN:0>05:41:21.205:A2:INIT:0>05:41:21.862:B:END_TXN:90
138,no_check_after_init+fenced_checks_lease,116,98,125,126,258,101,245,overlap,InvalidTxnStateException,true,0,not_owner,0,1,0,0,done,4,0,true,false,0,0,0,0,0,A>MARKER(e6)>B,A2:init@101>A2:IPE@333>A2:abort_PFE>A2:not_owner,B:init@126>B:marker@258>B:ok101>B:ok102>B:ok103>B:ok104,05:41:22.616:A:INIT:0>05:41:22.635:A:END_TXN:0>05:41:24.363:A:END_TXN:48>05:41:24.628:A2:INIT:0>05:41:24.642:B:INIT:0>05:41:24.697:B:END_TXN:0>05:41:24.763:A2:END_TXN:90>05:41:25.338:B:END_TXN:0>05:41:25.377:B:END_TXN:0>05:41:25.446:B:END_TXN:0>05:41:25.607:B:END_TXN:0
139,check_after_init+fenced_checks_lease,176,74,295,297,411,80,295,a2_first,InvalidTxnStateException,true,0,not_owner_after_init,0,0,0,0,done,4,0,true,false,0,0,0,0,0,A>MARKER(e6)>B,A2:init@80>A2:not_owner_after_init,B:init@297>B:marker@413>B:ok101>B:ok102>B:ok103>B:ok104,05:41:26.450:A:INIT:0>05:41:26.470:A:END_TXN:0>05:41:28.199:A:END_TXN:48>05:41:28.450:A2:INIT:0>05:41:28.623:B:INIT:0>05:41:28.641:B:END_TXN:0>05:41:29.216:B:END_TXN:0>05:41:29.253:B:END_TXN:0>05:41:29.373:B:END_TXN:0>05:41:29.401:B:END_TXN:0
140,no_check_after_init+fenced_stops,48,218,51,54,171,223,344,b_first,InvalidTxnStateException,true,0,done,4,0,4,0,stopped_on_fence,0,1,true,true,0,0,0,0,4,A>MARKER(e6)>A2,A2:init@223>A2:ok101>A2:ok102>A2:ok103>A2:ok104,B:init@54>B:marker@171>B:IPE@714>B:abort_PFE,05:41:30.315:A:INIT:0>05:41:30.321:A:END_TXN:0>05:41:32.200:A:END_TXN:48>05:41:32.389:B:INIT:0>05:41:32.410:B:END_TXN:0>05:41:32.566:A2:INIT:0>05:41:32.965:B:END_TXN:90>05:41:33.103:A2:END_TXN:0>05:41:33.135:A2:END_TXN:0>05:41:33.167:A2:END_TXN:0>05:41:33.200:A2:END_TXN:0
141,check_after_init+fenced_stops,2,265,89,92,225,274,466,b_first,InvalidTxnStateException,true,0,not_owner_after_init,0,0,0,0,stopped_on_fence,0,1,true,true,0,0,0,0,0,A>MARKER(e6),A2:init@274>A2:not_owner_after_init,B:init@92>B:marker@230>B:IPE@918>B:abort_PFE,05:41:33.936:A:INIT:0>05:41:33.947:A:END_TXN:0>05:41:35.768:A:END_TXN:48>05:41:36.036:B:INIT:0>05:41:36.125:B:END_TXN:0>05:41:36.130:A2:INIT:0>05:41:36.622:B:END_TXN:90
142,no_check_after_init+fenced_checks_lease,148,261,149,151,284,264,379,overlap,InvalidTxnStateException,true,0,not_owner,1,1,1,1,done,3,1,true,false,0,0,0,0,1,A>MARKER(e6)>A2>B2,A2:init@264>A2:ok101>A2:IPE@947>A2:abort_PFE>A2:not_owner,B:init@151>B:marker@284>B:IPE@816>B:abort_PFE>B2:init@826>B2:ok102>B2:ok103>B2:ok104,05:41:37.608:A:INIT:0>05:41:37.618:A:END_TXN:0>05:41:39.528:A:END_TXN:48>05:41:39.822:B:INIT:0>05:41:39.838:B:END_TXN:0>05:41:39.919:A2:INIT:0>05:41:40.371:B:END_TXN:90>05:41:40.452:A2:END_TXN:0>05:41:40.544:B2:INIT:0>05:41:40.690:A2:END_TXN:90>05:41:41.350:B2:END_TXN:0>05:41:41.390:B2:END_TXN:0>05:41:41.423:B2:END_TXN:0
143,check_after_init+fenced_checks_lease,22,202,265,273,460,214,425,overlap,InvalidTxnStateException,true,0,not_owner_after_init,0,0,0,0,done,4,0,true,false,0,0,0,0,0,A>MARKER(e6)>B,A2:init@214>A2:not_owner_after_init,B:init@273>B:marker@465>B:ok101>B:ok102>B:ok103>B:ok104,05:41:42.480:A:INIT:0>05:41:42.497:A:END_TXN:0>05:41:44.068:A:END_TXN:48>05:41:44.632:A2:INIT:0>05:41:44.670:B:INIT:0>05:41:44.705:B:END_TXN:0>05:41:45.514:B:END_TXN:0>05:41:45.647:B:END_TXN:0>05:41:45.729:B:END_TXN:0>05:41:45.777:B:END_TXN:0
144,no_check_after_init+fenced_stops,112,291,118,120,237,309,661,b_first,InvalidTxnStateException,true,0,done,4,0,4,0,stopped_on_fence,0,1,true,true,0,0,0,0,4,A>MARKER(e6)>A2,A2:init@309>A2:ok101>A2:ok102>A2:ok103>A2:ok104,B:init@120>B:marker@237>B:IPE@982>B:abort_PFE,05:41:47.084:A:INIT:0>05:41:47.130:A:END_TXN:0>05:41:48.865:A:END_TXN:48>05:41:49.107:B:INIT:0>05:41:49.141:B:END_TXN:0>05:41:49.525:A2:INIT:0>05:41:49.865:B:END_TXN:90>05:41:50.140:A2:END_TXN:0>05:41:50.184:A2:END_TXN:0>05:41:50.273:A2:END_TXN:0>05:41:50.308:A2:END_TXN:0
145,check_after_init+fenced_stops,130,238,134,136,252,244,366,overlap,InvalidTxnStateException,true,0,not_owner_after_init,0,0,0,0,stopped_on_fence,0,1,true,true,0,0,0,0,0,A>MARKER(e6),A2:init@244>A2:not_owner_after_init,B:init@136>B:marker@254>B:IPE@790>B:abort_PFE,05:41:51.087:A:INIT:0>05:41:51.097:A:END_TXN:0>05:41:52.901:A:END_TXN:48>05:41:53.156:B:INIT:0>05:41:53.178:B:END_TXN:0>05:41:53.275:A2:INIT:0>05:41:53.703:B:END_TXN:90
146,no_check_after_init+fenced_checks_lease,164,344,170,171,285,350,468,b_first,InvalidTxnStateException,true,0,not_owner,0,1,0,1,done,3,1,true,false,0,0,0,0,0,A>MARKER(e6)>B2,A2:init@350>A2:IPE@985>A2:abort_PFE>A2:not_owner,B:init@171>B:marker@285>B:IPE@826>B:abort_PFE>B2:init@835>B2:ok101>B2:ok102>B2:ok103,05:41:54.656:A:INIT:0>05:41:54.698:A:END_TXN:0>05:41:56.407:A:END_TXN:48>05:41:56.695:B:INIT:0>05:41:56.708:B:END_TXN:0>05:41:56.878:A2:INIT:0>05:41:57.242:B:END_TXN:90>05:41:57.366:B2:INIT:0>05:41:57.407:A2:END_TXN:90>05:41:57.913:B2:END_TXN:0>05:41:57.943:B2:END_TXN:0>05:41:57.978:B2:END_TXN:0
147,check_after_init+fenced_checks_lease,87,185,89,90,205,190,316,overlap,InvalidTxnStateException,true,0,not_owner_after_init,0,0,0,1,done,3,1,true,false,0,0,0,0,0,A>MARKER(e6)>B2,A2:init@190>A2:not_owner_after_init,B:init@90>B:marker@206>B:IPE@741>B:abort_PFE>B2:init@749>B2:ok101>B2:ok102>B2:ok103,05:41:58.683:A:INIT:0>05:41:58.694:A:END_TXN:0>05:42:00.385:A:END_TXN:48>05:42:00.593:B:INIT:0>05:42:00.609:B:END_TXN:0>05:42:00.702:A2:INIT:0>05:42:01.135:B:END_TXN:90>05:42:01.251:B2:INIT:0>05:42:01.781:B2:END_TXN:0>05:42:01.810:B2:END_TXN:0>05:42:01.837:B2:END_TXN:0
148,no_check_after_init+fenced_stops,172,315,195,201,358,323,471,overlap,InvalidTxnStateException,true,0,done,4,0,4,0,stopped_on_fence,0,1,true,true,0,0,0,0,4,A>MARKER(e6)>A2,A2:init@323>A2:ok101>A2:ok102>A2:ok103>A2:ok104,B:init@201>B:marker@359>B:IPE@1318>B:abort_PFE,05:42:02.563:A:INIT:0>05:42:02.600:A:END_TXN:0>05:42:04.373:A:END_TXN:48>05:42:04.735:B:INIT:0>05:42:04.815:B:END_TXN:0>05:42:04.849:A2:INIT:0>05:42:05.746:B:END_TXN:90>05:42:05.828:A2:END_TXN:0>05:42:05.886:A2:END_TXN:0>05:42:05.975:A2:END_TXN:0>05:42:06.049:A2:END_TXN:0
149,check_after_init+fenced_stops,292,160,295,296,419,166,279,a2_first,InvalidTxnStateException,true,0,stopped_on_fence,0,1,0,0,done,4,0,true,false,0,0,0,0,0,A>MARKER(e6)>B,A2:init@166>A2:IPE@439>A2:abort_PFE,B:init@296>B:marker@421>B:ok101>B:ok102>B:ok103>B:ok104,05:42:06.876:A:INIT:0>05:42:06.888:A:END_TXN:0>05:42:08.899:A:END_TXN:48>05:42:09.182:A2:INIT:0>05:42:09.321:B:INIT:0>05:42:09.337:B:END_TXN:0>05:42:09.351:A2:END_TXN:90>05:42:09.875:B:END_TXN:0>05:42:09.908:B:END_TXN:0>05:42:09.942:B:END_TXN:0>05:42:09.974:B:END_TXN:0
150,no_check_after_init+fenced_checks_lease,291,189,300,306,468,225,379,overlap,InvalidTxnStateException,true,0,not_owner,0,1,0,0,done,4,0,true,false,0,0,0,0,0,A>MARKER(e6)>B,A2:init@225>A2:IPE@536>A2:abort_PFE>A2:not_owner,B:init@306>B:marker@468>B:ok101>B:ok102>B:ok103>B:ok104,05:42:10.698:A:INIT:0>05:42:10.706:A:END_TXN:0>05:42:12.662:A:END_TXN:48>05:42:13.172:A2:INIT:0>05:42:13.253:B:INIT:0>05:42:13.296:B:END_TXN:0>05:42:13.438:A2:END_TXN:90>05:42:14.058:B:END_TXN:0>05:42:14.128:B:END_TXN:0>05:42:14.190:B:END_TXN:0>05:42:14.247:B:END_TXN:0
151,check_after_init+fenced_checks_lease,264,104,274,277,442,119,274,a2_first,InvalidTxnStateException,true,0,not_owner_after_init,0,0,0,0,done,4,0,true,false,0,0,0,0,0,A>MARKER(e6)>B,A2:init@119>A2:not_owner_after_init,B:init@277>B:marker@445>B:ok101>B:ok102>B:ok103>B:ok104,05:42:15.525:A:INIT:0>05:42:15.568:A:END_TXN:0>05:42:17.413:A:END_TXN:48>05:42:17.737:A2:INIT:0>05:42:17.915:B:INIT:0>05:42:17.974:B:END_TXN:0>05:42:18.541:B:END_TXN:0>05:42:18.572:B:END_TXN:0>05:42:18.610:B:END_TXN:0>05:42:18.643:B:END_TXN:0
152,no_check_after_init+fenced_stops,273,250,277,279,397,255,373,overlap,InvalidTxnStateException,true,0,stopped_on_fence,0,1,0,0,done,4,0,true,false,0,0,0,0,0,A>MARKER(e6)>B,A2:init@255>A2:IPE@427>A2:abort_PFE,B:init@279>B:marker@397>B:ok101>B:ok102>B:ok103>B:ok104,05:42:19.404:A:INIT:0>05:42:19.443:A:END_TXN:0>05:42:21.370:A:END_TXN:48>05:42:21.746:A2:INIT:0>05:42:21.768:B:INIT:0>05:42:21.795:B:END_TXN:0>05:42:21.808:A2:END_TXN:90>05:42:22.326:B:END_TXN:0>05:42:22.357:B:END_TXN:0>05:42:22.386:B:END_TXN:0>05:42:22.417:B:END_TXN:0
153,check_after_init+fenced_stops,299,264,317,322,580,269,472,overlap,InvalidTxnStateException,true,0,not_owner_after_init,0,0,0,0,done,4,0,true,false,0,0,0,0,0,A>MARKER(e6)>B,A2:init@269>A2:not_owner_after_init,B:init@322>B:marker@581>B:ok101>B:ok102>B:ok103>B:ok104,05:42:23.134:A:INIT:0>05:42:23.142:A:END_TXN:0>05:42:24.879:A:END_TXN:48>05:42:25.356:B:INIT:51>05:42:25.356:A2:INIT:0>05:42:25.468:B:INIT:0>05:42:25.481:B:END_TXN:0>05:42:26.023:B:END_TXN:0>05:42:26.056:B:END_TXN:0>05:42:26.091:B:END_TXN:0>05:42:26.124:B:END_TXN:0
154,no_check_after_init+fenced_checks_lease,41,362,49,52,198,364,556,b_first,InvalidTxnStateException,true,0,not_owner,0,1,0,1,done,3,1,true,false,0,0,0,0,0,A>MARKER(e6)>B2,A2:init@364>A2:IPE@1109>A2:abort_PFE>A2:not_owner,B:init@52>B:marker@198>B:IPE@809>B:abort_PFE>B2:init@837>B2:ok101>B2:ok102>B2:ok103,05:42:26.991:A:INIT:0>05:42:27.016:A:END_TXN:0>05:42:28.904:A:END_TXN:48>05:42:29.096:B:INIT:0>05:42:29.133:B:END_TXN:0>05:42:29.414:A2:INIT:0>05:42:29.732:B:END_TXN:90>05:42:29.863:B2:INIT:0>05:42:30.045:A2:END_TXN:90>05:42:30.481:B2:END_TXN:0>05:42:30.509:B2:END_TXN:0>05:42:30.540:B2:END_TXN:0
155,check_after_init+fenced_checks_lease,4,301,9,13,128,307,424,b_first,InvalidTxnStateException,true,0,not_owner_after_init,0,0,0,1,done,3,1,true,false,0,0,0,0,0,A>MARKER(e6)>B2,A2:init@307>A2:not_owner_after_init,B:init@13>B:marker@128>B:IPE@655>B:abort_PFE>B2:init@663>B2:ok101>B2:ok102>B2:ok103,05:42:31.275:A:INIT:0>05:42:31.287:A:END_TXN:0>05:42:32.913:A:END_TXN:48>05:42:33.044:B:INIT:0>05:42:33.057:B:END_TXN:0>05:42:33.340:A2:INIT:0>05:42:33.576:B:END_TXN:90>05:42:33.692:B2:INIT:0>05:42:34.220:B2:END_TXN:0>05:42:34.256:B2:END_TXN:0>05:42:34.297:B2:END_TXN:0
156,no_check_after_init+fenced_stops,69,94,77,78,197,99,215,overlap,InvalidTxnStateException,true,0,done,4,0,4,0,stopped_on_fence,0,1,true,true,0,0,0,0,4,A>MARKER(e6)>A2,A2:init@99>A2:ok101>A2:ok102>A2:ok103>A2:ok104,B:init@78>B:marker@197>B:IPE@734>B:abort_PFE,05:42:35.082:A:INIT:0>05:42:35.101:A:END_TXN:0>05:42:36.883:A:END_TXN:48>05:42:37.081:B:INIT:0>05:42:37.097:B:END_TXN:0>05:42:37.099:A2:INIT:0>05:42:37.627:B:END_TXN:90>05:42:37.630:A2:END_TXN:0>05:42:37.659:A2:END_TXN:0>05:42:37.698:A2:END_TXN:0>05:42:37.734:A2:END_TXN:0
157,check_after_init+fenced_stops,85,71,91,92,207,77,201,overlap,InvalidTxnStateException,true,0,not_owner_after_init,0,0,0,0,done,4,0,true,false,0,0,0,0,0,A>MARKER(e6)>B,A2:init@77>A2:not_owner_after_init,B:init@92>B:marker@208>B:ok101>B:ok102>B:ok103>B:ok104,05:42:38.507:A:INIT:0>05:42:38.513:A:END_TXN:0>05:42:40.398:A:END_TXN:48>05:42:40.611:A2:INIT:0>05:42:40.617:B:INIT:0>05:42:40.633:B:END_TXN:0>05:42:41.167:B:END_TXN:0>05:42:41.194:B:END_TXN:0>05:42:41.224:B:END_TXN:0>05:42:41.252:B:END_TXN:0
158,no_check_after_init+fenced_checks_lease,227,313,233,234,348,319,515,overlap,InvalidTxnStateException,true,0,done,4,0,4,1,done,3,1,true,false,0,0,0,0,4,A>MARKER(e6)>A2>B2,A2:init@319>A2:ok101>A2:ok102>A2:ok103>A2:ok104,B:init@234>B:marker@348>B:IPE@1108>B:abort_PFE>B2:init@1179>B2:ok105>B2:ok106>B2:ok107,05:42:41.995:A:INIT:0>05:42:42.003:A:END_TXN:0>05:42:43.898:A:END_TXN:48>05:42:44.248:B:INIT:0>05:42:44.270:B:END_TXN:0>05:42:44.416:A2:INIT:0>05:42:45.033:B:END_TXN:90>05:42:45.035:A2:END_TXN:0>05:42:45.081:A2:END_TXN:0>05:42:45.170:A2:END_TXN:0>05:42:45.209:A2:END_TXN:0>05:42:45.290:B2:INIT:0>05:42:45.893:B2:END_TXN:0>05:42:45.925:B2:END_TXN:0>05:42:45.952:B2:END_TXN:0
159,check_after_init+fenced_checks_lease,191,310,196,198,312,315,431,b_first,InvalidTxnStateException,true,0,not_owner_after_init,0,0,0,1,done,3,1,true,false,0,0,0,0,0,A>MARKER(e6)>B2,A2:init@315>A2:not_owner_after_init,B:init@198>B:marker@313>B:IPE@850>B:abort_PFE>B2:init@865>B2:ok101>B2:ok102>B2:ok103,05:42:46.839:A:INIT:0>05:42:46.859:A:END_TXN:0>05:42:48.908:A:END_TXN:48>05:42:49.229:B:INIT:0>05:42:49.243:B:END_TXN:0>05:42:49.348:A2:INIT:0>05:42:49.777:B:END_TXN:90>05:42:49.897:B2:INIT:0>05:42:50.452:B2:END_TXN:0>05:42:50.482:B2:END_TXN:0>05:42:50.514:B2:END_TXN:0
160,no_check_after_init+fenced_stops,77,212,83,84,198,215,332,b_first,InvalidTxnStateException,true,0,done,4,0,4,0,stopped_on_fence,0,1,true,true,0,0,0,0,4,A>MARKER(e6)>A2,A2:init@215>A2:ok101>A2:ok102>A2:ok103>A2:ok104,B:init@84>B:marker@198>B:IPE@733>B:abort_PFE,05:42:51.247:A:INIT:0>05:42:51.253:A:END_TXN:0>05:42:52.878:A:END_TXN:48>05:42:53.078:B:INIT:0>05:42:53.095:B:END_TXN:0>05:42:53.213:A2:INIT:0>05:42:53.618:B:END_TXN:90>05:42:53.741:A2:END_TXN:0>05:42:53.766:A2:END_TXN:0>05:42:53.791:A2:END_TXN:0>05:42:53.818:A2:END_TXN:0
161,check_after_init+fenced_stops,156,223,163,164,308,229,346,overlap,InvalidTxnStateException,true,0,not_owner_after_init,0,0,0,0,stopped_on_fence,0,1,true,true,0,0,0,0,0,A>MARKER(e6),A2:init@229>A2:not_owner_after_init,B:init@164>B:marker@309>B:IPE@843>B:abort_PFE,05:42:54.720:A:INIT:0>05:42:54.923:A:END_TXN:0>05:42:56.900:A:END_TXN:48>05:42:57.212:B:INIT:0>05:42:57.226:B:END_TXN:0>05:42:57.248:A2:INIT:0>05:42:57.752:B:END_TXN:90
162,no_check_after_init+fenced_checks_lease,160,382,169,170,295,388,509,b_first,InvalidTxnStateException,true,0,not_owner,0,1,0,1,done,3,1,true,false,0,0,0,0,0,A>MARKER(e6)>B2,A2:init@388>A2:IPE@1026>A2:abort_PFE>A2:not_owner,B:init@170>B:marker@295>B:IPE@870>B:abort_PFE>B2:init@877>B2:ok101>B2:ok102>B2:ok103,05:42:58.457:A:INIT:0>05:42:58.471:A:END_TXN:0>05:43:00.414:A:END_TXN:48>05:43:00.713:B:INIT:0>05:43:00.731:B:END_TXN:0>05:43:00.928:A2:INIT:0>05:43:01.293:B:END_TXN:90>05:43:01.407:B2:INIT:0>05:43:01.454:A2:END_TXN:90>05:43:02.010:B2:END_TXN:0>05:43:02.054:B2:END_TXN:0>05:43:02.087:B2:END_TXN:0
163,check_after_init+fenced_checks_lease,197,63,204,208,352,102,233,overlap,InvalidTxnStateException,true,0,not_owner_after_init,0,0,0,0,done,4,0,true,false,0,0,0,0,0,A>MARKER(e6)>B,A2:init@102>A2:not_owner_after_init,B:init@208>B:marker@357>B:ok101>B:ok102>B:ok103>B:ok104,05:43:02.868:A:INIT:0>05:43:02.880:A:END_TXN:0>05:43:04.937:A:END_TXN:48>05:43:05.180:A2:INIT:0>05:43:05.292:B:INIT:0>05:43:05.341:B:END_TXN:0>05:43:06.062:B:END_TXN:0>05:43:06.094:B:END_TXN:0>05:43:06.127:B:END_TXN:0>05:43:06.193:B:END_TXN:0
164,no_check_after_init+fenced_stops,61,139,68,70,197,144,260,overlap,InvalidTxnStateException,true,0,done,4,0,4,0,stopped_on_fence,0,1,true,true,0,0,0,0,4,A>MARKER(e6)>A2,A2:init@144>A2:ok101>A2:ok102>A2:ok103>A2:ok104,B:init@70>B:marker@197>B:IPE@730>B:abort_PFE,05:43:06.927:A:INIT:0>05:43:06.935:A:END_TXN:0>05:43:08.905:A:END_TXN:48>05:43:09.106:B:INIT:0>05:43:09.117:B:END_TXN:0>05:43:09.169:A2:INIT:0>05:43:09.642:B:END_TXN:90>05:43:09.688:A2:END_TXN:0>05:43:09.714:A2:END_TXN:0>05:43:09.743:A2:END_TXN:0>05:43:09.773:A2:END_TXN:0
165,check_after_init+fenced_stops,273,125,279,281,404,132,249,a2_first,InvalidTxnStateException,true,0,stopped_on_fence,0,1,0,0,done,4,0,true,false,0,0,0,0,0,A>MARKER(e6)>B,A2:init@132>A2:IPE@452>A2:abort_PFE,B:init@281>B:marker@411>B:ok101>B:ok102>B:ok103>B:ok104,05:43:10.499:A:INIT:0>05:43:10.514:A:END_TXN:0>05:43:12.409:A:END_TXN:48>05:43:12.661:A2:INIT:0>05:43:12.815:B:INIT:0>05:43:12.848:B:END_TXN:0>05:43:12.883:A2:END_TXN:90>05:43:13.403:B:END_TXN:0>05:43:13.435:B:END_TXN:0>05:43:13.466:B:END_TXN:0>05:43:13.497:B:END_TXN:0
166,no_check_after_init+fenced_checks_lease,297,150,300,302,433,156,273,a2_first,InvalidTxnStateException,true,0,not_owner,0,1,0,0,done,4,0,true,false,0,0,0,0,0,A>MARKER(e6)>B,A2:init@156>A2:IPE@470>A2:abort_PFE>A2:not_owner,B:init@302>B:marker@433>B:ok101>B:ok102>B:ok103>B:ok104,05:43:14.236:A:INIT:0>05:43:14.247:A:END_TXN:0>05:43:15.886:A:END_TXN:48>05:43:16.160:A2:INIT:0>05:43:16.318:B:INIT:0>05:43:16.350:B:END_TXN:0>05:43:16.367:A2:END_TXN:90>05:43:16.886:B:END_TXN:0>05:43:16.914:B:END_TXN:0>05:43:16.950:B:END_TXN:0>05:43:16.984:B:END_TXN:0
167,check_after_init+fenced_checks_lease,296,81,305,308,437,87,204,a2_first,InvalidTxnStateException,true,0,not_owner,0,1,0,0,done,4,0,true,false,0,0,0,0,0,A>MARKER(e6)>B,A2:init@87>A2:IPE@463>A2:abort_PFE>A2:not_owner,B:init@308>B:marker@439>B:ok101>B:ok102>B:ok103>B:ok104,05:43:17.738:A:INIT:0>05:43:17.742:A:END_TXN:0>05:43:19.396:A:END_TXN:48>05:43:19.603:A2:INIT:0>05:43:19.836:B:INIT:0>05:43:19.858:B:END_TXN:0>05:43:19.868:A2:END_TXN:90>05:43:20.388:B:END_TXN:0>05:43:20.415:B:END_TXN:0>05:43:20.448:B:END_TXN:0>05:43:20.480:B:END_TXN:0
168,no_check_after_init+fenced_stops,254,41,258,260,389,47,161,a2_first,InvalidTxnStateException,true,0,stopped_on_fence,0,1,0,0,done,4,0,true,false,0,0,0,0,0,A>MARKER(e6)>B,A2:init@47>A2:IPE@405>A2:abort_PFE,B:init@260>B:marker@389>B:ok101>B:ok102>B:ok103>B:ok104,05:43:21.196:A:INIT:0>05:43:21.204:A:END_TXN:0>05:43:22.905:A:END_TXN:48>05:43:23.069:A2:INIT:0>05:43:23.287:B:INIT:0>05:43:23.310:B:END_TXN:0>05:43:23.319:A2:END_TXN:90>05:43:23.841:B:END_TXN:0>05:43:23.875:B:END_TXN:0>05:43:23.919:B:END_TXN:0>05:43:23.949:B:END_TXN:0
169,check_after_init+fenced_stops,282,204,289,290,415,205,325,overlap,InvalidTxnStateException,true,0,not_owner_after_init,0,0,0,0,done,4,0,true,false,0,0,0,0,0,A>MARKER(e6)>B,A2:init@205>A2:not_owner_after_init,B:init@290>B:marker@416>B:ok101>B:ok102>B:ok103>B:ok104,05:43:24.697:A:INIT:0>05:43:24.708:A:END_TXN:0>05:43:26.379:A:END_TXN:48>05:43:26.708:A2:INIT:0>05:43:26.797:B:INIT:0>05:43:26.812:B:END_TXN:0>05:43:27.347:B:END_TXN:0>05:43:27.382:B:END_TXN:0>05:43:27.409:B:END_TXN:0>05:43:27.440:B:END_TXN:0
170,no_check_after_init+fenced_checks_lease,175,161,176,177,296,163,276,overlap,InvalidTxnStateException,true,0,not_owner,0,1,0,0,done,4,0,true,false,0,0,0,0,0,A>MARKER(e6)>B,A2:init@163>A2:IPE@314>A2:abort_PFE>A2:not_owner,B:init@177>B:marker@296>B:ok101>B:ok102>B:ok103>B:ok104,05:43:28.149:A:INIT:0>05:43:28.167:A:END_TXN:0>05:43:29.879:A:END_TXN:48>05:43:30.158:A2:INIT:0>05:43:30.178:B:INIT:0>05:43:30.194:B:END_TXN:0>05:43:30.202:A2:END_TXN:90>05:43:30.727:B:END_TXN:0>05:43:30.760:B:END_TXN:0>05:43:30.794:B:END_TXN:0>05:43:30.825:B:END_TXN:0
171,check_after_init+fenced_checks_lease,190,303,195,196,311,308,426,overlap,InvalidTxnStateException,true,0,not_owner_after_init,0,0,0,1,done,3,1,true,false,0,0,0,0,0,A>MARKER(e6)>B2,A2:init@308>A2:not_owner_after_init,B:init@196>B:marker@312>B:IPE@841>B:abort_PFE>B2:init@855>B2:ok101>B2:ok102>B2:ok103,05:43:31.550:A:INIT:0>05:43:31.558:A:END_TXN:0>05:43:33.400:A:END_TXN:48>05:43:33.714:B:INIT:0>05:43:33.728:B:END_TXN:0>05:43:33.828:A2:INIT:0>05:43:34.250:B:END_TXN:90>05:43:34.376:B2:INIT:0>05:43:34.925:B2:END_TXN:0>05:43:34.956:B2:END_TXN:0>05:43:34.989:B2:END_TXN:0
172,no_check_after_init+fenced_stops,84,277,89,90,205,279,393,b_first,InvalidTxnStateException,true,0,done,4,0,4,0,stopped_on_fence,0,1,true,true,0,0,0,0,4,A>MARKER(e6)>A2,A2:init@279>A2:ok101>A2:ok102>A2:ok103>A2:ok104,B:init@90>B:marker@205>B:IPE@736>B:abort_PFE,05:43:35.721:A:INIT:0>05:43:35.728:A:END_TXN:0>05:43:37.399:A:END_TXN:48>05:43:37.608:B:INIT:0>05:43:37.622:B:END_TXN:0>05:43:37.796:A2:INIT:0>05:43:38.144:B:END_TXN:90>05:43:38.323:A2:END_TXN:0>05:43:38.354:A2:END_TXN:0>05:43:38.384:A2:END_TXN:0>05:43:38.414:A2:END_TXN:0
173,check_after_init+fenced_stops,193,49,197,198,307,55,164,a2_first,InvalidTxnStateException,true,0,stopped_on_fence,0,1,0,0,done,4,0,true,false,0,0,0,0,0,A>MARKER(e6)>B,A2:init@55>A2:IPE@328>A2:abort_PFE,B:init@198>B:marker@309>B:ok101>B:ok102>B:ok103>B:ok104,05:43:39.131:A:INIT:0>05:43:39.138:A:END_TXN:0>05:43:40.905:A:END_TXN:48>05:43:41.073:A2:INIT:0>05:43:41.215:B:INIT:0>05:43:41.232:B:END_TXN:0>05:43:41.242:A2:END_TXN:90>05:43:41.759:B:END_TXN:0>05:43:41.792:B:END_TXN:0>05:43:41.818:B:END_TXN:0>05:43:41.843:B:END_TXN:0
174,no_check_after_init+fenced_checks_lease,148,132,155,157,288,138,283,overlap,InvalidTxnStateException,true,0,not_owner,0,1,0,0,done,4,0,true,false,0,0,0,0,0,A>MARKER(e6)>B,A2:init@138>A2:IPE@308>A2:abort_PFE>A2:not_owner,B:init@157>B:marker@288>B:ok101>B:ok102>B:ok103>B:ok104,05:43:42.553:A:INIT:0>05:43:42.560:A:END_TXN:0>05:43:44.413:A:END_TXN:48>05:43:44.706:A2:INIT:0>05:43:44.712:B:INIT:0>05:43:44.727:B:END_TXN:0>05:43:44.737:A2:END_TXN:90>05:43:45.279:B:END_TXN:0>05:43:45.311:B:END_TXN:0>05:43:45.361:B:END_TXN:0>05:43:45.391:B:END_TXN:0
175,check_after_init+fenced_checks_lease,82,95,87,94,214,102,229,overlap,InvalidTxnStateException,true,0,not_owner_after_init,0,0,0,1,done,3,0,true,false,0,0,0,0,0,A>MARKER(e6)>B2,A2:init@102>A2:not_owner_after_init,B:init@94>B:IPE@216>B:abort_PFE>B2:init@242>B2:marker@365>B2:ok101>B2:ok102>B2:ok103,05:43:46.130:A:INIT:0>05:43:46.148:A:END_TXN:0>05:43:47.913:A:END_TXN:48>05:43:48.130:B:INIT:0>05:43:48.145:A2:INIT:0>05:43:48.157:B:END_TXN:90>05:43:48.281:B2:INIT:0>05:43:48.298:B2:END_TXN:0>05:43:48.846:B2:END_TXN:0>05:43:48.877:B2:END_TXN:0>05:43:48.912:B2:END_TXN:0
176,no_check_after_init+fenced_stops,264,244,265,266,378,251,366,overlap,InvalidTxnStateException,true,0,stopped_on_fence,0,1,0,0,done,4,0,true,false,0,0,0,0,0,A>MARKER(e6)>B,A2:init@251>A2:IPE@395>A2:abort_PFE,B:init@266>B:marker@378>B:ok101>B:ok102>B:ok103>B:ok104,05:43:49.637:A:INIT:0>05:43:49.652:A:END_TXN:0>05:43:51.417:A:END_TXN:48>05:43:51.789:A2:INIT:0>05:43:51.801:B:INIT:0>05:43:51.815:B:END_TXN:0>05:43:51.826:A2:END_TXN:90>05:43:52.337:B:END_TXN:0>05:43:52.369:B:END_TXN:0>05:43:52.402:B:END_TXN:0>05:43:52.435:B:END_TXN:0
177,check_after_init+fenced_stops,275,242,283,287,407,244,379,overlap,InvalidTxnStateException,true,0,not_owner_after_init,0,0,0,0,done,4,0,true,false,0,0,0,0,0,A>MARKER(e6)>B,A2:init@244>A2:not_owner_after_init,B:init@287>B:marker@409>B:ok101>B:ok102>B:ok103>B:ok104,05:43:53.157:A:INIT:0>05:43:53.164:A:END_TXN:0>05:43:54.870:A:END_TXN:48>05:43:55.241:A2:INIT:0>05:43:55.280:B:INIT:0>05:43:55.296:B:END_TXN:0>05:43:55.821:B:END_TXN:0>05:43:55.848:B:END_TXN:0>05:43:55.880:B:END_TXN:0>05:43:55.912:B:END_TXN:0
178,no_check_after_init+fenced_checks_lease,209,42,210,211,323,48,163,a2_first,InvalidTxnStateException,true,0,not_owner,0,1,0,0,done,4,0,true,false,0,0,0,0,0,A>MARKER(e6)>B,A2:init@48>A2:IPE@335>A2:abort_PFE>A2:not_owner,B:init@211>B:marker@323>B:ok101>B:ok102>B:ok103>B:ok104,05:43:56.638:A:INIT:0>05:43:56.644:A:END_TXN:0>05:43:58.416:A:END_TXN:48>05:43:58.583:A2:INIT:0>05:43:58.743:B:INIT:0>05:43:58.754:B:END_TXN:0>05:43:58.759:A2:END_TXN:90>05:43:59.271:B:END_TXN:0>05:43:59.304:B:END_TXN:0>05:43:59.337:B:END_TXN:0>05:43:59.366:B:END_TXN:0
179,check_after_init+fenced_checks_lease,6,73,13,14,126,78,192,overlap,InvalidTxnStateException,true,0,not_owner_after_init,0,0,0,1,done,3,1,true,false,0,0,0,0,0,A>MARKER(e6)>B2,A2:init@78>A2:not_owner_after_init,B:init@14>B:marker@127>B:IPE@658>B:abort_PFE>B2:init@667>B2:ok101>B2:ok102>B2:ok103,05:44:00.092:A:INIT:0>05:44:00.104:A:END_TXN:0>05:44:01.910:A:END_TXN:48>05:44:02.039:B:INIT:0>05:44:02.053:B:END_TXN:0>05:44:02.105:A2:INIT:0>05:44:02.576:B:END_TXN:90>05:44:02.690:B2:INIT:0>05:44:03.212:B2:END_TXN:0>05:44:03.244:B2:END_TXN:0>05:44:03.274:B2:END_TXN:0
180,no_check_after_init+fenced_stops,70,161,77,78,195,167,282,overlap,InvalidTxnStateException,true,0,done,4,0,4,0,stopped_on_fence,0,1,true,true,0,0,0,0,4,A>MARKER(e6)>A2,A2:init@167>A2:ok101>A2:ok102>A2:ok103>A2:ok104,B:init@78>B:marker@195>B:IPE@733>B:abort_PFE,05:44:03.989:A:INIT:0>05:44:03.994:A:END_TXN:0>05:44:05.887:A:END_TXN:48>05:44:06.084:B:INIT:0>05:44:06.101:B:END_TXN:0>05:44:06.171:A2:INIT:0>05:44:06.628:B:END_TXN:90>05:44:06.694:A2:END_TXN:0>05:44:06.723:A2:END_TXN:0>05:44:06.754:A2:END_TXN:0>05:44:06.785:A2:END_TXN:0
181,check_after_init+fenced_stops,217,154,224,224,338,155,271,overlap,InvalidTxnStateException,true,0,not_owner_after_init,0,0,0,0,done,4,0,true,false,0,0,0,0,0,A>MARKER(e6)>B,A2:init@155>A2:not_owner_after_init,B:init@224>B:marker@339>B:ok101>B:ok102>B:ok103>B:ok104,05:44:07.496:A:INIT:0>05:44:07.504:A:END_TXN:0>05:44:09.399:A:END_TXN:48>05:44:09.673:A2:INIT:0>05:44:09.740:B:INIT:0>05:44:09.754:B:END_TXN:0>05:44:10.278:B:END_TXN:0>05:44:10.308:B:END_TXN:0>05:44:10.335:B:END_TXN:0>05:44:10.366:B:END_TXN:0
182,no_check_after_init+fenced_checks_lease,72,248,77,78,192,253,365,b_first,InvalidTxnStateException,true,0,not_owner,0,1,0,1,done,3,1,true,false,0,0,0,0,0,A>MARKER(e6)>B2,A2:init@253>A2:IPE@887>A2:abort_PFE>A2:not_owner,B:init@78>B:marker@192>B:IPE@714>B:abort_PFE>B2:init@721>B2:ok101>B2:ok102>B2:ok103,05:44:11.092:A:INIT:0>05:44:11.101:A:END_TXN:0>05:44:12.920:A:END_TXN:48>05:44:13.114:B:INIT:0>05:44:13.124:B:END_TXN:0>05:44:13.286:A2:INIT:0>05:44:13.640:B:END_TXN:90>05:44:13.754:B2:INIT:0>05:44:13.826:A2:END_TXN:90>05:44:14.290:B2:END_TXN:0>05:44:14.321:B2:END_TXN:0>05:44:14.355:B2:END_TXN:0
183,check_after_init+fenced_checks_lease,89,71,96,97,215,75,192,overlap,InvalidTxnStateException,true,0,not_owner_after_init,0,0,0,0,done,4,0,true,false,0,0,0,0,0,A>MARKER(e6)>B,A2:init@75>A2:not_owner_after_init,B:init@97>B:marker@216>B:ok101>B:ok102>B:ok103>B:ok104,05:44:15.159:A:INIT:0>05:44:15.173:A:END_TXN:0>05:44:16.918:A:END_TXN:48>05:44:17.112:A2:INIT:0>05:44:17.136:B:INIT:0>05:44:17.150:B:END_TXN:0>05:44:17.676:B:END_TXN:0>05:44:17.706:B:END_TXN:0>05:44:17.733:B:END_TXN:0>05:44:17.764:B:END_TXN:0
184,no_check_after_init+fenced_stops,2,357,8,9,121,359,478,b_first,InvalidTxnStateException,true,0,done,4,0,4,0,stopped_on_fence,0,1,true,true,0,0,0,0,4,A>MARKER(e6)>A2,A2:init@359>A2:ok101>A2:ok102>A2:ok103>A2:ok104,B:init@9>B:marker@121>B:IPE@653>B:abort_PFE,05:44:18.490:A:INIT:0>05:44:18.498:A:END_TXN:0>05:44:20.386:A:END_TXN:48>05:44:20.509:B:INIT:0>05:44:20.522:B:END_TXN:0>05:44:20.862:A2:INIT:0>05:44:21.045:B:END_TXN:90>05:44:21.392:A2:END_TXN:0>05:44:21.423:A2:END_TXN:0>05:44:21.452:A2:END_TXN:0>05:44:21.482:A2:END_TXN:0
185,check_after_init+fenced_stops,64,105,72,73,192,110,222,overlap,InvalidTxnStateException,true,0,not_owner_after_init,0,0,0,0,stopped_on_fence,0,1,true,true,0,0,0,0,0,A>MARKER(e6),A2:init@110>A2:not_owner_after_init,B:init@73>B:marker@193>B:IPE@721>B:abort_PFE,05:44:22.181:A:INIT:0>05:44:22.188:A:END_TXN:0>05:44:23.903:A:END_TXN:48>05:44:24.098:B:INIT:0>05:44:24.112:B:END_TXN:0>05:44:24.129:A2:INIT:0>05:44:24.635:B:END_TXN:90
186,no_check_after_init+fenced_checks_lease,239,13,240,243,363,16,132,a2_first,InvalidTxnStateException,true,0,not_owner,0,1,0,0,done,4,0,true,false,0,0,0,0,0,A>MARKER(e6)>B,A2:init@16>A2:IPE@387>A2:abort_PFE>A2:not_owner,B:init@243>B:marker@363>B:ok101>B:ok102>B:ok103>B:ok104,05:44:25.326:A:INIT:0>05:44:25.336:A:END_TXN:0>05:44:26.886:A:END_TXN:48>05:44:27.022:A2:INIT:0>05:44:27.253:B:INIT:0>05:44:27.273:B:END_TXN:0>05:44:27.287:A2:END_TXN:90>05:44:27.811:B:END_TXN:0>05:44:27.844:B:END_TXN:0>05:44:27.875:B:END_TXN:0>05:44:27.908:B:END_TXN:0
187,check_after_init+fenced_checks_lease,17,116,22,24,141,121,249,overlap,InvalidTxnStateException,true,0,not_owner_after_init,0,0,0,1,done,3,1,true,false,0,0,0,0,0,A>MARKER(e6)>B2,A2:init@121>A2:not_owner_after_init,B:init@24>B:marker@142>B:IPE@669>B:abort_PFE>B2:init@678>B2:ok101>B2:ok102>B2:ok103,05:44:28.633:A:INIT:0>05:44:28.646:A:END_TXN:0>05:44:30.372:A:END_TXN:48>05:44:30.516:B:INIT:0>05:44:30.531:B:END_TXN:0>05:44:30.624:A2:INIT:0>05:44:31.051:B:END_TXN:90>05:44:31.171:B2:INIT:0>05:44:31.706:B2:END_TXN:0>05:44:31.742:B2:END_TXN:0>05:44:31.778:B2:END_TXN:0
188,no_check_after_init+fenced_stops,17,323,45,46,169,329,443,b_first,InvalidTxnStateException,true,0,done,4,0,4,0,stopped_on_fence,0,1,true,true,0,0,0,0,4,A>MARKER(e6)>A2,A2:init@329>A2:ok101>A2:ok102>A2:ok103>A2:ok104,B:init@46>B:marker@169>B:IPE@829>B:abort_PFE,05:44:32.502:A:INIT:0>05:44:32.510:A:END_TXN:0>05:44:34.471:A:END_TXN:48>05:44:34.666:B:INIT:0>05:44:34.679:B:END_TXN:0>05:44:34.940:A2:INIT:0>05:44:35.336:B:END_TXN:90>05:44:35.478:A2:END_TXN:0>05:44:35.508:A2:END_TXN:0>05:44:35.539:A2:END_TXN:0>05:44:35.577:A2:END_TXN:0
189,check_after_init+fenced_stops,29,378,30,31,143,383,495,b_first,InvalidTxnStateException,true,0,not_owner_after_init,0,0,0,0,stopped_on_fence,0,1,true,true,0,0,0,0,0,A>MARKER(e6),A2:init@383>A2:not_owner_after_init,B:init@31>B:marker@143>B:IPE@676>B:abort_PFE,05:44:36.893:A:INIT:0>05:44:36.978:A:END_TXN:0>05:44:38.909:A:END_TXN:48>05:44:39.057:B:INIT:0>05:44:39.071:B:END_TXN:0>05:44:39.409:A2:INIT:0>05:44:39.595:B:END_TXN:90
190,no_check_after_init+fenced_checks_lease,276,376,277,279,402,378,507,overlap,InvalidTxnStateException,true,0,done,4,0,4,1,done,3,1,true,false,0,0,0,0,4,A>MARKER(e6)>A2>B2,A2:init@378>A2:ok101>A2:ok102>A2:ok103>A2:ok104,B:init@279>B:marker@402>B:IPE@960>B:abort_PFE>B2:init@984>B2:ok105>B2:ok106>B2:ok107,05:44:40.289:A:INIT:0>05:44:40.300:A:END_TXN:0>05:44:41.887:A:END_TXN:48>05:44:42.358:B:INIT:0>05:44:42.377:B:END_TXN:0>05:44:42.465:A2:INIT:0>05:44:42.924:B:END_TXN:90>05:44:43.007:A2:END_TXN:0>05:44:43.039:A2:END_TXN:0>05:44:43.069:B2:INIT:51>05:44:43.069:A2:END_TXN:0>05:44:43.102:A2:END_TXN:0>05:44:43.174:B2:INIT:0>05:44:43.724:B2:END_TXN:0>05:44:43.755:B2:END_TXN:0>05:44:43.787:B2:END_TXN:0
191,check_after_init+fenced_checks_lease,218,118,224,226,348,125,244,overlap,InvalidTxnStateException,true,0,not_owner_after_init,0,0,0,0,done,4,0,true,false,0,0,0,0,0,A>MARKER(e6)>B,A2:init@125>A2:not_owner_after_init,B:init@226>B:marker@349>B:ok101>B:ok102>B:ok103>B:ok104,05:44:44.769:A:INIT:0>05:44:44.858:A:END_TXN:0>05:44:46.924:A:END_TXN:48>05:44:47.171:A2:INIT:0>05:44:47.277:B:INIT:0>05:44:47.294:B:END_TXN:0>05:44:47.830:B:END_TXN:0>05:44:47.861:B:END_TXN:0>05:44:47.897:B:END_TXN:0>05:44:47.937:B:END_TXN:0
192,no_check_after_init+fenced_stops,72,298,76,77,189,300,412,b_first,InvalidTxnStateException,true,0,done,4,0,4,0,stopped_on_fence,0,1,true,true,0,0,0,0,4,A>MARKER(e6)>A2,A2:init@300>A2:ok101>A2:ok102>A2:ok103>A2:ok104,B:init@77>B:marker@189>B:IPE@736>B:abort_PFE,05:44:48.663:A:INIT:0>05:44:48.670:A:END_TXN:0>05:44:50.413:A:END_TXN:48>05:44:50.605:B:INIT:0>05:44:50.620:B:END_TXN:0>05:44:50.828:A2:INIT:0>05:44:51.158:B:END_TXN:90>05:44:51.361:A2:END_TXN:0>05:44:51.389:A2:END_TXN:0>05:44:51.420:A2:END_TXN:0>05:44:51.449:A2:END_TXN:0
193,check_after_init+fenced_stops,259,59,268,269,382,62,183,a2_first,InvalidTxnStateException,true,0,stopped_on_fence,0,1,0,0,done,4,0,true,false,0,0,0,0,0,A>MARKER(e6)>B,A2:init@62>A2:IPE@421>A2:abort_PFE,B:init@269>B:marker@384>B:ok101>B:ok102>B:ok103>B:ok104,05:44:52.168:A:INIT:0>05:44:52.176:A:END_TXN:0>05:44:53.908:A:END_TXN:48>05:44:54.094:A2:INIT:0>05:44:54.293:B:INIT:0>05:44:54.322:B:END_TXN:0>05:44:54.375:A2:END_TXN:90>05:44:54.933:B:END_TXN:0>05:44:54.980:B:END_TXN:0>05:44:55.031:B:END_TXN:0>05:44:55.080:B:END_TXN:0
194,no_check_after_init+fenced_checks_lease,186,174,192,193,422,180,316,overlap,InvalidTxnStateException,true,0,not_owner,0,1,0,0,done,4,0,true,false,0,0,0,0,0,A>MARKER(e6)>B,A2:init@180>A2:IPE@440>A2:abort_PFE>A2:not_owner,B:init@193>B:marker@422>B:ok101>B:ok102>B:ok103>B:ok104,05:44:56.006:A:INIT:0>05:44:56.045:A:END_TXN:0>05:44:57.766:A:END_TXN:48>05:44:58.080:B:INIT:51>05:44:58.080:A2:INIT:0>05:44:58.192:B:INIT:0>05:44:58.206:B:END_TXN:0>05:44:58.218:A2:END_TXN:90>05:44:58.741:B:END_TXN:0>05:44:58.772:B:END_TXN:0>05:44:58.804:B:END_TXN:0>05:44:58.836:B:END_TXN:0
195,check_after_init+fenced_checks_lease,184,149,193,194,313,152,269,overlap,InvalidTxnStateException,true,0,not_owner_after_init,0,0,0,0,done,4,0,true,false,0,0,0,0,0,A>MARKER(e6)>B,A2:init@152>A2:not_owner_after_init,B:init@194>B:marker@314>B:ok101>B:ok102>B:ok103>B:ok104,05:44:59.551:A:INIT:0>05:44:59.558:A:END_TXN:0>05:45:01.274:A:END_TXN:48>05:45:01.548:A2:INIT:0>05:45:01.591:B:INIT:0>05:45:01.607:B:END_TXN:0>05:45:02.131:B:END_TXN:0>05:45:02.162:B:END_TXN:0>05:45:02.195:B:END_TXN:0>05:45:02.225:B:END_TXN:0
196,no_check_after_init+fenced_stops,208,258,216,217,335,262,376,overlap,InvalidTxnStateException,true,0,done,4,0,4,0,stopped_on_fence,0,1,true,true,0,0,0,0,4,A>MARKER(e6)>A2,A2:init@262>A2:ok101>A2:ok102>A2:ok103>A2:ok104,B:init@217>B:marker@335>B:IPE@862>B:abort_PFE,05:45:02.957:A:INIT:0>05:45:02.965:A:END_TXN:0>05:45:04.766:A:END_TXN:48>05:45:05.108:B:INIT:0>05:45:05.120:B:END_TXN:0>05:45:05.149:A2:INIT:0>05:45:05.643:B:END_TXN:90>05:45:05.671:A2:END_TXN:0>05:45:05.698:A2:END_TXN:0>05:45:05.725:A2:END_TXN:0>05:45:05.753:A2:END_TXN:0
197,check_after_init+fenced_stops,185,21,189,190,307,26,139,a2_first,InvalidTxnStateException,true,0,stopped_on_fence,0,1,0,0,done,4,0,true,false,0,0,0,0,0,A>MARKER(e6)>B,A2:init@26>A2:IPE@326>A2:abort_PFE,B:init@190>B:marker@308>B:ok101>B:ok102>B:ok103>B:ok104,05:45:06.473:A:INIT:0>05:45:06.486:A:END_TXN:0>05:45:08.303:A:END_TXN:48>05:45:08.448:A2:INIT:0>05:45:08.616:B:INIT:0>05:45:08.632:B:END_TXN:0>05:45:08.642:A2:END_TXN:90>05:45:09.160:B:END_TXN:0>05:45:09.192:B:END_TXN:0>05:45:09.223:B:END_TXN:0>05:45:09.249:B:END_TXN:0
198,no_check_after_init+fenced_checks_lease,31,125,36,37,153,127,242,overlap,InvalidTxnStateException,true,0,done,4,0,4,1,done,3,1,true,false,0,0,0,0,4,A>MARKER(e6)>A2>B2,A2:init@127>A2:ok101>A2:ok102>A2:ok103>A2:ok104,B:init@37>B:marker@153>B:IPE@681>B:abort_PFE>B2:init@690>B2:ok105>B2:ok106>B2:ok107,05:45:10.006:A:INIT:0>05:45:10.017:A:END_TXN:0>05:45:11.810:A:END_TXN:48>05:45:11.967:B:INIT:0>05:45:11.979:B:END_TXN:0>05:45:12.055:A2:INIT:0>05:45:12.501:B:END_TXN:90>05:45:12.584:A2:END_TXN:0>05:45:12.620:A2:END_TXN:0>05:45:12.622:B2:INIT:51>05:45:12.650:A2:END_TXN:0>05:45:12.681:A2:END_TXN:0>05:45:12.727:B2:INIT:0>05:45:13.258:B2:END_TXN:0>05:45:13.300:B2:END_TXN:0>05:45:13.328:B2:END_TXN:0
199,check_after_init+fenced_checks_lease,210,15,212,213,336,16,133,a2_first,InvalidTxnStateException,true,0,not_owner,0,1,0,0,done,4,0,true,false,0,0,0,0,0,A>MARKER(e6)>B,A2:init@16>A2:IPE@359>A2:abort_PFE>A2:not_owner,B:init@213>B:marker@337>B:ok101>B:ok102>B:ok103>B:ok104,05:45:14.064:A:INIT:0>05:45:14.075:A:END_TXN:0>05:45:15.763:A:END_TXN:48>05:45:15.900:A2:INIT:0>05:45:16.103:B:INIT:0>05:45:16.125:B:END_TXN:0>05:45:16.133:A2:END_TXN:90>05:45:16.644:B:END_TXN:0>05:45:16.675:B:END_TXN:0>05:45:16.704:B:END_TXN:0>05:45:16.732:B:END_TXN:0
